allocator,pattern,repeat,window_index,max_ns
pool,aligned,0,0,130
pool,aligned,0,1,41
pool,aligned,0,2,41
pool,aligned,0,3,50
pool,aligned,0,4,41
pool,aligned,0,5,41
pool,aligned,0,6,41
pool,aligned,0,7,41
pool,aligned,0,8,41
pool,aligned,0,9,41
pool,aligned,0,10,41
pool,aligned,0,11,41
pool,aligned,0,12,41
pool,aligned,0,13,41
pool,aligned,0,14,41
pool,aligned,0,15,41
pool,aligned,0,16,41
pool,aligned,0,17,41
pool,aligned,0,18,41
pool,aligned,0,19,41
pool,aligned,0,20,41
pool,aligned,0,21,41
pool,aligned,0,22,41
pool,aligned,0,23,41
pool,aligned,0,24,41
pool,aligned,0,25,50
pool,aligned,0,26,50
pool,aligned,0,27,121
pool,aligned,0,28,41
pool,aligned,0,29,41
pool,aligned,0,30,41
pool,aligned,0,31,41
pool,aligned,0,32,41
pool,aligned,0,33,41
pool,aligned,0,34,41
pool,aligned,0,35,41
pool,aligned,0,36,41
pool,aligned,0,37,41
pool,aligned,0,38,41
pool,aligned,0,39,41
pool,aligned,0,40,41
pool,aligned,0,41,41
pool,aligned,0,42,41
pool,aligned,0,43,41
pool,aligned,0,44,41
pool,aligned,0,45,41
pool,aligned,0,46,41
pool,aligned,0,47,41
pool,aligned,0,48,14517
pool,aligned,0,49,120
pool,aligned,0,50,41
pool,aligned,0,51,41
pool,aligned,0,52,50
pool,aligned,0,53,51
pool,aligned,0,54,50
pool,aligned,0,55,41
pool,aligned,0,56,41
pool,aligned,0,57,41
pool,aligned,0,58,41
pool,aligned,0,59,41
pool,aligned,0,60,41
pool,aligned,0,61,41
pool,aligned,0,62,41
pool,aligned,0,63,41
pool,aligned,0,64,41
pool,aligned,0,65,41
pool,aligned,0,66,41
pool,aligned,0,67,41
pool,aligned,0,68,41
pool,aligned,0,69,41
pool,aligned,0,70,41
pool,aligned,0,71,41
pool,aligned,0,72,41
pool,aligned,0,73,41
pool,aligned,0,74,41
pool,aligned,0,75,41
pool,aligned,0,76,551
pool,aligned,0,77,41
pool,aligned,0,78,41
pool,aligned,0,79,41
pool,aligned,0,80,41
pool,aligned,0,81,41
pool,aligned,0,82,41
pool,aligned,0,83,41
pool,aligned,0,84,41
pool,aligned,0,85,41
pool,aligned,0,86,41
pool,aligned,0,87,41
pool,aligned,0,88,41
pool,aligned,0,89,41
pool,aligned,0,90,41
pool,aligned,0,91,41
pool,aligned,0,92,41
pool,aligned,0,93,41
pool,aligned,0,94,41
pool,aligned,0,95,41
pool,aligned,0,96,41
pool,aligned,0,97,41
pool,aligned,0,98,12523
pool,aligned,0,99,60
pool,aligned,0,100,41
pool,aligned,0,101,41
pool,aligned,0,102,41
pool,aligned,0,103,41
pool,aligned,0,104,41
pool,aligned,0,105,41
pool,aligned,0,106,41
pool,aligned,0,107,41
pool,aligned,0,108,41
pool,aligned,0,109,41
pool,aligned,0,110,41
pool,aligned,0,111,41
pool,aligned,0,112,41
pool,aligned,0,113,41
pool,aligned,0,114,41
pool,aligned,0,115,41
pool,aligned,0,116,41
pool,aligned,0,117,41
pool,aligned,0,118,41
pool,aligned,0,119,41
pool,aligned,0,120,41
pool,aligned,0,121,41
pool,aligned,0,122,41
pool,aligned,0,123,41
pool,aligned,0,124,41
pool,aligned,0,125,41
pool,aligned,0,126,41
pool,aligned,0,127,70
pool,aligned,0,128,131
pool,aligned,0,129,41
pool,aligned,0,130,41
pool,aligned,0,131,41
pool,aligned,0,132,41
pool,aligned,0,133,41
pool,aligned,0,134,41
pool,aligned,0,135,41
pool,aligned,0,136,41
pool,aligned,0,137,41
pool,aligned,0,138,41
pool,aligned,0,139,41
pool,aligned,0,140,41
pool,aligned,0,141,41
pool,aligned,0,142,41
pool,aligned,0,143,41
pool,aligned,0,144,41
pool,aligned,0,145,41
pool,aligned,0,146,41
pool,aligned,0,147,41
pool,aligned,0,148,41
pool,aligned,0,149,90
pool,aligned,0,150,41
pool,aligned,0,151,41
pool,aligned,0,152,41
pool,aligned,0,153,41
pool,aligned,0,154,51
pool,aligned,0,155,51
pool,aligned,0,156,41
pool,aligned,0,157,41
pool,aligned,0,158,41
pool,aligned,0,159,41
pool,aligned,0,160,41
pool,aligned,0,161,41
pool,aligned,0,162,41
pool,aligned,0,163,41
pool,aligned,0,164,41
pool,aligned,0,165,41
pool,aligned,0,166,41
pool,aligned,0,167,41
pool,aligned,0,168,41
pool,aligned,0,169,41
pool,aligned,0,170,41
pool,aligned,0,171,41
pool,aligned,0,172,41
pool,aligned,0,173,41
pool,aligned,0,174,41
pool,aligned,0,175,41
pool,aligned,0,176,41
pool,aligned,0,177,41
pool,aligned,0,178,551
pool,aligned,0,179,120
pool,aligned,0,180,41
pool,aligned,0,181,41
pool,aligned,0,182,41
pool,aligned,0,183,41
pool,aligned,0,184,41
pool,aligned,0,185,41
pool,aligned,0,186,41
pool,aligned,0,187,41
pool,aligned,0,188,41
pool,aligned,0,189,41
pool,aligned,0,190,41
pool,aligned,0,191,41
pool,aligned,0,192,41
pool,aligned,0,193,41
pool,aligned,0,194,41
pool,aligned,0,195,41
pool,aligned,0,196,41
pool,aligned,0,197,41
pool,aligned,0,198,41
pool,aligned,0,199,35658
pool,aligned,0,200,41
pool,aligned,0,201,41
pool,aligned,0,202,41
pool,aligned,0,203,41
pool,aligned,0,204,41
pool,aligned,0,205,41
pool,aligned,0,206,41
pool,aligned,0,207,41
pool,aligned,0,208,41
pool,aligned,0,209,41
pool,aligned,0,210,41
pool,aligned,0,211,41
pool,aligned,0,212,41
pool,aligned,0,213,41
pool,aligned,0,214,41
pool,aligned,0,215,41
pool,aligned,0,216,41
pool,aligned,0,217,41
pool,aligned,0,218,41
pool,aligned,0,219,41
pool,aligned,0,220,41
pool,aligned,0,221,41
pool,aligned,0,222,41
pool,aligned,0,223,41
pool,aligned,0,224,41
pool,aligned,0,225,41
pool,aligned,0,226,41
pool,aligned,0,227,41
pool,aligned,0,228,541
pool,aligned,0,229,41
pool,aligned,0,230,41
pool,aligned,0,231,41
pool,aligned,0,232,41
pool,aligned,0,233,41
pool,aligned,0,234,531
pool,aligned,0,235,80
pool,aligned,0,236,61
pool,aligned,0,237,51
pool,aligned,0,238,41
pool,aligned,0,239,41
pool,aligned,0,240,41
pool,aligned,0,241,41
pool,aligned,0,242,41
pool,aligned,0,243,41
pool,aligned,0,244,41
pool,aligned,0,245,41
pool,aligned,0,246,41
pool,aligned,0,247,41
pool,aligned,0,248,90
pool,aligned,0,249,41
pool,aligned,0,250,50
pool,aligned,0,251,41
pool,aligned,0,252,41
pool,aligned,0,253,41
pool,aligned,0,254,41
pool,aligned,0,255,41
pool,aligned,0,256,41
pool,aligned,0,257,41
pool,aligned,0,258,41
pool,aligned,0,259,41
pool,aligned,0,260,41
pool,aligned,0,261,41
pool,aligned,0,262,41
pool,aligned,0,263,41
pool,aligned,0,264,41
pool,aligned,0,265,41
pool,aligned,0,266,41
pool,aligned,0,267,41
pool,aligned,0,268,41
pool,aligned,0,269,41
pool,aligned,0,270,41
pool,aligned,0,271,41
pool,aligned,0,272,41
pool,aligned,0,273,41
pool,aligned,0,274,41
pool,aligned,0,275,41
pool,aligned,0,276,41
pool,aligned,0,277,41
pool,aligned,0,278,41
pool,aligned,0,279,50
pool,aligned,0,280,50
pool,aligned,0,281,50
pool,aligned,0,282,51
pool,aligned,0,283,50
pool,aligned,0,284,41
pool,aligned,0,285,41
pool,aligned,0,286,41
pool,aligned,0,287,41
pool,aligned,0,288,80
pool,aligned,0,289,50
pool,aligned,0,290,41
pool,aligned,0,291,41
pool,aligned,0,292,41
pool,aligned,0,293,41
pool,aligned,0,294,41
pool,aligned,0,295,41
pool,aligned,0,296,41
pool,aligned,0,297,110
pool,aligned,0,298,41
pool,aligned,0,299,41
pool,aligned,0,300,41
pool,aligned,0,301,50
pool,aligned,0,302,51
pool,aligned,0,303,51
pool,aligned,0,304,51
pool,aligned,0,305,41
pool,aligned,0,306,41
pool,aligned,0,307,41
pool,aligned,0,308,41
pool,aligned,0,309,41
pool,aligned,0,310,41
pool,aligned,0,311,41
pool,aligned,0,312,41
pool,aligned,0,313,41
pool,aligned,0,314,41
pool,aligned,0,315,41
pool,aligned,0,316,41
pool,aligned,0,317,41
pool,aligned,0,318,41
pool,aligned,0,319,41
pool,aligned,0,320,41
pool,aligned,0,321,41
pool,aligned,0,322,41
pool,aligned,0,323,41
pool,aligned,0,324,41
pool,aligned,0,325,41
pool,aligned,0,326,41
pool,aligned,0,327,541
pool,aligned,0,328,121
pool,aligned,0,329,41
pool,aligned,0,330,41
pool,aligned,0,331,41
pool,aligned,0,332,41
pool,aligned,0,333,41
pool,aligned,0,334,41
pool,aligned,0,335,41
pool,aligned,0,336,41
pool,aligned,0,337,41
pool,aligned,0,338,41
pool,aligned,0,339,41
pool,aligned,0,340,41
pool,aligned,0,341,41
pool,aligned,0,342,51
pool,aligned,0,343,50
pool,aligned,0,344,130
pool,aligned,0,345,130
pool,aligned,0,346,60
pool,aligned,0,347,110
pool,aligned,0,348,41
pool,aligned,0,349,41
pool,aligned,0,350,41
pool,aligned,0,351,41
pool,aligned,0,352,41
pool,aligned,0,353,41
pool,aligned,0,354,41
pool,aligned,0,355,41
pool,aligned,0,356,41
pool,aligned,0,357,41
pool,aligned,0,358,41
pool,aligned,0,359,41
pool,aligned,0,360,41
pool,aligned,0,361,41
pool,aligned,0,362,41
pool,aligned,0,363,41
pool,aligned,0,364,41
pool,aligned,0,365,41
pool,aligned,0,366,41
pool,aligned,0,367,41
pool,aligned,0,368,41
pool,aligned,0,369,41
pool,aligned,0,370,41
pool,aligned,0,371,41
pool,aligned,0,372,41
pool,aligned,0,373,41
pool,aligned,0,374,41
pool,aligned,0,375,41
pool,aligned,0,376,551
pool,aligned,0,377,41
pool,aligned,0,378,41
pool,aligned,0,379,41
pool,aligned,0,380,41
pool,aligned,0,381,41
pool,aligned,0,382,41
pool,aligned,0,383,41
pool,aligned,0,384,41
pool,aligned,0,385,41
pool,aligned,0,386,41
pool,aligned,0,387,41
pool,aligned,0,388,41
pool,aligned,0,389,41
pool,aligned,0,390,41
pool,aligned,0,391,41
pool,aligned,0,392,41
pool,aligned,0,393,41
pool,aligned,0,394,22211
pool,aligned,0,395,51
pool,aligned,0,396,41
pool,aligned,0,397,41
pool,aligned,0,398,41
pool,aligned,0,399,41
stack,aligned,0,0,61
stack,aligned,0,1,521
stack,aligned,0,2,60
stack,aligned,0,3,41
stack,aligned,0,4,41
stack,aligned,0,5,41
stack,aligned,0,6,41
stack,aligned,0,7,41
stack,aligned,0,8,41
stack,aligned,0,9,41
stack,aligned,0,10,41
stack,aligned,0,11,41
stack,aligned,0,12,41
stack,aligned,0,13,41
stack,aligned,0,14,41
stack,aligned,0,15,41
stack,aligned,0,16,41
stack,aligned,0,17,41
stack,aligned,0,18,13015
stack,aligned,0,19,50
stack,aligned,0,20,51
stack,aligned,0,21,51
stack,aligned,0,22,41
stack,aligned,0,23,41
stack,aligned,0,24,41
stack,aligned,0,25,41
stack,aligned,0,26,41
stack,aligned,0,27,41
stack,aligned,0,28,41
stack,aligned,0,29,41
stack,aligned,0,30,41
stack,aligned,0,31,41
stack,aligned,0,32,41
stack,aligned,0,33,41
stack,aligned,0,34,41
stack,aligned,0,35,41
stack,aligned,0,36,41
stack,aligned,0,37,41
stack,aligned,0,38,41
stack,aligned,0,39,41
stack,aligned,0,40,41
stack,aligned,0,41,41
stack,aligned,0,42,41
stack,aligned,0,43,41
stack,aligned,0,44,41
stack,aligned,0,45,41
stack,aligned,0,46,41
stack,aligned,0,47,41
stack,aligned,0,48,41
stack,aligned,0,49,41
stack,aligned,0,50,41
stack,aligned,0,51,41
stack,aligned,0,52,541
stack,aligned,0,53,50
stack,aligned,0,54,41
stack,aligned,0,55,41
stack,aligned,0,56,41
stack,aligned,0,57,41
stack,aligned,0,58,41
stack,aligned,0,59,41
stack,aligned,0,60,41
stack,aligned,0,61,41
stack,aligned,0,62,41
stack,aligned,0,63,41
stack,aligned,0,64,41
stack,aligned,0,65,41
stack,aligned,0,66,41
stack,aligned,0,67,41
stack,aligned,0,68,41
stack,aligned,0,69,51
stack,aligned,0,70,41
stack,aligned,0,71,41
stack,aligned,0,72,41
stack,aligned,0,73,41
stack,aligned,0,74,41
stack,aligned,0,75,41
stack,aligned,0,76,41
stack,aligned,0,77,41
stack,aligned,0,78,41
stack,aligned,0,79,41
stack,aligned,0,80,41
stack,aligned,0,81,41
stack,aligned,0,82,41
stack,aligned,0,83,41
stack,aligned,0,84,41
stack,aligned,0,85,41
stack,aligned,0,86,41
stack,aligned,0,87,41
stack,aligned,0,88,41
stack,aligned,0,89,41
stack,aligned,0,90,41
stack,aligned,0,91,41
stack,aligned,0,92,41
stack,aligned,0,93,41
stack,aligned,0,94,41
stack,aligned,0,95,41
stack,aligned,0,96,41
stack,aligned,0,97,41
stack,aligned,0,98,41
stack,aligned,0,99,41
stack,aligned,0,100,41
stack,aligned,0,101,41
stack,aligned,0,102,41
stack,aligned,0,103,521
stack,aligned,0,104,51
stack,aligned,0,105,41
stack,aligned,0,106,41
stack,aligned,0,107,41
stack,aligned,0,108,41
stack,aligned,0,109,41
stack,aligned,0,110,41
stack,aligned,0,111,41
stack,aligned,0,112,41
stack,aligned,0,113,41
stack,aligned,0,114,41
stack,aligned,0,115,41
stack,aligned,0,116,41
stack,aligned,0,117,41
stack,aligned,0,118,41
stack,aligned,0,119,7705
stack,aligned,0,120,41
stack,aligned,0,121,41
stack,aligned,0,122,41
stack,aligned,0,123,41
stack,aligned,0,124,41
stack,aligned,0,125,51
stack,aligned,0,126,51
stack,aligned,0,127,51
stack,aligned,0,128,51
stack,aligned,0,129,41
stack,aligned,0,130,41
stack,aligned,0,131,41
stack,aligned,0,132,41
stack,aligned,0,133,41
stack,aligned,0,134,41
stack,aligned,0,135,41
stack,aligned,0,136,41
stack,aligned,0,137,41
stack,aligned,0,138,41
stack,aligned,0,139,41
stack,aligned,0,140,41
stack,aligned,0,141,41
stack,aligned,0,142,41
stack,aligned,0,143,41
stack,aligned,0,144,41
stack,aligned,0,145,41
stack,aligned,0,146,41
stack,aligned,0,147,41
stack,aligned,0,148,41
stack,aligned,0,149,41
stack,aligned,0,150,41
stack,aligned,0,151,41
stack,aligned,0,152,41
stack,aligned,0,153,41
stack,aligned,0,154,50
stack,aligned,0,155,50
stack,aligned,0,156,41
stack,aligned,0,157,41
stack,aligned,0,158,41
stack,aligned,0,159,41
stack,aligned,0,160,41
stack,aligned,0,161,41
stack,aligned,0,162,41
stack,aligned,0,163,41
stack,aligned,0,164,41
stack,aligned,0,165,41
stack,aligned,0,166,41
stack,aligned,0,167,41
stack,aligned,0,168,41
stack,aligned,0,169,41
stack,aligned,0,170,121
stack,aligned,0,171,50
stack,aligned,0,172,51
stack,aligned,0,173,41
stack,aligned,0,174,41
stack,aligned,0,175,41
stack,aligned,0,176,41
stack,aligned,0,177,41
stack,aligned,0,178,41
stack,aligned,0,179,41
stack,aligned,0,180,41
stack,aligned,0,181,41
stack,aligned,0,182,41
stack,aligned,0,183,41
stack,aligned,0,184,41
stack,aligned,0,185,41
stack,aligned,0,186,41
stack,aligned,0,187,41
stack,aligned,0,188,41
stack,aligned,0,189,41
stack,aligned,0,190,41
stack,aligned,0,191,41
stack,aligned,0,192,41
stack,aligned,0,193,41
stack,aligned,0,194,41
stack,aligned,0,195,41
stack,aligned,0,196,41
stack,aligned,0,197,41
stack,aligned,0,198,41
stack,aligned,0,199,41
stack,aligned,0,200,41
stack,aligned,0,201,41
stack,aligned,0,202,41
stack,aligned,0,203,41
stack,aligned,0,204,41
stack,aligned,0,205,531
stack,aligned,0,206,41
stack,aligned,0,207,41
stack,aligned,0,208,41
stack,aligned,0,209,41
stack,aligned,0,210,41
stack,aligned,0,211,41
stack,aligned,0,212,41
stack,aligned,0,213,41
stack,aligned,0,214,41
stack,aligned,0,215,41
stack,aligned,0,216,41
stack,aligned,0,217,41
stack,aligned,0,218,41
stack,aligned,0,219,41
stack,aligned,0,220,7384
stack,aligned,0,221,41
stack,aligned,0,222,41
stack,aligned,0,223,41
stack,aligned,0,224,41
stack,aligned,0,225,41
stack,aligned,0,226,51
stack,aligned,0,227,50
stack,aligned,0,228,51
stack,aligned,0,229,51
stack,aligned,0,230,41
stack,aligned,0,231,41
stack,aligned,0,232,41
stack,aligned,0,233,41
stack,aligned,0,234,41
stack,aligned,0,235,41
stack,aligned,0,236,41
stack,aligned,0,237,41
stack,aligned,0,238,41
stack,aligned,0,239,41
stack,aligned,0,240,41
stack,aligned,0,241,41
stack,aligned,0,242,41
stack,aligned,0,243,41
stack,aligned,0,244,41
stack,aligned,0,245,41
stack,aligned,0,246,41
stack,aligned,0,247,41
stack,aligned,0,248,41
stack,aligned,0,249,41
stack,aligned,0,250,41
stack,aligned,0,251,41
stack,aligned,0,252,41
stack,aligned,0,253,41
stack,aligned,0,254,41
stack,aligned,0,255,41
stack,aligned,0,256,541
stack,aligned,0,257,41
stack,aligned,0,258,41
stack,aligned,0,259,41
stack,aligned,0,260,41
stack,aligned,0,261,41
stack,aligned,0,262,41
stack,aligned,0,263,41
stack,aligned,0,264,41
stack,aligned,0,265,41
stack,aligned,0,266,41
stack,aligned,0,267,41
stack,aligned,0,268,41
stack,aligned,0,269,41
stack,aligned,0,270,90
stack,aligned,0,271,41
stack,aligned,0,272,41
stack,aligned,0,273,41
stack,aligned,0,274,41
stack,aligned,0,275,41
stack,aligned,0,276,50
stack,aligned,0,277,41
stack,aligned,0,278,41
stack,aligned,0,279,41
stack,aligned,0,280,41
stack,aligned,0,281,41
stack,aligned,0,282,41
stack,aligned,0,283,41
stack,aligned,0,284,41
stack,aligned,0,285,41
stack,aligned,0,286,41
stack,aligned,0,287,41
stack,aligned,0,288,41
stack,aligned,0,289,41
stack,aligned,0,290,41
stack,aligned,0,291,41
stack,aligned,0,292,41
stack,aligned,0,293,41
stack,aligned,0,294,41
stack,aligned,0,295,41
stack,aligned,0,296,41
stack,aligned,0,297,41
stack,aligned,0,298,41
stack,aligned,0,299,41
stack,aligned,0,300,41
stack,aligned,0,301,41
stack,aligned,0,302,41
stack,aligned,0,303,41
stack,aligned,0,304,41
stack,aligned,0,305,41
stack,aligned,0,306,41
stack,aligned,0,307,521
stack,aligned,0,308,50
stack,aligned,0,309,51
stack,aligned,0,310,50
stack,aligned,0,311,50
stack,aligned,0,312,50
stack,aligned,0,313,51
stack,aligned,0,314,41
stack,aligned,0,315,41
stack,aligned,0,316,41
stack,aligned,0,317,41
stack,aligned,0,318,41
stack,aligned,0,319,41
stack,aligned,0,320,9528
stack,aligned,0,321,51
stack,aligned,0,322,51
stack,aligned,0,323,60
stack,aligned,0,324,51
stack,aligned,0,325,50
stack,aligned,0,326,51
stack,aligned,0,327,51
stack,aligned,0,328,50
stack,aligned,0,329,50
stack,aligned,0,330,130
stack,aligned,0,331,41
stack,aligned,0,332,41
stack,aligned,0,333,41
stack,aligned,0,334,41
stack,aligned,0,335,41
stack,aligned,0,336,41
stack,aligned,0,337,41
stack,aligned,0,338,41
stack,aligned,0,339,41
stack,aligned,0,340,41
stack,aligned,0,341,41
stack,aligned,0,342,41
stack,aligned,0,343,41
stack,aligned,0,344,41
stack,aligned,0,345,41
stack,aligned,0,346,41
stack,aligned,0,347,41
stack,aligned,0,348,41
stack,aligned,0,349,41
stack,aligned,0,350,41
stack,aligned,0,351,41
stack,aligned,0,352,41
stack,aligned,0,353,41
stack,aligned,0,354,41
stack,aligned,0,355,80
stack,aligned,0,356,50
stack,aligned,0,357,41
stack,aligned,0,358,41
stack,aligned,0,359,41
stack,aligned,0,360,41
stack,aligned,0,361,41
stack,aligned,0,362,41
stack,aligned,0,363,41
stack,aligned,0,364,41
stack,aligned,0,365,41
stack,aligned,0,366,41
stack,aligned,0,367,41
stack,aligned,0,368,221
stack,aligned,0,369,51
stack,aligned,0,370,51
stack,aligned,0,371,51
stack,aligned,0,372,41
stack,aligned,0,373,41
stack,aligned,0,374,41
stack,aligned,0,375,41
stack,aligned,0,376,41
stack,aligned,0,377,41
stack,aligned,0,378,41
stack,aligned,0,379,41
stack,aligned,0,380,41
stack,aligned,0,381,41
stack,aligned,0,382,41
stack,aligned,0,383,41
stack,aligned,0,384,41
stack,aligned,0,385,41
stack,aligned,0,386,41
stack,aligned,0,387,41
stack,aligned,0,388,41
stack,aligned,0,389,41
stack,aligned,0,390,41
stack,aligned,0,391,41
stack,aligned,0,392,41
stack,aligned,0,393,41
stack,aligned,0,394,41
stack,aligned,0,395,41
stack,aligned,0,396,41
stack,aligned,0,397,41
stack,aligned,0,398,41
stack,aligned,0,399,41
arena,aligned,0,0,60
arena,aligned,0,1,51
arena,aligned,0,2,41
arena,aligned,0,3,41
arena,aligned,0,4,41
arena,aligned,0,5,41
arena,aligned,0,6,41
arena,aligned,0,7,41
arena,aligned,0,8,41
arena,aligned,0,9,41
arena,aligned,0,10,41
arena,aligned,0,11,41
arena,aligned,0,12,41
arena,aligned,0,13,41
arena,aligned,0,14,41
arena,aligned,0,15,41
arena,aligned,0,16,41
arena,aligned,0,17,41
arena,aligned,0,18,41
arena,aligned,0,19,541
arena,aligned,0,20,50
arena,aligned,0,21,50
arena,aligned,0,22,50
arena,aligned,0,23,50
arena,aligned,0,24,51
arena,aligned,0,25,41
arena,aligned,0,26,41
arena,aligned,0,27,41
arena,aligned,0,28,41
arena,aligned,0,29,41
arena,aligned,0,30,41
arena,aligned,0,31,80
arena,aligned,0,32,50
arena,aligned,0,33,50
arena,aligned,0,34,51
arena,aligned,0,35,120
arena,aligned,0,36,41
arena,aligned,0,37,41
arena,aligned,0,38,41
arena,aligned,0,39,41
arena,aligned,0,40,41
arena,aligned,0,41,41
arena,aligned,0,42,10991
arena,aligned,0,43,41
arena,aligned,0,44,41
arena,aligned,0,45,41
arena,aligned,0,46,51
arena,aligned,0,47,41
arena,aligned,0,48,41
arena,aligned,0,49,41
arena,aligned,0,50,50
arena,aligned,0,51,41
arena,aligned,0,52,41
arena,aligned,0,53,41
arena,aligned,0,54,41
arena,aligned,0,55,41
arena,aligned,0,56,41
arena,aligned,0,57,41
arena,aligned,0,58,41
arena,aligned,0,59,41
arena,aligned,0,60,41
arena,aligned,0,61,531
arena,aligned,0,62,120
arena,aligned,0,63,41
arena,aligned,0,64,41
arena,aligned,0,65,41
arena,aligned,0,66,41
arena,aligned,0,67,41
arena,aligned,0,68,41
arena,aligned,0,69,41
arena,aligned,0,70,41
arena,aligned,0,71,41
arena,aligned,0,72,41
arena,aligned,0,73,41
arena,aligned,0,74,41
arena,aligned,0,75,41
arena,aligned,0,76,41
arena,aligned,0,77,41
arena,aligned,0,78,41
arena,aligned,0,79,41
arena,aligned,0,80,41
arena,aligned,0,81,41
arena,aligned,0,82,41
arena,aligned,0,83,41
arena,aligned,0,84,541
arena,aligned,0,85,51
arena,aligned,0,86,41
arena,aligned,0,87,41
arena,aligned,0,88,50
arena,aligned,0,89,51
arena,aligned,0,90,50
arena,aligned,0,91,41
arena,aligned,0,92,41
arena,aligned,0,93,41
arena,aligned,0,94,41
arena,aligned,0,95,90
arena,aligned,0,96,41
arena,aligned,0,97,41
arena,aligned,0,98,41
arena,aligned,0,99,41
arena,aligned,0,100,41
arena,aligned,0,101,41
arena,aligned,0,102,51
arena,aligned,0,103,51
arena,aligned,0,104,51
arena,aligned,0,105,50
arena,aligned,0,106,41
arena,aligned,0,107,41
arena,aligned,0,108,41
arena,aligned,0,109,41
arena,aligned,0,110,41
arena,aligned,0,111,41
arena,aligned,0,112,41
arena,aligned,0,113,41
arena,aligned,0,114,41
arena,aligned,0,115,41
arena,aligned,0,116,41
arena,aligned,0,117,41
arena,aligned,0,118,41
arena,aligned,0,119,41
arena,aligned,0,120,41
arena,aligned,0,121,41
arena,aligned,0,122,41
arena,aligned,0,123,41
arena,aligned,0,124,41
arena,aligned,0,125,41
arena,aligned,0,126,41
arena,aligned,0,127,41
arena,aligned,0,128,41
arena,aligned,0,129,41
arena,aligned,0,130,41
arena,aligned,0,131,41
arena,aligned,0,132,41
arena,aligned,0,133,41
arena,aligned,0,134,41
arena,aligned,0,135,41
arena,aligned,0,136,41
arena,aligned,0,137,41
arena,aligned,0,138,631
arena,aligned,0,139,50
arena,aligned,0,140,51
arena,aligned,0,141,41
arena,aligned,0,142,50
arena,aligned,0,143,41
arena,aligned,0,144,41
arena,aligned,0,145,41
arena,aligned,0,146,41
arena,aligned,0,147,41
arena,aligned,0,148,41
arena,aligned,0,149,41
arena,aligned,0,150,41
arena,aligned,0,151,41
arena,aligned,0,152,41
arena,aligned,0,153,41
arena,aligned,0,154,41
arena,aligned,0,155,41
arena,aligned,0,156,41
arena,aligned,0,157,41
arena,aligned,0,158,41
arena,aligned,0,159,41
arena,aligned,0,160,41
arena,aligned,0,161,41
arena,aligned,0,162,41
arena,aligned,0,163,41
arena,aligned,0,164,41
arena,aligned,0,165,41
arena,aligned,0,166,41
arena,aligned,0,167,41
arena,aligned,0,168,41
arena,aligned,0,169,41
arena,aligned,0,170,41
arena,aligned,0,171,41
arena,aligned,0,172,41
arena,aligned,0,173,41
arena,aligned,0,174,41
arena,aligned,0,175,41
arena,aligned,0,176,41
arena,aligned,0,177,41
arena,aligned,0,178,41
arena,aligned,0,179,41
arena,aligned,0,180,41
arena,aligned,0,181,41
arena,aligned,0,182,41
arena,aligned,0,183,41
arena,aligned,0,184,41
arena,aligned,0,185,41
arena,aligned,0,186,41
arena,aligned,0,187,41
arena,aligned,0,188,41
arena,aligned,0,189,41
arena,aligned,0,190,41
arena,aligned,0,191,41
arena,aligned,0,192,50
arena,aligned,0,193,51
arena,aligned,0,194,41
arena,aligned,0,195,41
arena,aligned,0,196,41
arena,aligned,0,197,41
arena,aligned,0,198,41
arena,aligned,0,199,41
arena,aligned,0,200,41
arena,aligned,0,201,41
arena,aligned,0,202,80
arena,aligned,0,203,41
arena,aligned,0,204,41
arena,aligned,0,205,41
arena,aligned,0,206,41
arena,aligned,0,207,41
arena,aligned,0,208,41
arena,aligned,0,209,41
arena,aligned,0,210,41
arena,aligned,0,211,41
arena,aligned,0,212,41
arena,aligned,0,213,41
arena,aligned,0,214,41
arena,aligned,0,215,41
arena,aligned,0,216,41
arena,aligned,0,217,41
arena,aligned,0,218,41
arena,aligned,0,219,41
arena,aligned,0,220,41
arena,aligned,0,221,41
arena,aligned,0,222,41
arena,aligned,0,223,41
arena,aligned,0,224,41
arena,aligned,0,225,41
arena,aligned,0,226,41
arena,aligned,0,227,41
arena,aligned,0,228,41
arena,aligned,0,229,41
arena,aligned,0,230,41
arena,aligned,0,231,41
arena,aligned,0,232,41
arena,aligned,0,233,41
arena,aligned,0,234,41
arena,aligned,0,235,41
arena,aligned,0,236,41
arena,aligned,0,237,41
arena,aligned,0,238,41
arena,aligned,0,239,41
arena,aligned,0,240,41
arena,aligned,0,241,41
arena,aligned,0,242,41
arena,aligned,0,243,41
arena,aligned,0,244,41
arena,aligned,0,245,41
arena,aligned,0,246,541
arena,aligned,0,247,120
arena,aligned,0,248,41
arena,aligned,0,249,41
arena,aligned,0,250,41
arena,aligned,0,251,41
arena,aligned,0,252,41
arena,aligned,0,253,41
arena,aligned,0,254,41
arena,aligned,0,255,70
arena,aligned,0,256,41
arena,aligned,0,257,41
arena,aligned,0,258,50
arena,aligned,0,259,51
arena,aligned,0,260,50
arena,aligned,0,261,41
arena,aligned,0,262,41
arena,aligned,0,263,41
arena,aligned,0,264,41
arena,aligned,0,265,41
arena,aligned,0,266,41
arena,aligned,0,267,41
arena,aligned,0,268,41
arena,aligned,0,269,41
arena,aligned,0,270,41
arena,aligned,0,271,41
arena,aligned,0,272,41
arena,aligned,0,273,41
arena,aligned,0,274,41
arena,aligned,0,275,41
arena,aligned,0,276,41
arena,aligned,0,277,41
arena,aligned,0,278,41
arena,aligned,0,279,41
arena,aligned,0,280,41
arena,aligned,0,281,41
arena,aligned,0,282,41
arena,aligned,0,283,41
arena,aligned,0,284,41
arena,aligned,0,285,41
arena,aligned,0,286,41
arena,aligned,0,287,41
arena,aligned,0,288,41
arena,aligned,0,289,41
arena,aligned,0,290,41
arena,aligned,0,291,41
arena,aligned,0,292,41
arena,aligned,0,293,41
arena,aligned,0,294,41
arena,aligned,0,295,41
arena,aligned,0,296,41
arena,aligned,0,297,41
arena,aligned,0,298,41
arena,aligned,0,299,511
arena,aligned,0,300,50
arena,aligned,0,301,41
arena,aligned,0,302,41
arena,aligned,0,303,41
arena,aligned,0,304,41
arena,aligned,0,305,41
arena,aligned,0,306,41
arena,aligned,0,307,41
arena,aligned,0,308,90
arena,aligned,0,309,230
arena,aligned,0,310,120
arena,aligned,0,311,51
arena,aligned,0,312,51
arena,aligned,0,313,41
arena,aligned,0,314,41
arena,aligned,0,315,41
arena,aligned,0,316,41
arena,aligned,0,317,41
arena,aligned,0,318,41
arena,aligned,0,319,41
arena,aligned,0,320,41
arena,aligned,0,321,41
arena,aligned,0,322,41
arena,aligned,0,323,41
arena,aligned,0,324,41
arena,aligned,0,325,41
arena,aligned,0,326,41
arena,aligned,0,327,41
arena,aligned,0,328,41
arena,aligned,0,329,41
arena,aligned,0,330,41
arena,aligned,0,331,41
arena,aligned,0,332,41
arena,aligned,0,333,41
arena,aligned,0,334,41
arena,aligned,0,335,41
arena,aligned,0,336,41
arena,aligned,0,337,41
arena,aligned,0,338,41
arena,aligned,0,339,41
arena,aligned,0,340,41
arena,aligned,0,341,41
arena,aligned,0,342,41
arena,aligned,0,343,41
arena,aligned,0,344,41
arena,aligned,0,345,41
arena,aligned,0,346,41
arena,aligned,0,347,41
arena,aligned,0,348,41
arena,aligned,0,349,41
arena,aligned,0,350,41
arena,aligned,0,351,41
arena,aligned,0,352,41
arena,aligned,0,353,41
arena,aligned,0,354,50
arena,aligned,0,355,41
arena,aligned,0,356,41
arena,aligned,0,357,41
arena,aligned,0,358,41
arena,aligned,0,359,41
arena,aligned,0,360,41
arena,aligned,0,361,41
arena,aligned,0,362,7343
arena,aligned,0,363,41
arena,aligned,0,364,50
arena,aligned,0,365,41
arena,aligned,0,366,41
arena,aligned,0,367,41
arena,aligned,0,368,41
arena,aligned,0,369,41
arena,aligned,0,370,41
arena,aligned,0,371,41
arena,aligned,0,372,41
arena,aligned,0,373,41
arena,aligned,0,374,41
arena,aligned,0,375,41
arena,aligned,0,376,41
arena,aligned,0,377,41
arena,aligned,0,378,41
arena,aligned,0,379,41
arena,aligned,0,380,41
arena,aligned,0,381,41
arena,aligned,0,382,41
arena,aligned,0,383,41
arena,aligned,0,384,41
arena,aligned,0,385,41
arena,aligned,0,386,41
arena,aligned,0,387,41
arena,aligned,0,388,41
arena,aligned,0,389,41
arena,aligned,0,390,41
arena,aligned,0,391,41
arena,aligned,0,392,41
arena,aligned,0,393,41
arena,aligned,0,394,41
arena,aligned,0,395,41
arena,aligned,0,396,41
arena,aligned,0,397,41
arena,aligned,0,398,41
arena,aligned,0,399,41
malloc,aligned,0,0,90
malloc,aligned,0,1,80
malloc,aligned,0,2,80
malloc,aligned,0,3,61
malloc,aligned,0,4,61
malloc,aligned,0,5,70
malloc,aligned,0,6,70
malloc,aligned,0,7,70
malloc,aligned,0,8,61
malloc,aligned,0,9,60
malloc,aligned,0,10,60
malloc,aligned,0,11,61
malloc,aligned,0,12,70
malloc,aligned,0,13,61
malloc,aligned,0,14,70
malloc,aligned,0,15,60
malloc,aligned,0,16,70
malloc,aligned,0,17,61
malloc,aligned,0,18,70
malloc,aligned,0,19,61
malloc,aligned,0,20,60
malloc,aligned,0,21,61
malloc,aligned,0,22,61
malloc,aligned,0,23,70
malloc,aligned,0,24,61
malloc,aligned,0,25,70
malloc,aligned,0,26,81
malloc,aligned,0,27,101
malloc,aligned,0,28,71
malloc,aligned,0,29,61
malloc,aligned,0,30,70
malloc,aligned,0,31,70
malloc,aligned,0,32,71
malloc,aligned,0,33,71
malloc,aligned,0,34,70
malloc,aligned,0,35,80
malloc,aligned,0,36,80
malloc,aligned,0,37,60
malloc,aligned,0,38,60
malloc,aligned,0,39,70
malloc,aligned,0,40,70
malloc,aligned,0,41,70
malloc,aligned,0,42,60
malloc,aligned,0,43,70
malloc,aligned,0,44,71
malloc,aligned,0,45,60
malloc,aligned,0,46,70
malloc,aligned,0,47,70
malloc,aligned,0,48,70
malloc,aligned,0,49,60
malloc,aligned,0,50,70
malloc,aligned,0,51,71
malloc,aligned,0,52,70
malloc,aligned,0,53,70
malloc,aligned,0,54,70
malloc,aligned,0,55,70
malloc,aligned,0,56,60
malloc,aligned,0,57,70
malloc,aligned,0,58,60
malloc,aligned,0,59,71
malloc,aligned,0,60,61
malloc,aligned,0,61,61
malloc,aligned,0,62,60
malloc,aligned,0,63,71
malloc,aligned,0,64,61
malloc,aligned,0,65,60
malloc,aligned,0,66,60
malloc,aligned,0,67,61
malloc,aligned,0,68,71
malloc,aligned,0,69,60
malloc,aligned,0,70,60
malloc,aligned,0,71,60
malloc,aligned,0,72,70
malloc,aligned,0,73,70
malloc,aligned,0,74,101
malloc,aligned,0,75,90
malloc,aligned,0,76,90
malloc,aligned,0,77,90
malloc,aligned,0,78,6432
malloc,aligned,0,79,61
malloc,aligned,0,80,71
malloc,aligned,0,81,70
malloc,aligned,0,82,80
malloc,aligned,0,83,70
malloc,aligned,0,84,70
malloc,aligned,0,85,60
malloc,aligned,0,86,61
malloc,aligned,0,87,61
malloc,aligned,0,88,70
malloc,aligned,0,89,70
malloc,aligned,0,90,70
malloc,aligned,0,91,61
malloc,aligned,0,92,60
malloc,aligned,0,93,61
malloc,aligned,0,94,60
malloc,aligned,0,95,61
malloc,aligned,0,96,70
malloc,aligned,0,97,70
malloc,aligned,0,98,61
malloc,aligned,0,99,60
malloc,aligned,0,100,70
malloc,aligned,0,101,70
malloc,aligned,0,102,71
malloc,aligned,0,103,60
malloc,aligned,0,104,60
malloc,aligned,0,105,70
malloc,aligned,0,106,60
malloc,aligned,0,107,61
malloc,aligned,0,108,60
malloc,aligned,0,109,70
malloc,aligned,0,110,61
malloc,aligned,0,111,70
malloc,aligned,0,112,70
malloc,aligned,0,113,70
malloc,aligned,0,114,70
malloc,aligned,0,115,70
malloc,aligned,0,116,60
malloc,aligned,0,117,61
malloc,aligned,0,118,61
malloc,aligned,0,119,60
malloc,aligned,0,120,70
malloc,aligned,0,121,120
malloc,aligned,0,122,101
malloc,aligned,0,123,100
malloc,aligned,0,124,90
malloc,aligned,0,125,60
malloc,aligned,0,126,71
malloc,aligned,0,127,70
malloc,aligned,0,128,70
malloc,aligned,0,129,531
malloc,aligned,0,130,111
malloc,aligned,0,131,91
malloc,aligned,0,132,90
malloc,aligned,0,133,140
malloc,aligned,0,134,70
malloc,aligned,0,135,60
malloc,aligned,0,136,61
malloc,aligned,0,137,61
malloc,aligned,0,138,70
malloc,aligned,0,139,70
malloc,aligned,0,140,70
malloc,aligned,0,141,70
malloc,aligned,0,142,61
malloc,aligned,0,143,70
malloc,aligned,0,144,71
malloc,aligned,0,145,61
malloc,aligned,0,146,60
malloc,aligned,0,147,60
malloc,aligned,0,148,60
malloc,aligned,0,149,70
malloc,aligned,0,150,70
malloc,aligned,0,151,61
malloc,aligned,0,152,60
malloc,aligned,0,153,70
malloc,aligned,0,154,70
malloc,aligned,0,155,70
malloc,aligned,0,156,61
malloc,aligned,0,157,60
malloc,aligned,0,158,60
malloc,aligned,0,159,70
malloc,aligned,0,160,60
malloc,aligned,0,161,70
malloc,aligned,0,162,70
malloc,aligned,0,163,60
malloc,aligned,0,164,70
malloc,aligned,0,165,60
malloc,aligned,0,166,61
malloc,aligned,0,167,542
malloc,aligned,0,168,101
malloc,aligned,0,169,100
malloc,aligned,0,170,170
malloc,aligned,0,171,101
malloc,aligned,0,172,91
malloc,aligned,0,173,111
malloc,aligned,0,174,80
malloc,aligned,0,175,71
malloc,aligned,0,176,61
malloc,aligned,0,177,60
malloc,aligned,0,178,101
malloc,aligned,0,179,100
malloc,aligned,0,180,100
malloc,aligned,0,181,91
malloc,aligned,0,182,110
malloc,aligned,0,183,100
malloc,aligned,0,184,100
malloc,aligned,0,185,91
malloc,aligned,0,186,80
malloc,aligned,0,187,60
malloc,aligned,0,188,60
malloc,aligned,0,189,61
malloc,aligned,0,190,70
malloc,aligned,0,191,61
malloc,aligned,0,192,60
malloc,aligned,0,193,70
malloc,aligned,0,194,60
malloc,aligned,0,195,70
malloc,aligned,0,196,61
malloc,aligned,0,197,70
malloc,aligned,0,198,70
malloc,aligned,0,199,60
malloc,aligned,0,200,60
malloc,aligned,0,201,70
malloc,aligned,0,202,60
malloc,aligned,0,203,70
malloc,aligned,0,204,61
malloc,aligned,0,205,70
malloc,aligned,0,206,61
malloc,aligned,0,207,60
malloc,aligned,0,208,61
malloc,aligned,0,209,70
malloc,aligned,0,210,70
malloc,aligned,0,211,60
malloc,aligned,0,212,521
malloc,aligned,0,213,100
malloc,aligned,0,214,90
malloc,aligned,0,215,120
malloc,aligned,0,216,70
malloc,aligned,0,217,61
malloc,aligned,0,218,70
malloc,aligned,0,219,61
malloc,aligned,0,220,70
malloc,aligned,0,221,81
malloc,aligned,0,222,80
malloc,aligned,0,223,80
malloc,aligned,0,224,60
malloc,aligned,0,225,60
malloc,aligned,0,226,71
malloc,aligned,0,227,61
malloc,aligned,0,228,70
malloc,aligned,0,229,61
malloc,aligned,0,230,70
malloc,aligned,0,231,60
malloc,aligned,0,232,70
malloc,aligned,0,233,70
malloc,aligned,0,234,70
malloc,aligned,0,235,70
malloc,aligned,0,236,70
malloc,aligned,0,237,60
malloc,aligned,0,238,71
malloc,aligned,0,239,70
malloc,aligned,0,240,61
malloc,aligned,0,241,60
malloc,aligned,0,242,60
malloc,aligned,0,243,61
malloc,aligned,0,244,70
malloc,aligned,0,245,70
malloc,aligned,0,246,70
malloc,aligned,0,247,70
malloc,aligned,0,248,61
malloc,aligned,0,249,70
malloc,aligned,0,250,60
malloc,aligned,0,251,61
malloc,aligned,0,252,60
malloc,aligned,0,253,70
malloc,aligned,0,254,70
malloc,aligned,0,255,61
malloc,aligned,0,256,61
malloc,aligned,0,257,111
malloc,aligned,0,258,91
malloc,aligned,0,259,18514
malloc,aligned,0,260,100
malloc,aligned,0,261,130
malloc,aligned,0,262,130
malloc,aligned,0,263,100
malloc,aligned,0,264,70
malloc,aligned,0,265,70
malloc,aligned,0,266,70
malloc,aligned,0,267,61
malloc,aligned,0,268,101
malloc,aligned,0,269,531
malloc,aligned,0,270,150
malloc,aligned,0,271,70
malloc,aligned,0,272,71
malloc,aligned,0,273,60
malloc,aligned,0,274,61
malloc,aligned,0,275,541
malloc,aligned,0,276,100
malloc,aligned,0,277,80
malloc,aligned,0,278,131
malloc,aligned,0,279,101
malloc,aligned,0,280,90
malloc,aligned,0,281,60
malloc,aligned,0,282,70
malloc,aligned,0,283,70
malloc,aligned,0,284,70
malloc,aligned,0,285,70
malloc,aligned,0,286,61
malloc,aligned,0,287,120
malloc,aligned,0,288,70
malloc,aligned,0,289,70
malloc,aligned,0,290,60
malloc,aligned,0,291,61
malloc,aligned,0,292,531
malloc,aligned,0,293,70
malloc,aligned,0,294,541
malloc,aligned,0,295,100
malloc,aligned,0,296,110
malloc,aligned,0,297,60
malloc,aligned,0,298,531
malloc,aligned,0,299,100
malloc,aligned,0,300,110
malloc,aligned,0,301,71
malloc,aligned,0,302,8346
malloc,aligned,0,303,70
malloc,aligned,0,304,60
malloc,aligned,0,305,130
malloc,aligned,0,306,70
malloc,aligned,0,307,61
malloc,aligned,0,308,60
malloc,aligned,0,309,80
malloc,aligned,0,310,541
malloc,aligned,0,311,131
malloc,aligned,0,312,130
malloc,aligned,0,313,110
malloc,aligned,0,314,100
malloc,aligned,0,315,541
malloc,aligned,0,316,100
malloc,aligned,0,317,70
malloc,aligned,0,318,60
malloc,aligned,0,319,70
malloc,aligned,0,320,70
malloc,aligned,0,321,70
malloc,aligned,0,322,60
malloc,aligned,0,323,521
malloc,aligned,0,324,71
malloc,aligned,0,325,71
malloc,aligned,0,326,61
malloc,aligned,0,327,110
malloc,aligned,0,328,110
malloc,aligned,0,329,70
malloc,aligned,0,330,100
malloc,aligned,0,331,100
malloc,aligned,0,332,70
malloc,aligned,0,333,61
malloc,aligned,0,334,70
malloc,aligned,0,335,541
malloc,aligned,0,336,110
malloc,aligned,0,337,70
malloc,aligned,0,338,71
malloc,aligned,0,339,61
malloc,aligned,0,340,581
malloc,aligned,0,341,111
malloc,aligned,0,342,60
malloc,aligned,0,343,70
malloc,aligned,0,344,521
malloc,aligned,0,345,120
malloc,aligned,0,346,110
malloc,aligned,0,347,101
malloc,aligned,0,348,100
malloc,aligned,0,349,71
malloc,aligned,0,350,70
malloc,aligned,0,351,531
malloc,aligned,0,352,581
malloc,aligned,0,353,120
malloc,aligned,0,354,70
malloc,aligned,0,355,70
malloc,aligned,0,356,70
malloc,aligned,0,357,70
malloc,aligned,0,358,60
malloc,aligned,0,359,70
malloc,aligned,0,360,130
malloc,aligned,0,361,80
malloc,aligned,0,362,100
malloc,aligned,0,363,541
malloc,aligned,0,364,100
malloc,aligned,0,365,60
malloc,aligned,0,366,61
malloc,aligned,0,367,571
malloc,aligned,0,368,101
malloc,aligned,0,369,70
malloc,aligned,0,370,70
malloc,aligned,0,371,101
malloc,aligned,0,372,130
malloc,aligned,0,373,70
malloc,aligned,0,374,60
malloc,aligned,0,375,70
malloc,aligned,0,376,541
malloc,aligned,0,377,100
malloc,aligned,0,378,61
malloc,aligned,0,379,531
malloc,aligned,0,380,110
malloc,aligned,0,381,131
malloc,aligned,0,382,70
malloc,aligned,0,383,80
malloc,aligned,0,384,120
malloc,aligned,0,385,61
malloc,aligned,0,386,70
malloc,aligned,0,387,60
malloc,aligned,0,388,70
malloc,aligned,0,389,531
malloc,aligned,0,390,70
malloc,aligned,0,391,70
malloc,aligned,0,392,70
malloc,aligned,0,393,71
malloc,aligned,0,394,80
malloc,aligned,0,395,541
malloc,aligned,0,396,111
malloc,aligned,0,397,90
malloc,aligned,0,398,531
malloc,aligned,0,399,110
clock_write_control,aligned,0,0,60
clock_write_control,aligned,0,1,120
clock_write_control,aligned,0,2,41
clock_write_control,aligned,0,3,41
clock_write_control,aligned,0,4,571
clock_write_control,aligned,0,5,70
clock_write_control,aligned,0,6,41
clock_write_control,aligned,0,7,41
clock_write_control,aligned,0,8,531
clock_write_control,aligned,0,9,50
clock_write_control,aligned,0,10,41
clock_write_control,aligned,0,11,50
clock_write_control,aligned,0,12,70
clock_write_control,aligned,0,13,50
clock_write_control,aligned,0,14,121
clock_write_control,aligned,0,15,41
clock_write_control,aligned,0,16,41
clock_write_control,aligned,0,17,60
clock_write_control,aligned,0,18,50
clock_write_control,aligned,0,19,41
clock_write_control,aligned,0,20,41
clock_write_control,aligned,0,21,41
clock_write_control,aligned,0,22,41
clock_write_control,aligned,0,23,41
clock_write_control,aligned,0,24,41
clock_write_control,aligned,0,25,70
clock_write_control,aligned,0,26,41
clock_write_control,aligned,0,27,41
clock_write_control,aligned,0,28,41
clock_write_control,aligned,0,29,51
clock_write_control,aligned,0,30,41
clock_write_control,aligned,0,31,41
clock_write_control,aligned,0,32,531
clock_write_control,aligned,0,33,50
clock_write_control,aligned,0,34,41
clock_write_control,aligned,0,35,41
clock_write_control,aligned,0,36,521
clock_write_control,aligned,0,37,10780
clock_write_control,aligned,0,38,50
clock_write_control,aligned,0,39,41
clock_write_control,aligned,0,40,51
clock_write_control,aligned,0,41,60
clock_write_control,aligned,0,42,51
clock_write_control,aligned,0,43,41
clock_write_control,aligned,0,44,51
clock_write_control,aligned,0,45,121
clock_write_control,aligned,0,46,41
clock_write_control,aligned,0,47,41
clock_write_control,aligned,0,48,50
clock_write_control,aligned,0,49,41
clock_write_control,aligned,0,50,41
clock_write_control,aligned,0,51,41
clock_write_control,aligned,0,52,50
clock_write_control,aligned,0,53,50
clock_write_control,aligned,0,54,41
clock_write_control,aligned,0,55,41
clock_write_control,aligned,0,56,41
clock_write_control,aligned,0,57,60
clock_write_control,aligned,0,58,120
clock_write_control,aligned,0,59,41
clock_write_control,aligned,0,60,41
clock_write_control,aligned,0,61,50
clock_write_control,aligned,0,62,120
clock_write_control,aligned,0,63,41
clock_write_control,aligned,0,64,70
clock_write_control,aligned,0,65,50
clock_write_control,aligned,0,66,41
clock_write_control,aligned,0,67,41
clock_write_control,aligned,0,68,41
clock_write_control,aligned,0,69,50
clock_write_control,aligned,0,70,41
clock_write_control,aligned,0,71,41
clock_write_control,aligned,0,72,41
clock_write_control,aligned,0,73,120
clock_write_control,aligned,0,74,741
clock_write_control,aligned,0,75,120
clock_write_control,aligned,0,76,41
clock_write_control,aligned,0,77,41
clock_write_control,aligned,0,78,41
clock_write_control,aligned,0,79,41
clock_write_control,aligned,0,80,50
clock_write_control,aligned,0,81,41
clock_write_control,aligned,0,82,41
clock_write_control,aligned,0,83,521
clock_write_control,aligned,0,84,121
clock_write_control,aligned,0,85,41
clock_write_control,aligned,0,86,41
clock_write_control,aligned,0,87,541
clock_write_control,aligned,0,88,50
clock_write_control,aligned,0,89,110
clock_write_control,aligned,0,90,531
clock_write_control,aligned,0,91,50
clock_write_control,aligned,0,92,130
clock_write_control,aligned,0,93,41
clock_write_control,aligned,0,94,541
clock_write_control,aligned,0,95,50
clock_write_control,aligned,0,96,41
clock_write_control,aligned,0,97,41
clock_write_control,aligned,0,98,531
clock_write_control,aligned,0,99,50
clock_write_control,aligned,0,100,110
clock_write_control,aligned,0,101,41
clock_write_control,aligned,0,102,41
clock_write_control,aligned,0,103,121
clock_write_control,aligned,0,104,41
clock_write_control,aligned,0,105,41
clock_write_control,aligned,0,106,50
clock_write_control,aligned,0,107,120
clock_write_control,aligned,0,108,41
clock_write_control,aligned,0,109,41
clock_write_control,aligned,0,110,41
clock_write_control,aligned,0,111,50
clock_write_control,aligned,0,112,50
clock_write_control,aligned,0,113,41
clock_write_control,aligned,0,114,41
clock_write_control,aligned,0,115,60
clock_write_control,aligned,0,116,531
clock_write_control,aligned,0,117,120
clock_write_control,aligned,0,118,50
clock_write_control,aligned,0,119,131
clock_write_control,aligned,0,120,41
clock_write_control,aligned,0,121,41
clock_write_control,aligned,0,122,41
clock_write_control,aligned,0,123,41
clock_write_control,aligned,0,124,531
clock_write_control,aligned,0,125,131
clock_write_control,aligned,0,126,41
clock_write_control,aligned,0,127,41
clock_write_control,aligned,0,128,541
clock_write_control,aligned,0,129,120
clock_write_control,aligned,0,130,41
clock_write_control,aligned,0,131,41
clock_write_control,aligned,0,132,541
clock_write_control,aligned,0,133,60
clock_write_control,aligned,0,134,41
clock_write_control,aligned,0,135,50
clock_write_control,aligned,0,136,551
clock_write_control,aligned,0,137,130
clock_write_control,aligned,0,138,41
clock_write_control,aligned,0,139,50
clock_write_control,aligned,0,140,50
clock_write_control,aligned,0,141,41
clock_write_control,aligned,0,142,41
clock_write_control,aligned,0,143,51
clock_write_control,aligned,0,144,51
clock_write_control,aligned,0,145,41
clock_write_control,aligned,0,146,541
clock_write_control,aligned,0,147,50
clock_write_control,aligned,0,148,41
clock_write_control,aligned,0,149,41
clock_write_control,aligned,0,150,41
clock_write_control,aligned,0,151,51
clock_write_control,aligned,0,152,50
clock_write_control,aligned,0,153,60
clock_write_control,aligned,0,154,120
clock_write_control,aligned,0,155,41
clock_write_control,aligned,0,156,541
clock_write_control,aligned,0,157,50
clock_write_control,aligned,0,158,70
clock_write_control,aligned,0,159,41
clock_write_control,aligned,0,160,41
clock_write_control,aligned,0,161,521
clock_write_control,aligned,0,162,50
clock_write_control,aligned,0,163,41
clock_write_control,aligned,0,164,41
clock_write_control,aligned,0,165,531
clock_write_control,aligned,0,166,50
clock_write_control,aligned,0,167,41
clock_write_control,aligned,0,168,41
clock_write_control,aligned,0,169,521
clock_write_control,aligned,0,170,70
clock_write_control,aligned,0,171,50
clock_write_control,aligned,0,172,41
clock_write_control,aligned,0,173,50
clock_write_control,aligned,0,174,120
clock_write_control,aligned,0,175,41
clock_write_control,aligned,0,176,41
clock_write_control,aligned,0,177,60
clock_write_control,aligned,0,178,41
clock_write_control,aligned,0,179,41
clock_write_control,aligned,0,180,531
clock_write_control,aligned,0,181,41
clock_write_control,aligned,0,182,41
clock_write_control,aligned,0,183,41
clock_write_control,aligned,0,184,541
clock_write_control,aligned,0,185,60
clock_write_control,aligned,0,186,41
clock_write_control,aligned,0,187,41
clock_write_control,aligned,0,188,531
clock_write_control,aligned,0,189,121
clock_write_control,aligned,0,190,100
clock_write_control,aligned,0,191,541
clock_write_control,aligned,0,192,60
clock_write_control,aligned,0,193,50
clock_write_control,aligned,0,194,41
clock_write_control,aligned,0,195,41
clock_write_control,aligned,0,196,561
clock_write_control,aligned,0,197,121
clock_write_control,aligned,0,198,41
clock_write_control,aligned,0,199,41
clock_write_control,aligned,0,200,541
clock_write_control,aligned,0,201,121
clock_write_control,aligned,0,202,41
clock_write_control,aligned,0,203,41
clock_write_control,aligned,0,204,60
clock_write_control,aligned,0,205,41
clock_write_control,aligned,0,206,41
clock_write_control,aligned,0,207,41
clock_write_control,aligned,0,208,130
clock_write_control,aligned,0,209,50
clock_write_control,aligned,0,210,120
clock_write_control,aligned,0,211,541
clock_write_control,aligned,0,212,70
clock_write_control,aligned,0,213,120
clock_write_control,aligned,0,214,41
clock_write_control,aligned,0,215,521
clock_write_control,aligned,0,216,41
clock_write_control,aligned,0,217,41
clock_write_control,aligned,0,218,41
clock_write_control,aligned,0,219,41
clock_write_control,aligned,0,220,41
clock_write_control,aligned,0,221,41
clock_write_control,aligned,0,222,41
clock_write_control,aligned,0,223,521
clock_write_control,aligned,0,224,70
clock_write_control,aligned,0,225,41
clock_write_control,aligned,0,226,41
clock_write_control,aligned,0,227,531
clock_write_control,aligned,0,228,60
clock_write_control,aligned,0,229,131
clock_write_control,aligned,0,230,531
clock_write_control,aligned,0,231,120
clock_write_control,aligned,0,232,121
clock_write_control,aligned,0,233,41
clock_write_control,aligned,0,234,41
clock_write_control,aligned,0,235,41
clock_write_control,aligned,0,236,110
clock_write_control,aligned,0,237,41
clock_write_control,aligned,0,238,41
clock_write_control,aligned,0,239,511
clock_write_control,aligned,0,240,130
clock_write_control,aligned,0,241,41
clock_write_control,aligned,0,242,41
clock_write_control,aligned,0,243,120
clock_write_control,aligned,0,244,41
clock_write_control,aligned,0,245,41
clock_write_control,aligned,0,246,50
clock_write_control,aligned,0,247,80
clock_write_control,aligned,0,248,120
clock_write_control,aligned,0,249,51
clock_write_control,aligned,0,250,50
clock_write_control,aligned,0,251,60
clock_write_control,aligned,0,252,51
clock_write_control,aligned,0,253,51
clock_write_control,aligned,0,254,520
clock_write_control,aligned,0,255,41
clock_write_control,aligned,0,256,41
clock_write_control,aligned,0,257,41
clock_write_control,aligned,0,258,60
clock_write_control,aligned,0,259,50
clock_write_control,aligned,0,260,41
clock_write_control,aligned,0,261,531
clock_write_control,aligned,0,262,60
clock_write_control,aligned,0,263,41
clock_write_control,aligned,0,264,41
clock_write_control,aligned,0,265,541
clock_write_control,aligned,0,266,60
clock_write_control,aligned,0,267,50
clock_write_control,aligned,0,268,50
clock_write_control,aligned,0,269,41
clock_write_control,aligned,0,270,121
clock_write_control,aligned,0,271,41
clock_write_control,aligned,0,272,41
clock_write_control,aligned,0,273,50
clock_write_control,aligned,0,274,120
clock_write_control,aligned,0,275,41
clock_write_control,aligned,0,276,41
clock_write_control,aligned,0,277,41
clock_write_control,aligned,0,278,110
clock_write_control,aligned,0,279,41
clock_write_control,aligned,0,280,41
clock_write_control,aligned,0,281,50
clock_write_control,aligned,0,282,120
clock_write_control,aligned,0,283,41
clock_write_control,aligned,0,284,591
clock_write_control,aligned,0,285,60
clock_write_control,aligned,0,286,200
clock_write_control,aligned,0,287,41
clock_write_control,aligned,0,288,541
clock_write_control,aligned,0,289,50
clock_write_control,aligned,0,290,110
clock_write_control,aligned,0,291,41
clock_write_control,aligned,0,292,521
clock_write_control,aligned,0,293,51
clock_write_control,aligned,0,294,130
clock_write_control,aligned,0,295,41
clock_write_control,aligned,0,296,50
clock_write_control,aligned,0,297,130
clock_write_control,aligned,0,298,41
clock_write_control,aligned,0,299,50
clock_write_control,aligned,0,300,60
clock_write_control,aligned,0,301,70
clock_write_control,aligned,0,302,51
clock_write_control,aligned,0,303,531
clock_write_control,aligned,0,304,51
clock_write_control,aligned,0,305,50
clock_write_control,aligned,0,306,50
clock_write_control,aligned,0,307,61
clock_write_control,aligned,0,308,50
clock_write_control,aligned,0,309,51
clock_write_control,aligned,0,310,130
clock_write_control,aligned,0,311,41
clock_write_control,aligned,0,312,531
clock_write_control,aligned,0,313,61
clock_write_control,aligned,0,314,120
clock_write_control,aligned,0,315,41
clock_write_control,aligned,0,316,41
clock_write_control,aligned,0,317,60
clock_write_control,aligned,0,318,41
clock_write_control,aligned,0,319,41
clock_write_control,aligned,0,320,41
clock_write_control,aligned,0,321,60
clock_write_control,aligned,0,322,531
clock_write_control,aligned,0,323,70
clock_write_control,aligned,0,324,541
clock_write_control,aligned,0,325,50
clock_write_control,aligned,0,326,41
clock_write_control,aligned,0,327,41
clock_write_control,aligned,0,328,41
clock_write_control,aligned,0,329,601
clock_write_control,aligned,0,330,110
clock_write_control,aligned,0,331,41
clock_write_control,aligned,0,332,41
clock_write_control,aligned,0,333,531
clock_write_control,aligned,0,334,121
clock_write_control,aligned,0,335,41
clock_write_control,aligned,0,336,521
clock_write_control,aligned,0,337,41
clock_write_control,aligned,0,338,130
clock_write_control,aligned,0,339,41
clock_write_control,aligned,0,340,61
clock_write_control,aligned,0,341,60
clock_write_control,aligned,0,342,531
clock_write_control,aligned,0,343,60
clock_write_control,aligned,0,344,120
clock_write_control,aligned,0,345,41
clock_write_control,aligned,0,346,511
clock_write_control,aligned,0,347,81
clock_write_control,aligned,0,348,120
clock_write_control,aligned,0,349,41
clock_write_control,aligned,0,350,50
clock_write_control,aligned,0,351,60
clock_write_control,aligned,0,352,51
clock_write_control,aligned,0,353,61
clock_write_control,aligned,0,354,41
clock_write_control,aligned,0,355,50
clock_write_control,aligned,0,356,41
clock_write_control,aligned,0,357,41
clock_write_control,aligned,0,358,100
clock_write_control,aligned,0,359,41
clock_write_control,aligned,0,360,50
clock_write_control,aligned,0,361,50
clock_write_control,aligned,0,362,70
clock_write_control,aligned,0,363,60
clock_write_control,aligned,0,364,41
clock_write_control,aligned,0,365,41
clock_write_control,aligned,0,366,60
clock_write_control,aligned,0,367,41
clock_write_control,aligned,0,368,41
clock_write_control,aligned,0,369,531
clock_write_control,aligned,0,370,50
clock_write_control,aligned,0,371,41
clock_write_control,aligned,0,372,41
clock_write_control,aligned,0,373,50
clock_write_control,aligned,0,374,50
clock_write_control,aligned,0,375,41
clock_write_control,aligned,0,376,41
clock_write_control,aligned,0,377,611
clock_write_control,aligned,0,378,110
clock_write_control,aligned,0,379,60
clock_write_control,aligned,0,380,50
clock_write_control,aligned,0,381,571
clock_write_control,aligned,0,382,110
clock_write_control,aligned,0,383,41
clock_write_control,aligned,0,384,41
clock_write_control,aligned,0,385,652
clock_write_control,aligned,0,386,110
clock_write_control,aligned,0,387,41
clock_write_control,aligned,0,388,41
clock_write_control,aligned,0,389,531
clock_write_control,aligned,0,390,120
clock_write_control,aligned,0,391,41
clock_write_control,aligned,0,392,120
clock_write_control,aligned,0,393,41
clock_write_control,aligned,0,394,41
clock_write_control,aligned,0,395,41
clock_write_control,aligned,0,396,531
clock_write_control,aligned,0,397,111
clock_write_control,aligned,0,398,581
clock_write_control,aligned,0,399,50
pool,odd,0,0,81
pool,odd,0,1,41
pool,odd,0,2,41
pool,odd,0,3,531
pool,odd,0,4,50
pool,odd,0,5,120
pool,odd,0,6,41
pool,odd,0,7,50
pool,odd,0,8,110
pool,odd,0,9,41
pool,odd,0,10,41
pool,odd,0,11,60
pool,odd,0,12,130
pool,odd,0,13,41
pool,odd,0,14,531
pool,odd,0,15,70
pool,odd,0,16,51
pool,odd,0,17,131
pool,odd,0,18,41
pool,odd,0,19,41
pool,odd,0,20,41
pool,odd,0,21,70
pool,odd,0,22,110
pool,odd,0,23,41
pool,odd,0,24,60
pool,odd,0,25,130
pool,odd,0,26,41
pool,odd,0,27,41
pool,odd,0,28,70
pool,odd,0,29,40
pool,odd,0,30,41
pool,odd,0,31,521
pool,odd,0,32,130
pool,odd,0,33,41
pool,odd,0,34,41
pool,odd,0,35,50
pool,odd,0,36,50
pool,odd,0,37,572
pool,odd,0,38,130
pool,odd,0,39,41
pool,odd,0,40,120
pool,odd,0,41,41
pool,odd,0,42,41
pool,odd,0,43,50
pool,odd,0,44,41
pool,odd,0,45,41
pool,odd,0,46,551
pool,odd,0,47,120
pool,odd,0,48,41
pool,odd,0,49,742
pool,odd,0,50,130
pool,odd,0,51,60
pool,odd,0,52,41
pool,odd,0,53,541
pool,odd,0,54,60
pool,odd,0,55,120
pool,odd,0,56,51
pool,odd,0,57,51
pool,odd,0,58,70
pool,odd,0,59,50
pool,odd,0,60,50
pool,odd,0,61,41
pool,odd,0,62,581
pool,odd,0,63,80
pool,odd,0,64,51
pool,odd,0,65,50
pool,odd,0,66,41
pool,odd,0,67,41
pool,odd,0,68,110
pool,odd,0,69,41
pool,odd,0,70,41
pool,odd,0,71,541
pool,odd,0,72,110
pool,odd,0,73,41
pool,odd,0,74,41
pool,odd,0,75,541
pool,odd,0,76,50
pool,odd,0,77,41
pool,odd,0,78,41
pool,odd,0,79,61
pool,odd,0,80,41
pool,odd,0,81,41
pool,odd,0,82,50
pool,odd,0,83,50
pool,odd,0,84,41
pool,odd,0,85,41
pool,odd,0,86,531
pool,odd,0,87,50
pool,odd,0,88,41
pool,odd,0,89,41
pool,odd,0,90,60
pool,odd,0,91,130
pool,odd,0,92,71
pool,odd,0,93,130
pool,odd,0,94,120
pool,odd,0,95,41
pool,odd,0,96,110
pool,odd,0,97,50
pool,odd,0,98,110
pool,odd,0,99,41
pool,odd,0,100,41
pool,odd,0,101,521
pool,odd,0,102,541
pool,odd,0,103,51
pool,odd,0,104,41
pool,odd,0,105,41
pool,odd,0,106,60
pool,odd,0,107,130
pool,odd,0,108,41
pool,odd,0,109,51
pool,odd,0,110,60
pool,odd,0,111,120
pool,odd,0,112,41
pool,odd,0,113,41
pool,odd,0,114,531
pool,odd,0,115,41
pool,odd,0,116,41
pool,odd,0,117,41
pool,odd,0,118,50
pool,odd,0,119,120
pool,odd,0,120,50
pool,odd,0,121,51
pool,odd,0,122,80
pool,odd,0,123,50
pool,odd,0,124,41
pool,odd,0,125,41
pool,odd,0,126,41
pool,odd,0,127,50
pool,odd,0,128,41
pool,odd,0,129,41
pool,odd,0,130,551
pool,odd,0,131,50
pool,odd,0,132,41
pool,odd,0,133,41
pool,odd,0,134,541
pool,odd,0,135,80
pool,odd,0,136,50
pool,odd,0,137,41
pool,odd,0,138,582
pool,odd,0,139,50
pool,odd,0,140,130
pool,odd,0,141,41
pool,odd,0,142,41
pool,odd,0,143,521
pool,odd,0,144,130
pool,odd,0,145,41
pool,odd,0,146,14337
pool,odd,0,147,60
pool,odd,0,148,41
pool,odd,0,149,41
pool,odd,0,150,70
pool,odd,0,151,41
pool,odd,0,152,531
pool,odd,0,153,50
pool,odd,0,154,120
pool,odd,0,155,80
pool,odd,0,156,70
pool,odd,0,157,151
pool,odd,0,158,50
pool,odd,0,159,50
pool,odd,0,160,51
pool,odd,0,161,41
pool,odd,0,162,41
pool,odd,0,163,531
pool,odd,0,164,50
pool,odd,0,165,41
pool,odd,0,166,41
pool,odd,0,167,60
pool,odd,0,168,41
pool,odd,0,169,41
pool,odd,0,170,531
pool,odd,0,171,51
pool,odd,0,172,120
pool,odd,0,173,531
pool,odd,0,174,60
pool,odd,0,175,50
pool,odd,0,176,50
pool,odd,0,177,120
pool,odd,0,178,51
pool,odd,0,179,531
pool,odd,0,180,60
pool,odd,0,181,41
pool,odd,0,182,41
pool,odd,0,183,60
pool,odd,0,184,130
pool,odd,0,185,41
pool,odd,0,186,41
pool,odd,0,187,50
pool,odd,0,188,61
pool,odd,0,189,41
pool,odd,0,190,41
pool,odd,0,191,561
pool,odd,0,192,50
pool,odd,0,193,41
pool,odd,0,194,231
pool,odd,0,195,60
pool,odd,0,196,41
pool,odd,0,197,41
pool,odd,0,198,50
pool,odd,0,199,211
pool,odd,0,200,50
pool,odd,0,201,50
pool,odd,0,202,41
pool,odd,0,203,41
pool,odd,0,204,531
pool,odd,0,205,41
pool,odd,0,206,41
pool,odd,0,207,41
pool,odd,0,208,70
pool,odd,0,209,60
pool,odd,0,210,60
pool,odd,0,211,130
pool,odd,0,212,611
pool,odd,0,213,70
pool,odd,0,214,111
pool,odd,0,215,41
pool,odd,0,216,41
pool,odd,0,217,50
pool,odd,0,218,41
pool,odd,0,219,41
pool,odd,0,220,541
pool,odd,0,221,41
pool,odd,0,222,41
pool,odd,0,223,41
pool,odd,0,224,60
pool,odd,0,225,130
pool,odd,0,226,41
pool,odd,0,227,50
pool,odd,0,228,50
pool,odd,0,229,41
pool,odd,0,230,41
pool,odd,0,231,531
pool,odd,0,232,120
pool,odd,0,233,41
pool,odd,0,234,51
pool,odd,0,235,80
pool,odd,0,236,61
pool,odd,0,237,50
pool,odd,0,238,60
pool,odd,0,239,51
pool,odd,0,240,50
pool,odd,0,241,50
pool,odd,0,242,41
pool,odd,0,243,41
pool,odd,0,244,10530
pool,odd,0,245,572
pool,odd,0,246,111
pool,odd,0,247,50
pool,odd,0,248,130
pool,odd,0,249,50
pool,odd,0,250,541
pool,odd,0,251,120
pool,odd,0,252,41
pool,odd,0,253,50
pool,odd,0,254,41
pool,odd,0,255,41
pool,odd,0,256,51
pool,odd,0,257,41
pool,odd,0,258,41
pool,odd,0,259,41
pool,odd,0,260,531
pool,odd,0,261,50
pool,odd,0,262,41
pool,odd,0,263,41
pool,odd,0,264,60
pool,odd,0,265,121
pool,odd,0,266,41
pool,odd,0,267,41
pool,odd,0,268,130
pool,odd,0,269,41
pool,odd,0,270,41
pool,odd,0,271,551
pool,odd,0,272,70
pool,odd,0,273,41
pool,odd,0,274,41
pool,odd,0,275,511
pool,odd,0,276,50
pool,odd,0,277,41
pool,odd,0,278,41
pool,odd,0,279,120
pool,odd,0,280,41
pool,odd,0,281,41
pool,odd,0,282,531
pool,odd,0,283,50
pool,odd,0,284,41
pool,odd,0,285,41
pool,odd,0,286,70
pool,odd,0,287,61
pool,odd,0,288,41
pool,odd,0,289,41
pool,odd,0,290,50
pool,odd,0,291,50
pool,odd,0,292,41
pool,odd,0,293,531
pool,odd,0,294,10479
pool,odd,0,295,50
pool,odd,0,296,541
pool,odd,0,297,60
pool,odd,0,298,50
pool,odd,0,299,41
pool,odd,0,300,50
pool,odd,0,301,120
pool,odd,0,302,41
pool,odd,0,303,41
pool,odd,0,304,521
pool,odd,0,305,130
pool,odd,0,306,41
pool,odd,0,307,41
pool,odd,0,308,531
pool,odd,0,309,50
pool,odd,0,310,41
pool,odd,0,311,41
pool,odd,0,312,51
pool,odd,0,313,120
pool,odd,0,314,41
pool,odd,0,315,41
pool,odd,0,316,531
pool,odd,0,317,120
pool,odd,0,318,41
pool,odd,0,319,41
pool,odd,0,320,50
pool,odd,0,321,41
pool,odd,0,322,41
pool,odd,0,323,41
pool,odd,0,324,50
pool,odd,0,325,41
pool,odd,0,326,41
pool,odd,0,327,70
pool,odd,0,328,131
pool,odd,0,329,41
pool,odd,0,330,41
pool,odd,0,331,50
pool,odd,0,332,120
pool,odd,0,333,41
pool,odd,0,334,41
pool,odd,0,335,41
pool,odd,0,336,41
pool,odd,0,337,61
pool,odd,0,338,130
pool,odd,0,339,41
pool,odd,0,340,60
pool,odd,0,341,50
pool,odd,0,342,10229
pool,odd,0,343,50
pool,odd,0,344,41
pool,odd,0,345,41
pool,odd,0,346,531
pool,odd,0,347,120
pool,odd,0,348,41
pool,odd,0,349,60
pool,odd,0,350,120
pool,odd,0,351,41
pool,odd,0,352,61
pool,odd,0,353,140
pool,odd,0,354,51
pool,odd,0,355,50
pool,odd,0,356,60
pool,odd,0,357,121
pool,odd,0,358,41
pool,odd,0,359,531
pool,odd,0,360,50
pool,odd,0,361,120
pool,odd,0,362,41
pool,odd,0,363,41
pool,odd,0,364,41
pool,odd,0,365,50
pool,odd,0,366,41
pool,odd,0,367,41
pool,odd,0,368,541
pool,odd,0,369,41
pool,odd,0,370,41
pool,odd,0,371,41
pool,odd,0,372,41
pool,odd,0,373,41
pool,odd,0,374,41
pool,odd,0,375,61
pool,odd,0,376,110
pool,odd,0,377,41
pool,odd,0,378,41
pool,odd,0,379,50
pool,odd,0,380,50
pool,odd,0,381,41
pool,odd,0,382,541
pool,odd,0,383,41
pool,odd,0,384,41
pool,odd,0,385,41
pool,odd,0,386,50
pool,odd,0,387,110
pool,odd,0,388,41
pool,odd,0,389,41
pool,odd,0,390,531
pool,odd,0,391,50
pool,odd,0,392,10029
pool,odd,0,393,50
pool,odd,0,394,41
pool,odd,0,395,41
pool,odd,0,396,50
pool,odd,0,397,50
pool,odd,0,398,541
pool,odd,0,399,120
stack,odd,0,0,60
stack,odd,0,1,41
stack,odd,0,2,41
stack,odd,0,3,51
stack,odd,0,4,50
stack,odd,0,5,41
stack,odd,0,6,41
stack,odd,0,7,70
stack,odd,0,8,41
stack,odd,0,9,60
stack,odd,0,10,110
stack,odd,0,11,41
stack,odd,0,12,50
stack,odd,0,13,80
stack,odd,0,14,60
stack,odd,0,15,51
stack,odd,0,16,50
stack,odd,0,17,100
stack,odd,0,18,41
stack,odd,0,19,41
stack,odd,0,20,51
stack,odd,0,21,121
stack,odd,0,22,41
stack,odd,0,23,41
stack,odd,0,24,50
stack,odd,0,25,41
stack,odd,0,26,41
stack,odd,0,27,541
stack,odd,0,28,50
stack,odd,0,29,41
stack,odd,0,30,41
stack,odd,0,31,541
stack,odd,0,32,50
stack,odd,0,33,41
stack,odd,0,34,41
stack,odd,0,35,531
stack,odd,0,36,50
stack,odd,0,37,41
stack,odd,0,38,51
stack,odd,0,39,61
stack,odd,0,40,41
stack,odd,0,41,41
stack,odd,0,42,531
stack,odd,0,43,130
stack,odd,0,44,41
stack,odd,0,45,41
stack,odd,0,46,120
stack,odd,0,47,50
stack,odd,0,48,50
stack,odd,0,49,50
stack,odd,0,50,131
stack,odd,0,51,50
stack,odd,0,52,130
stack,odd,0,53,41
stack,odd,0,54,60
stack,odd,0,55,61
stack,odd,0,56,130
stack,odd,0,57,41
stack,odd,0,58,531
stack,odd,0,59,50
stack,odd,0,60,41
stack,odd,0,61,41
stack,odd,0,62,50
stack,odd,0,63,110
stack,odd,0,64,50
stack,odd,0,65,60
stack,odd,0,66,51
stack,odd,0,67,120
stack,odd,0,68,41
stack,odd,0,69,531
stack,odd,0,70,50
stack,odd,0,71,41
stack,odd,0,72,41
stack,odd,0,73,521
stack,odd,0,74,111
stack,odd,0,75,41
stack,odd,0,76,41
stack,odd,0,77,50
stack,odd,0,78,41
stack,odd,0,79,531
stack,odd,0,80,61
stack,odd,0,81,51
stack,odd,0,82,41
stack,odd,0,83,50
stack,odd,0,84,51
stack,odd,0,85,70
stack,odd,0,86,41
stack,odd,0,87,41
stack,odd,0,88,541
stack,odd,0,89,130
stack,odd,0,90,41
stack,odd,0,91,50
stack,odd,0,92,110
stack,odd,0,93,41
stack,odd,0,94,41
stack,odd,0,95,531
stack,odd,0,96,10570
stack,odd,0,97,50
stack,odd,0,98,130
stack,odd,0,99,41
stack,odd,0,100,51
stack,odd,0,101,531
stack,odd,0,102,50
stack,odd,0,103,50
stack,odd,0,104,41
stack,odd,0,105,521
stack,odd,0,106,50
stack,odd,0,107,110
stack,odd,0,108,41
stack,odd,0,109,50
stack,odd,0,110,50
stack,odd,0,111,41
stack,odd,0,112,531
stack,odd,0,113,50
stack,odd,0,114,130
stack,odd,0,115,41
stack,odd,0,116,541
stack,odd,0,117,50
stack,odd,0,118,70
stack,odd,0,119,51
stack,odd,0,120,41
stack,odd,0,121,50
stack,odd,0,122,140
stack,odd,0,123,41
stack,odd,0,124,41
stack,odd,0,125,531
stack,odd,0,126,110
stack,odd,0,127,41
stack,odd,0,128,41
stack,odd,0,129,50
stack,odd,0,130,41
stack,odd,0,131,41
stack,odd,0,132,50
stack,odd,0,133,50
stack,odd,0,134,41
stack,odd,0,135,541
stack,odd,0,136,60
stack,odd,0,137,51
stack,odd,0,138,41
stack,odd,0,139,531
stack,odd,0,140,51
stack,odd,0,141,41
stack,odd,0,142,41
stack,odd,0,143,531
stack,odd,0,144,60
stack,odd,0,145,41
stack,odd,0,146,41
stack,odd,0,147,521
stack,odd,0,148,110
stack,odd,0,149,41
stack,odd,0,150,130
stack,odd,0,151,41
stack,odd,0,152,531
stack,odd,0,153,51
stack,odd,0,154,51
stack,odd,0,155,51
stack,odd,0,156,110
stack,odd,0,157,41
stack,odd,0,158,41
stack,odd,0,159,51
stack,odd,0,160,130
stack,odd,0,161,41
stack,odd,0,162,591
stack,odd,0,163,80
stack,odd,0,164,50
stack,odd,0,165,60
stack,odd,0,166,50
stack,odd,0,167,541
stack,odd,0,168,51
stack,odd,0,169,41
stack,odd,0,170,50
stack,odd,0,171,80
stack,odd,0,172,50
stack,odd,0,173,41
stack,odd,0,174,41
stack,odd,0,175,41
stack,odd,0,176,51
stack,odd,0,177,41
stack,odd,0,178,41
stack,odd,0,179,50
stack,odd,0,180,130
stack,odd,0,181,41
stack,odd,0,182,531
stack,odd,0,183,51
stack,odd,0,184,41
stack,odd,0,185,41
stack,odd,0,186,541
stack,odd,0,187,100
stack,odd,0,188,41
stack,odd,0,189,50
stack,odd,0,190,50
stack,odd,0,191,50
stack,odd,0,192,130
stack,odd,0,193,51
stack,odd,0,194,51
stack,odd,0,195,120
stack,odd,0,196,80
stack,odd,0,197,71
stack,odd,0,198,50
stack,odd,0,199,50
stack,odd,0,200,50
stack,odd,0,201,110
stack,odd,0,202,41
stack,odd,0,203,531
stack,odd,0,204,131
stack,odd,0,205,41
stack,odd,0,206,51
stack,odd,0,207,51
stack,odd,0,208,51
stack,odd,0,209,41
stack,odd,0,210,41
stack,odd,0,211,531
stack,odd,0,212,61
stack,odd,0,213,120
stack,odd,0,214,531
stack,odd,0,215,50
stack,odd,0,216,531
stack,odd,0,217,50
stack,odd,0,218,130
stack,odd,0,219,200
stack,odd,0,220,41
stack,odd,0,221,511
stack,odd,0,222,120
stack,odd,0,223,41
stack,odd,0,224,41
stack,odd,0,225,51
stack,odd,0,226,50
stack,odd,0,227,41
stack,odd,0,228,41
stack,odd,0,229,531
stack,odd,0,230,51
stack,odd,0,231,50
stack,odd,0,232,41
stack,odd,0,233,41
stack,odd,0,234,51
stack,odd,0,235,80
stack,odd,0,236,120
stack,odd,0,237,131
stack,odd,0,238,50
stack,odd,0,239,41
stack,odd,0,240,41
stack,odd,0,241,50
stack,odd,0,242,100
stack,odd,0,243,531
stack,odd,0,244,50
stack,odd,0,245,41
stack,odd,0,246,531
stack,odd,0,247,71
stack,odd,0,248,70
stack,odd,0,249,51
stack,odd,0,250,51
stack,odd,0,251,50
stack,odd,0,252,50
stack,odd,0,253,60
stack,odd,0,254,50
stack,odd,0,255,110
stack,odd,0,256,41
stack,odd,0,257,41
stack,odd,0,258,521
stack,odd,0,259,120
stack,odd,0,260,51
stack,odd,0,261,511
stack,odd,0,262,60
stack,odd,0,263,41
stack,odd,0,264,541
stack,odd,0,265,51
stack,odd,0,266,50
stack,odd,0,267,41
stack,odd,0,268,521
stack,odd,0,269,50
stack,odd,0,270,41
stack,odd,0,271,50
stack,odd,0,272,60
stack,odd,0,273,50
stack,odd,0,274,41
stack,odd,0,275,41
stack,odd,0,276,51
stack,odd,0,277,41
stack,odd,0,278,41
stack,odd,0,279,51
stack,odd,0,280,120
stack,odd,0,281,41
stack,odd,0,282,722
stack,odd,0,283,51
stack,odd,0,284,50
stack,odd,0,285,80
stack,odd,0,286,41
stack,odd,0,287,541
stack,odd,0,288,50
stack,odd,0,289,541
stack,odd,0,290,51
stack,odd,0,291,50
stack,odd,0,292,541
stack,odd,0,293,60
stack,odd,0,294,51
stack,odd,0,295,41
stack,odd,0,296,41
stack,odd,0,297,41
stack,odd,0,298,60
stack,odd,0,299,41
stack,odd,0,300,41
stack,odd,0,301,531
stack,odd,0,302,130
stack,odd,0,303,41
stack,odd,0,304,531
stack,odd,0,305,50
stack,odd,0,306,521
stack,odd,0,307,81
stack,odd,0,308,51
stack,odd,0,309,41
stack,odd,0,310,41
stack,odd,0,311,531
stack,odd,0,312,60
stack,odd,0,313,120
stack,odd,0,314,41
stack,odd,0,315,541
stack,odd,0,316,70
stack,odd,0,317,121
stack,odd,0,318,41
stack,odd,0,319,531
stack,odd,0,320,110
stack,odd,0,321,41
stack,odd,0,322,41
stack,odd,0,323,50
stack,odd,0,324,50
stack,odd,0,325,41
stack,odd,0,326,41
stack,odd,0,327,50
stack,odd,0,328,50
stack,odd,0,329,41
stack,odd,0,330,41
stack,odd,0,331,101
stack,odd,0,332,50
stack,odd,0,333,50
stack,odd,0,334,50
stack,odd,0,335,51
stack,odd,0,336,531
stack,odd,0,337,60
stack,odd,0,338,120
stack,odd,0,339,41
stack,odd,0,340,541
stack,odd,0,341,60
stack,odd,0,342,541
stack,odd,0,343,130
stack,odd,0,344,110
stack,odd,0,345,41
stack,odd,0,346,541
stack,odd,0,347,50
stack,odd,0,348,51
stack,odd,0,349,41
stack,odd,0,350,41
stack,odd,0,351,61
stack,odd,0,352,51
stack,odd,0,353,41
stack,odd,0,354,541
stack,odd,0,355,51
stack,odd,0,356,41
stack,odd,0,357,41
stack,odd,0,358,551
stack,odd,0,359,120
stack,odd,0,360,41
stack,odd,0,361,41
stack,odd,0,362,50
stack,odd,0,363,521
stack,odd,0,364,51
stack,odd,0,365,50
stack,odd,0,366,141
stack,odd,0,367,41
stack,odd,0,368,41
stack,odd,0,369,51
stack,odd,0,370,41
stack,odd,0,371,531
stack,odd,0,372,50
stack,odd,0,373,41
stack,odd,0,374,50
stack,odd,0,375,50
stack,odd,0,376,541
stack,odd,0,377,121
stack,odd,0,378,50
stack,odd,0,379,110
stack,odd,0,380,41
stack,odd,0,381,51
stack,odd,0,382,51
stack,odd,0,383,51
stack,odd,0,384,41
stack,odd,0,385,652
stack,odd,0,386,60
stack,odd,0,387,140
stack,odd,0,388,41
stack,odd,0,389,531
stack,odd,0,390,51
stack,odd,0,391,41
stack,odd,0,392,41
stack,odd,0,393,531
stack,odd,0,394,130
stack,odd,0,395,50
stack,odd,0,396,60
stack,odd,0,397,50
stack,odd,0,398,51
stack,odd,0,399,41
arena,odd,0,0,70
arena,odd,0,1,41
arena,odd,0,2,551
arena,odd,0,3,50
arena,odd,0,4,50
arena,odd,0,5,41
arena,odd,0,6,50
arena,odd,0,7,50
arena,odd,0,8,130
arena,odd,0,9,41
arena,odd,0,10,521
arena,odd,0,11,60
arena,odd,0,12,120
arena,odd,0,13,51
arena,odd,0,14,50
arena,odd,0,15,41
arena,odd,0,16,41
arena,odd,0,17,41
arena,odd,0,18,51
arena,odd,0,19,130
arena,odd,0,20,41
arena,odd,0,21,41
arena,odd,0,22,51
arena,odd,0,23,60
arena,odd,0,24,41
arena,odd,0,25,41
arena,odd,0,26,531
arena,odd,0,27,100
arena,odd,0,28,41
arena,odd,0,29,551
arena,odd,0,30,50
arena,odd,0,31,50
arena,odd,0,32,41
arena,odd,0,33,8867
arena,odd,0,34,51
arena,odd,0,35,51
arena,odd,0,36,41
arena,odd,0,37,41
arena,odd,0,38,541
arena,odd,0,39,120
arena,odd,0,40,60
arena,odd,0,41,51
arena,odd,0,42,51
arena,odd,0,43,41
arena,odd,0,44,541
arena,odd,0,45,51
arena,odd,0,46,51
arena,odd,0,47,50
arena,odd,0,48,50
arena,odd,0,49,41
arena,odd,0,50,41
arena,odd,0,51,41
arena,odd,0,52,511
arena,odd,0,53,531
arena,odd,0,54,60
arena,odd,0,55,80
arena,odd,0,56,50
arena,odd,0,57,41
arena,odd,0,58,591
arena,odd,0,59,41
arena,odd,0,60,41
arena,odd,0,61,41
arena,odd,0,62,541
arena,odd,0,63,61
arena,odd,0,64,41
arena,odd,0,65,41
arena,odd,0,66,50
arena,odd,0,67,50
arena,odd,0,68,41
arena,odd,0,69,41
arena,odd,0,70,531
arena,odd,0,71,71
arena,odd,0,72,551
arena,odd,0,73,81
arena,odd,0,74,100
arena,odd,0,75,130
arena,odd,0,76,41
arena,odd,0,77,41
arena,odd,0,78,60
arena,odd,0,79,41
arena,odd,0,80,41
arena,odd,0,81,531
arena,odd,0,82,41
arena,odd,0,83,41
arena,odd,0,84,41
arena,odd,0,85,50
arena,odd,0,86,60
arena,odd,0,87,50
arena,odd,0,88,41
arena,odd,0,89,541
arena,odd,0,90,50
arena,odd,0,91,541
arena,odd,0,92,131
arena,odd,0,93,521
arena,odd,0,94,130
arena,odd,0,95,41
arena,odd,0,96,41
arena,odd,0,97,521
arena,odd,0,98,50
arena,odd,0,99,41
arena,odd,0,100,41
arena,odd,0,101,541
arena,odd,0,102,130
arena,odd,0,103,41
arena,odd,0,104,531
arena,odd,0,105,61
arena,odd,0,106,110
arena,odd,0,107,50
arena,odd,0,108,50
arena,odd,0,109,50
arena,odd,0,110,531
arena,odd,0,111,60
arena,odd,0,112,121
arena,odd,0,113,50
arena,odd,0,114,41
arena,odd,0,115,41
arena,odd,0,116,541
arena,odd,0,117,50
arena,odd,0,118,41
arena,odd,0,119,41
arena,odd,0,120,50
arena,odd,0,121,41
arena,odd,0,122,41
arena,odd,0,123,41
arena,odd,0,124,50
arena,odd,0,125,41
arena,odd,0,126,41
arena,odd,0,127,531
arena,odd,0,128,60
arena,odd,0,129,552
arena,odd,0,130,51
arena,odd,0,131,521
arena,odd,0,132,60
arena,odd,0,133,121
arena,odd,0,134,41
arena,odd,0,135,11401
arena,odd,0,136,120
arena,odd,0,137,41
arena,odd,0,138,521
arena,odd,0,139,60
arena,odd,0,140,50
arena,odd,0,141,41
arena,odd,0,142,842
arena,odd,0,143,50
arena,odd,0,144,81
arena,odd,0,145,120
arena,odd,0,146,41
arena,odd,0,147,531
arena,odd,0,148,60
arena,odd,0,149,100
arena,odd,0,150,50
arena,odd,0,151,531
arena,odd,0,152,50
arena,odd,0,153,41
arena,odd,0,154,41
arena,odd,0,155,531
arena,odd,0,156,120
arena,odd,0,157,41
arena,odd,0,158,521
arena,odd,0,159,130
arena,odd,0,160,41
arena,odd,0,161,41
arena,odd,0,162,521
arena,odd,0,163,50
arena,odd,0,164,41
arena,odd,0,165,41
arena,odd,0,166,531
arena,odd,0,167,50
arena,odd,0,168,651
arena,odd,0,169,60
arena,odd,0,170,531
arena,odd,0,171,120
arena,odd,0,172,41
arena,odd,0,173,41
arena,odd,0,174,681
arena,odd,0,175,41
arena,odd,0,176,41
arena,odd,0,177,541
arena,odd,0,178,50
arena,odd,0,179,50
arena,odd,0,180,41
arena,odd,0,181,531
arena,odd,0,182,80
arena,odd,0,183,51
arena,odd,0,184,41
arena,odd,0,185,41
arena,odd,0,186,120
arena,odd,0,187,541
arena,odd,0,188,51
arena,odd,0,189,531
arena,odd,0,190,70
arena,odd,0,191,50
arena,odd,0,192,551
arena,odd,0,193,50
arena,odd,0,194,50
arena,odd,0,195,41
arena,odd,0,196,41
arena,odd,0,197,531
arena,odd,0,198,41
arena,odd,0,199,41
arena,odd,0,200,531
arena,odd,0,201,51
arena,odd,0,202,50
arena,odd,0,203,41
arena,odd,0,204,41
arena,odd,0,205,521
arena,odd,0,206,51
arena,odd,0,207,130
arena,odd,0,208,41
arena,odd,0,209,531
arena,odd,0,210,121
arena,odd,0,211,41
arena,odd,0,212,41
arena,odd,0,213,50
arena,odd,0,214,131
arena,odd,0,215,41
arena,odd,0,216,41
arena,odd,0,217,50
arena,odd,0,218,60
arena,odd,0,219,41
arena,odd,0,220,541
arena,odd,0,221,50
arena,odd,0,222,50
arena,odd,0,223,41
arena,odd,0,224,41
arena,odd,0,225,541
arena,odd,0,226,50
arena,odd,0,227,41
arena,odd,0,228,41
arena,odd,0,229,521
arena,odd,0,230,130
arena,odd,0,231,41
arena,odd,0,232,541
arena,odd,0,233,60
arena,odd,0,234,51
arena,odd,0,235,41
arena,odd,0,236,151
arena,odd,0,237,50
arena,odd,0,238,41
arena,odd,0,239,531
arena,odd,0,240,80
arena,odd,0,241,110
arena,odd,0,242,41
arena,odd,0,243,541
arena,odd,0,244,80
arena,odd,0,245,60
arena,odd,0,246,41
arena,odd,0,247,41
arena,odd,0,248,41
arena,odd,0,249,41
arena,odd,0,250,50
arena,odd,0,251,41
arena,odd,0,252,41
arena,odd,0,253,531
arena,odd,0,254,201
arena,odd,0,255,41
arena,odd,0,256,41
arena,odd,0,257,551
arena,odd,0,258,60
arena,odd,0,259,41
arena,odd,0,260,80
arena,odd,0,261,60
arena,odd,0,262,110
arena,odd,0,263,41
arena,odd,0,264,50
arena,odd,0,265,50
arena,odd,0,266,121
arena,odd,0,267,41
arena,odd,0,268,621
arena,odd,0,269,41
arena,odd,0,270,120
arena,odd,0,271,41
arena,odd,0,272,41
arena,odd,0,273,60
arena,odd,0,274,41
arena,odd,0,275,41
arena,odd,0,276,41
arena,odd,0,277,120
arena,odd,0,278,41
arena,odd,0,279,41
arena,odd,0,280,50
arena,odd,0,281,50
arena,odd,0,282,41
arena,odd,0,283,41
arena,odd,0,284,51
arena,odd,0,285,51
arena,odd,0,286,110
arena,odd,0,287,41
arena,odd,0,288,541
arena,odd,0,289,120
arena,odd,0,290,41
arena,odd,0,291,41
arena,odd,0,292,41
arena,odd,0,293,100
arena,odd,0,294,41
arena,odd,0,295,531
arena,odd,0,296,60
arena,odd,0,297,51
arena,odd,0,298,41
arena,odd,0,299,41
arena,odd,0,300,571
arena,odd,0,301,50
arena,odd,0,302,50
arena,odd,0,303,41
arena,odd,0,304,541
arena,odd,0,305,100
arena,odd,0,306,41
arena,odd,0,307,41
arena,odd,0,308,50
arena,odd,0,309,150
arena,odd,0,310,41
arena,odd,0,311,531
arena,odd,0,312,50
arena,odd,0,313,41
arena,odd,0,314,41
arena,odd,0,315,521
arena,odd,0,316,60
arena,odd,0,317,41
arena,odd,0,318,651
arena,odd,0,319,51
arena,odd,0,320,130
arena,odd,0,321,41
arena,odd,0,322,50
arena,odd,0,323,71
arena,odd,0,324,121
arena,odd,0,325,41
arena,odd,0,326,41
arena,odd,0,327,531
arena,odd,0,328,50
arena,odd,0,329,50
arena,odd,0,330,41
arena,odd,0,331,601
arena,odd,0,332,60
arena,odd,0,333,41
arena,odd,0,334,41
arena,odd,0,335,50
arena,odd,0,336,41
arena,odd,0,337,41
arena,odd,0,338,521
arena,odd,0,339,140
arena,odd,0,340,41
arena,odd,0,341,41
arena,odd,0,342,50
arena,odd,0,343,50
arena,odd,0,344,41
arena,odd,0,345,41
arena,odd,0,346,81
arena,odd,0,347,50
arena,odd,0,348,41
arena,odd,0,349,41
arena,odd,0,350,70
arena,odd,0,351,100
arena,odd,0,352,50
arena,odd,0,353,541
arena,odd,0,354,51
arena,odd,0,355,541
arena,odd,0,356,51
arena,odd,0,357,60
arena,odd,0,358,50
arena,odd,0,359,551
arena,odd,0,360,50
arena,odd,0,361,50
arena,odd,0,362,131
arena,odd,0,363,41
arena,odd,0,364,41
arena,odd,0,365,60
arena,odd,0,366,121
arena,odd,0,367,41
arena,odd,0,368,41
arena,odd,0,369,50
arena,odd,0,370,130
arena,odd,0,371,41
arena,odd,0,372,50
arena,odd,0,373,50
arena,odd,0,374,51
arena,odd,0,375,50
arena,odd,0,376,50
arena,odd,0,377,70
arena,odd,0,378,50
arena,odd,0,379,41
arena,odd,0,380,601
arena,odd,0,381,50
arena,odd,0,382,41
arena,odd,0,383,41
arena,odd,0,384,531
arena,odd,0,385,130
arena,odd,0,386,41
arena,odd,0,387,41
arena,odd,0,388,41
arena,odd,0,389,130
arena,odd,0,390,41
arena,odd,0,391,50
arena,odd,0,392,50
arena,odd,0,393,41
arena,odd,0,394,50
arena,odd,0,395,50
arena,odd,0,396,60
arena,odd,0,397,60
arena,odd,0,398,120
arena,odd,0,399,50
malloc,odd,0,0,141
malloc,odd,0,1,601
malloc,odd,0,2,71
malloc,odd,0,3,70
malloc,odd,0,4,571
malloc,odd,0,5,131
malloc,odd,0,6,70
malloc,odd,0,7,541
malloc,odd,0,8,100
malloc,odd,0,9,61
malloc,odd,0,10,60
malloc,odd,0,11,110
malloc,odd,0,12,70
malloc,odd,0,13,61
malloc,odd,0,14,91
malloc,odd,0,15,120
malloc,odd,0,16,70
malloc,odd,0,17,541
malloc,odd,0,18,100
malloc,odd,0,19,60
malloc,odd,0,20,80
malloc,odd,0,21,110
malloc,odd,0,22,100
malloc,odd,0,23,61
malloc,odd,0,24,100
malloc,odd,0,25,130
malloc,odd,0,26,71
malloc,odd,0,27,691
malloc,odd,0,28,17883
malloc,odd,0,29,61
malloc,odd,0,30,541
malloc,odd,0,31,120
malloc,odd,0,32,70
malloc,odd,0,33,531
malloc,odd,0,34,110
malloc,odd,0,35,60
malloc,odd,0,36,521
malloc,odd,0,37,101
malloc,odd,0,38,71
malloc,odd,0,39,80
malloc,odd,0,40,120
malloc,odd,0,41,131
malloc,odd,0,42,70
malloc,odd,0,43,90
malloc,odd,0,44,160
malloc,odd,0,45,531
malloc,odd,0,46,101
malloc,odd,0,47,130
malloc,odd,0,48,70
malloc,odd,0,49,561
malloc,odd,0,50,100
malloc,odd,0,51,100
malloc,odd,0,52,70
malloc,odd,0,53,90
malloc,odd,0,54,100
malloc,odd,0,55,581
malloc,odd,0,56,91
malloc,odd,0,57,101
malloc,odd,0,58,60
malloc,odd,0,59,60
malloc,odd,0,60,531
malloc,odd,0,61,120
malloc,odd,0,62,70
malloc,odd,0,63,541
malloc,odd,0,64,551
malloc,odd,0,65,100
malloc,odd,0,66,581
malloc,odd,0,67,110
malloc,odd,0,68,70
malloc,odd,0,69,11752
malloc,odd,0,70,110
malloc,odd,0,71,160
malloc,odd,0,72,621
malloc,odd,0,73,100
malloc,odd,0,74,71
malloc,odd,0,75,70
malloc,odd,0,76,110
malloc,odd,0,77,531
malloc,odd,0,78,110
malloc,odd,0,79,121
malloc,odd,0,80,70
malloc,odd,0,81,70
malloc,odd,0,82,110
malloc,odd,0,83,141
malloc,odd,0,84,60
malloc,odd,0,85,70
malloc,odd,0,86,91
malloc,odd,0,87,80
malloc,odd,0,88,61
malloc,odd,0,89,110
malloc,odd,0,90,130
malloc,odd,0,91,70
malloc,odd,0,92,551
malloc,odd,0,93,111
malloc,odd,0,94,70
malloc,odd,0,95,541
malloc,odd,0,96,110
malloc,odd,0,97,100
malloc,odd,0,98,541
malloc,odd,0,99,110
malloc,odd,0,100,70
malloc,odd,0,101,70
malloc,odd,0,102,90
malloc,odd,0,103,90
malloc,odd,0,104,70
malloc,odd,0,105,100
malloc,odd,0,106,120
malloc,odd,0,107,70
malloc,odd,0,108,761
malloc,odd,0,109,101
malloc,odd,0,110,70
malloc,odd,0,111,70
malloc,odd,0,112,251
malloc,odd,0,113,130
malloc,odd,0,114,110
malloc,odd,0,115,120
malloc,odd,0,116,60
malloc,odd,0,117,70
malloc,odd,0,118,110
malloc,odd,0,119,130
malloc,odd,0,120,70
malloc,odd,0,121,111
malloc,odd,0,122,91
malloc,odd,0,123,110
malloc,odd,0,124,91
malloc,odd,0,125,100
malloc,odd,0,126,100
malloc,odd,0,127,130
malloc,odd,0,128,61
malloc,odd,0,129,91
malloc,odd,0,130,120
malloc,odd,0,131,60
malloc,odd,0,132,551
malloc,odd,0,133,120
malloc,odd,0,134,61
malloc,odd,0,135,551
malloc,odd,0,136,110
malloc,odd,0,137,70
malloc,odd,0,138,70
malloc,odd,0,139,131
malloc,odd,0,140,60
malloc,odd,0,141,61
malloc,odd,0,142,541
malloc,odd,0,143,90
malloc,odd,0,144,71
malloc,odd,0,145,541
malloc,odd,0,146,150
malloc,odd,0,147,71
malloc,odd,0,148,80
malloc,odd,0,149,190
malloc,odd,0,150,70
malloc,odd,0,151,671
malloc,odd,0,152,110
malloc,odd,0,153,61
malloc,odd,0,154,601
malloc,odd,0,155,150
malloc,odd,0,156,561
malloc,odd,0,157,160
malloc,odd,0,158,110
malloc,odd,0,159,70
malloc,odd,0,160,541
malloc,odd,0,161,110
malloc,odd,0,162,80
malloc,odd,0,163,61
malloc,odd,0,164,541
malloc,odd,0,165,120
malloc,odd,0,166,101
malloc,odd,0,167,541
malloc,odd,0,168,70
malloc,odd,0,169,61
malloc,odd,0,170,90
malloc,odd,0,171,130
malloc,odd,0,172,70
malloc,odd,0,173,671
malloc,odd,0,174,100
malloc,odd,0,175,60
malloc,odd,0,176,61
malloc,odd,0,177,541
malloc,odd,0,178,70
malloc,odd,0,179,61
malloc,odd,0,180,521
malloc,odd,0,181,121
malloc,odd,0,182,70
malloc,odd,0,183,581
malloc,odd,0,184,100
malloc,odd,0,185,70
malloc,odd,0,186,70
malloc,odd,0,187,100
malloc,odd,0,188,60
malloc,odd,0,189,60
malloc,odd,0,190,100
malloc,odd,0,191,110
malloc,odd,0,192,541
malloc,odd,0,193,140
malloc,odd,0,194,541
malloc,odd,0,195,130
malloc,odd,0,196,61
malloc,odd,0,197,10941
malloc,odd,0,198,541
malloc,odd,0,199,612
malloc,odd,0,200,130
malloc,odd,0,201,70
malloc,odd,0,202,70
malloc,odd,0,203,100
malloc,odd,0,204,70
malloc,odd,0,205,61
malloc,odd,0,206,101
malloc,odd,0,207,100
malloc,odd,0,208,70
malloc,odd,0,209,541
malloc,odd,0,210,151
malloc,odd,0,211,70
malloc,odd,0,212,61
malloc,odd,0,213,1203
malloc,odd,0,214,190
malloc,odd,0,215,70
malloc,odd,0,216,541
malloc,odd,0,217,100
malloc,odd,0,218,70
malloc,odd,0,219,641
malloc,odd,0,220,120
malloc,odd,0,221,60
malloc,odd,0,222,90
malloc,odd,0,223,110
malloc,odd,0,224,160
malloc,odd,0,225,70
malloc,odd,0,226,100
malloc,odd,0,227,151
malloc,odd,0,228,70
malloc,odd,0,229,591
malloc,odd,0,230,110
malloc,odd,0,231,140
malloc,odd,0,232,60
malloc,odd,0,233,100
malloc,odd,0,234,110
malloc,odd,0,235,70
malloc,odd,0,236,541
malloc,odd,0,237,90
malloc,odd,0,238,91
malloc,odd,0,239,61
malloc,odd,0,240,13966
malloc,odd,0,241,110
malloc,odd,0,242,571
malloc,odd,0,243,100
malloc,odd,0,244,140
malloc,odd,0,245,70
malloc,odd,0,246,571
malloc,odd,0,247,100
malloc,odd,0,248,61
malloc,odd,0,249,90
malloc,odd,0,250,120
malloc,odd,0,251,71
malloc,odd,0,252,70
malloc,odd,0,253,511
malloc,odd,0,254,110
malloc,odd,0,255,130
malloc,odd,0,256,70
malloc,odd,0,257,581
malloc,odd,0,258,120
malloc,odd,0,259,60
malloc,odd,0,260,90
malloc,odd,0,261,190
malloc,odd,0,262,61
malloc,odd,0,263,541
malloc,odd,0,264,121
malloc,odd,0,265,60
malloc,odd,0,266,61
malloc,odd,0,267,531
malloc,odd,0,268,71
malloc,odd,0,269,60
malloc,odd,0,270,531
malloc,odd,0,271,131
malloc,odd,0,272,60
malloc,odd,0,273,70
malloc,odd,0,274,521
malloc,odd,0,275,130
malloc,odd,0,276,61
malloc,odd,0,277,531
malloc,odd,0,278,101
malloc,odd,0,279,70
malloc,odd,0,280,551
malloc,odd,0,281,110
malloc,odd,0,282,100
malloc,odd,0,283,9938
malloc,odd,0,284,61
malloc,odd,0,285,61
malloc,odd,0,286,100
malloc,odd,0,287,160
malloc,odd,0,288,71
malloc,odd,0,289,521
malloc,odd,0,290,101
malloc,odd,0,291,61
malloc,odd,0,292,91
malloc,odd,0,293,130
malloc,odd,0,294,91
malloc,odd,0,295,100
malloc,odd,0,296,70
malloc,odd,0,297,110
malloc,odd,0,298,110
malloc,odd,0,299,70
malloc,odd,0,300,561
malloc,odd,0,301,140
malloc,odd,0,302,61
malloc,odd,0,303,531
malloc,odd,0,304,110
malloc,odd,0,305,90
malloc,odd,0,306,70
malloc,odd,0,307,91
malloc,odd,0,308,170
malloc,odd,0,309,61
malloc,odd,0,310,60
malloc,odd,0,311,111
malloc,odd,0,312,100
malloc,odd,0,313,130
malloc,odd,0,314,60
malloc,odd,0,315,91
malloc,odd,0,316,110
malloc,odd,0,317,61
malloc,odd,0,318,110
malloc,odd,0,319,101
malloc,odd,0,320,61
malloc,odd,0,321,571
malloc,odd,0,322,171
malloc,odd,0,323,70
malloc,odd,0,324,561
malloc,odd,0,325,110
malloc,odd,0,326,10350
malloc,odd,0,327,101
malloc,odd,0,328,120
malloc,odd,0,329,120
malloc,odd,0,330,70
malloc,odd,0,331,91
malloc,odd,0,332,110
malloc,odd,0,333,61
malloc,odd,0,334,90
malloc,odd,0,335,121
malloc,odd,0,336,100
malloc,odd,0,337,61
malloc,odd,0,338,541
malloc,odd,0,339,91
malloc,odd,0,340,61
malloc,odd,0,341,70
malloc,odd,0,342,100
malloc,odd,0,343,101
malloc,odd,0,344,71
malloc,odd,0,345,90
malloc,odd,0,346,101
malloc,odd,0,347,131
malloc,odd,0,348,70
malloc,odd,0,349,80
malloc,odd,0,350,91
malloc,odd,0,351,70
malloc,odd,0,352,631
malloc,odd,0,353,100
malloc,odd,0,354,60
malloc,odd,0,355,60
malloc,odd,0,356,571
malloc,odd,0,357,81
malloc,odd,0,358,61
malloc,odd,0,359,90
malloc,odd,0,360,130
malloc,odd,0,361,61
malloc,odd,0,362,100
malloc,odd,0,363,110
malloc,odd,0,364,61
malloc,odd,0,365,551
malloc,odd,0,366,91
malloc,odd,0,367,70
malloc,odd,0,368,70
malloc,odd,0,369,591
malloc,odd,0,370,61
malloc,odd,0,371,541
malloc,odd,0,372,121
malloc,odd,0,373,70
malloc,odd,0,374,541
malloc,odd,0,375,110
malloc,odd,0,376,60
malloc,odd,0,377,61
malloc,odd,0,378,100
malloc,odd,0,379,71
malloc,odd,0,380,61
malloc,odd,0,381,91
malloc,odd,0,382,211
malloc,odd,0,383,60
malloc,odd,0,384,90
malloc,odd,0,385,111
malloc,odd,0,386,80
malloc,odd,0,387,60
malloc,odd,0,388,531
malloc,odd,0,389,90
malloc,odd,0,390,61
malloc,odd,0,391,551
malloc,odd,0,392,100
malloc,odd,0,393,130
malloc,odd,0,394,70
malloc,odd,0,395,531
malloc,odd,0,396,170
malloc,odd,0,397,61
malloc,odd,0,398,61
malloc,odd,0,399,101
clock_write_control,odd,0,0,541
clock_write_control,odd,0,1,70
clock_write_control,odd,0,2,41
clock_write_control,odd,0,3,50
clock_write_control,odd,0,4,70
clock_write_control,odd,0,5,50
clock_write_control,odd,0,6,41
clock_write_control,odd,0,7,531
clock_write_control,odd,0,8,120
clock_write_control,odd,0,9,70
clock_write_control,odd,0,10,41
clock_write_control,odd,0,11,60
clock_write_control,odd,0,12,120
clock_write_control,odd,0,13,41
clock_write_control,odd,0,14,41
clock_write_control,odd,0,15,50
clock_write_control,odd,0,16,41
clock_write_control,odd,0,17,531
clock_write_control,odd,0,18,41
clock_write_control,odd,0,19,60
clock_write_control,odd,0,20,51
clock_write_control,odd,0,21,41
clock_write_control,odd,0,22,531
clock_write_control,odd,0,23,41
clock_write_control,odd,0,24,41
clock_write_control,odd,0,25,41
clock_write_control,odd,0,26,60
clock_write_control,odd,0,27,50
clock_write_control,odd,0,28,41
clock_write_control,odd,0,29,41
clock_write_control,odd,0,30,521
clock_write_control,odd,0,31,121
clock_write_control,odd,0,32,41
clock_write_control,odd,0,33,41
clock_write_control,odd,0,34,531
clock_write_control,odd,0,35,50
clock_write_control,odd,0,36,41
clock_write_control,odd,0,37,41
clock_write_control,odd,0,38,60
clock_write_control,odd,0,39,60
clock_write_control,odd,0,40,50
clock_write_control,odd,0,41,41
clock_write_control,odd,0,42,41
clock_write_control,odd,0,43,541
clock_write_control,odd,0,44,41
clock_write_control,odd,0,45,50
clock_write_control,odd,0,46,120
clock_write_control,odd,0,47,60
clock_write_control,odd,0,48,41
clock_write_control,odd,0,49,41
clock_write_control,odd,0,50,521
clock_write_control,odd,0,51,120
clock_write_control,odd,0,52,41
clock_write_control,odd,0,53,41
clock_write_control,odd,0,54,531
clock_write_control,odd,0,55,120
clock_write_control,odd,0,56,41
clock_write_control,odd,0,57,41
clock_write_control,odd,0,58,521
clock_write_control,odd,0,59,521
clock_write_control,odd,0,60,60
clock_write_control,odd,0,61,210
clock_write_control,odd,0,62,60
clock_write_control,odd,0,63,120
clock_write_control,odd,0,64,41
clock_write_control,odd,0,65,51
clock_write_control,odd,0,66,120
clock_write_control,odd,0,67,41
clock_write_control,odd,0,68,41
clock_write_control,odd,0,69,50
clock_write_control,odd,0,70,121
clock_write_control,odd,0,71,41
clock_write_control,odd,0,72,41
clock_write_control,odd,0,73,541
clock_write_control,odd,0,74,60
clock_write_control,odd,0,75,41
clock_write_control,odd,0,76,50
clock_write_control,odd,0,77,51
clock_write_control,odd,0,78,541
clock_write_control,odd,0,79,60
clock_write_control,odd,0,80,50
clock_write_control,odd,0,81,50
clock_write_control,odd,0,82,120
clock_write_control,odd,0,83,41
clock_write_control,odd,0,84,60
clock_write_control,odd,0,85,80
clock_write_control,odd,0,86,120
clock_write_control,odd,0,87,41
clock_write_control,odd,0,88,41
clock_write_control,odd,0,89,51
clock_write_control,odd,0,90,41
clock_write_control,odd,0,91,41
clock_write_control,odd,0,92,551
clock_write_control,odd,0,93,60
clock_write_control,odd,0,94,41
clock_write_control,odd,0,95,41
clock_write_control,odd,0,96,60
clock_write_control,odd,0,97,50
clock_write_control,odd,0,98,70
clock_write_control,odd,0,99,41
clock_write_control,odd,0,100,531
clock_write_control,odd,0,101,50
clock_write_control,odd,0,102,41
clock_write_control,odd,0,103,41
clock_write_control,odd,0,104,571
clock_write_control,odd,0,105,111
clock_write_control,odd,0,106,41
clock_write_control,odd,0,107,41
clock_write_control,odd,0,108,60
clock_write_control,odd,0,109,60
clock_write_control,odd,0,110,41
clock_write_control,odd,0,111,41
clock_write_control,odd,0,112,531
clock_write_control,odd,0,113,8305
clock_write_control,odd,0,114,41
clock_write_control,odd,0,115,531
clock_write_control,odd,0,116,131
clock_write_control,odd,0,117,41
clock_write_control,odd,0,118,41
clock_write_control,odd,0,119,531
clock_write_control,odd,0,120,70
clock_write_control,odd,0,121,50
clock_write_control,odd,0,122,61
clock_write_control,odd,0,123,41
clock_write_control,odd,0,124,50
clock_write_control,odd,0,125,50
clock_write_control,odd,0,126,50
clock_write_control,odd,0,127,51
clock_write_control,odd,0,128,51
clock_write_control,odd,0,129,70
clock_write_control,odd,0,130,41
clock_write_control,odd,0,131,41
clock_write_control,odd,0,132,61
clock_write_control,odd,0,133,120
clock_write_control,odd,0,134,41
clock_write_control,odd,0,135,41
clock_write_control,odd,0,136,50
clock_write_control,odd,0,137,41
clock_write_control,odd,0,138,41
clock_write_control,odd,0,139,50
clock_write_control,odd,0,140,50
clock_write_control,odd,0,141,110
clock_write_control,odd,0,142,521
clock_write_control,odd,0,143,111
clock_write_control,odd,0,144,60
clock_write_control,odd,0,145,41
clock_write_control,odd,0,146,41
clock_write_control,odd,0,147,531
clock_write_control,odd,0,148,131
clock_write_control,odd,0,149,41
clock_write_control,odd,0,150,41
clock_write_control,odd,0,151,521
clock_write_control,odd,0,152,120
clock_write_control,odd,0,153,41
clock_write_control,odd,0,154,41
clock_write_control,odd,0,155,541
clock_write_control,odd,0,156,60
clock_write_control,odd,0,157,41
clock_write_control,odd,0,158,41
clock_write_control,odd,0,159,531
clock_write_control,odd,0,160,110
clock_write_control,odd,0,161,41
clock_write_control,odd,0,162,521
clock_write_control,odd,0,163,70
clock_write_control,odd,0,164,70
clock_write_control,odd,0,165,41
clock_write_control,odd,0,166,90
clock_write_control,odd,0,167,41
clock_write_control,odd,0,168,60
clock_write_control,odd,0,169,50
clock_write_control,odd,0,170,41
clock_write_control,odd,0,171,41
clock_write_control,odd,0,172,70
clock_write_control,odd,0,173,130
clock_write_control,odd,0,174,51
clock_write_control,odd,0,175,50
clock_write_control,odd,0,176,50
clock_write_control,odd,0,177,41
clock_write_control,odd,0,178,41
clock_write_control,odd,0,179,41
clock_write_control,odd,0,180,41
clock_write_control,odd,0,181,41
clock_write_control,odd,0,182,41
clock_write_control,odd,0,183,41
clock_write_control,odd,0,184,41
clock_write_control,odd,0,185,41
clock_write_control,odd,0,186,41
clock_write_control,odd,0,187,41
clock_write_control,odd,0,188,41
clock_write_control,odd,0,189,41
clock_write_control,odd,0,190,41
clock_write_control,odd,0,191,41
clock_write_control,odd,0,192,41
clock_write_control,odd,0,193,41
clock_write_control,odd,0,194,41
clock_write_control,odd,0,195,41
clock_write_control,odd,0,196,41
clock_write_control,odd,0,197,41
clock_write_control,odd,0,198,41
clock_write_control,odd,0,199,41
clock_write_control,odd,0,200,41
clock_write_control,odd,0,201,41
clock_write_control,odd,0,202,41
clock_write_control,odd,0,203,41
clock_write_control,odd,0,204,41
clock_write_control,odd,0,205,41
clock_write_control,odd,0,206,41
clock_write_control,odd,0,207,41
clock_write_control,odd,0,208,41
clock_write_control,odd,0,209,41
clock_write_control,odd,0,210,41
clock_write_control,odd,0,211,41
clock_write_control,odd,0,212,41
clock_write_control,odd,0,213,41
clock_write_control,odd,0,214,41
clock_write_control,odd,0,215,41
clock_write_control,odd,0,216,41
clock_write_control,odd,0,217,41
clock_write_control,odd,0,218,41
clock_write_control,odd,0,219,91
clock_write_control,odd,0,220,41
clock_write_control,odd,0,221,41
clock_write_control,odd,0,222,41
clock_write_control,odd,0,223,41
clock_write_control,odd,0,224,41
clock_write_control,odd,0,225,41
clock_write_control,odd,0,226,41
clock_write_control,odd,0,227,41
clock_write_control,odd,0,228,41
clock_write_control,odd,0,229,41
clock_write_control,odd,0,230,41
clock_write_control,odd,0,231,41
clock_write_control,odd,0,232,41
clock_write_control,odd,0,233,41
clock_write_control,odd,0,234,41
clock_write_control,odd,0,235,41
clock_write_control,odd,0,236,41
clock_write_control,odd,0,237,41
clock_write_control,odd,0,238,41
clock_write_control,odd,0,239,41
clock_write_control,odd,0,240,41
clock_write_control,odd,0,241,41
clock_write_control,odd,0,242,41
clock_write_control,odd,0,243,41
clock_write_control,odd,0,244,41
clock_write_control,odd,0,245,41
clock_write_control,odd,0,246,41
clock_write_control,odd,0,247,41
clock_write_control,odd,0,248,41
clock_write_control,odd,0,249,41
clock_write_control,odd,0,250,41
clock_write_control,odd,0,251,41
clock_write_control,odd,0,252,41
clock_write_control,odd,0,253,41
clock_write_control,odd,0,254,41
clock_write_control,odd,0,255,41
clock_write_control,odd,0,256,41
clock_write_control,odd,0,257,41
clock_write_control,odd,0,258,41
clock_write_control,odd,0,259,41
clock_write_control,odd,0,260,41
clock_write_control,odd,0,261,41
clock_write_control,odd,0,262,41
clock_write_control,odd,0,263,41
clock_write_control,odd,0,264,41
clock_write_control,odd,0,265,41
clock_write_control,odd,0,266,41
clock_write_control,odd,0,267,41
clock_write_control,odd,0,268,41
clock_write_control,odd,0,269,41
clock_write_control,odd,0,270,41
clock_write_control,odd,0,271,41
clock_write_control,odd,0,272,6532
clock_write_control,odd,0,273,41
clock_write_control,odd,0,274,41
clock_write_control,odd,0,275,41
clock_write_control,odd,0,276,41
clock_write_control,odd,0,277,41
clock_write_control,odd,0,278,41
clock_write_control,odd,0,279,41
clock_write_control,odd,0,280,41
clock_write_control,odd,0,281,41
clock_write_control,odd,0,282,41
clock_write_control,odd,0,283,41
clock_write_control,odd,0,284,41
clock_write_control,odd,0,285,41
clock_write_control,odd,0,286,41
clock_write_control,odd,0,287,51
clock_write_control,odd,0,288,51
clock_write_control,odd,0,289,51
clock_write_control,odd,0,290,50
clock_write_control,odd,0,291,41
clock_write_control,odd,0,292,41
clock_write_control,odd,0,293,41
clock_write_control,odd,0,294,41
clock_write_control,odd,0,295,41
clock_write_control,odd,0,296,41
clock_write_control,odd,0,297,41
clock_write_control,odd,0,298,41
clock_write_control,odd,0,299,41
clock_write_control,odd,0,300,41
clock_write_control,odd,0,301,41
clock_write_control,odd,0,302,41
clock_write_control,odd,0,303,41
clock_write_control,odd,0,304,41
clock_write_control,odd,0,305,41
clock_write_control,odd,0,306,41
clock_write_control,odd,0,307,41
clock_write_control,odd,0,308,41
clock_write_control,odd,0,309,41
clock_write_control,odd,0,310,41
clock_write_control,odd,0,311,41
clock_write_control,odd,0,312,41
clock_write_control,odd,0,313,41
clock_write_control,odd,0,314,41
clock_write_control,odd,0,315,41
clock_write_control,odd,0,316,41
clock_write_control,odd,0,317,41
clock_write_control,odd,0,318,41
clock_write_control,odd,0,319,41
clock_write_control,odd,0,320,41
clock_write_control,odd,0,321,41
clock_write_control,odd,0,322,41
clock_write_control,odd,0,323,41
clock_write_control,odd,0,324,41
clock_write_control,odd,0,325,41
clock_write_control,odd,0,326,41
clock_write_control,odd,0,327,41
clock_write_control,odd,0,328,41
clock_write_control,odd,0,329,41
clock_write_control,odd,0,330,41
clock_write_control,odd,0,331,41
clock_write_control,odd,0,332,41
clock_write_control,odd,0,333,41
clock_write_control,odd,0,334,41
clock_write_control,odd,0,335,41
clock_write_control,odd,0,336,41
clock_write_control,odd,0,337,41
clock_write_control,odd,0,338,41
clock_write_control,odd,0,339,41
clock_write_control,odd,0,340,50
clock_write_control,odd,0,341,41
clock_write_control,odd,0,342,41
clock_write_control,odd,0,343,41
clock_write_control,odd,0,344,41
clock_write_control,odd,0,345,41
clock_write_control,odd,0,346,41
clock_write_control,odd,0,347,41
clock_write_control,odd,0,348,41
clock_write_control,odd,0,349,41
clock_write_control,odd,0,350,41
clock_write_control,odd,0,351,41
clock_write_control,odd,0,352,41
clock_write_control,odd,0,353,41
clock_write_control,odd,0,354,41
clock_write_control,odd,0,355,41
clock_write_control,odd,0,356,41
clock_write_control,odd,0,357,41
clock_write_control,odd,0,358,41
clock_write_control,odd,0,359,41
clock_write_control,odd,0,360,41
clock_write_control,odd,0,361,41
clock_write_control,odd,0,362,41
clock_write_control,odd,0,363,41
clock_write_control,odd,0,364,41
clock_write_control,odd,0,365,41
clock_write_control,odd,0,366,41
clock_write_control,odd,0,367,41
clock_write_control,odd,0,368,41
clock_write_control,odd,0,369,41
clock_write_control,odd,0,370,41
clock_write_control,odd,0,371,41
clock_write_control,odd,0,372,41
clock_write_control,odd,0,373,41
clock_write_control,odd,0,374,41
clock_write_control,odd,0,375,41
clock_write_control,odd,0,376,41
clock_write_control,odd,0,377,41
clock_write_control,odd,0,378,41
clock_write_control,odd,0,379,41
clock_write_control,odd,0,380,41
clock_write_control,odd,0,381,80
clock_write_control,odd,0,382,41
clock_write_control,odd,0,383,41
clock_write_control,odd,0,384,41
clock_write_control,odd,0,385,41
clock_write_control,odd,0,386,41
clock_write_control,odd,0,387,41
clock_write_control,odd,0,388,41
clock_write_control,odd,0,389,41
clock_write_control,odd,0,390,41
clock_write_control,odd,0,391,41
clock_write_control,odd,0,392,51
clock_write_control,odd,0,393,41
clock_write_control,odd,0,394,41
clock_write_control,odd,0,395,41
clock_write_control,odd,0,396,41
clock_write_control,odd,0,397,41
clock_write_control,odd,0,398,41
clock_write_control,odd,0,399,41
stack,aligned,1,0,50
stack,aligned,1,1,41
stack,aligned,1,2,41
stack,aligned,1,3,41
stack,aligned,1,4,41
stack,aligned,1,5,41
stack,aligned,1,6,41
stack,aligned,1,7,41
stack,aligned,1,8,41
stack,aligned,1,9,41
stack,aligned,1,10,41
stack,aligned,1,11,41
stack,aligned,1,12,41
stack,aligned,1,13,41
stack,aligned,1,14,41
stack,aligned,1,15,41
stack,aligned,1,16,41
stack,aligned,1,17,41
stack,aligned,1,18,41
stack,aligned,1,19,41
stack,aligned,1,20,41
stack,aligned,1,21,41
stack,aligned,1,22,41
stack,aligned,1,23,41
stack,aligned,1,24,41
stack,aligned,1,25,41
stack,aligned,1,26,41
stack,aligned,1,27,41
stack,aligned,1,28,41
stack,aligned,1,29,41
stack,aligned,1,30,41
stack,aligned,1,31,41
stack,aligned,1,32,41
stack,aligned,1,33,41
stack,aligned,1,34,41
stack,aligned,1,35,41
stack,aligned,1,36,41
stack,aligned,1,37,41
stack,aligned,1,38,41
stack,aligned,1,39,41
stack,aligned,1,40,41
stack,aligned,1,41,41
stack,aligned,1,42,41
stack,aligned,1,43,41
stack,aligned,1,44,41
stack,aligned,1,45,41
stack,aligned,1,46,41
stack,aligned,1,47,41
stack,aligned,1,48,41
stack,aligned,1,49,41
stack,aligned,1,50,41
stack,aligned,1,51,80
stack,aligned,1,52,41
stack,aligned,1,53,41
stack,aligned,1,54,41
stack,aligned,1,55,41
stack,aligned,1,56,41
stack,aligned,1,57,41
stack,aligned,1,58,41
stack,aligned,1,59,41
stack,aligned,1,60,41
stack,aligned,1,61,50
stack,aligned,1,62,51
stack,aligned,1,63,51
stack,aligned,1,64,41
stack,aligned,1,65,41
stack,aligned,1,66,41
stack,aligned,1,67,41
stack,aligned,1,68,70
stack,aligned,1,69,41
stack,aligned,1,70,41
stack,aligned,1,71,41
stack,aligned,1,72,41
stack,aligned,1,73,41
stack,aligned,1,74,41
stack,aligned,1,75,41
stack,aligned,1,76,41
stack,aligned,1,77,41
stack,aligned,1,78,41
stack,aligned,1,79,41
stack,aligned,1,80,41
stack,aligned,1,81,41
stack,aligned,1,82,41
stack,aligned,1,83,41
stack,aligned,1,84,41
stack,aligned,1,85,41
stack,aligned,1,86,41
stack,aligned,1,87,41
stack,aligned,1,88,41
stack,aligned,1,89,41
stack,aligned,1,90,41
stack,aligned,1,91,41
stack,aligned,1,92,41
stack,aligned,1,93,41
stack,aligned,1,94,41
stack,aligned,1,95,41
stack,aligned,1,96,41
stack,aligned,1,97,41
stack,aligned,1,98,41
stack,aligned,1,99,41
stack,aligned,1,100,41
stack,aligned,1,101,41
stack,aligned,1,102,41
stack,aligned,1,103,41
stack,aligned,1,104,6171
stack,aligned,1,105,41
stack,aligned,1,106,41
stack,aligned,1,107,41
stack,aligned,1,108,41
stack,aligned,1,109,41
stack,aligned,1,110,41
stack,aligned,1,111,41
stack,aligned,1,112,41
stack,aligned,1,113,41
stack,aligned,1,114,51
stack,aligned,1,115,51
stack,aligned,1,116,51
stack,aligned,1,117,41
stack,aligned,1,118,41
stack,aligned,1,119,41
stack,aligned,1,120,41
stack,aligned,1,121,41
stack,aligned,1,122,41
stack,aligned,1,123,41
stack,aligned,1,124,41
stack,aligned,1,125,41
stack,aligned,1,126,41
stack,aligned,1,127,41
stack,aligned,1,128,41
stack,aligned,1,129,41
stack,aligned,1,130,41
stack,aligned,1,131,41
stack,aligned,1,132,41
stack,aligned,1,133,41
stack,aligned,1,134,41
stack,aligned,1,135,41
stack,aligned,1,136,41
stack,aligned,1,137,41
stack,aligned,1,138,41
stack,aligned,1,139,41
stack,aligned,1,140,41
stack,aligned,1,141,41
stack,aligned,1,142,41
stack,aligned,1,143,41
stack,aligned,1,144,41
stack,aligned,1,145,41
stack,aligned,1,146,41
stack,aligned,1,147,41
stack,aligned,1,148,41
stack,aligned,1,149,41
stack,aligned,1,150,41
stack,aligned,1,151,41
stack,aligned,1,152,41
stack,aligned,1,153,41
stack,aligned,1,154,41
stack,aligned,1,155,60
stack,aligned,1,156,41
stack,aligned,1,157,41
stack,aligned,1,158,41
stack,aligned,1,159,41
stack,aligned,1,160,41
stack,aligned,1,161,41
stack,aligned,1,162,41
stack,aligned,1,163,41
stack,aligned,1,164,41
stack,aligned,1,165,41
stack,aligned,1,166,41
stack,aligned,1,167,41
stack,aligned,1,168,41
stack,aligned,1,169,41
stack,aligned,1,170,41
stack,aligned,1,171,51
stack,aligned,1,172,51
stack,aligned,1,173,51
stack,aligned,1,174,41
stack,aligned,1,175,41
stack,aligned,1,176,41
stack,aligned,1,177,41
stack,aligned,1,178,41
stack,aligned,1,179,41
stack,aligned,1,180,41
stack,aligned,1,181,41
stack,aligned,1,182,41
stack,aligned,1,183,41
stack,aligned,1,184,41
stack,aligned,1,185,41
stack,aligned,1,186,41
stack,aligned,1,187,41
stack,aligned,1,188,41
stack,aligned,1,189,41
stack,aligned,1,190,41
stack,aligned,1,191,41
stack,aligned,1,192,41
stack,aligned,1,193,41
stack,aligned,1,194,41
stack,aligned,1,195,41
stack,aligned,1,196,41
stack,aligned,1,197,41
stack,aligned,1,198,41
stack,aligned,1,199,41
stack,aligned,1,200,41
stack,aligned,1,201,41
stack,aligned,1,202,41
stack,aligned,1,203,41
stack,aligned,1,204,41
stack,aligned,1,205,41
stack,aligned,1,206,41
stack,aligned,1,207,41
stack,aligned,1,208,41
stack,aligned,1,209,41
stack,aligned,1,210,41
stack,aligned,1,211,41
stack,aligned,1,212,41
stack,aligned,1,213,41
stack,aligned,1,214,41
stack,aligned,1,215,41
stack,aligned,1,216,41
stack,aligned,1,217,41
stack,aligned,1,218,41
stack,aligned,1,219,41
stack,aligned,1,220,41
stack,aligned,1,221,41
stack,aligned,1,222,41
stack,aligned,1,223,41
stack,aligned,1,224,41
stack,aligned,1,225,41
stack,aligned,1,226,41
stack,aligned,1,227,41
stack,aligned,1,228,41
stack,aligned,1,229,41
stack,aligned,1,230,41
stack,aligned,1,231,41
stack,aligned,1,232,41
stack,aligned,1,233,41
stack,aligned,1,234,41
stack,aligned,1,235,41
stack,aligned,1,236,41
stack,aligned,1,237,41
stack,aligned,1,238,41
stack,aligned,1,239,41
stack,aligned,1,240,41
stack,aligned,1,241,41
stack,aligned,1,242,41
stack,aligned,1,243,41
stack,aligned,1,244,41
stack,aligned,1,245,41
stack,aligned,1,246,41
stack,aligned,1,247,41
stack,aligned,1,248,41
stack,aligned,1,249,41
stack,aligned,1,250,41
stack,aligned,1,251,41
stack,aligned,1,252,41
stack,aligned,1,253,41
stack,aligned,1,254,41
stack,aligned,1,255,41
stack,aligned,1,256,41
stack,aligned,1,257,41
stack,aligned,1,258,41
stack,aligned,1,259,41
stack,aligned,1,260,5430
stack,aligned,1,261,41
stack,aligned,1,262,41
stack,aligned,1,263,41
stack,aligned,1,264,41
stack,aligned,1,265,41
stack,aligned,1,266,41
stack,aligned,1,267,41
stack,aligned,1,268,41
stack,aligned,1,269,41
stack,aligned,1,270,41
stack,aligned,1,271,51
stack,aligned,1,272,51
stack,aligned,1,273,41
stack,aligned,1,274,41
stack,aligned,1,275,41
stack,aligned,1,276,41
stack,aligned,1,277,41
stack,aligned,1,278,41
stack,aligned,1,279,521
stack,aligned,1,280,51
stack,aligned,1,281,41
stack,aligned,1,282,41
stack,aligned,1,283,41
stack,aligned,1,284,41
stack,aligned,1,285,41
stack,aligned,1,286,41
stack,aligned,1,287,41
stack,aligned,1,288,41
stack,aligned,1,289,41
stack,aligned,1,290,41
stack,aligned,1,291,41
stack,aligned,1,292,41
stack,aligned,1,293,41
stack,aligned,1,294,41
stack,aligned,1,295,41
stack,aligned,1,296,41
stack,aligned,1,297,41
stack,aligned,1,298,41
stack,aligned,1,299,41
stack,aligned,1,300,41
stack,aligned,1,301,41
stack,aligned,1,302,41
stack,aligned,1,303,41
stack,aligned,1,304,41
stack,aligned,1,305,41
stack,aligned,1,306,42
stack,aligned,1,307,41
stack,aligned,1,308,41
stack,aligned,1,309,41
stack,aligned,1,310,41
stack,aligned,1,311,41
stack,aligned,1,312,41
stack,aligned,1,313,80
stack,aligned,1,314,41
stack,aligned,1,315,41
stack,aligned,1,316,41
stack,aligned,1,317,41
stack,aligned,1,318,41
stack,aligned,1,319,41
stack,aligned,1,320,41
stack,aligned,1,321,41
stack,aligned,1,322,41
stack,aligned,1,323,41
stack,aligned,1,324,41
stack,aligned,1,325,51
stack,aligned,1,326,51
stack,aligned,1,327,41
stack,aligned,1,328,41
stack,aligned,1,329,41
stack,aligned,1,330,41
stack,aligned,1,331,41
stack,aligned,1,332,41
stack,aligned,1,333,41
stack,aligned,1,334,41
stack,aligned,1,335,41
stack,aligned,1,336,41
stack,aligned,1,337,41
stack,aligned,1,338,41
stack,aligned,1,339,41
stack,aligned,1,340,41
stack,aligned,1,341,41
stack,aligned,1,342,41
stack,aligned,1,343,41
stack,aligned,1,344,41
stack,aligned,1,345,41
stack,aligned,1,346,41
stack,aligned,1,347,41
stack,aligned,1,348,41
stack,aligned,1,349,41
stack,aligned,1,350,41
stack,aligned,1,351,41
stack,aligned,1,352,41
stack,aligned,1,353,41
stack,aligned,1,354,41
stack,aligned,1,355,41
stack,aligned,1,356,41
stack,aligned,1,357,41
stack,aligned,1,358,41
stack,aligned,1,359,41
stack,aligned,1,360,41
stack,aligned,1,361,41
stack,aligned,1,362,41
stack,aligned,1,363,41
stack,aligned,1,364,41
stack,aligned,1,365,41
stack,aligned,1,366,41
stack,aligned,1,367,41
stack,aligned,1,368,41
stack,aligned,1,369,41
stack,aligned,1,370,41
stack,aligned,1,371,41
stack,aligned,1,372,41
stack,aligned,1,373,41
stack,aligned,1,374,41
stack,aligned,1,375,41
stack,aligned,1,376,41
stack,aligned,1,377,41
stack,aligned,1,378,41
stack,aligned,1,379,41
stack,aligned,1,380,41
stack,aligned,1,381,51
stack,aligned,1,382,51
stack,aligned,1,383,51
stack,aligned,1,384,51
stack,aligned,1,385,41
stack,aligned,1,386,41
stack,aligned,1,387,41
stack,aligned,1,388,41
stack,aligned,1,389,41
stack,aligned,1,390,41
stack,aligned,1,391,41
stack,aligned,1,392,41
stack,aligned,1,393,41
stack,aligned,1,394,41
stack,aligned,1,395,41
stack,aligned,1,396,41
stack,aligned,1,397,41
stack,aligned,1,398,41
stack,aligned,1,399,41
arena,aligned,1,0,41
arena,aligned,1,1,41
arena,aligned,1,2,41
arena,aligned,1,3,42
arena,aligned,1,4,41
arena,aligned,1,5,41
arena,aligned,1,6,41
arena,aligned,1,7,41
arena,aligned,1,8,41
arena,aligned,1,9,41
arena,aligned,1,10,41
arena,aligned,1,11,41
arena,aligned,1,12,41
arena,aligned,1,13,42
arena,aligned,1,14,51
arena,aligned,1,15,50
arena,aligned,1,16,51
arena,aligned,1,17,51
arena,aligned,1,18,41
arena,aligned,1,19,41
arena,aligned,1,20,41
arena,aligned,1,21,41
arena,aligned,1,22,41
arena,aligned,1,23,41
arena,aligned,1,24,41
arena,aligned,1,25,41
arena,aligned,1,26,41
arena,aligned,1,27,41
arena,aligned,1,28,41
arena,aligned,1,29,41
arena,aligned,1,30,41
arena,aligned,1,31,41
arena,aligned,1,32,41
arena,aligned,1,33,41
arena,aligned,1,34,41
arena,aligned,1,35,41
arena,aligned,1,36,41
arena,aligned,1,37,41
arena,aligned,1,38,41
arena,aligned,1,39,41
arena,aligned,1,40,41
arena,aligned,1,41,41
arena,aligned,1,42,41
arena,aligned,1,43,41
arena,aligned,1,44,41
arena,aligned,1,45,41
arena,aligned,1,46,41
arena,aligned,1,47,41
arena,aligned,1,48,41
arena,aligned,1,49,41
arena,aligned,1,50,41
arena,aligned,1,51,41
arena,aligned,1,52,5921
arena,aligned,1,53,41
arena,aligned,1,54,41
arena,aligned,1,55,41
arena,aligned,1,56,41
arena,aligned,1,57,41
arena,aligned,1,58,41
arena,aligned,1,59,41
arena,aligned,1,60,41
arena,aligned,1,61,41
arena,aligned,1,62,41
arena,aligned,1,63,41
arena,aligned,1,64,41
arena,aligned,1,65,41
arena,aligned,1,66,41
arena,aligned,1,67,41
arena,aligned,1,68,51
arena,aligned,1,69,51
arena,aligned,1,70,41
arena,aligned,1,71,41
arena,aligned,1,72,41
arena,aligned,1,73,41
arena,aligned,1,74,41
arena,aligned,1,75,41
arena,aligned,1,76,41
arena,aligned,1,77,41
arena,aligned,1,78,41
arena,aligned,1,79,41
arena,aligned,1,80,41
arena,aligned,1,81,41
arena,aligned,1,82,41
arena,aligned,1,83,41
arena,aligned,1,84,41
arena,aligned,1,85,41
arena,aligned,1,86,41
arena,aligned,1,87,41
arena,aligned,1,88,41
arena,aligned,1,89,41
arena,aligned,1,90,41
arena,aligned,1,91,41
arena,aligned,1,92,41
arena,aligned,1,93,41
arena,aligned,1,94,41
arena,aligned,1,95,41
arena,aligned,1,96,41
arena,aligned,1,97,41
arena,aligned,1,98,41
arena,aligned,1,99,41
arena,aligned,1,100,41
arena,aligned,1,101,41
arena,aligned,1,102,41
arena,aligned,1,103,41
arena,aligned,1,104,41
arena,aligned,1,105,80
arena,aligned,1,106,41
arena,aligned,1,107,41
arena,aligned,1,108,41
arena,aligned,1,109,41
arena,aligned,1,110,41
arena,aligned,1,111,41
arena,aligned,1,112,41
arena,aligned,1,113,41
arena,aligned,1,114,41
arena,aligned,1,115,41
arena,aligned,1,116,41
arena,aligned,1,117,41
arena,aligned,1,118,41
arena,aligned,1,119,41
arena,aligned,1,120,41
arena,aligned,1,121,41
arena,aligned,1,122,41
arena,aligned,1,123,41
arena,aligned,1,124,41
arena,aligned,1,125,41
arena,aligned,1,126,41
arena,aligned,1,127,41
arena,aligned,1,128,41
arena,aligned,1,129,41
arena,aligned,1,130,41
arena,aligned,1,131,41
arena,aligned,1,132,41
arena,aligned,1,133,41
arena,aligned,1,134,41
arena,aligned,1,135,41
arena,aligned,1,136,41
arena,aligned,1,137,41
arena,aligned,1,138,41
arena,aligned,1,139,41
arena,aligned,1,140,41
arena,aligned,1,141,41
arena,aligned,1,142,41
arena,aligned,1,143,41
arena,aligned,1,144,41
arena,aligned,1,145,41
arena,aligned,1,146,41
arena,aligned,1,147,41
arena,aligned,1,148,41
arena,aligned,1,149,41
arena,aligned,1,150,41
arena,aligned,1,151,41
arena,aligned,1,152,41
arena,aligned,1,153,41
arena,aligned,1,154,41
arena,aligned,1,155,41
arena,aligned,1,156,41
arena,aligned,1,157,41
arena,aligned,1,158,41
arena,aligned,1,159,41
arena,aligned,1,160,41
arena,aligned,1,161,41
arena,aligned,1,162,41
arena,aligned,1,163,41
arena,aligned,1,164,41
arena,aligned,1,165,41
arena,aligned,1,166,41
arena,aligned,1,167,41
arena,aligned,1,168,41
arena,aligned,1,169,41
arena,aligned,1,170,50
arena,aligned,1,171,50
arena,aligned,1,172,50
arena,aligned,1,173,41
arena,aligned,1,174,41
arena,aligned,1,175,41
arena,aligned,1,176,41
arena,aligned,1,177,41
arena,aligned,1,178,41
arena,aligned,1,179,41
arena,aligned,1,180,41
arena,aligned,1,181,41
arena,aligned,1,182,41
arena,aligned,1,183,41
arena,aligned,1,184,41
arena,aligned,1,185,41
arena,aligned,1,186,41
arena,aligned,1,187,41
arena,aligned,1,188,41
arena,aligned,1,189,41
arena,aligned,1,190,41
arena,aligned,1,191,41
arena,aligned,1,192,41
arena,aligned,1,193,41
arena,aligned,1,194,41
arena,aligned,1,195,41
arena,aligned,1,196,41
arena,aligned,1,197,41
arena,aligned,1,198,41
arena,aligned,1,199,41
arena,aligned,1,200,41
arena,aligned,1,201,41
arena,aligned,1,202,41
arena,aligned,1,203,41
arena,aligned,1,204,41
arena,aligned,1,205,41
arena,aligned,1,206,41
arena,aligned,1,207,41
arena,aligned,1,208,41
arena,aligned,1,209,41
arena,aligned,1,210,41
arena,aligned,1,211,41
arena,aligned,1,212,41
arena,aligned,1,213,5801
arena,aligned,1,214,41
arena,aligned,1,215,41
arena,aligned,1,216,41
arena,aligned,1,217,41
arena,aligned,1,218,41
arena,aligned,1,219,41
arena,aligned,1,220,41
arena,aligned,1,221,41
arena,aligned,1,222,41
arena,aligned,1,223,41
arena,aligned,1,224,41
arena,aligned,1,225,41
arena,aligned,1,226,41
arena,aligned,1,227,41
arena,aligned,1,228,41
arena,aligned,1,229,41
arena,aligned,1,230,41
arena,aligned,1,231,41
arena,aligned,1,232,41
arena,aligned,1,233,41
arena,aligned,1,234,41
arena,aligned,1,235,41
arena,aligned,1,236,41
arena,aligned,1,237,41
arena,aligned,1,238,41
arena,aligned,1,239,41
arena,aligned,1,240,41
arena,aligned,1,241,41
arena,aligned,1,242,41
arena,aligned,1,243,41
arena,aligned,1,244,41
arena,aligned,1,245,41
arena,aligned,1,246,41
arena,aligned,1,247,41
arena,aligned,1,248,41
arena,aligned,1,249,41
arena,aligned,1,250,41
arena,aligned,1,251,41
arena,aligned,1,252,41
arena,aligned,1,253,41
arena,aligned,1,254,41
arena,aligned,1,255,41
arena,aligned,1,256,41
arena,aligned,1,257,41
arena,aligned,1,258,41
arena,aligned,1,259,41
arena,aligned,1,260,41
arena,aligned,1,261,41
arena,aligned,1,262,41
arena,aligned,1,263,41
arena,aligned,1,264,41
arena,aligned,1,265,41
arena,aligned,1,266,41
arena,aligned,1,267,90
arena,aligned,1,268,41
arena,aligned,1,269,41
arena,aligned,1,270,41
arena,aligned,1,271,41
arena,aligned,1,272,41
arena,aligned,1,273,41
arena,aligned,1,274,41
arena,aligned,1,275,41
arena,aligned,1,276,41
arena,aligned,1,277,41
arena,aligned,1,278,41
arena,aligned,1,279,41
arena,aligned,1,280,41
arena,aligned,1,281,41
arena,aligned,1,282,41
arena,aligned,1,283,41
arena,aligned,1,284,51
arena,aligned,1,285,50
arena,aligned,1,286,51
arena,aligned,1,287,50
arena,aligned,1,288,41
arena,aligned,1,289,41
arena,aligned,1,290,41
arena,aligned,1,291,41
arena,aligned,1,292,41
arena,aligned,1,293,41
arena,aligned,1,294,41
arena,aligned,1,295,41
arena,aligned,1,296,41
arena,aligned,1,297,41
arena,aligned,1,298,41
arena,aligned,1,299,41
arena,aligned,1,300,41
arena,aligned,1,301,41
arena,aligned,1,302,41
arena,aligned,1,303,41
arena,aligned,1,304,41
arena,aligned,1,305,41
arena,aligned,1,306,41
arena,aligned,1,307,41
arena,aligned,1,308,41
arena,aligned,1,309,41
arena,aligned,1,310,41
arena,aligned,1,311,41
arena,aligned,1,312,41
arena,aligned,1,313,41
arena,aligned,1,314,41
arena,aligned,1,315,41
arena,aligned,1,316,41
arena,aligned,1,317,41
arena,aligned,1,318,41
arena,aligned,1,319,41
arena,aligned,1,320,41
arena,aligned,1,321,41
arena,aligned,1,322,41
arena,aligned,1,323,41
arena,aligned,1,324,41
arena,aligned,1,325,41
arena,aligned,1,326,41
arena,aligned,1,327,41
arena,aligned,1,328,41
arena,aligned,1,329,41
arena,aligned,1,330,41
arena,aligned,1,331,41
arena,aligned,1,332,41
arena,aligned,1,333,41
arena,aligned,1,334,41
arena,aligned,1,335,41
arena,aligned,1,336,41
arena,aligned,1,337,50
arena,aligned,1,338,41
arena,aligned,1,339,41
arena,aligned,1,340,41
arena,aligned,1,341,41
arena,aligned,1,342,41
arena,aligned,1,343,41
arena,aligned,1,344,41
arena,aligned,1,345,41
arena,aligned,1,346,41
arena,aligned,1,347,41
arena,aligned,1,348,41
arena,aligned,1,349,41
arena,aligned,1,350,41
arena,aligned,1,351,41
arena,aligned,1,352,41
arena,aligned,1,353,41
arena,aligned,1,354,41
arena,aligned,1,355,41
arena,aligned,1,356,41
arena,aligned,1,357,41
arena,aligned,1,358,41
arena,aligned,1,359,41
arena,aligned,1,360,41
arena,aligned,1,361,41
arena,aligned,1,362,41
arena,aligned,1,363,41
arena,aligned,1,364,41
arena,aligned,1,365,41
arena,aligned,1,366,41
arena,aligned,1,367,41
arena,aligned,1,368,41
arena,aligned,1,369,41
arena,aligned,1,370,41
arena,aligned,1,371,41
arena,aligned,1,372,41
arena,aligned,1,373,41
arena,aligned,1,374,6953
arena,aligned,1,375,41
arena,aligned,1,376,41
arena,aligned,1,377,41
arena,aligned,1,378,41
arena,aligned,1,379,41
arena,aligned,1,380,41
arena,aligned,1,381,41
arena,aligned,1,382,41
arena,aligned,1,383,41
arena,aligned,1,384,41
arena,aligned,1,385,41
arena,aligned,1,386,41
arena,aligned,1,387,41
arena,aligned,1,388,41
arena,aligned,1,389,41
arena,aligned,1,390,41
arena,aligned,1,391,41
arena,aligned,1,392,41
arena,aligned,1,393,41
arena,aligned,1,394,41
arena,aligned,1,395,41
arena,aligned,1,396,41
arena,aligned,1,397,41
arena,aligned,1,398,41
arena,aligned,1,399,41
malloc,aligned,1,0,130
malloc,aligned,1,1,70
malloc,aligned,1,2,80
malloc,aligned,1,3,71
malloc,aligned,1,4,70
malloc,aligned,1,5,70
malloc,aligned,1,6,61
malloc,aligned,1,7,80
malloc,aligned,1,8,61
malloc,aligned,1,9,80
malloc,aligned,1,10,81
malloc,aligned,1,11,70
malloc,aligned,1,12,70
malloc,aligned,1,13,70
malloc,aligned,1,14,70
malloc,aligned,1,15,61
malloc,aligned,1,16,61
malloc,aligned,1,17,70
malloc,aligned,1,18,61
malloc,aligned,1,19,70
malloc,aligned,1,20,71
malloc,aligned,1,21,70
malloc,aligned,1,22,70
malloc,aligned,1,23,71
malloc,aligned,1,24,61
malloc,aligned,1,25,70
malloc,aligned,1,26,70
malloc,aligned,1,27,70
malloc,aligned,1,28,70
malloc,aligned,1,29,70
malloc,aligned,1,30,70
malloc,aligned,1,31,61
malloc,aligned,1,32,61
malloc,aligned,1,33,60
malloc,aligned,1,34,61
malloc,aligned,1,35,60
malloc,aligned,1,36,60
malloc,aligned,1,37,70
malloc,aligned,1,38,70
malloc,aligned,1,39,6914
malloc,aligned,1,40,70
malloc,aligned,1,41,70
malloc,aligned,1,42,61
malloc,aligned,1,43,61
malloc,aligned,1,44,71
malloc,aligned,1,45,70
malloc,aligned,1,46,60
malloc,aligned,1,47,70
malloc,aligned,1,48,70
malloc,aligned,1,49,60
malloc,aligned,1,50,61
malloc,aligned,1,51,70
malloc,aligned,1,52,70
malloc,aligned,1,53,70
malloc,aligned,1,54,61
malloc,aligned,1,55,70
malloc,aligned,1,56,70
malloc,aligned,1,57,61
malloc,aligned,1,58,70
malloc,aligned,1,59,61
malloc,aligned,1,60,70
malloc,aligned,1,61,70
malloc,aligned,1,62,61
malloc,aligned,1,63,60
malloc,aligned,1,64,61
malloc,aligned,1,65,70
malloc,aligned,1,66,70
malloc,aligned,1,67,60
malloc,aligned,1,68,61
malloc,aligned,1,69,60
malloc,aligned,1,70,70
malloc,aligned,1,71,70
malloc,aligned,1,72,60
malloc,aligned,1,73,60
malloc,aligned,1,74,70
malloc,aligned,1,75,60
malloc,aligned,1,76,61
malloc,aligned,1,77,70
malloc,aligned,1,78,70
malloc,aligned,1,79,70
malloc,aligned,1,80,70
malloc,aligned,1,81,61
malloc,aligned,1,82,60
malloc,aligned,1,83,70
malloc,aligned,1,84,61
malloc,aligned,1,85,120
malloc,aligned,1,86,60
malloc,aligned,1,87,70
malloc,aligned,1,88,70
malloc,aligned,1,89,60
malloc,aligned,1,90,70
malloc,aligned,1,91,70
malloc,aligned,1,92,61
malloc,aligned,1,93,61
malloc,aligned,1,94,70
malloc,aligned,1,95,60
malloc,aligned,1,96,80
malloc,aligned,1,97,80
malloc,aligned,1,98,60
malloc,aligned,1,99,70
malloc,aligned,1,100,71
malloc,aligned,1,101,61
malloc,aligned,1,102,60
malloc,aligned,1,103,61
malloc,aligned,1,104,61
malloc,aligned,1,105,70
malloc,aligned,1,106,61
malloc,aligned,1,107,60
malloc,aligned,1,108,61
malloc,aligned,1,109,61
malloc,aligned,1,110,70
malloc,aligned,1,111,70
malloc,aligned,1,112,60
malloc,aligned,1,113,61
malloc,aligned,1,114,60
malloc,aligned,1,115,70
malloc,aligned,1,116,70
malloc,aligned,1,117,61
malloc,aligned,1,118,70
malloc,aligned,1,119,71
malloc,aligned,1,120,61
malloc,aligned,1,121,60
malloc,aligned,1,122,61
malloc,aligned,1,123,61
malloc,aligned,1,124,71
malloc,aligned,1,125,70
malloc,aligned,1,126,60
malloc,aligned,1,127,90
malloc,aligned,1,128,130
malloc,aligned,1,129,61
malloc,aligned,1,130,70
malloc,aligned,1,131,6573
malloc,aligned,1,132,71
malloc,aligned,1,133,70
malloc,aligned,1,134,70
malloc,aligned,1,135,70
malloc,aligned,1,136,60
malloc,aligned,1,137,70
malloc,aligned,1,138,70
malloc,aligned,1,139,70
malloc,aligned,1,140,61
malloc,aligned,1,141,70
malloc,aligned,1,142,151
malloc,aligned,1,143,90
malloc,aligned,1,144,70
malloc,aligned,1,145,70
malloc,aligned,1,146,70
malloc,aligned,1,147,70
malloc,aligned,1,148,60
malloc,aligned,1,149,61
malloc,aligned,1,150,61
malloc,aligned,1,151,70
malloc,aligned,1,152,61
malloc,aligned,1,153,60
malloc,aligned,1,154,61
malloc,aligned,1,155,61
malloc,aligned,1,156,70
malloc,aligned,1,157,60
malloc,aligned,1,158,61
malloc,aligned,1,159,61
malloc,aligned,1,160,60
malloc,aligned,1,161,70
malloc,aligned,1,162,70
malloc,aligned,1,163,60
malloc,aligned,1,164,70
malloc,aligned,1,165,60
malloc,aligned,1,166,71
malloc,aligned,1,167,60
malloc,aligned,1,168,70
malloc,aligned,1,169,60
malloc,aligned,1,170,71
malloc,aligned,1,171,70
malloc,aligned,1,172,61
malloc,aligned,1,173,61
malloc,aligned,1,174,70
malloc,aligned,1,175,60
malloc,aligned,1,176,70
malloc,aligned,1,177,70
malloc,aligned,1,178,5781
malloc,aligned,1,179,70
malloc,aligned,1,180,70
malloc,aligned,1,181,70
malloc,aligned,1,182,60
malloc,aligned,1,183,61
malloc,aligned,1,184,70
malloc,aligned,1,185,70
malloc,aligned,1,186,60
malloc,aligned,1,187,61
malloc,aligned,1,188,70
malloc,aligned,1,189,61
malloc,aligned,1,190,70
malloc,aligned,1,191,60
malloc,aligned,1,192,70
malloc,aligned,1,193,70
malloc,aligned,1,194,70
malloc,aligned,1,195,80
malloc,aligned,1,196,71
malloc,aligned,1,197,70
malloc,aligned,1,198,61
malloc,aligned,1,199,70
malloc,aligned,1,200,70
malloc,aligned,1,201,61
malloc,aligned,1,202,61
malloc,aligned,1,203,61
malloc,aligned,1,204,70
malloc,aligned,1,205,61
malloc,aligned,1,206,70
malloc,aligned,1,207,61
malloc,aligned,1,208,70
malloc,aligned,1,209,61
malloc,aligned,1,210,61
malloc,aligned,1,211,70
malloc,aligned,1,212,70
malloc,aligned,1,213,70
malloc,aligned,1,214,61
malloc,aligned,1,215,70
malloc,aligned,1,216,71
malloc,aligned,1,217,61
malloc,aligned,1,218,70
malloc,aligned,1,219,60
malloc,aligned,1,220,70
malloc,aligned,1,221,71
malloc,aligned,1,222,61
malloc,aligned,1,223,71
malloc,aligned,1,224,70
malloc,aligned,1,225,5770
malloc,aligned,1,226,70
malloc,aligned,1,227,71
malloc,aligned,1,228,70
malloc,aligned,1,229,61
malloc,aligned,1,230,70
malloc,aligned,1,231,61
malloc,aligned,1,232,71
malloc,aligned,1,233,70
malloc,aligned,1,234,70
malloc,aligned,1,235,61
malloc,aligned,1,236,60
malloc,aligned,1,237,70
malloc,aligned,1,238,61
malloc,aligned,1,239,71
malloc,aligned,1,240,61
malloc,aligned,1,241,61
malloc,aligned,1,242,70
malloc,aligned,1,243,70
malloc,aligned,1,244,71
malloc,aligned,1,245,60
malloc,aligned,1,246,61
malloc,aligned,1,247,61
malloc,aligned,1,248,70
malloc,aligned,1,249,61
malloc,aligned,1,250,61
malloc,aligned,1,251,70
malloc,aligned,1,252,61
malloc,aligned,1,253,70
malloc,aligned,1,254,61
malloc,aligned,1,255,60
malloc,aligned,1,256,70
malloc,aligned,1,257,61
malloc,aligned,1,258,60
malloc,aligned,1,259,70
malloc,aligned,1,260,70
malloc,aligned,1,261,70
malloc,aligned,1,262,70
malloc,aligned,1,263,60
malloc,aligned,1,264,70
malloc,aligned,1,265,60
malloc,aligned,1,266,61
malloc,aligned,1,267,60
malloc,aligned,1,268,70
malloc,aligned,1,269,70
malloc,aligned,1,270,70
malloc,aligned,1,271,61
malloc,aligned,1,272,5530
malloc,aligned,1,273,60
malloc,aligned,1,274,70
malloc,aligned,1,275,70
malloc,aligned,1,276,70
malloc,aligned,1,277,70
malloc,aligned,1,278,61
malloc,aligned,1,279,70
malloc,aligned,1,280,70
malloc,aligned,1,281,60
malloc,aligned,1,282,70
malloc,aligned,1,283,70
malloc,aligned,1,284,70
malloc,aligned,1,285,70
malloc,aligned,1,286,60
malloc,aligned,1,287,70
malloc,aligned,1,288,70
malloc,aligned,1,289,60
malloc,aligned,1,290,70
malloc,aligned,1,291,71
malloc,aligned,1,292,60
malloc,aligned,1,293,70
malloc,aligned,1,294,70
malloc,aligned,1,295,70
malloc,aligned,1,296,61
malloc,aligned,1,297,60
malloc,aligned,1,298,61
malloc,aligned,1,299,60
malloc,aligned,1,300,541
malloc,aligned,1,301,90
malloc,aligned,1,302,81
malloc,aligned,1,303,61
malloc,aligned,1,304,61
malloc,aligned,1,305,60
malloc,aligned,1,306,60
malloc,aligned,1,307,60
malloc,aligned,1,308,61
malloc,aligned,1,309,541
malloc,aligned,1,310,70
malloc,aligned,1,311,61
malloc,aligned,1,312,60
malloc,aligned,1,313,541
malloc,aligned,1,314,71
malloc,aligned,1,315,60
malloc,aligned,1,316,60
malloc,aligned,1,317,61
malloc,aligned,1,318,60
malloc,aligned,1,319,6432
malloc,aligned,1,320,70
malloc,aligned,1,321,70
malloc,aligned,1,322,71
malloc,aligned,1,323,60
malloc,aligned,1,324,70
malloc,aligned,1,325,70
malloc,aligned,1,326,70
malloc,aligned,1,327,60
malloc,aligned,1,328,60
malloc,aligned,1,329,60
malloc,aligned,1,330,60
malloc,aligned,1,331,71
malloc,aligned,1,332,70
malloc,aligned,1,333,61
malloc,aligned,1,334,70
malloc,aligned,1,335,60
malloc,aligned,1,336,61
malloc,aligned,1,337,60
malloc,aligned,1,338,70
malloc,aligned,1,339,71
malloc,aligned,1,340,60
malloc,aligned,1,341,71
malloc,aligned,1,342,61
malloc,aligned,1,343,60
malloc,aligned,1,344,61
malloc,aligned,1,345,60
malloc,aligned,1,346,71
malloc,aligned,1,347,70
malloc,aligned,1,348,70
malloc,aligned,1,349,71
malloc,aligned,1,350,61
malloc,aligned,1,351,61
malloc,aligned,1,352,60
malloc,aligned,1,353,61
malloc,aligned,1,354,60
malloc,aligned,1,355,70
malloc,aligned,1,356,60
malloc,aligned,1,357,61
malloc,aligned,1,358,71
malloc,aligned,1,359,70
malloc,aligned,1,360,70
malloc,aligned,1,361,61
malloc,aligned,1,362,60
malloc,aligned,1,363,71
malloc,aligned,1,364,80
malloc,aligned,1,365,70
malloc,aligned,1,366,5740
malloc,aligned,1,367,70
malloc,aligned,1,368,71
malloc,aligned,1,369,70
malloc,aligned,1,370,60
malloc,aligned,1,371,61
malloc,aligned,1,372,60
malloc,aligned,1,373,61
malloc,aligned,1,374,70
malloc,aligned,1,375,61
malloc,aligned,1,376,70
malloc,aligned,1,377,70
malloc,aligned,1,378,71
malloc,aligned,1,379,60
malloc,aligned,1,380,70
malloc,aligned,1,381,61
malloc,aligned,1,382,91
malloc,aligned,1,383,70
malloc,aligned,1,384,70
malloc,aligned,1,385,61
malloc,aligned,1,386,60
malloc,aligned,1,387,61
malloc,aligned,1,388,60
malloc,aligned,1,389,61
malloc,aligned,1,390,70
malloc,aligned,1,391,60
malloc,aligned,1,392,70
malloc,aligned,1,393,60
malloc,aligned,1,394,70
malloc,aligned,1,395,70
malloc,aligned,1,396,71
malloc,aligned,1,397,70
malloc,aligned,1,398,70
malloc,aligned,1,399,70
clock_write_control,aligned,1,0,41
clock_write_control,aligned,1,1,41
clock_write_control,aligned,1,2,41
clock_write_control,aligned,1,3,41
clock_write_control,aligned,1,4,41
clock_write_control,aligned,1,5,41
clock_write_control,aligned,1,6,41
clock_write_control,aligned,1,7,41
clock_write_control,aligned,1,8,41
clock_write_control,aligned,1,9,41
clock_write_control,aligned,1,10,41
clock_write_control,aligned,1,11,41
clock_write_control,aligned,1,12,41
clock_write_control,aligned,1,13,41
clock_write_control,aligned,1,14,41
clock_write_control,aligned,1,15,41
clock_write_control,aligned,1,16,41
clock_write_control,aligned,1,17,41
clock_write_control,aligned,1,18,41
clock_write_control,aligned,1,19,41
clock_write_control,aligned,1,20,41
clock_write_control,aligned,1,21,41
clock_write_control,aligned,1,22,41
clock_write_control,aligned,1,23,41
clock_write_control,aligned,1,24,41
clock_write_control,aligned,1,25,41
clock_write_control,aligned,1,26,41
clock_write_control,aligned,1,27,41
clock_write_control,aligned,1,28,41
clock_write_control,aligned,1,29,41
clock_write_control,aligned,1,30,41
clock_write_control,aligned,1,31,41
clock_write_control,aligned,1,32,41
clock_write_control,aligned,1,33,41
clock_write_control,aligned,1,34,41
clock_write_control,aligned,1,35,41
clock_write_control,aligned,1,36,41
clock_write_control,aligned,1,37,41
clock_write_control,aligned,1,38,41
clock_write_control,aligned,1,39,41
clock_write_control,aligned,1,40,41
clock_write_control,aligned,1,41,41
clock_write_control,aligned,1,42,41
clock_write_control,aligned,1,43,41
clock_write_control,aligned,1,44,41
clock_write_control,aligned,1,45,41
clock_write_control,aligned,1,46,41
clock_write_control,aligned,1,47,41
clock_write_control,aligned,1,48,41
clock_write_control,aligned,1,49,41
clock_write_control,aligned,1,50,41
clock_write_control,aligned,1,51,41
clock_write_control,aligned,1,52,41
clock_write_control,aligned,1,53,41
clock_write_control,aligned,1,54,41
clock_write_control,aligned,1,55,41
clock_write_control,aligned,1,56,41
clock_write_control,aligned,1,57,41
clock_write_control,aligned,1,58,41
clock_write_control,aligned,1,59,41
clock_write_control,aligned,1,60,41
clock_write_control,aligned,1,61,41
clock_write_control,aligned,1,62,41
clock_write_control,aligned,1,63,41
clock_write_control,aligned,1,64,41
clock_write_control,aligned,1,65,41
clock_write_control,aligned,1,66,41
clock_write_control,aligned,1,67,41
clock_write_control,aligned,1,68,41
clock_write_control,aligned,1,69,41
clock_write_control,aligned,1,70,41
clock_write_control,aligned,1,71,41
clock_write_control,aligned,1,72,41
clock_write_control,aligned,1,73,41
clock_write_control,aligned,1,74,41
clock_write_control,aligned,1,75,41
clock_write_control,aligned,1,76,41
clock_write_control,aligned,1,77,41
clock_write_control,aligned,1,78,41
clock_write_control,aligned,1,79,41
clock_write_control,aligned,1,80,41
clock_write_control,aligned,1,81,41
clock_write_control,aligned,1,82,41
clock_write_control,aligned,1,83,41
clock_write_control,aligned,1,84,41
clock_write_control,aligned,1,85,41
clock_write_control,aligned,1,86,41
clock_write_control,aligned,1,87,41
clock_write_control,aligned,1,88,41
clock_write_control,aligned,1,89,41
clock_write_control,aligned,1,90,41
clock_write_control,aligned,1,91,41
clock_write_control,aligned,1,92,41
clock_write_control,aligned,1,93,41
clock_write_control,aligned,1,94,41
clock_write_control,aligned,1,95,41
clock_write_control,aligned,1,96,50
clock_write_control,aligned,1,97,50
clock_write_control,aligned,1,98,41
clock_write_control,aligned,1,99,41
clock_write_control,aligned,1,100,41
clock_write_control,aligned,1,101,41
clock_write_control,aligned,1,102,41
clock_write_control,aligned,1,103,41
clock_write_control,aligned,1,104,41
clock_write_control,aligned,1,105,41
clock_write_control,aligned,1,106,41
clock_write_control,aligned,1,107,41
clock_write_control,aligned,1,108,41
clock_write_control,aligned,1,109,41
clock_write_control,aligned,1,110,41
clock_write_control,aligned,1,111,41
clock_write_control,aligned,1,112,41
clock_write_control,aligned,1,113,41
clock_write_control,aligned,1,114,41
clock_write_control,aligned,1,115,41
clock_write_control,aligned,1,116,41
clock_write_control,aligned,1,117,41
clock_write_control,aligned,1,118,41
clock_write_control,aligned,1,119,41
clock_write_control,aligned,1,120,41
clock_write_control,aligned,1,121,41
clock_write_control,aligned,1,122,41
clock_write_control,aligned,1,123,41
clock_write_control,aligned,1,124,41
clock_write_control,aligned,1,125,41
clock_write_control,aligned,1,126,41
clock_write_control,aligned,1,127,41
clock_write_control,aligned,1,128,41
clock_write_control,aligned,1,129,41
clock_write_control,aligned,1,130,41
clock_write_control,aligned,1,131,41
clock_write_control,aligned,1,132,41
clock_write_control,aligned,1,133,41
clock_write_control,aligned,1,134,41
clock_write_control,aligned,1,135,41
clock_write_control,aligned,1,136,90
clock_write_control,aligned,1,137,41
clock_write_control,aligned,1,138,41
clock_write_control,aligned,1,139,41
clock_write_control,aligned,1,140,41
clock_write_control,aligned,1,141,41
clock_write_control,aligned,1,142,41
clock_write_control,aligned,1,143,41
clock_write_control,aligned,1,144,41
clock_write_control,aligned,1,145,41
clock_write_control,aligned,1,146,41
clock_write_control,aligned,1,147,41
clock_write_control,aligned,1,148,41
clock_write_control,aligned,1,149,50
clock_write_control,aligned,1,150,41
clock_write_control,aligned,1,151,41
clock_write_control,aligned,1,152,41
clock_write_control,aligned,1,153,41
clock_write_control,aligned,1,154,41
clock_write_control,aligned,1,155,41
clock_write_control,aligned,1,156,41
clock_write_control,aligned,1,157,41
clock_write_control,aligned,1,158,41
clock_write_control,aligned,1,159,41
clock_write_control,aligned,1,160,41
clock_write_control,aligned,1,161,41
clock_write_control,aligned,1,162,41
clock_write_control,aligned,1,163,41
clock_write_control,aligned,1,164,41
clock_write_control,aligned,1,165,41
clock_write_control,aligned,1,166,41
clock_write_control,aligned,1,167,41
clock_write_control,aligned,1,168,41
clock_write_control,aligned,1,169,41
clock_write_control,aligned,1,170,41
clock_write_control,aligned,1,171,41
clock_write_control,aligned,1,172,41
clock_write_control,aligned,1,173,41
clock_write_control,aligned,1,174,41
clock_write_control,aligned,1,175,41
clock_write_control,aligned,1,176,41
clock_write_control,aligned,1,177,41
clock_write_control,aligned,1,178,41
clock_write_control,aligned,1,179,41
clock_write_control,aligned,1,180,41
clock_write_control,aligned,1,181,41
clock_write_control,aligned,1,182,41
clock_write_control,aligned,1,183,41
clock_write_control,aligned,1,184,41
clock_write_control,aligned,1,185,41
clock_write_control,aligned,1,186,41
clock_write_control,aligned,1,187,41
clock_write_control,aligned,1,188,41
clock_write_control,aligned,1,189,41
clock_write_control,aligned,1,190,41
clock_write_control,aligned,1,191,5891
clock_write_control,aligned,1,192,41
clock_write_control,aligned,1,193,41
clock_write_control,aligned,1,194,41
clock_write_control,aligned,1,195,41
clock_write_control,aligned,1,196,41
clock_write_control,aligned,1,197,41
clock_write_control,aligned,1,198,41
clock_write_control,aligned,1,199,41
clock_write_control,aligned,1,200,41
clock_write_control,aligned,1,201,41
clock_write_control,aligned,1,202,41
clock_write_control,aligned,1,203,41
clock_write_control,aligned,1,204,41
clock_write_control,aligned,1,205,41
clock_write_control,aligned,1,206,41
clock_write_control,aligned,1,207,41
clock_write_control,aligned,1,208,41
clock_write_control,aligned,1,209,41
clock_write_control,aligned,1,210,51
clock_write_control,aligned,1,211,50
clock_write_control,aligned,1,212,51
clock_write_control,aligned,1,213,51
clock_write_control,aligned,1,214,41
clock_write_control,aligned,1,215,41
clock_write_control,aligned,1,216,41
clock_write_control,aligned,1,217,41
clock_write_control,aligned,1,218,41
clock_write_control,aligned,1,219,41
clock_write_control,aligned,1,220,41
clock_write_control,aligned,1,221,41
clock_write_control,aligned,1,222,41
clock_write_control,aligned,1,223,41
clock_write_control,aligned,1,224,41
clock_write_control,aligned,1,225,41
clock_write_control,aligned,1,226,41
clock_write_control,aligned,1,227,41
clock_write_control,aligned,1,228,41
clock_write_control,aligned,1,229,41
clock_write_control,aligned,1,230,41
clock_write_control,aligned,1,231,41
clock_write_control,aligned,1,232,41
clock_write_control,aligned,1,233,41
clock_write_control,aligned,1,234,41
clock_write_control,aligned,1,235,41
clock_write_control,aligned,1,236,41
clock_write_control,aligned,1,237,41
clock_write_control,aligned,1,238,41
clock_write_control,aligned,1,239,41
clock_write_control,aligned,1,240,41
clock_write_control,aligned,1,241,41
clock_write_control,aligned,1,242,41
clock_write_control,aligned,1,243,41
clock_write_control,aligned,1,244,70
clock_write_control,aligned,1,245,41
clock_write_control,aligned,1,246,41
clock_write_control,aligned,1,247,41
clock_write_control,aligned,1,248,41
clock_write_control,aligned,1,249,41
clock_write_control,aligned,1,250,41
clock_write_control,aligned,1,251,41
clock_write_control,aligned,1,252,41
clock_write_control,aligned,1,253,41
clock_write_control,aligned,1,254,41
clock_write_control,aligned,1,255,41
clock_write_control,aligned,1,256,41
clock_write_control,aligned,1,257,41
clock_write_control,aligned,1,258,41
clock_write_control,aligned,1,259,41
clock_write_control,aligned,1,260,41
clock_write_control,aligned,1,261,41
clock_write_control,aligned,1,262,41
clock_write_control,aligned,1,263,41
clock_write_control,aligned,1,264,41
clock_write_control,aligned,1,265,41
clock_write_control,aligned,1,266,41
clock_write_control,aligned,1,267,41
clock_write_control,aligned,1,268,41
clock_write_control,aligned,1,269,41
clock_write_control,aligned,1,270,41
clock_write_control,aligned,1,271,41
clock_write_control,aligned,1,272,41
clock_write_control,aligned,1,273,41
clock_write_control,aligned,1,274,41
clock_write_control,aligned,1,275,41
clock_write_control,aligned,1,276,41
clock_write_control,aligned,1,277,41
clock_write_control,aligned,1,278,41
clock_write_control,aligned,1,279,41
clock_write_control,aligned,1,280,41
clock_write_control,aligned,1,281,41
clock_write_control,aligned,1,282,41
clock_write_control,aligned,1,283,41
clock_write_control,aligned,1,284,41
clock_write_control,aligned,1,285,41
clock_write_control,aligned,1,286,41
clock_write_control,aligned,1,287,41
clock_write_control,aligned,1,288,41
clock_write_control,aligned,1,289,41
clock_write_control,aligned,1,290,41
clock_write_control,aligned,1,291,41
clock_write_control,aligned,1,292,41
clock_write_control,aligned,1,293,41
clock_write_control,aligned,1,294,41
clock_write_control,aligned,1,295,41
clock_write_control,aligned,1,296,41
clock_write_control,aligned,1,297,41
clock_write_control,aligned,1,298,41
clock_write_control,aligned,1,299,41
clock_write_control,aligned,1,300,41
clock_write_control,aligned,1,301,41
clock_write_control,aligned,1,302,41
clock_write_control,aligned,1,303,41
clock_write_control,aligned,1,304,41
clock_write_control,aligned,1,305,42
clock_write_control,aligned,1,306,41
clock_write_control,aligned,1,307,41
clock_write_control,aligned,1,308,41
clock_write_control,aligned,1,309,41
clock_write_control,aligned,1,310,41
clock_write_control,aligned,1,311,41
clock_write_control,aligned,1,312,41
clock_write_control,aligned,1,313,50
clock_write_control,aligned,1,314,50
clock_write_control,aligned,1,315,41
clock_write_control,aligned,1,316,41
clock_write_control,aligned,1,317,41
clock_write_control,aligned,1,318,41
clock_write_control,aligned,1,319,41
clock_write_control,aligned,1,320,41
clock_write_control,aligned,1,321,41
clock_write_control,aligned,1,322,41
clock_write_control,aligned,1,323,41
clock_write_control,aligned,1,324,41
clock_write_control,aligned,1,325,41
clock_write_control,aligned,1,326,41
clock_write_control,aligned,1,327,41
clock_write_control,aligned,1,328,41
clock_write_control,aligned,1,329,41
clock_write_control,aligned,1,330,41
clock_write_control,aligned,1,331,41
clock_write_control,aligned,1,332,41
clock_write_control,aligned,1,333,41
clock_write_control,aligned,1,334,41
clock_write_control,aligned,1,335,41
clock_write_control,aligned,1,336,41
clock_write_control,aligned,1,337,41
clock_write_control,aligned,1,338,41
clock_write_control,aligned,1,339,41
clock_write_control,aligned,1,340,41
clock_write_control,aligned,1,341,41
clock_write_control,aligned,1,342,41
clock_write_control,aligned,1,343,41
clock_write_control,aligned,1,344,41
clock_write_control,aligned,1,345,41
clock_write_control,aligned,1,346,41
clock_write_control,aligned,1,347,41
clock_write_control,aligned,1,348,41
clock_write_control,aligned,1,349,41
clock_write_control,aligned,1,350,41
clock_write_control,aligned,1,351,41
clock_write_control,aligned,1,352,41
clock_write_control,aligned,1,353,6432
clock_write_control,aligned,1,354,41
clock_write_control,aligned,1,355,41
clock_write_control,aligned,1,356,41
clock_write_control,aligned,1,357,41
clock_write_control,aligned,1,358,41
clock_write_control,aligned,1,359,41
clock_write_control,aligned,1,360,41
clock_write_control,aligned,1,361,41
clock_write_control,aligned,1,362,41
clock_write_control,aligned,1,363,41
clock_write_control,aligned,1,364,41
clock_write_control,aligned,1,365,41
clock_write_control,aligned,1,366,41
clock_write_control,aligned,1,367,41
clock_write_control,aligned,1,368,41
clock_write_control,aligned,1,369,41
clock_write_control,aligned,1,370,41
clock_write_control,aligned,1,371,41
clock_write_control,aligned,1,372,51
clock_write_control,aligned,1,373,50
clock_write_control,aligned,1,374,51
clock_write_control,aligned,1,375,50
clock_write_control,aligned,1,376,41
clock_write_control,aligned,1,377,41
clock_write_control,aligned,1,378,41
clock_write_control,aligned,1,379,41
clock_write_control,aligned,1,380,41
clock_write_control,aligned,1,381,41
clock_write_control,aligned,1,382,41
clock_write_control,aligned,1,383,41
clock_write_control,aligned,1,384,41
clock_write_control,aligned,1,385,41
clock_write_control,aligned,1,386,41
clock_write_control,aligned,1,387,41
clock_write_control,aligned,1,388,41
clock_write_control,aligned,1,389,41
clock_write_control,aligned,1,390,41
clock_write_control,aligned,1,391,41
clock_write_control,aligned,1,392,41
clock_write_control,aligned,1,393,41
clock_write_control,aligned,1,394,41
clock_write_control,aligned,1,395,41
clock_write_control,aligned,1,396,41
clock_write_control,aligned,1,397,41
clock_write_control,aligned,1,398,41
clock_write_control,aligned,1,399,41
pool,aligned,1,0,41
pool,aligned,1,1,41
pool,aligned,1,2,41
pool,aligned,1,3,41
pool,aligned,1,4,41
pool,aligned,1,5,41
pool,aligned,1,6,41
pool,aligned,1,7,41
pool,aligned,1,8,41
pool,aligned,1,9,41
pool,aligned,1,10,41
pool,aligned,1,11,41
pool,aligned,1,12,41
pool,aligned,1,13,41
pool,aligned,1,14,41
pool,aligned,1,15,41
pool,aligned,1,16,41
pool,aligned,1,17,41
pool,aligned,1,18,41
pool,aligned,1,19,41
pool,aligned,1,20,41
pool,aligned,1,21,41
pool,aligned,1,22,41
pool,aligned,1,23,41
pool,aligned,1,24,41
pool,aligned,1,25,41
pool,aligned,1,26,70
pool,aligned,1,27,41
pool,aligned,1,28,41
pool,aligned,1,29,41
pool,aligned,1,30,41
pool,aligned,1,31,41
pool,aligned,1,32,41
pool,aligned,1,33,41
pool,aligned,1,34,41
pool,aligned,1,35,41
pool,aligned,1,36,41
pool,aligned,1,37,41
pool,aligned,1,38,41
pool,aligned,1,39,41
pool,aligned,1,40,50
pool,aligned,1,41,51
pool,aligned,1,42,41
pool,aligned,1,43,41
pool,aligned,1,44,41
pool,aligned,1,45,41
pool,aligned,1,46,41
pool,aligned,1,47,41
pool,aligned,1,48,41
pool,aligned,1,49,41
pool,aligned,1,50,41
pool,aligned,1,51,41
pool,aligned,1,52,41
pool,aligned,1,53,41
pool,aligned,1,54,41
pool,aligned,1,55,41
pool,aligned,1,56,41
pool,aligned,1,57,41
pool,aligned,1,58,41
pool,aligned,1,59,41
pool,aligned,1,60,41
pool,aligned,1,61,41
pool,aligned,1,62,41
pool,aligned,1,63,41
pool,aligned,1,64,41
pool,aligned,1,65,41
pool,aligned,1,66,41
pool,aligned,1,67,41
pool,aligned,1,68,41
pool,aligned,1,69,41
pool,aligned,1,70,41
pool,aligned,1,71,41
pool,aligned,1,72,41
pool,aligned,1,73,41
pool,aligned,1,74,41
pool,aligned,1,75,41
pool,aligned,1,76,41
pool,aligned,1,77,41
pool,aligned,1,78,41
pool,aligned,1,79,6162
pool,aligned,1,80,41
pool,aligned,1,81,41
pool,aligned,1,82,41
pool,aligned,1,83,41
pool,aligned,1,84,41
pool,aligned,1,85,41
pool,aligned,1,86,41
pool,aligned,1,87,41
pool,aligned,1,88,41
pool,aligned,1,89,41
pool,aligned,1,90,41
pool,aligned,1,91,41
pool,aligned,1,92,41
pool,aligned,1,93,41
pool,aligned,1,94,41
pool,aligned,1,95,41
pool,aligned,1,96,50
pool,aligned,1,97,51
pool,aligned,1,98,50
pool,aligned,1,99,50
pool,aligned,1,100,41
pool,aligned,1,101,41
pool,aligned,1,102,41
pool,aligned,1,103,41
pool,aligned,1,104,41
pool,aligned,1,105,41
pool,aligned,1,106,41
pool,aligned,1,107,41
pool,aligned,1,108,41
pool,aligned,1,109,41
pool,aligned,1,110,41
pool,aligned,1,111,41
pool,aligned,1,112,41
pool,aligned,1,113,41
pool,aligned,1,114,41
pool,aligned,1,115,41
pool,aligned,1,116,41
pool,aligned,1,117,41
pool,aligned,1,118,41
pool,aligned,1,119,41
pool,aligned,1,120,41
pool,aligned,1,121,41
pool,aligned,1,122,41
pool,aligned,1,123,41
pool,aligned,1,124,41
pool,aligned,1,125,41
pool,aligned,1,126,41
pool,aligned,1,127,41
pool,aligned,1,128,41
pool,aligned,1,129,41
pool,aligned,1,130,70
pool,aligned,1,131,41
pool,aligned,1,132,41
pool,aligned,1,133,41
pool,aligned,1,134,41
pool,aligned,1,135,41
pool,aligned,1,136,41
pool,aligned,1,137,41
pool,aligned,1,138,41
pool,aligned,1,139,41
pool,aligned,1,140,41
pool,aligned,1,141,41
pool,aligned,1,142,41
pool,aligned,1,143,41
pool,aligned,1,144,41
pool,aligned,1,145,41
pool,aligned,1,146,41
pool,aligned,1,147,41
pool,aligned,1,148,50
pool,aligned,1,149,51
pool,aligned,1,150,50
pool,aligned,1,151,41
pool,aligned,1,152,41
pool,aligned,1,153,41
pool,aligned,1,154,41
pool,aligned,1,155,41
pool,aligned,1,156,41
pool,aligned,1,157,41
pool,aligned,1,158,41
pool,aligned,1,159,41
pool,aligned,1,160,41
pool,aligned,1,161,41
pool,aligned,1,162,41
pool,aligned,1,163,41
pool,aligned,1,164,41
pool,aligned,1,165,41
pool,aligned,1,166,41
pool,aligned,1,167,41
pool,aligned,1,168,41
pool,aligned,1,169,41
pool,aligned,1,170,41
pool,aligned,1,171,41
pool,aligned,1,172,41
pool,aligned,1,173,41
pool,aligned,1,174,41
pool,aligned,1,175,41
pool,aligned,1,176,41
pool,aligned,1,177,41
pool,aligned,1,178,41
pool,aligned,1,179,41
pool,aligned,1,180,41
pool,aligned,1,181,41
pool,aligned,1,182,70
pool,aligned,1,183,41
pool,aligned,1,184,41
pool,aligned,1,185,41
pool,aligned,1,186,41
pool,aligned,1,187,41
pool,aligned,1,188,41
pool,aligned,1,189,41
pool,aligned,1,190,41
pool,aligned,1,191,41
pool,aligned,1,192,41
pool,aligned,1,193,41
pool,aligned,1,194,41
pool,aligned,1,195,41
pool,aligned,1,196,41
pool,aligned,1,197,50
pool,aligned,1,198,51
pool,aligned,1,199,41
pool,aligned,1,200,41
pool,aligned,1,201,41
pool,aligned,1,202,41
pool,aligned,1,203,41
pool,aligned,1,204,41
pool,aligned,1,205,41
pool,aligned,1,206,41
pool,aligned,1,207,41
pool,aligned,1,208,41
pool,aligned,1,209,41
pool,aligned,1,210,41
pool,aligned,1,211,41
pool,aligned,1,212,41
pool,aligned,1,213,41
pool,aligned,1,214,41
pool,aligned,1,215,41
pool,aligned,1,216,41
pool,aligned,1,217,41
pool,aligned,1,218,41
pool,aligned,1,219,41
pool,aligned,1,220,41
pool,aligned,1,221,41
pool,aligned,1,222,41
pool,aligned,1,223,41
pool,aligned,1,224,41
pool,aligned,1,225,41
pool,aligned,1,226,41
pool,aligned,1,227,41
pool,aligned,1,228,41
pool,aligned,1,229,41
pool,aligned,1,230,41
pool,aligned,1,231,41
pool,aligned,1,232,41
pool,aligned,1,233,41
pool,aligned,1,234,41
pool,aligned,1,235,5821
pool,aligned,1,236,41
pool,aligned,1,237,41
pool,aligned,1,238,41
pool,aligned,1,239,41
pool,aligned,1,240,41
pool,aligned,1,241,41
pool,aligned,1,242,41
pool,aligned,1,243,41
pool,aligned,1,244,41
pool,aligned,1,245,41
pool,aligned,1,246,41
pool,aligned,1,247,41
pool,aligned,1,248,41
pool,aligned,1,249,41
pool,aligned,1,250,41
pool,aligned,1,251,41
pool,aligned,1,252,41
pool,aligned,1,253,41
pool,aligned,1,254,51
pool,aligned,1,255,51
pool,aligned,1,256,51
pool,aligned,1,257,50
pool,aligned,1,258,41
pool,aligned,1,259,41
pool,aligned,1,260,41
pool,aligned,1,261,41
pool,aligned,1,262,41
pool,aligned,1,263,41
pool,aligned,1,264,41
pool,aligned,1,265,41
pool,aligned,1,266,41
pool,aligned,1,267,41
pool,aligned,1,268,41
pool,aligned,1,269,41
pool,aligned,1,270,41
pool,aligned,1,271,41
pool,aligned,1,272,41
pool,aligned,1,273,41
pool,aligned,1,274,41
pool,aligned,1,275,41
pool,aligned,1,276,41
pool,aligned,1,277,41
pool,aligned,1,278,41
pool,aligned,1,279,41
pool,aligned,1,280,41
pool,aligned,1,281,41
pool,aligned,1,282,41
pool,aligned,1,283,41
pool,aligned,1,284,41
pool,aligned,1,285,41
pool,aligned,1,286,41
pool,aligned,1,287,41
pool,aligned,1,288,41
pool,aligned,1,289,41
pool,aligned,1,290,41
pool,aligned,1,291,41
pool,aligned,1,292,41
pool,aligned,1,293,41
pool,aligned,1,294,41
pool,aligned,1,295,41
pool,aligned,1,296,41
pool,aligned,1,297,41
pool,aligned,1,298,41
pool,aligned,1,299,41
pool,aligned,1,300,41
pool,aligned,1,301,41
pool,aligned,1,302,41
pool,aligned,1,303,41
pool,aligned,1,304,41
pool,aligned,1,305,41
pool,aligned,1,306,41
pool,aligned,1,307,41
pool,aligned,1,308,41
pool,aligned,1,309,41
pool,aligned,1,310,41
pool,aligned,1,311,41
pool,aligned,1,312,41
pool,aligned,1,313,41
pool,aligned,1,314,41
pool,aligned,1,315,41
pool,aligned,1,316,41
pool,aligned,1,317,41
pool,aligned,1,318,41
pool,aligned,1,319,41
pool,aligned,1,320,41
pool,aligned,1,321,41
pool,aligned,1,322,41
pool,aligned,1,323,41
pool,aligned,1,324,41
pool,aligned,1,325,41
pool,aligned,1,326,41
pool,aligned,1,327,41
pool,aligned,1,328,41
pool,aligned,1,329,41
pool,aligned,1,330,41
pool,aligned,1,331,41
pool,aligned,1,332,41
pool,aligned,1,333,41
pool,aligned,1,334,41
pool,aligned,1,335,41
pool,aligned,1,336,41
pool,aligned,1,337,41
pool,aligned,1,338,41
pool,aligned,1,339,41
pool,aligned,1,340,41
pool,aligned,1,341,41
pool,aligned,1,342,41
pool,aligned,1,343,41
pool,aligned,1,344,41
pool,aligned,1,345,41
pool,aligned,1,346,41
pool,aligned,1,347,41
pool,aligned,1,348,41
pool,aligned,1,349,41
pool,aligned,1,350,41
pool,aligned,1,351,41
pool,aligned,1,352,41
pool,aligned,1,353,41
pool,aligned,1,354,41
pool,aligned,1,355,51
pool,aligned,1,356,50
pool,aligned,1,357,51
pool,aligned,1,358,41
pool,aligned,1,359,41
pool,aligned,1,360,41
pool,aligned,1,361,41
pool,aligned,1,362,41
pool,aligned,1,363,41
pool,aligned,1,364,41
pool,aligned,1,365,41
pool,aligned,1,366,41
pool,aligned,1,367,41
pool,aligned,1,368,41
pool,aligned,1,369,41
pool,aligned,1,370,41
pool,aligned,1,371,41
pool,aligned,1,372,41
pool,aligned,1,373,41
pool,aligned,1,374,41
pool,aligned,1,375,41
pool,aligned,1,376,41
pool,aligned,1,377,41
pool,aligned,1,378,41
pool,aligned,1,379,41
pool,aligned,1,380,41
pool,aligned,1,381,41
pool,aligned,1,382,41
pool,aligned,1,383,41
pool,aligned,1,384,41
pool,aligned,1,385,41
pool,aligned,1,386,41
pool,aligned,1,387,41
pool,aligned,1,388,41
pool,aligned,1,389,41
pool,aligned,1,390,41
pool,aligned,1,391,41
pool,aligned,1,392,41
pool,aligned,1,393,5441
pool,aligned,1,394,41
pool,aligned,1,395,41
pool,aligned,1,396,41
pool,aligned,1,397,41
pool,aligned,1,398,41
pool,aligned,1,399,41
stack,odd,1,0,41
stack,odd,1,1,41
stack,odd,1,2,41
stack,odd,1,3,41
stack,odd,1,4,41
stack,odd,1,5,41
stack,odd,1,6,41
stack,odd,1,7,41
stack,odd,1,8,41
stack,odd,1,9,41
stack,odd,1,10,41
stack,odd,1,11,41
stack,odd,1,12,41
stack,odd,1,13,41
stack,odd,1,14,41
stack,odd,1,15,41
stack,odd,1,16,41
stack,odd,1,17,41
stack,odd,1,18,6311
stack,odd,1,19,41
stack,odd,1,20,41
stack,odd,1,21,41
stack,odd,1,22,41
stack,odd,1,23,41
stack,odd,1,24,41
stack,odd,1,25,41
stack,odd,1,26,41
stack,odd,1,27,41
stack,odd,1,28,41
stack,odd,1,29,41
stack,odd,1,30,41
stack,odd,1,31,41
stack,odd,1,32,41
stack,odd,1,33,50
stack,odd,1,34,51
stack,odd,1,35,41
stack,odd,1,36,41
stack,odd,1,37,41
stack,odd,1,38,41
stack,odd,1,39,41
stack,odd,1,40,41
stack,odd,1,41,41
stack,odd,1,42,41
stack,odd,1,43,41
stack,odd,1,44,41
stack,odd,1,45,41
stack,odd,1,46,41
stack,odd,1,47,41
stack,odd,1,48,41
stack,odd,1,49,41
stack,odd,1,50,41
stack,odd,1,51,41
stack,odd,1,52,41
stack,odd,1,53,41
stack,odd,1,54,41
stack,odd,1,55,41
stack,odd,1,56,41
stack,odd,1,57,41
stack,odd,1,58,41
stack,odd,1,59,41
stack,odd,1,60,41
stack,odd,1,61,41
stack,odd,1,62,41
stack,odd,1,63,41
stack,odd,1,64,41
stack,odd,1,65,41
stack,odd,1,66,41
stack,odd,1,67,41
stack,odd,1,68,41
stack,odd,1,69,41
stack,odd,1,70,70
stack,odd,1,71,41
stack,odd,1,72,41
stack,odd,1,73,41
stack,odd,1,74,41
stack,odd,1,75,41
stack,odd,1,76,41
stack,odd,1,77,41
stack,odd,1,78,41
stack,odd,1,79,41
stack,odd,1,80,41
stack,odd,1,81,41
stack,odd,1,82,41
stack,odd,1,83,41
stack,odd,1,84,50
stack,odd,1,85,51
stack,odd,1,86,51
stack,odd,1,87,41
stack,odd,1,88,41
stack,odd,1,89,41
stack,odd,1,90,41
stack,odd,1,91,41
stack,odd,1,92,41
stack,odd,1,93,41
stack,odd,1,94,41
stack,odd,1,95,41
stack,odd,1,96,41
stack,odd,1,97,41
stack,odd,1,98,41
stack,odd,1,99,41
stack,odd,1,100,41
stack,odd,1,101,41
stack,odd,1,102,41
stack,odd,1,103,41
stack,odd,1,104,41
stack,odd,1,105,41
stack,odd,1,106,41
stack,odd,1,107,41
stack,odd,1,108,41
stack,odd,1,109,41
stack,odd,1,110,41
stack,odd,1,111,41
stack,odd,1,112,41
stack,odd,1,113,41
stack,odd,1,114,41
stack,odd,1,115,41
stack,odd,1,116,42
stack,odd,1,117,41
stack,odd,1,118,41
stack,odd,1,119,41
stack,odd,1,120,41
stack,odd,1,121,41
stack,odd,1,122,6372
stack,odd,1,123,41
stack,odd,1,124,41
stack,odd,1,125,41
stack,odd,1,126,41
stack,odd,1,127,41
stack,odd,1,128,41
stack,odd,1,129,41
stack,odd,1,130,41
stack,odd,1,131,41
stack,odd,1,132,41
stack,odd,1,133,41
stack,odd,1,134,41
stack,odd,1,135,41
stack,odd,1,136,41
stack,odd,1,137,41
stack,odd,1,138,41
stack,odd,1,139,41
stack,odd,1,140,41
stack,odd,1,141,41
stack,odd,1,142,51
stack,odd,1,143,51
stack,odd,1,144,51
stack,odd,1,145,51
stack,odd,1,146,41
stack,odd,1,147,41
stack,odd,1,148,41
stack,odd,1,149,41
stack,odd,1,150,41
stack,odd,1,151,41
stack,odd,1,152,41
stack,odd,1,153,41
stack,odd,1,154,41
stack,odd,1,155,41
stack,odd,1,156,41
stack,odd,1,157,41
stack,odd,1,158,41
stack,odd,1,159,41
stack,odd,1,160,41
stack,odd,1,161,41
stack,odd,1,162,41
stack,odd,1,163,41
stack,odd,1,164,41
stack,odd,1,165,41
stack,odd,1,166,41
stack,odd,1,167,41
stack,odd,1,168,41
stack,odd,1,169,41
stack,odd,1,170,41
stack,odd,1,171,41
stack,odd,1,172,41
stack,odd,1,173,41
stack,odd,1,174,6062
stack,odd,1,175,41
stack,odd,1,176,41
stack,odd,1,177,41
stack,odd,1,178,41
stack,odd,1,179,41
stack,odd,1,180,41
stack,odd,1,181,41
stack,odd,1,182,41
stack,odd,1,183,41
stack,odd,1,184,41
stack,odd,1,185,41
stack,odd,1,186,41
stack,odd,1,187,41
stack,odd,1,188,41
stack,odd,1,189,41
stack,odd,1,190,50
stack,odd,1,191,51
stack,odd,1,192,41
stack,odd,1,193,41
stack,odd,1,194,41
stack,odd,1,195,41
stack,odd,1,196,41
stack,odd,1,197,41
stack,odd,1,198,41
stack,odd,1,199,41
stack,odd,1,200,41
stack,odd,1,201,41
stack,odd,1,202,41
stack,odd,1,203,41
stack,odd,1,204,41
stack,odd,1,205,41
stack,odd,1,206,41
stack,odd,1,207,41
stack,odd,1,208,41
stack,odd,1,209,41
stack,odd,1,210,41
stack,odd,1,211,41
stack,odd,1,212,41
stack,odd,1,213,41
stack,odd,1,214,41
stack,odd,1,215,41
stack,odd,1,216,41
stack,odd,1,217,41
stack,odd,1,218,41
stack,odd,1,219,41
stack,odd,1,220,41
stack,odd,1,221,41
stack,odd,1,222,41
stack,odd,1,223,41
stack,odd,1,224,41
stack,odd,1,225,41
stack,odd,1,226,41
stack,odd,1,227,80
stack,odd,1,228,41
stack,odd,1,229,41
stack,odd,1,230,41
stack,odd,1,231,41
stack,odd,1,232,41
stack,odd,1,233,41
stack,odd,1,234,41
stack,odd,1,235,41
stack,odd,1,236,41
stack,odd,1,237,41
stack,odd,1,238,41
stack,odd,1,239,41
stack,odd,1,240,41
stack,odd,1,241,41
stack,odd,1,242,41
stack,odd,1,243,41
stack,odd,1,244,41
stack,odd,1,245,41
stack,odd,1,246,41
stack,odd,1,247,51
stack,odd,1,248,50
stack,odd,1,249,51
stack,odd,1,250,51
stack,odd,1,251,41
stack,odd,1,252,41
stack,odd,1,253,41
stack,odd,1,254,41
stack,odd,1,255,41
stack,odd,1,256,41
stack,odd,1,257,41
stack,odd,1,258,41
stack,odd,1,259,41
stack,odd,1,260,41
stack,odd,1,261,41
stack,odd,1,262,41
stack,odd,1,263,41
stack,odd,1,264,41
stack,odd,1,265,41
stack,odd,1,266,41
stack,odd,1,267,41
stack,odd,1,268,41
stack,odd,1,269,41
stack,odd,1,270,41
stack,odd,1,271,41
stack,odd,1,272,41
stack,odd,1,273,41
stack,odd,1,274,41
stack,odd,1,275,41
stack,odd,1,276,41
stack,odd,1,277,41
stack,odd,1,278,41
stack,odd,1,279,6271
stack,odd,1,280,41
stack,odd,1,281,41
stack,odd,1,282,41
stack,odd,1,283,41
stack,odd,1,284,41
stack,odd,1,285,41
stack,odd,1,286,41
stack,odd,1,287,41
stack,odd,1,288,41
stack,odd,1,289,41
stack,odd,1,290,41
stack,odd,1,291,41
stack,odd,1,292,41
stack,odd,1,293,41
stack,odd,1,294,41
stack,odd,1,295,41
stack,odd,1,296,41
stack,odd,1,297,41
stack,odd,1,298,41
stack,odd,1,299,41
stack,odd,1,300,41
stack,odd,1,301,41
stack,odd,1,302,41
stack,odd,1,303,41
stack,odd,1,304,41
stack,odd,1,305,41
stack,odd,1,306,41
stack,odd,1,307,41
stack,odd,1,308,41
stack,odd,1,309,41
stack,odd,1,310,41
stack,odd,1,311,41
stack,odd,1,312,41
stack,odd,1,313,41
stack,odd,1,314,41
stack,odd,1,315,41
stack,odd,1,316,41
stack,odd,1,317,41
stack,odd,1,318,41
stack,odd,1,319,41
stack,odd,1,320,41
stack,odd,1,321,41
stack,odd,1,322,41
stack,odd,1,323,41
stack,odd,1,324,41
stack,odd,1,325,41
stack,odd,1,326,41
stack,odd,1,327,41
stack,odd,1,328,41
stack,odd,1,329,41
stack,odd,1,330,41
stack,odd,1,331,41
stack,odd,1,332,6432
stack,odd,1,333,41
stack,odd,1,334,41
stack,odd,1,335,41
stack,odd,1,336,41
stack,odd,1,337,41
stack,odd,1,338,41
stack,odd,1,339,41
stack,odd,1,340,41
stack,odd,1,341,41
stack,odd,1,342,41
stack,odd,1,343,41
stack,odd,1,344,41
stack,odd,1,345,41
stack,odd,1,346,41
stack,odd,1,347,41
stack,odd,1,348,51
stack,odd,1,349,51
stack,odd,1,350,41
stack,odd,1,351,41
stack,odd,1,352,41
stack,odd,1,353,41
stack,odd,1,354,41
stack,odd,1,355,41
stack,odd,1,356,41
stack,odd,1,357,41
stack,odd,1,358,41
stack,odd,1,359,41
stack,odd,1,360,41
stack,odd,1,361,41
stack,odd,1,362,41
stack,odd,1,363,41
stack,odd,1,364,41
stack,odd,1,365,41
stack,odd,1,366,41
stack,odd,1,367,41
stack,odd,1,368,41
stack,odd,1,369,41
stack,odd,1,370,41
stack,odd,1,371,41
stack,odd,1,372,41
stack,odd,1,373,41
stack,odd,1,374,41
stack,odd,1,375,41
stack,odd,1,376,41
stack,odd,1,377,41
stack,odd,1,378,41
stack,odd,1,379,41
stack,odd,1,380,41
stack,odd,1,381,41
stack,odd,1,382,41
stack,odd,1,383,41
stack,odd,1,384,41
stack,odd,1,385,8015
stack,odd,1,386,41
stack,odd,1,387,41
stack,odd,1,388,41
stack,odd,1,389,41
stack,odd,1,390,41
stack,odd,1,391,41
stack,odd,1,392,41
stack,odd,1,393,41
stack,odd,1,394,41
stack,odd,1,395,41
stack,odd,1,396,41
stack,odd,1,397,41
stack,odd,1,398,41
stack,odd,1,399,41
arena,odd,1,0,130
arena,odd,1,1,41
arena,odd,1,2,41
arena,odd,1,3,41
arena,odd,1,4,41
arena,odd,1,5,41
arena,odd,1,6,41
arena,odd,1,7,41
arena,odd,1,8,41
arena,odd,1,9,41
arena,odd,1,10,41
arena,odd,1,11,41
arena,odd,1,12,41
arena,odd,1,13,41
arena,odd,1,14,41
arena,odd,1,15,80
arena,odd,1,16,41
arena,odd,1,17,41
arena,odd,1,18,41
arena,odd,1,19,41
arena,odd,1,20,41
arena,odd,1,21,41
arena,odd,1,22,41
arena,odd,1,23,41
arena,odd,1,24,41
arena,odd,1,25,41
arena,odd,1,26,41
arena,odd,1,27,41
arena,odd,1,28,41
arena,odd,1,29,41
arena,odd,1,30,41
arena,odd,1,31,50
arena,odd,1,32,50
arena,odd,1,33,51
arena,odd,1,34,41
arena,odd,1,35,41
arena,odd,1,36,41
arena,odd,1,37,41
arena,odd,1,38,41
arena,odd,1,39,41
arena,odd,1,40,41
arena,odd,1,41,41
arena,odd,1,42,41
arena,odd,1,43,41
arena,odd,1,44,41
arena,odd,1,45,41
arena,odd,1,46,41
arena,odd,1,47,41
arena,odd,1,48,41
arena,odd,1,49,41
arena,odd,1,50,41
arena,odd,1,51,41
arena,odd,1,52,41
arena,odd,1,53,41
arena,odd,1,54,41
arena,odd,1,55,41
arena,odd,1,56,41
arena,odd,1,57,41
arena,odd,1,58,41
arena,odd,1,59,41
arena,odd,1,60,41
arena,odd,1,61,41
arena,odd,1,62,41
arena,odd,1,63,41
arena,odd,1,64,41
arena,odd,1,65,41
arena,odd,1,66,41
arena,odd,1,67,41
arena,odd,1,68,41
arena,odd,1,69,5871
arena,odd,1,70,41
arena,odd,1,71,41
arena,odd,1,72,41
arena,odd,1,73,41
arena,odd,1,74,41
arena,odd,1,75,41
arena,odd,1,76,41
arena,odd,1,77,41
arena,odd,1,78,41
arena,odd,1,79,41
arena,odd,1,80,41
arena,odd,1,81,41
arena,odd,1,82,41
arena,odd,1,83,41
arena,odd,1,84,41
arena,odd,1,85,41
arena,odd,1,86,41
arena,odd,1,87,41
arena,odd,1,88,41
arena,odd,1,89,41
arena,odd,1,90,41
arena,odd,1,91,41
arena,odd,1,92,41
arena,odd,1,93,41
arena,odd,1,94,41
arena,odd,1,95,41
arena,odd,1,96,41
arena,odd,1,97,41
arena,odd,1,98,41
arena,odd,1,99,41
arena,odd,1,100,41
arena,odd,1,101,41
arena,odd,1,102,41
arena,odd,1,103,41
arena,odd,1,104,41
arena,odd,1,105,41
arena,odd,1,106,41
arena,odd,1,107,41
arena,odd,1,108,41
arena,odd,1,109,41
arena,odd,1,110,41
arena,odd,1,111,41
arena,odd,1,112,41
arena,odd,1,113,41
arena,odd,1,114,41
arena,odd,1,115,41
arena,odd,1,116,41
arena,odd,1,117,41
arena,odd,1,118,41
arena,odd,1,119,41
arena,odd,1,120,41
arena,odd,1,121,41
arena,odd,1,122,41
arena,odd,1,123,70
arena,odd,1,124,41
arena,odd,1,125,41
arena,odd,1,126,41
arena,odd,1,127,41
arena,odd,1,128,41
arena,odd,1,129,41
arena,odd,1,130,41
arena,odd,1,131,41
arena,odd,1,132,41
arena,odd,1,133,41
arena,odd,1,134,41
arena,odd,1,135,41
arena,odd,1,136,41
arena,odd,1,137,41
arena,odd,1,138,41
arena,odd,1,139,41
arena,odd,1,140,41
arena,odd,1,141,41
arena,odd,1,142,41
arena,odd,1,143,41
arena,odd,1,144,51
arena,odd,1,145,50
arena,odd,1,146,51
arena,odd,1,147,51
arena,odd,1,148,41
arena,odd,1,149,41
arena,odd,1,150,41
arena,odd,1,151,41
arena,odd,1,152,41
arena,odd,1,153,41
arena,odd,1,154,41
arena,odd,1,155,41
arena,odd,1,156,41
arena,odd,1,157,41
arena,odd,1,158,41
arena,odd,1,159,41
arena,odd,1,160,41
arena,odd,1,161,41
arena,odd,1,162,41
arena,odd,1,163,41
arena,odd,1,164,41
arena,odd,1,165,41
arena,odd,1,166,41
arena,odd,1,167,41
arena,odd,1,168,41
arena,odd,1,169,41
arena,odd,1,170,41
arena,odd,1,171,41
arena,odd,1,172,41
arena,odd,1,173,41
arena,odd,1,174,41
arena,odd,1,175,41
arena,odd,1,176,41
arena,odd,1,177,81
arena,odd,1,178,41
arena,odd,1,179,41
arena,odd,1,180,41
arena,odd,1,181,41
arena,odd,1,182,41
arena,odd,1,183,41
arena,odd,1,184,41
arena,odd,1,185,41
arena,odd,1,186,41
arena,odd,1,187,41
arena,odd,1,188,41
arena,odd,1,189,41
arena,odd,1,190,41
arena,odd,1,191,41
arena,odd,1,192,41
arena,odd,1,193,51
arena,odd,1,194,41
arena,odd,1,195,51
arena,odd,1,196,41
arena,odd,1,197,41
arena,odd,1,198,41
arena,odd,1,199,41
arena,odd,1,200,41
arena,odd,1,201,41
arena,odd,1,202,41
arena,odd,1,203,41
arena,odd,1,204,41
arena,odd,1,205,41
arena,odd,1,206,41
arena,odd,1,207,41
arena,odd,1,208,41
arena,odd,1,209,41
arena,odd,1,210,41
arena,odd,1,211,41
arena,odd,1,212,41
arena,odd,1,213,41
arena,odd,1,214,41
arena,odd,1,215,41
arena,odd,1,216,41
arena,odd,1,217,41
arena,odd,1,218,41
arena,odd,1,219,41
arena,odd,1,220,41
arena,odd,1,221,41
arena,odd,1,222,41
arena,odd,1,223,41
arena,odd,1,224,41
arena,odd,1,225,41
arena,odd,1,226,41
arena,odd,1,227,41
arena,odd,1,228,41
arena,odd,1,229,41
arena,odd,1,230,41
arena,odd,1,231,80
arena,odd,1,232,41
arena,odd,1,233,41
arena,odd,1,234,41
arena,odd,1,235,41
arena,odd,1,236,41
arena,odd,1,237,41
arena,odd,1,238,41
arena,odd,1,239,41
arena,odd,1,240,41
arena,odd,1,241,41
arena,odd,1,242,41
arena,odd,1,243,41
arena,odd,1,244,41
arena,odd,1,245,41
arena,odd,1,246,41
arena,odd,1,247,41
arena,odd,1,248,41
arena,odd,1,249,41
arena,odd,1,250,41
arena,odd,1,251,41
arena,odd,1,252,51
arena,odd,1,253,51
arena,odd,1,254,51
arena,odd,1,255,50
arena,odd,1,256,41
arena,odd,1,257,41
arena,odd,1,258,41
arena,odd,1,259,41
arena,odd,1,260,41
arena,odd,1,261,41
arena,odd,1,262,41
arena,odd,1,263,41
arena,odd,1,264,41
arena,odd,1,265,41
arena,odd,1,266,41
arena,odd,1,267,41
arena,odd,1,268,41
arena,odd,1,269,41
arena,odd,1,270,41
arena,odd,1,271,41
arena,odd,1,272,41
arena,odd,1,273,41
arena,odd,1,274,41
arena,odd,1,275,41
arena,odd,1,276,41
arena,odd,1,277,41
arena,odd,1,278,41
arena,odd,1,279,41
arena,odd,1,280,41
arena,odd,1,281,41
arena,odd,1,282,41
arena,odd,1,283,41
arena,odd,1,284,41
arena,odd,1,285,41
arena,odd,1,286,41
arena,odd,1,287,41
arena,odd,1,288,41
arena,odd,1,289,41
arena,odd,1,290,41
arena,odd,1,291,41
arena,odd,1,292,41
arena,odd,1,293,41
arena,odd,1,294,41
arena,odd,1,295,41
arena,odd,1,296,41
arena,odd,1,297,41
arena,odd,1,298,41
arena,odd,1,299,41
arena,odd,1,300,41
arena,odd,1,301,41
arena,odd,1,302,41
arena,odd,1,303,41
arena,odd,1,304,41
arena,odd,1,305,41
arena,odd,1,306,41
arena,odd,1,307,41
arena,odd,1,308,41
arena,odd,1,309,41
arena,odd,1,310,41
arena,odd,1,311,41
arena,odd,1,312,41
arena,odd,1,313,41
arena,odd,1,314,41
arena,odd,1,315,41
arena,odd,1,316,41
arena,odd,1,317,41
arena,odd,1,318,41
arena,odd,1,319,41
arena,odd,1,320,41
arena,odd,1,321,41
arena,odd,1,322,41
arena,odd,1,323,41
arena,odd,1,324,41
arena,odd,1,325,41
arena,odd,1,326,41
arena,odd,1,327,41
arena,odd,1,328,41
arena,odd,1,329,41
arena,odd,1,330,41
arena,odd,1,331,41
arena,odd,1,332,41
arena,odd,1,333,41
arena,odd,1,334,41
arena,odd,1,335,41
arena,odd,1,336,41
arena,odd,1,337,41
arena,odd,1,338,90
arena,odd,1,339,41
arena,odd,1,340,41
arena,odd,1,341,41
arena,odd,1,342,41
arena,odd,1,343,41
arena,odd,1,344,41
arena,odd,1,345,41
arena,odd,1,346,41
arena,odd,1,347,41
arena,odd,1,348,41
arena,odd,1,349,41
arena,odd,1,350,41
arena,odd,1,351,41
arena,odd,1,352,41
arena,odd,1,353,50
arena,odd,1,354,51
arena,odd,1,355,51
arena,odd,1,356,50
arena,odd,1,357,51
arena,odd,1,358,51
arena,odd,1,359,51
arena,odd,1,360,50
arena,odd,1,361,41
arena,odd,1,362,41
arena,odd,1,363,41
arena,odd,1,364,41
arena,odd,1,365,41
arena,odd,1,366,41
arena,odd,1,367,41
arena,odd,1,368,41
arena,odd,1,369,41
arena,odd,1,370,41
arena,odd,1,371,41
arena,odd,1,372,41
arena,odd,1,373,41
arena,odd,1,374,41
arena,odd,1,375,41
arena,odd,1,376,41
arena,odd,1,377,41
arena,odd,1,378,41
arena,odd,1,379,41
arena,odd,1,380,41
arena,odd,1,381,41
arena,odd,1,382,41
arena,odd,1,383,41
arena,odd,1,384,41
arena,odd,1,385,41
arena,odd,1,386,41
arena,odd,1,387,41
arena,odd,1,388,41
arena,odd,1,389,41
arena,odd,1,390,41
arena,odd,1,391,7003
arena,odd,1,392,41
arena,odd,1,393,41
arena,odd,1,394,41
arena,odd,1,395,41
arena,odd,1,396,41
arena,odd,1,397,41
arena,odd,1,398,41
arena,odd,1,399,41
malloc,odd,1,0,120
malloc,odd,1,1,70
malloc,odd,1,2,61
malloc,odd,1,3,61
malloc,odd,1,4,61
malloc,odd,1,5,71
malloc,odd,1,6,61
malloc,odd,1,7,70
malloc,odd,1,8,111
malloc,odd,1,9,61
malloc,odd,1,10,61
malloc,odd,1,11,61
malloc,odd,1,12,70
malloc,odd,1,13,60
malloc,odd,1,14,61
malloc,odd,1,15,60
malloc,odd,1,16,61
malloc,odd,1,17,61
malloc,odd,1,18,61
malloc,odd,1,19,60
malloc,odd,1,20,61
malloc,odd,1,21,61
malloc,odd,1,22,70
malloc,odd,1,23,71
malloc,odd,1,24,60
malloc,odd,1,25,61
malloc,odd,1,26,61
malloc,odd,1,27,61
malloc,odd,1,28,61
malloc,odd,1,29,61
malloc,odd,1,30,61
malloc,odd,1,31,60
malloc,odd,1,32,61
malloc,odd,1,33,60
malloc,odd,1,34,61
malloc,odd,1,35,61
malloc,odd,1,36,61
malloc,odd,1,37,61
malloc,odd,1,38,60
malloc,odd,1,39,61
malloc,odd,1,40,61
malloc,odd,1,41,61
malloc,odd,1,42,60
malloc,odd,1,43,61
malloc,odd,1,44,60
malloc,odd,1,45,61
malloc,odd,1,46,60
malloc,odd,1,47,61
malloc,odd,1,48,60
malloc,odd,1,49,60
malloc,odd,1,50,60
malloc,odd,1,51,61
malloc,odd,1,52,60
malloc,odd,1,53,61
malloc,odd,1,54,70
malloc,odd,1,55,70
malloc,odd,1,56,61
malloc,odd,1,57,60
malloc,odd,1,58,61
malloc,odd,1,59,60
malloc,odd,1,60,60
malloc,odd,1,61,61
malloc,odd,1,62,61
malloc,odd,1,63,60
malloc,odd,1,64,60
malloc,odd,1,65,60
malloc,odd,1,66,60
malloc,odd,1,67,61
malloc,odd,1,68,60
malloc,odd,1,69,61
malloc,odd,1,70,61
malloc,odd,1,71,61
malloc,odd,1,72,61
malloc,odd,1,73,61
malloc,odd,1,74,61
malloc,odd,1,75,61
malloc,odd,1,76,60
malloc,odd,1,77,61
malloc,odd,1,78,61
malloc,odd,1,79,60
malloc,odd,1,80,61
malloc,odd,1,81,61
malloc,odd,1,82,60
malloc,odd,1,83,61
malloc,odd,1,84,60
malloc,odd,1,85,60
malloc,odd,1,86,61
malloc,odd,1,87,61
malloc,odd,1,88,61
malloc,odd,1,89,60
malloc,odd,1,90,61
malloc,odd,1,91,61
malloc,odd,1,92,60
malloc,odd,1,93,60
malloc,odd,1,94,61
malloc,odd,1,95,60
malloc,odd,1,96,61
malloc,odd,1,97,61
malloc,odd,1,98,61
malloc,odd,1,99,61
malloc,odd,1,100,60
malloc,odd,1,101,61
malloc,odd,1,102,91
malloc,odd,1,103,70
malloc,odd,1,104,61
malloc,odd,1,105,70
malloc,odd,1,106,61
malloc,odd,1,107,61
malloc,odd,1,108,60
malloc,odd,1,109,60
malloc,odd,1,110,60
malloc,odd,1,111,61
malloc,odd,1,112,61
malloc,odd,1,113,60
malloc,odd,1,114,60
malloc,odd,1,115,60
malloc,odd,1,116,70
malloc,odd,1,117,61
malloc,odd,1,118,70
malloc,odd,1,119,61
malloc,odd,1,120,60
malloc,odd,1,121,70
malloc,odd,1,122,61
malloc,odd,1,123,61
malloc,odd,1,124,70
malloc,odd,1,125,61
malloc,odd,1,126,61
malloc,odd,1,127,60
malloc,odd,1,128,61
malloc,odd,1,129,61
malloc,odd,1,130,61
malloc,odd,1,131,70
malloc,odd,1,132,61
malloc,odd,1,133,60
malloc,odd,1,134,61
malloc,odd,1,135,60
malloc,odd,1,136,70
malloc,odd,1,137,61
malloc,odd,1,138,61
malloc,odd,1,139,61
malloc,odd,1,140,61
malloc,odd,1,141,61
malloc,odd,1,142,61
malloc,odd,1,143,70
malloc,odd,1,144,61
malloc,odd,1,145,61
malloc,odd,1,146,60
malloc,odd,1,147,61
malloc,odd,1,148,70
malloc,odd,1,149,70
malloc,odd,1,150,61
malloc,odd,1,151,70
malloc,odd,1,152,60
malloc,odd,1,153,60
malloc,odd,1,154,61
malloc,odd,1,155,61
malloc,odd,1,156,61
malloc,odd,1,157,61
malloc,odd,1,158,61
malloc,odd,1,159,61
malloc,odd,1,160,61
malloc,odd,1,161,61
malloc,odd,1,162,61
malloc,odd,1,163,60
malloc,odd,1,164,61
malloc,odd,1,165,61
malloc,odd,1,166,70
malloc,odd,1,167,60
malloc,odd,1,168,61
malloc,odd,1,169,60
malloc,odd,1,170,61
malloc,odd,1,171,61
malloc,odd,1,172,61
malloc,odd,1,173,60
malloc,odd,1,174,61
malloc,odd,1,175,61
malloc,odd,1,176,60
malloc,odd,1,177,61
malloc,odd,1,178,61
malloc,odd,1,179,61
malloc,odd,1,180,60
malloc,odd,1,181,70
malloc,odd,1,182,60
malloc,odd,1,183,61
malloc,odd,1,184,61
malloc,odd,1,185,61
malloc,odd,1,186,61
malloc,odd,1,187,61
malloc,odd,1,188,61
malloc,odd,1,189,60
malloc,odd,1,190,61
malloc,odd,1,191,70
malloc,odd,1,192,60
malloc,odd,1,193,60
malloc,odd,1,194,61
malloc,odd,1,195,5820
malloc,odd,1,196,61
malloc,odd,1,197,61
malloc,odd,1,198,61
malloc,odd,1,199,60
malloc,odd,1,200,60
malloc,odd,1,201,60
malloc,odd,1,202,61
malloc,odd,1,203,61
malloc,odd,1,204,61
malloc,odd,1,205,61
malloc,odd,1,206,61
malloc,odd,1,207,60
malloc,odd,1,208,61
malloc,odd,1,209,60
malloc,odd,1,210,61
malloc,odd,1,211,61
malloc,odd,1,212,61
malloc,odd,1,213,61
malloc,odd,1,214,61
malloc,odd,1,215,60
malloc,odd,1,216,60
malloc,odd,1,217,61
malloc,odd,1,218,60
malloc,odd,1,219,61
malloc,odd,1,220,61
malloc,odd,1,221,60
malloc,odd,1,222,61
malloc,odd,1,223,70
malloc,odd,1,224,60
malloc,odd,1,225,61
malloc,odd,1,226,61
malloc,odd,1,227,61
malloc,odd,1,228,60
malloc,odd,1,229,61
malloc,odd,1,230,60
malloc,odd,1,231,60
malloc,odd,1,232,60
malloc,odd,1,233,61
malloc,odd,1,234,61
malloc,odd,1,235,61
malloc,odd,1,236,61
malloc,odd,1,237,61
malloc,odd,1,238,60
malloc,odd,1,239,61
malloc,odd,1,240,61
malloc,odd,1,241,60
malloc,odd,1,242,6011
malloc,odd,1,243,60
malloc,odd,1,244,61
malloc,odd,1,245,60
malloc,odd,1,246,61
malloc,odd,1,247,60
malloc,odd,1,248,60
malloc,odd,1,249,61
malloc,odd,1,250,61
malloc,odd,1,251,61
malloc,odd,1,252,61
malloc,odd,1,253,61
malloc,odd,1,254,70
malloc,odd,1,255,61
malloc,odd,1,256,61
malloc,odd,1,257,61
malloc,odd,1,258,61
malloc,odd,1,259,61
malloc,odd,1,260,61
malloc,odd,1,261,61
malloc,odd,1,262,80
malloc,odd,1,263,71
malloc,odd,1,264,80
malloc,odd,1,265,61
malloc,odd,1,266,61
malloc,odd,1,267,60
malloc,odd,1,268,61
malloc,odd,1,269,61
malloc,odd,1,270,61
malloc,odd,1,271,61
malloc,odd,1,272,60
malloc,odd,1,273,61
malloc,odd,1,274,61
malloc,odd,1,275,61
malloc,odd,1,276,61
malloc,odd,1,277,70
malloc,odd,1,278,61
malloc,odd,1,279,61
malloc,odd,1,280,61
malloc,odd,1,281,70
malloc,odd,1,282,61
malloc,odd,1,283,70
malloc,odd,1,284,70
malloc,odd,1,285,61
malloc,odd,1,286,61
malloc,odd,1,287,61
malloc,odd,1,288,60
malloc,odd,1,289,5510
malloc,odd,1,290,70
malloc,odd,1,291,71
malloc,odd,1,292,70
malloc,odd,1,293,61
malloc,odd,1,294,61
malloc,odd,1,295,61
malloc,odd,1,296,61
malloc,odd,1,297,61
malloc,odd,1,298,60
malloc,odd,1,299,61
malloc,odd,1,300,60
malloc,odd,1,301,61
malloc,odd,1,302,61
malloc,odd,1,303,61
malloc,odd,1,304,61
malloc,odd,1,305,61
malloc,odd,1,306,61
malloc,odd,1,307,61
malloc,odd,1,308,61
malloc,odd,1,309,61
malloc,odd,1,310,61
malloc,odd,1,311,61
malloc,odd,1,312,60
malloc,odd,1,313,61
malloc,odd,1,314,61
malloc,odd,1,315,61
malloc,odd,1,316,60
malloc,odd,1,317,61
malloc,odd,1,318,61
malloc,odd,1,319,61
malloc,odd,1,320,61
malloc,odd,1,321,61
malloc,odd,1,322,61
malloc,odd,1,323,61
malloc,odd,1,324,61
malloc,odd,1,325,61
malloc,odd,1,326,61
malloc,odd,1,327,61
malloc,odd,1,328,70
malloc,odd,1,329,61
malloc,odd,1,330,61
malloc,odd,1,331,70
malloc,odd,1,332,60
malloc,odd,1,333,60
malloc,odd,1,334,61
malloc,odd,1,335,61
malloc,odd,1,336,70
malloc,odd,1,337,61
malloc,odd,1,338,61
malloc,odd,1,339,61
malloc,odd,1,340,61
malloc,odd,1,341,61
malloc,odd,1,342,60
malloc,odd,1,343,60
malloc,odd,1,344,70
malloc,odd,1,345,61
malloc,odd,1,346,60
malloc,odd,1,347,61
malloc,odd,1,348,61
malloc,odd,1,349,60
malloc,odd,1,350,81
malloc,odd,1,351,80
malloc,odd,1,352,80
malloc,odd,1,353,80
malloc,odd,1,354,80
malloc,odd,1,355,80
malloc,odd,1,356,60
malloc,odd,1,357,61
malloc,odd,1,358,61
malloc,odd,1,359,61
malloc,odd,1,360,61
malloc,odd,1,361,61
malloc,odd,1,362,61
malloc,odd,1,363,61
malloc,odd,1,364,61
malloc,odd,1,365,70
malloc,odd,1,366,61
malloc,odd,1,367,60
malloc,odd,1,368,60
malloc,odd,1,369,61
malloc,odd,1,370,60
malloc,odd,1,371,60
malloc,odd,1,372,61
malloc,odd,1,373,61
malloc,odd,1,374,61
malloc,odd,1,375,70
malloc,odd,1,376,60
malloc,odd,1,377,60
malloc,odd,1,378,61
malloc,odd,1,379,60
malloc,odd,1,380,61
malloc,odd,1,381,5991
malloc,odd,1,382,60
malloc,odd,1,383,60
malloc,odd,1,384,60
malloc,odd,1,385,61
malloc,odd,1,386,60
malloc,odd,1,387,61
malloc,odd,1,388,61
malloc,odd,1,389,61
malloc,odd,1,390,70
malloc,odd,1,391,61
malloc,odd,1,392,61
malloc,odd,1,393,61
malloc,odd,1,394,61
malloc,odd,1,395,60
malloc,odd,1,396,61
malloc,odd,1,397,60
malloc,odd,1,398,61
malloc,odd,1,399,70
clock_write_control,odd,1,0,41
clock_write_control,odd,1,1,41
clock_write_control,odd,1,2,41
clock_write_control,odd,1,3,41
clock_write_control,odd,1,4,41
clock_write_control,odd,1,5,41
clock_write_control,odd,1,6,41
clock_write_control,odd,1,7,41
clock_write_control,odd,1,8,41
clock_write_control,odd,1,9,41
clock_write_control,odd,1,10,41
clock_write_control,odd,1,11,51
clock_write_control,odd,1,12,50
clock_write_control,odd,1,13,41
clock_write_control,odd,1,14,41
clock_write_control,odd,1,15,41
clock_write_control,odd,1,16,41
clock_write_control,odd,1,17,41
clock_write_control,odd,1,18,41
clock_write_control,odd,1,19,41
clock_write_control,odd,1,20,41
clock_write_control,odd,1,21,41
clock_write_control,odd,1,22,41
clock_write_control,odd,1,23,41
clock_write_control,odd,1,24,41
clock_write_control,odd,1,25,41
clock_write_control,odd,1,26,41
clock_write_control,odd,1,27,41
clock_write_control,odd,1,28,41
clock_write_control,odd,1,29,41
clock_write_control,odd,1,30,41
clock_write_control,odd,1,31,41
clock_write_control,odd,1,32,41
clock_write_control,odd,1,33,41
clock_write_control,odd,1,34,41
clock_write_control,odd,1,35,41
clock_write_control,odd,1,36,41
clock_write_control,odd,1,37,41
clock_write_control,odd,1,38,41
clock_write_control,odd,1,39,41
clock_write_control,odd,1,40,41
clock_write_control,odd,1,41,41
clock_write_control,odd,1,42,41
clock_write_control,odd,1,43,41
clock_write_control,odd,1,44,41
clock_write_control,odd,1,45,41
clock_write_control,odd,1,46,41
clock_write_control,odd,1,47,6231
clock_write_control,odd,1,48,41
clock_write_control,odd,1,49,41
clock_write_control,odd,1,50,41
clock_write_control,odd,1,51,41
clock_write_control,odd,1,52,41
clock_write_control,odd,1,53,41
clock_write_control,odd,1,54,41
clock_write_control,odd,1,55,41
clock_write_control,odd,1,56,41
clock_write_control,odd,1,57,41
clock_write_control,odd,1,58,41
clock_write_control,odd,1,59,41
clock_write_control,odd,1,60,41
clock_write_control,odd,1,61,41
clock_write_control,odd,1,62,41
clock_write_control,odd,1,63,41
clock_write_control,odd,1,64,41
clock_write_control,odd,1,65,41
clock_write_control,odd,1,66,41
clock_write_control,odd,1,67,41
clock_write_control,odd,1,68,41
clock_write_control,odd,1,69,41
clock_write_control,odd,1,70,41
clock_write_control,odd,1,71,41
clock_write_control,odd,1,72,41
clock_write_control,odd,1,73,41
clock_write_control,odd,1,74,41
clock_write_control,odd,1,75,41
clock_write_control,odd,1,76,41
clock_write_control,odd,1,77,41
clock_write_control,odd,1,78,41
clock_write_control,odd,1,79,41
clock_write_control,odd,1,80,41
clock_write_control,odd,1,81,41
clock_write_control,odd,1,82,41
clock_write_control,odd,1,83,41
clock_write_control,odd,1,84,41
clock_write_control,odd,1,85,41
clock_write_control,odd,1,86,41
clock_write_control,odd,1,87,41
clock_write_control,odd,1,88,41
clock_write_control,odd,1,89,41
clock_write_control,odd,1,90,41
clock_write_control,odd,1,91,41
clock_write_control,odd,1,92,41
clock_write_control,odd,1,93,41
clock_write_control,odd,1,94,41
clock_write_control,odd,1,95,41
clock_write_control,odd,1,96,41
clock_write_control,odd,1,97,41
clock_write_control,odd,1,98,41
clock_write_control,odd,1,99,41
clock_write_control,odd,1,100,70
clock_write_control,odd,1,101,41
clock_write_control,odd,1,102,41
clock_write_control,odd,1,103,41
clock_write_control,odd,1,104,41
clock_write_control,odd,1,105,41
clock_write_control,odd,1,106,41
clock_write_control,odd,1,107,41
clock_write_control,odd,1,108,41
clock_write_control,odd,1,109,41
clock_write_control,odd,1,110,41
clock_write_control,odd,1,111,41
clock_write_control,odd,1,112,41
clock_write_control,odd,1,113,41
clock_write_control,odd,1,114,41
clock_write_control,odd,1,115,41
clock_write_control,odd,1,116,41
clock_write_control,odd,1,117,41
clock_write_control,odd,1,118,41
clock_write_control,odd,1,119,41
clock_write_control,odd,1,120,41
clock_write_control,odd,1,121,41
clock_write_control,odd,1,122,41
clock_write_control,odd,1,123,41
clock_write_control,odd,1,124,51
clock_write_control,odd,1,125,51
clock_write_control,odd,1,126,51
clock_write_control,odd,1,127,50
clock_write_control,odd,1,128,41
clock_write_control,odd,1,129,41
clock_write_control,odd,1,130,41
clock_write_control,odd,1,131,41
clock_write_control,odd,1,132,41
clock_write_control,odd,1,133,41
clock_write_control,odd,1,134,41
clock_write_control,odd,1,135,41
clock_write_control,odd,1,136,41
clock_write_control,odd,1,137,41
clock_write_control,odd,1,138,41
clock_write_control,odd,1,139,41
clock_write_control,odd,1,140,41
clock_write_control,odd,1,141,41
clock_write_control,odd,1,142,41
clock_write_control,odd,1,143,41
clock_write_control,odd,1,144,41
clock_write_control,odd,1,145,41
clock_write_control,odd,1,146,41
clock_write_control,odd,1,147,41
clock_write_control,odd,1,148,41
clock_write_control,odd,1,149,41
clock_write_control,odd,1,150,41
clock_write_control,odd,1,151,41
clock_write_control,odd,1,152,41
clock_write_control,odd,1,153,41
clock_write_control,odd,1,154,41
clock_write_control,odd,1,155,5590
clock_write_control,odd,1,156,41
clock_write_control,odd,1,157,41
clock_write_control,odd,1,158,41
clock_write_control,odd,1,159,41
clock_write_control,odd,1,160,41
clock_write_control,odd,1,161,41
clock_write_control,odd,1,162,41
clock_write_control,odd,1,163,41
clock_write_control,odd,1,164,41
clock_write_control,odd,1,165,41
clock_write_control,odd,1,166,41
clock_write_control,odd,1,167,41
clock_write_control,odd,1,168,41
clock_write_control,odd,1,169,41
clock_write_control,odd,1,170,41
clock_write_control,odd,1,171,41
clock_write_control,odd,1,172,41
clock_write_control,odd,1,173,41
clock_write_control,odd,1,174,41
clock_write_control,odd,1,175,50
clock_write_control,odd,1,176,41
clock_write_control,odd,1,177,41
clock_write_control,odd,1,178,41
clock_write_control,odd,1,179,41
clock_write_control,odd,1,180,41
clock_write_control,odd,1,181,41
clock_write_control,odd,1,182,41
clock_write_control,odd,1,183,41
clock_write_control,odd,1,184,41
clock_write_control,odd,1,185,41
clock_write_control,odd,1,186,41
clock_write_control,odd,1,187,41
clock_write_control,odd,1,188,41
clock_write_control,odd,1,189,41
clock_write_control,odd,1,190,41
clock_write_control,odd,1,191,41
clock_write_control,odd,1,192,41
clock_write_control,odd,1,193,41
clock_write_control,odd,1,194,41
clock_write_control,odd,1,195,41
clock_write_control,odd,1,196,41
clock_write_control,odd,1,197,41
clock_write_control,odd,1,198,41
clock_write_control,odd,1,199,41
clock_write_control,odd,1,200,41
clock_write_control,odd,1,201,41
clock_write_control,odd,1,202,41
clock_write_control,odd,1,203,41
clock_write_control,odd,1,204,41
clock_write_control,odd,1,205,41
clock_write_control,odd,1,206,41
clock_write_control,odd,1,207,41
clock_write_control,odd,1,208,41
clock_write_control,odd,1,209,5390
clock_write_control,odd,1,210,41
clock_write_control,odd,1,211,41
clock_write_control,odd,1,212,41
clock_write_control,odd,1,213,41
clock_write_control,odd,1,214,41
clock_write_control,odd,1,215,41
clock_write_control,odd,1,216,41
clock_write_control,odd,1,217,41
clock_write_control,odd,1,218,41
clock_write_control,odd,1,219,41
clock_write_control,odd,1,220,41
clock_write_control,odd,1,221,41
clock_write_control,odd,1,222,41
clock_write_control,odd,1,223,41
clock_write_control,odd,1,224,41
clock_write_control,odd,1,225,41
clock_write_control,odd,1,226,41
clock_write_control,odd,1,227,41
clock_write_control,odd,1,228,41
clock_write_control,odd,1,229,41
clock_write_control,odd,1,230,41
clock_write_control,odd,1,231,41
clock_write_control,odd,1,232,41
clock_write_control,odd,1,233,51
clock_write_control,odd,1,234,50
clock_write_control,odd,1,235,51
clock_write_control,odd,1,236,50
clock_write_control,odd,1,237,41
clock_write_control,odd,1,238,41
clock_write_control,odd,1,239,41
clock_write_control,odd,1,240,41
clock_write_control,odd,1,241,41
clock_write_control,odd,1,242,41
clock_write_control,odd,1,243,41
clock_write_control,odd,1,244,41
clock_write_control,odd,1,245,41
clock_write_control,odd,1,246,41
clock_write_control,odd,1,247,41
clock_write_control,odd,1,248,41
clock_write_control,odd,1,249,41
clock_write_control,odd,1,250,41
clock_write_control,odd,1,251,41
clock_write_control,odd,1,252,41
clock_write_control,odd,1,253,41
clock_write_control,odd,1,254,41
clock_write_control,odd,1,255,41
clock_write_control,odd,1,256,41
clock_write_control,odd,1,257,41
clock_write_control,odd,1,258,41
clock_write_control,odd,1,259,41
clock_write_control,odd,1,260,41
clock_write_control,odd,1,261,41
clock_write_control,odd,1,262,41
clock_write_control,odd,1,263,60
clock_write_control,odd,1,264,41
clock_write_control,odd,1,265,41
clock_write_control,odd,1,266,41
clock_write_control,odd,1,267,41
clock_write_control,odd,1,268,41
clock_write_control,odd,1,269,41
clock_write_control,odd,1,270,41
clock_write_control,odd,1,271,41
clock_write_control,odd,1,272,41
clock_write_control,odd,1,273,41
clock_write_control,odd,1,274,41
clock_write_control,odd,1,275,41
clock_write_control,odd,1,276,41
clock_write_control,odd,1,277,41
clock_write_control,odd,1,278,41
clock_write_control,odd,1,279,41
clock_write_control,odd,1,280,41
clock_write_control,odd,1,281,41
clock_write_control,odd,1,282,41
clock_write_control,odd,1,283,41
clock_write_control,odd,1,284,41
clock_write_control,odd,1,285,41
clock_write_control,odd,1,286,41
clock_write_control,odd,1,287,41
clock_write_control,odd,1,288,531
clock_write_control,odd,1,289,41
clock_write_control,odd,1,290,41
clock_write_control,odd,1,291,41
clock_write_control,odd,1,292,41
clock_write_control,odd,1,293,41
clock_write_control,odd,1,294,41
clock_write_control,odd,1,295,41
clock_write_control,odd,1,296,41
clock_write_control,odd,1,297,41
clock_write_control,odd,1,298,41
clock_write_control,odd,1,299,41
clock_write_control,odd,1,300,41
clock_write_control,odd,1,301,41
clock_write_control,odd,1,302,41
clock_write_control,odd,1,303,41
clock_write_control,odd,1,304,41
clock_write_control,odd,1,305,41
clock_write_control,odd,1,306,41
clock_write_control,odd,1,307,41
clock_write_control,odd,1,308,41
clock_write_control,odd,1,309,531
clock_write_control,odd,1,310,50
clock_write_control,odd,1,311,41
clock_write_control,odd,1,312,41
clock_write_control,odd,1,313,41
clock_write_control,odd,1,314,41
clock_write_control,odd,1,315,41
clock_write_control,odd,1,316,41
clock_write_control,odd,1,317,41
clock_write_control,odd,1,318,6763
clock_write_control,odd,1,319,41
clock_write_control,odd,1,320,41
clock_write_control,odd,1,321,41
clock_write_control,odd,1,322,41
clock_write_control,odd,1,323,41
clock_write_control,odd,1,324,41
clock_write_control,odd,1,325,41
clock_write_control,odd,1,326,41
clock_write_control,odd,1,327,41
clock_write_control,odd,1,328,41
clock_write_control,odd,1,329,41
clock_write_control,odd,1,330,41
clock_write_control,odd,1,331,41
clock_write_control,odd,1,332,41
clock_write_control,odd,1,333,41
clock_write_control,odd,1,334,41
clock_write_control,odd,1,335,41
clock_write_control,odd,1,336,41
clock_write_control,odd,1,337,50
clock_write_control,odd,1,338,50
clock_write_control,odd,1,339,50
clock_write_control,odd,1,340,41
clock_write_control,odd,1,341,41
clock_write_control,odd,1,342,41
clock_write_control,odd,1,343,41
clock_write_control,odd,1,344,41
clock_write_control,odd,1,345,41
clock_write_control,odd,1,346,41
clock_write_control,odd,1,347,41
clock_write_control,odd,1,348,41
clock_write_control,odd,1,349,41
clock_write_control,odd,1,350,41
clock_write_control,odd,1,351,41
clock_write_control,odd,1,352,42
clock_write_control,odd,1,353,41
clock_write_control,odd,1,354,41
clock_write_control,odd,1,355,41
clock_write_control,odd,1,356,41
clock_write_control,odd,1,357,41
clock_write_control,odd,1,358,41
clock_write_control,odd,1,359,41
clock_write_control,odd,1,360,41
clock_write_control,odd,1,361,41
clock_write_control,odd,1,362,41
clock_write_control,odd,1,363,41
clock_write_control,odd,1,364,41
clock_write_control,odd,1,365,41
clock_write_control,odd,1,366,41
clock_write_control,odd,1,367,41
clock_write_control,odd,1,368,41
clock_write_control,odd,1,369,41
clock_write_control,odd,1,370,41
clock_write_control,odd,1,371,41
clock_write_control,odd,1,372,6523
clock_write_control,odd,1,373,41
clock_write_control,odd,1,374,41
clock_write_control,odd,1,375,41
clock_write_control,odd,1,376,41
clock_write_control,odd,1,377,41
clock_write_control,odd,1,378,41
clock_write_control,odd,1,379,41
clock_write_control,odd,1,380,41
clock_write_control,odd,1,381,41
clock_write_control,odd,1,382,41
clock_write_control,odd,1,383,41
clock_write_control,odd,1,384,41
clock_write_control,odd,1,385,41
clock_write_control,odd,1,386,41
clock_write_control,odd,1,387,41
clock_write_control,odd,1,388,41
clock_write_control,odd,1,389,41
clock_write_control,odd,1,390,41
clock_write_control,odd,1,391,41
clock_write_control,odd,1,392,41
clock_write_control,odd,1,393,41
clock_write_control,odd,1,394,41
clock_write_control,odd,1,395,41
clock_write_control,odd,1,396,41
clock_write_control,odd,1,397,41
clock_write_control,odd,1,398,41
clock_write_control,odd,1,399,41
pool,odd,1,0,41
pool,odd,1,1,41
pool,odd,1,2,41
pool,odd,1,3,41
pool,odd,1,4,41
pool,odd,1,5,41
pool,odd,1,6,41
pool,odd,1,7,41
pool,odd,1,8,41
pool,odd,1,9,41
pool,odd,1,10,41
pool,odd,1,11,41
pool,odd,1,12,41
pool,odd,1,13,41
pool,odd,1,14,41
pool,odd,1,15,41
pool,odd,1,16,41
pool,odd,1,17,41
pool,odd,1,18,50
pool,odd,1,19,51
pool,odd,1,20,41
pool,odd,1,21,41
pool,odd,1,22,41
pool,odd,1,23,41
pool,odd,1,24,41
pool,odd,1,25,41
pool,odd,1,26,41
pool,odd,1,27,41
pool,odd,1,28,41
pool,odd,1,29,41
pool,odd,1,30,41
pool,odd,1,31,41
pool,odd,1,32,41
pool,odd,1,33,41
pool,odd,1,34,41
pool,odd,1,35,41
pool,odd,1,36,41
pool,odd,1,37,41
pool,odd,1,38,41
pool,odd,1,39,41
pool,odd,1,40,41
pool,odd,1,41,41
pool,odd,1,42,41
pool,odd,1,43,41
pool,odd,1,44,41
pool,odd,1,45,41
pool,odd,1,46,41
pool,odd,1,47,41
pool,odd,1,48,41
pool,odd,1,49,41
pool,odd,1,50,41
pool,odd,1,51,41
pool,odd,1,52,41
pool,odd,1,53,41
pool,odd,1,54,41
pool,odd,1,55,41
pool,odd,1,56,41
pool,odd,1,57,41
pool,odd,1,58,41
pool,odd,1,59,41
pool,odd,1,60,41
pool,odd,1,61,41
pool,odd,1,62,41
pool,odd,1,63,41
pool,odd,1,64,41
pool,odd,1,65,41
pool,odd,1,66,41
pool,odd,1,67,41
pool,odd,1,68,41
pool,odd,1,69,41
pool,odd,1,70,41
pool,odd,1,71,41
pool,odd,1,72,41
pool,odd,1,73,41
pool,odd,1,74,41
pool,odd,1,75,51
pool,odd,1,76,50
pool,odd,1,77,51
pool,odd,1,78,51
pool,odd,1,79,41
pool,odd,1,80,41
pool,odd,1,81,41
pool,odd,1,82,110
pool,odd,1,83,41
pool,odd,1,84,41
pool,odd,1,85,41
pool,odd,1,86,41
pool,odd,1,87,41
pool,odd,1,88,120
pool,odd,1,89,41
pool,odd,1,90,41
pool,odd,1,91,41
pool,odd,1,92,41
pool,odd,1,93,41
pool,odd,1,94,41
pool,odd,1,95,41
pool,odd,1,96,41
pool,odd,1,97,50
pool,odd,1,98,51
pool,odd,1,99,41
pool,odd,1,100,41
pool,odd,1,101,41
pool,odd,1,102,41
pool,odd,1,103,41
pool,odd,1,104,90
pool,odd,1,105,41
pool,odd,1,106,41
pool,odd,1,107,41
pool,odd,1,108,41
pool,odd,1,109,41
pool,odd,1,110,41
pool,odd,1,111,41
pool,odd,1,112,41
pool,odd,1,113,41
pool,odd,1,114,41
pool,odd,1,115,41
pool,odd,1,116,41
pool,odd,1,117,41
pool,odd,1,118,41
pool,odd,1,119,41
pool,odd,1,120,41
pool,odd,1,121,41
pool,odd,1,122,41
pool,odd,1,123,41
pool,odd,1,124,41
pool,odd,1,125,41
pool,odd,1,126,41
pool,odd,1,127,41
pool,odd,1,128,41
pool,odd,1,129,41
pool,odd,1,130,41
pool,odd,1,131,41
pool,odd,1,132,41
pool,odd,1,133,41
pool,odd,1,134,41
pool,odd,1,135,41
pool,odd,1,136,41
pool,odd,1,137,41
pool,odd,1,138,41
pool,odd,1,139,41
pool,odd,1,140,41
pool,odd,1,141,41
pool,odd,1,142,41
pool,odd,1,143,41
pool,odd,1,144,41
pool,odd,1,145,41
pool,odd,1,146,41
pool,odd,1,147,41
pool,odd,1,148,41
pool,odd,1,149,41
pool,odd,1,150,41
pool,odd,1,151,41
pool,odd,1,152,41
pool,odd,1,153,41
pool,odd,1,154,41
pool,odd,1,155,41
pool,odd,1,156,41
pool,odd,1,157,41
pool,odd,1,158,41
pool,odd,1,159,41
pool,odd,1,160,41
pool,odd,1,161,41
pool,odd,1,162,41
pool,odd,1,163,41
pool,odd,1,164,41
pool,odd,1,165,41
pool,odd,1,166,41
pool,odd,1,167,41
pool,odd,1,168,41
pool,odd,1,169,41
pool,odd,1,170,41
pool,odd,1,171,41
pool,odd,1,172,41
pool,odd,1,173,41
pool,odd,1,174,41
pool,odd,1,175,41
pool,odd,1,176,41
pool,odd,1,177,50
pool,odd,1,178,41
pool,odd,1,179,41
pool,odd,1,180,41
pool,odd,1,181,41
pool,odd,1,182,41
pool,odd,1,183,41
pool,odd,1,184,41
pool,odd,1,185,41
pool,odd,1,186,41
pool,odd,1,187,41
pool,odd,1,188,41
pool,odd,1,189,41
pool,odd,1,190,41
pool,odd,1,191,41
pool,odd,1,192,41
pool,odd,1,193,41
pool,odd,1,194,41
pool,odd,1,195,41
pool,odd,1,196,41
pool,odd,1,197,41
pool,odd,1,198,41
pool,odd,1,199,41
pool,odd,1,200,41
pool,odd,1,201,41
pool,odd,1,202,41
pool,odd,1,203,41
pool,odd,1,204,41
pool,odd,1,205,41
pool,odd,1,206,41
pool,odd,1,207,41
pool,odd,1,208,41
pool,odd,1,209,5650
pool,odd,1,210,41
pool,odd,1,211,41
pool,odd,1,212,41
pool,odd,1,213,41
pool,odd,1,214,41
pool,odd,1,215,41
pool,odd,1,216,41
pool,odd,1,217,41
pool,odd,1,218,41
pool,odd,1,219,41
pool,odd,1,220,41
pool,odd,1,221,41
pool,odd,1,222,41
pool,odd,1,223,41
pool,odd,1,224,41
pool,odd,1,225,41
pool,odd,1,226,41
pool,odd,1,227,41
pool,odd,1,228,50
pool,odd,1,229,41
pool,odd,1,230,41
pool,odd,1,231,41
pool,odd,1,232,41
pool,odd,1,233,41
pool,odd,1,234,41
pool,odd,1,235,41
pool,odd,1,236,41
pool,odd,1,237,41
pool,odd,1,238,41
pool,odd,1,239,41
pool,odd,1,240,41
pool,odd,1,241,41
pool,odd,1,242,41
pool,odd,1,243,41
pool,odd,1,244,41
pool,odd,1,245,41
pool,odd,1,246,41
pool,odd,1,247,41
pool,odd,1,248,41
pool,odd,1,249,41
pool,odd,1,250,41
pool,odd,1,251,41
pool,odd,1,252,41
pool,odd,1,253,41
pool,odd,1,254,41
pool,odd,1,255,41
pool,odd,1,256,41
pool,odd,1,257,41
pool,odd,1,258,41
pool,odd,1,259,41
pool,odd,1,260,41
pool,odd,1,261,41
pool,odd,1,262,41
pool,odd,1,263,41
pool,odd,1,264,41
pool,odd,1,265,41
pool,odd,1,266,41
pool,odd,1,267,41
pool,odd,1,268,41
pool,odd,1,269,41
pool,odd,1,270,41
pool,odd,1,271,41
pool,odd,1,272,41
pool,odd,1,273,41
pool,odd,1,274,41
pool,odd,1,275,41
pool,odd,1,276,41
pool,odd,1,277,41
pool,odd,1,278,41
pool,odd,1,279,41
pool,odd,1,280,41
pool,odd,1,281,50
pool,odd,1,282,41
pool,odd,1,283,41
pool,odd,1,284,41
pool,odd,1,285,41
pool,odd,1,286,41
pool,odd,1,287,41
pool,odd,1,288,41
pool,odd,1,289,41
pool,odd,1,290,41
pool,odd,1,291,41
pool,odd,1,292,41
pool,odd,1,293,41
pool,odd,1,294,41
pool,odd,1,295,41
pool,odd,1,296,41
pool,odd,1,297,41
pool,odd,1,298,41
pool,odd,1,299,41
pool,odd,1,300,41
pool,odd,1,301,41
pool,odd,1,302,41
pool,odd,1,303,41
pool,odd,1,304,41
pool,odd,1,305,41
pool,odd,1,306,41
pool,odd,1,307,41
pool,odd,1,308,41
pool,odd,1,309,41
pool,odd,1,310,41
pool,odd,1,311,41
pool,odd,1,312,41
pool,odd,1,313,41
pool,odd,1,314,41
pool,odd,1,315,41
pool,odd,1,316,5721
pool,odd,1,317,41
pool,odd,1,318,41
pool,odd,1,319,41
pool,odd,1,320,41
pool,odd,1,321,41
pool,odd,1,322,41
pool,odd,1,323,41
pool,odd,1,324,41
pool,odd,1,325,41
pool,odd,1,326,41
pool,odd,1,327,41
pool,odd,1,328,41
pool,odd,1,329,41
pool,odd,1,330,41
pool,odd,1,331,41
pool,odd,1,332,41
pool,odd,1,333,41
pool,odd,1,334,41
pool,odd,1,335,41
pool,odd,1,336,41
pool,odd,1,337,41
pool,odd,1,338,41
pool,odd,1,339,41
pool,odd,1,340,41
pool,odd,1,341,41
pool,odd,1,342,41
pool,odd,1,343,41
pool,odd,1,344,41
pool,odd,1,345,41
pool,odd,1,346,41
pool,odd,1,347,41
pool,odd,1,348,41
pool,odd,1,349,41
pool,odd,1,350,41
pool,odd,1,351,41
pool,odd,1,352,41
pool,odd,1,353,41
pool,odd,1,354,41
pool,odd,1,355,41
pool,odd,1,356,41
pool,odd,1,357,41
pool,odd,1,358,41
pool,odd,1,359,41
pool,odd,1,360,41
pool,odd,1,361,41
pool,odd,1,362,41
pool,odd,1,363,41
pool,odd,1,364,41
pool,odd,1,365,41
pool,odd,1,366,41
pool,odd,1,367,41
pool,odd,1,368,41
pool,odd,1,369,41
pool,odd,1,370,41
pool,odd,1,371,41
pool,odd,1,372,41
pool,odd,1,373,41
pool,odd,1,374,41
pool,odd,1,375,41
pool,odd,1,376,41
pool,odd,1,377,41
pool,odd,1,378,41
pool,odd,1,379,41
pool,odd,1,380,41
pool,odd,1,381,41
pool,odd,1,382,41
pool,odd,1,383,41
pool,odd,1,384,41
pool,odd,1,385,41
pool,odd,1,386,41
pool,odd,1,387,41
pool,odd,1,388,41
pool,odd,1,389,41
pool,odd,1,390,41
pool,odd,1,391,41
pool,odd,1,392,41
pool,odd,1,393,41
pool,odd,1,394,41
pool,odd,1,395,41
pool,odd,1,396,41
pool,odd,1,397,41
pool,odd,1,398,41
pool,odd,1,399,41
arena,aligned,2,0,41
arena,aligned,2,1,41
arena,aligned,2,2,41
arena,aligned,2,3,41
arena,aligned,2,4,41
arena,aligned,2,5,41
arena,aligned,2,6,41
arena,aligned,2,7,41
arena,aligned,2,8,41
arena,aligned,2,9,41
arena,aligned,2,10,41
arena,aligned,2,11,41
arena,aligned,2,12,41
arena,aligned,2,13,41
arena,aligned,2,14,41
arena,aligned,2,15,41
arena,aligned,2,16,41
arena,aligned,2,17,41
arena,aligned,2,18,41
arena,aligned,2,19,41
arena,aligned,2,20,41
arena,aligned,2,21,41
arena,aligned,2,22,41
arena,aligned,2,23,50
arena,aligned,2,24,50
arena,aligned,2,25,51
arena,aligned,2,26,51
arena,aligned,2,27,41
arena,aligned,2,28,41
arena,aligned,2,29,41
arena,aligned,2,30,41
arena,aligned,2,31,41
arena,aligned,2,32,41
arena,aligned,2,33,41
arena,aligned,2,34,41
arena,aligned,2,35,41
arena,aligned,2,36,41
arena,aligned,2,37,41
arena,aligned,2,38,41
arena,aligned,2,39,41
arena,aligned,2,40,41
arena,aligned,2,41,41
arena,aligned,2,42,41
arena,aligned,2,43,41
arena,aligned,2,44,41
arena,aligned,2,45,41
arena,aligned,2,46,41
arena,aligned,2,47,41
arena,aligned,2,48,41
arena,aligned,2,49,41
arena,aligned,2,50,41
arena,aligned,2,51,41
arena,aligned,2,52,81
arena,aligned,2,53,41
arena,aligned,2,54,41
arena,aligned,2,55,41
arena,aligned,2,56,41
arena,aligned,2,57,41
arena,aligned,2,58,41
arena,aligned,2,59,41
arena,aligned,2,60,41
arena,aligned,2,61,41
arena,aligned,2,62,41
arena,aligned,2,63,41
arena,aligned,2,64,41
arena,aligned,2,65,41
arena,aligned,2,66,41
arena,aligned,2,67,41
arena,aligned,2,68,41
arena,aligned,2,69,41
arena,aligned,2,70,41
arena,aligned,2,71,41
arena,aligned,2,72,41
arena,aligned,2,73,41
arena,aligned,2,74,41
arena,aligned,2,75,41
arena,aligned,2,76,41
arena,aligned,2,77,50
arena,aligned,2,78,41
arena,aligned,2,79,41
arena,aligned,2,80,41
arena,aligned,2,81,41
arena,aligned,2,82,41
arena,aligned,2,83,41
arena,aligned,2,84,41
arena,aligned,2,85,41
arena,aligned,2,86,41
arena,aligned,2,87,41
arena,aligned,2,88,41
arena,aligned,2,89,41
arena,aligned,2,90,41
arena,aligned,2,91,41
arena,aligned,2,92,41
arena,aligned,2,93,41
arena,aligned,2,94,61
arena,aligned,2,95,121
arena,aligned,2,96,41
arena,aligned,2,97,41
arena,aligned,2,98,41
arena,aligned,2,99,41
arena,aligned,2,100,41
arena,aligned,2,101,41
arena,aligned,2,102,41
arena,aligned,2,103,41
arena,aligned,2,104,41
arena,aligned,2,105,41
arena,aligned,2,106,6402
arena,aligned,2,107,41
arena,aligned,2,108,41
arena,aligned,2,109,41
arena,aligned,2,110,41
arena,aligned,2,111,41
arena,aligned,2,112,41
arena,aligned,2,113,110
arena,aligned,2,114,41
arena,aligned,2,115,41
arena,aligned,2,116,41
arena,aligned,2,117,41
arena,aligned,2,118,41
arena,aligned,2,119,41
arena,aligned,2,120,41
arena,aligned,2,121,41
arena,aligned,2,122,41
arena,aligned,2,123,41
arena,aligned,2,124,41
arena,aligned,2,125,41
arena,aligned,2,126,51
arena,aligned,2,127,51
arena,aligned,2,128,50
arena,aligned,2,129,41
arena,aligned,2,130,41
arena,aligned,2,131,41
arena,aligned,2,132,41
arena,aligned,2,133,41
arena,aligned,2,134,41
arena,aligned,2,135,41
arena,aligned,2,136,41
arena,aligned,2,137,41
arena,aligned,2,138,41
arena,aligned,2,139,41
arena,aligned,2,140,41
arena,aligned,2,141,41
arena,aligned,2,142,41
arena,aligned,2,143,41
arena,aligned,2,144,41
arena,aligned,2,145,41
arena,aligned,2,146,41
arena,aligned,2,147,41
arena,aligned,2,148,41
arena,aligned,2,149,41
arena,aligned,2,150,41
arena,aligned,2,151,41
arena,aligned,2,152,41
arena,aligned,2,153,41
arena,aligned,2,154,41
arena,aligned,2,155,41
arena,aligned,2,156,41
arena,aligned,2,157,41
arena,aligned,2,158,41
arena,aligned,2,159,41
arena,aligned,2,160,41
arena,aligned,2,161,41
arena,aligned,2,162,41
arena,aligned,2,163,41
arena,aligned,2,164,41
arena,aligned,2,165,41
arena,aligned,2,166,41
arena,aligned,2,167,41
arena,aligned,2,168,41
arena,aligned,2,169,41
arena,aligned,2,170,41
arena,aligned,2,171,41
arena,aligned,2,172,41
arena,aligned,2,173,41
arena,aligned,2,174,41
arena,aligned,2,175,41
arena,aligned,2,176,41
arena,aligned,2,177,41
arena,aligned,2,178,41
arena,aligned,2,179,41
arena,aligned,2,180,41
arena,aligned,2,181,41
arena,aligned,2,182,41
arena,aligned,2,183,41
arena,aligned,2,184,41
arena,aligned,2,185,41
arena,aligned,2,186,41
arena,aligned,2,187,41
arena,aligned,2,188,41
arena,aligned,2,189,41
arena,aligned,2,190,41
arena,aligned,2,191,41
arena,aligned,2,192,41
arena,aligned,2,193,41
arena,aligned,2,194,41
arena,aligned,2,195,41
arena,aligned,2,196,41
arena,aligned,2,197,41
arena,aligned,2,198,41
arena,aligned,2,199,41
arena,aligned,2,200,41
arena,aligned,2,201,41
arena,aligned,2,202,41
arena,aligned,2,203,41
arena,aligned,2,204,41
arena,aligned,2,205,41
arena,aligned,2,206,41
arena,aligned,2,207,41
arena,aligned,2,208,41
arena,aligned,2,209,41
arena,aligned,2,210,41
arena,aligned,2,211,41
arena,aligned,2,212,41
arena,aligned,2,213,41
arena,aligned,2,214,70
arena,aligned,2,215,41
arena,aligned,2,216,41
arena,aligned,2,217,41
arena,aligned,2,218,41
arena,aligned,2,219,41
arena,aligned,2,220,41
arena,aligned,2,221,41
arena,aligned,2,222,41
arena,aligned,2,223,41
arena,aligned,2,224,41
arena,aligned,2,225,41
arena,aligned,2,226,41
arena,aligned,2,227,41
arena,aligned,2,228,41
arena,aligned,2,229,41
arena,aligned,2,230,41
arena,aligned,2,231,41
arena,aligned,2,232,41
arena,aligned,2,233,41
arena,aligned,2,234,41
arena,aligned,2,235,41
arena,aligned,2,236,41
arena,aligned,2,237,41
arena,aligned,2,238,41
arena,aligned,2,239,51
arena,aligned,2,240,51
arena,aligned,2,241,51
arena,aligned,2,242,51
arena,aligned,2,243,41
arena,aligned,2,244,41
arena,aligned,2,245,41
arena,aligned,2,246,41
arena,aligned,2,247,41
arena,aligned,2,248,41
arena,aligned,2,249,41
arena,aligned,2,250,41
arena,aligned,2,251,41
arena,aligned,2,252,41
arena,aligned,2,253,41
arena,aligned,2,254,41
arena,aligned,2,255,41
arena,aligned,2,256,41
arena,aligned,2,257,41
arena,aligned,2,258,41
arena,aligned,2,259,41
arena,aligned,2,260,41
arena,aligned,2,261,41
arena,aligned,2,262,41
arena,aligned,2,263,41
arena,aligned,2,264,41
arena,aligned,2,265,41
arena,aligned,2,266,41
arena,aligned,2,267,41
arena,aligned,2,268,5800
arena,aligned,2,269,41
arena,aligned,2,270,41
arena,aligned,2,271,41
arena,aligned,2,272,41
arena,aligned,2,273,41
arena,aligned,2,274,41
arena,aligned,2,275,41
arena,aligned,2,276,41
arena,aligned,2,277,41
arena,aligned,2,278,41
arena,aligned,2,279,41
arena,aligned,2,280,41
arena,aligned,2,281,41
arena,aligned,2,282,41
arena,aligned,2,283,41
arena,aligned,2,284,41
arena,aligned,2,285,41
arena,aligned,2,286,41
arena,aligned,2,287,41
arena,aligned,2,288,41
arena,aligned,2,289,41
arena,aligned,2,290,41
arena,aligned,2,291,41
arena,aligned,2,292,50
arena,aligned,2,293,51
arena,aligned,2,294,50
arena,aligned,2,295,41
arena,aligned,2,296,41
arena,aligned,2,297,41
arena,aligned,2,298,41
arena,aligned,2,299,41
arena,aligned,2,300,41
arena,aligned,2,301,41
arena,aligned,2,302,41
arena,aligned,2,303,41
arena,aligned,2,304,41
arena,aligned,2,305,41
arena,aligned,2,306,41
arena,aligned,2,307,41
arena,aligned,2,308,41
arena,aligned,2,309,41
arena,aligned,2,310,41
arena,aligned,2,311,41
arena,aligned,2,312,41
arena,aligned,2,313,41
arena,aligned,2,314,41
arena,aligned,2,315,41
arena,aligned,2,316,42
arena,aligned,2,317,41
arena,aligned,2,318,41
arena,aligned,2,319,41
arena,aligned,2,320,41
arena,aligned,2,321,7825
arena,aligned,2,322,41
arena,aligned,2,323,41
arena,aligned,2,324,41
arena,aligned,2,325,41
arena,aligned,2,326,41
arena,aligned,2,327,41
arena,aligned,2,328,41
arena,aligned,2,329,41
arena,aligned,2,330,41
arena,aligned,2,331,41
arena,aligned,2,332,41
arena,aligned,2,333,41
arena,aligned,2,334,41
arena,aligned,2,335,41
arena,aligned,2,336,41
arena,aligned,2,337,41
arena,aligned,2,338,41
arena,aligned,2,339,41
arena,aligned,2,340,41
arena,aligned,2,341,50
arena,aligned,2,342,51
arena,aligned,2,343,41
arena,aligned,2,344,41
arena,aligned,2,345,41
arena,aligned,2,346,41
arena,aligned,2,347,41
arena,aligned,2,348,41
arena,aligned,2,349,41
arena,aligned,2,350,41
arena,aligned,2,351,41
arena,aligned,2,352,41
arena,aligned,2,353,41
arena,aligned,2,354,41
arena,aligned,2,355,41
arena,aligned,2,356,41
arena,aligned,2,357,41
arena,aligned,2,358,41
arena,aligned,2,359,41
arena,aligned,2,360,41
arena,aligned,2,361,41
arena,aligned,2,362,41
arena,aligned,2,363,41
arena,aligned,2,364,41
arena,aligned,2,365,41
arena,aligned,2,366,41
arena,aligned,2,367,41
arena,aligned,2,368,41
arena,aligned,2,369,41
arena,aligned,2,370,41
arena,aligned,2,371,41
arena,aligned,2,372,41
arena,aligned,2,373,41
arena,aligned,2,374,70
arena,aligned,2,375,41
arena,aligned,2,376,41
arena,aligned,2,377,41
arena,aligned,2,378,41
arena,aligned,2,379,41
arena,aligned,2,380,41
arena,aligned,2,381,41
arena,aligned,2,382,41
arena,aligned,2,383,41
arena,aligned,2,384,41
arena,aligned,2,385,41
arena,aligned,2,386,41
arena,aligned,2,387,41
arena,aligned,2,388,41
arena,aligned,2,389,41
arena,aligned,2,390,41
arena,aligned,2,391,41
arena,aligned,2,392,41
arena,aligned,2,393,41
arena,aligned,2,394,50
arena,aligned,2,395,50
arena,aligned,2,396,50
arena,aligned,2,397,41
arena,aligned,2,398,41
arena,aligned,2,399,41
malloc,aligned,2,0,131
malloc,aligned,2,1,71
malloc,aligned,2,2,70
malloc,aligned,2,3,60
malloc,aligned,2,4,60
malloc,aligned,2,5,60
malloc,aligned,2,6,70
malloc,aligned,2,7,60
malloc,aligned,2,8,60
malloc,aligned,2,9,70
malloc,aligned,2,10,70
malloc,aligned,2,11,61
malloc,aligned,2,12,90
malloc,aligned,2,13,70
malloc,aligned,2,14,70
malloc,aligned,2,15,61
malloc,aligned,2,16,60
malloc,aligned,2,17,61
malloc,aligned,2,18,70
malloc,aligned,2,19,60
malloc,aligned,2,20,61
malloc,aligned,2,21,60
malloc,aligned,2,22,61
malloc,aligned,2,23,60
malloc,aligned,2,24,60
malloc,aligned,2,25,70
malloc,aligned,2,26,70
malloc,aligned,2,27,70
malloc,aligned,2,28,61
malloc,aligned,2,29,61
malloc,aligned,2,30,60
malloc,aligned,2,31,60
malloc,aligned,2,32,61
malloc,aligned,2,33,61
malloc,aligned,2,34,70
malloc,aligned,2,35,61
malloc,aligned,2,36,70
malloc,aligned,2,37,60
malloc,aligned,2,38,60
malloc,aligned,2,39,60
malloc,aligned,2,40,90
malloc,aligned,2,41,70
malloc,aligned,2,42,70
malloc,aligned,2,43,60
malloc,aligned,2,44,70
malloc,aligned,2,45,70
malloc,aligned,2,46,70
malloc,aligned,2,47,60
malloc,aligned,2,48,61
malloc,aligned,2,49,61
malloc,aligned,2,50,60
malloc,aligned,2,51,70
malloc,aligned,2,52,70
malloc,aligned,2,53,70
malloc,aligned,2,54,70
malloc,aligned,2,55,61
malloc,aligned,2,56,70
malloc,aligned,2,57,60
malloc,aligned,2,58,90
malloc,aligned,2,59,81
malloc,aligned,2,60,70
malloc,aligned,2,61,61
malloc,aligned,2,62,60
malloc,aligned,2,63,60
malloc,aligned,2,64,60
malloc,aligned,2,65,61
malloc,aligned,2,66,71
malloc,aligned,2,67,60
malloc,aligned,2,68,70
malloc,aligned,2,69,70
malloc,aligned,2,70,70
malloc,aligned,2,71,60
malloc,aligned,2,72,61
malloc,aligned,2,73,70
malloc,aligned,2,74,71
malloc,aligned,2,75,60
malloc,aligned,2,76,60
malloc,aligned,2,77,70
malloc,aligned,2,78,60
malloc,aligned,2,79,60
malloc,aligned,2,80,61
malloc,aligned,2,81,60
malloc,aligned,2,82,71
malloc,aligned,2,83,60
malloc,aligned,2,84,60
malloc,aligned,2,85,71
malloc,aligned,2,86,60
malloc,aligned,2,87,5340
malloc,aligned,2,88,61
malloc,aligned,2,89,60
malloc,aligned,2,90,71
malloc,aligned,2,91,70
malloc,aligned,2,92,60
malloc,aligned,2,93,60
malloc,aligned,2,94,70
malloc,aligned,2,95,60
malloc,aligned,2,96,70
malloc,aligned,2,97,70
malloc,aligned,2,98,71
malloc,aligned,2,99,60
malloc,aligned,2,100,70
malloc,aligned,2,101,60
malloc,aligned,2,102,70
malloc,aligned,2,103,71
malloc,aligned,2,104,60
malloc,aligned,2,105,70
malloc,aligned,2,106,60
malloc,aligned,2,107,60
malloc,aligned,2,108,70
malloc,aligned,2,109,70
malloc,aligned,2,110,70
malloc,aligned,2,111,60
malloc,aligned,2,112,70
malloc,aligned,2,113,71
malloc,aligned,2,114,70
malloc,aligned,2,115,61
malloc,aligned,2,116,70
malloc,aligned,2,117,60
malloc,aligned,2,118,71
malloc,aligned,2,119,70
malloc,aligned,2,120,60
malloc,aligned,2,121,61
malloc,aligned,2,122,70
malloc,aligned,2,123,61
malloc,aligned,2,124,70
malloc,aligned,2,125,70
malloc,aligned,2,126,71
malloc,aligned,2,127,61
malloc,aligned,2,128,70
malloc,aligned,2,129,61
malloc,aligned,2,130,60
malloc,aligned,2,131,70
malloc,aligned,2,132,61
malloc,aligned,2,133,61
malloc,aligned,2,134,5460
malloc,aligned,2,135,61
malloc,aligned,2,136,70
malloc,aligned,2,137,61
malloc,aligned,2,138,60
malloc,aligned,2,139,61
malloc,aligned,2,140,70
malloc,aligned,2,141,71
malloc,aligned,2,142,70
malloc,aligned,2,143,61
malloc,aligned,2,144,60
malloc,aligned,2,145,70
malloc,aligned,2,146,70
malloc,aligned,2,147,61
malloc,aligned,2,148,70
malloc,aligned,2,149,61
malloc,aligned,2,150,70
malloc,aligned,2,151,71
malloc,aligned,2,152,70
malloc,aligned,2,153,80
malloc,aligned,2,154,81
malloc,aligned,2,155,70
malloc,aligned,2,156,70
malloc,aligned,2,157,70
malloc,aligned,2,158,60
malloc,aligned,2,159,61
malloc,aligned,2,160,61
malloc,aligned,2,161,60
malloc,aligned,2,162,70
malloc,aligned,2,163,71
malloc,aligned,2,164,70
malloc,aligned,2,165,60
malloc,aligned,2,166,71
malloc,aligned,2,167,70
malloc,aligned,2,168,70
malloc,aligned,2,169,61
malloc,aligned,2,170,70
malloc,aligned,2,171,60
malloc,aligned,2,172,70
malloc,aligned,2,173,61
malloc,aligned,2,174,70
malloc,aligned,2,175,61
malloc,aligned,2,176,60
malloc,aligned,2,177,70
malloc,aligned,2,178,60
malloc,aligned,2,179,61
malloc,aligned,2,180,60
malloc,aligned,2,181,91
malloc,aligned,2,182,60
malloc,aligned,2,183,71
malloc,aligned,2,184,80
malloc,aligned,2,185,61
malloc,aligned,2,186,70
malloc,aligned,2,187,70
malloc,aligned,2,188,71
malloc,aligned,2,189,61
malloc,aligned,2,190,61
malloc,aligned,2,191,70
malloc,aligned,2,192,70
malloc,aligned,2,193,70
malloc,aligned,2,194,61
malloc,aligned,2,195,70
malloc,aligned,2,196,61
malloc,aligned,2,197,61
malloc,aligned,2,198,60
malloc,aligned,2,199,61
malloc,aligned,2,200,61
malloc,aligned,2,201,61
malloc,aligned,2,202,70
malloc,aligned,2,203,71
malloc,aligned,2,204,70
malloc,aligned,2,205,70
malloc,aligned,2,206,60
malloc,aligned,2,207,70
malloc,aligned,2,208,70
malloc,aligned,2,209,61
malloc,aligned,2,210,70
malloc,aligned,2,211,61
malloc,aligned,2,212,70
malloc,aligned,2,213,60
malloc,aligned,2,214,60
malloc,aligned,2,215,70
malloc,aligned,2,216,70
malloc,aligned,2,217,70
malloc,aligned,2,218,70
malloc,aligned,2,219,71
malloc,aligned,2,220,70
malloc,aligned,2,221,70
malloc,aligned,2,222,70
malloc,aligned,2,223,70
malloc,aligned,2,224,70
malloc,aligned,2,225,70
malloc,aligned,2,226,70
malloc,aligned,2,227,70
malloc,aligned,2,228,70
malloc,aligned,2,229,70
malloc,aligned,2,230,70
malloc,aligned,2,231,70
malloc,aligned,2,232,70
malloc,aligned,2,233,60
malloc,aligned,2,234,70
malloc,aligned,2,235,61
malloc,aligned,2,236,70
malloc,aligned,2,237,61
malloc,aligned,2,238,70
malloc,aligned,2,239,61
malloc,aligned,2,240,60
malloc,aligned,2,241,61
malloc,aligned,2,242,61
malloc,aligned,2,243,60
malloc,aligned,2,244,70
malloc,aligned,2,245,60
malloc,aligned,2,246,70
malloc,aligned,2,247,71
malloc,aligned,2,248,70
malloc,aligned,2,249,70
malloc,aligned,2,250,70
malloc,aligned,2,251,60
malloc,aligned,2,252,70
malloc,aligned,2,253,70
malloc,aligned,2,254,60
malloc,aligned,2,255,60
malloc,aligned,2,256,71
malloc,aligned,2,257,61
malloc,aligned,2,258,60
malloc,aligned,2,259,70
malloc,aligned,2,260,60
malloc,aligned,2,261,60
malloc,aligned,2,262,71
malloc,aligned,2,263,70
malloc,aligned,2,264,70
malloc,aligned,2,265,70
malloc,aligned,2,266,70
malloc,aligned,2,267,61
malloc,aligned,2,268,61
malloc,aligned,2,269,70
malloc,aligned,2,270,71
malloc,aligned,2,271,61
malloc,aligned,2,272,70
malloc,aligned,2,273,70
malloc,aligned,2,274,60
malloc,aligned,2,275,70
malloc,aligned,2,276,5601
malloc,aligned,2,277,70
malloc,aligned,2,278,60
malloc,aligned,2,279,61
malloc,aligned,2,280,70
malloc,aligned,2,281,70
malloc,aligned,2,282,70
malloc,aligned,2,283,70
malloc,aligned,2,284,71
malloc,aligned,2,285,70
malloc,aligned,2,286,70
malloc,aligned,2,287,71
malloc,aligned,2,288,70
malloc,aligned,2,289,60
malloc,aligned,2,290,70
malloc,aligned,2,291,60
malloc,aligned,2,292,61
malloc,aligned,2,293,70
malloc,aligned,2,294,60
malloc,aligned,2,295,71
malloc,aligned,2,296,70
malloc,aligned,2,297,60
malloc,aligned,2,298,70
malloc,aligned,2,299,60
malloc,aligned,2,300,60
malloc,aligned,2,301,61
malloc,aligned,2,302,60
malloc,aligned,2,303,71
malloc,aligned,2,304,70
malloc,aligned,2,305,70
malloc,aligned,2,306,60
malloc,aligned,2,307,70
malloc,aligned,2,308,61
malloc,aligned,2,309,60
malloc,aligned,2,310,61
malloc,aligned,2,311,70
malloc,aligned,2,312,70
malloc,aligned,2,313,70
malloc,aligned,2,314,70
malloc,aligned,2,315,60
malloc,aligned,2,316,70
malloc,aligned,2,317,70
malloc,aligned,2,318,60
malloc,aligned,2,319,61
malloc,aligned,2,320,70
malloc,aligned,2,321,71
malloc,aligned,2,322,60
malloc,aligned,2,323,70
malloc,aligned,2,324,70
malloc,aligned,2,325,70
malloc,aligned,2,326,70
malloc,aligned,2,327,70
malloc,aligned,2,328,70
malloc,aligned,2,329,70
malloc,aligned,2,330,60
malloc,aligned,2,331,70
malloc,aligned,2,332,70
malloc,aligned,2,333,61
malloc,aligned,2,334,71
malloc,aligned,2,335,70
malloc,aligned,2,336,70
malloc,aligned,2,337,60
malloc,aligned,2,338,60
malloc,aligned,2,339,60
malloc,aligned,2,340,70
malloc,aligned,2,341,70
malloc,aligned,2,342,60
malloc,aligned,2,343,60
malloc,aligned,2,344,70
malloc,aligned,2,345,60
malloc,aligned,2,346,61
malloc,aligned,2,347,60
malloc,aligned,2,348,70
malloc,aligned,2,349,60
malloc,aligned,2,350,60
malloc,aligned,2,351,70
malloc,aligned,2,352,70
malloc,aligned,2,353,61
malloc,aligned,2,354,71
malloc,aligned,2,355,70
malloc,aligned,2,356,71
malloc,aligned,2,357,61
malloc,aligned,2,358,70
malloc,aligned,2,359,70
malloc,aligned,2,360,70
malloc,aligned,2,361,70
malloc,aligned,2,362,60
malloc,aligned,2,363,61
malloc,aligned,2,364,71
malloc,aligned,2,365,60
malloc,aligned,2,366,70
malloc,aligned,2,367,70
malloc,aligned,2,368,60
malloc,aligned,2,369,70
malloc,aligned,2,370,5441
malloc,aligned,2,371,60
malloc,aligned,2,372,71
malloc,aligned,2,373,70
malloc,aligned,2,374,61
malloc,aligned,2,375,60
malloc,aligned,2,376,70
malloc,aligned,2,377,60
malloc,aligned,2,378,60
malloc,aligned,2,379,70
malloc,aligned,2,380,60
malloc,aligned,2,381,70
malloc,aligned,2,382,60
malloc,aligned,2,383,60
malloc,aligned,2,384,70
malloc,aligned,2,385,60
malloc,aligned,2,386,70
malloc,aligned,2,387,70
malloc,aligned,2,388,70
malloc,aligned,2,389,60
malloc,aligned,2,390,70
malloc,aligned,2,391,60
malloc,aligned,2,392,60
malloc,aligned,2,393,70
malloc,aligned,2,394,70
malloc,aligned,2,395,70
malloc,aligned,2,396,61
malloc,aligned,2,397,61
malloc,aligned,2,398,70
malloc,aligned,2,399,61
clock_write_control,aligned,2,0,41
clock_write_control,aligned,2,1,41
clock_write_control,aligned,2,2,41
clock_write_control,aligned,2,3,41
clock_write_control,aligned,2,4,41
clock_write_control,aligned,2,5,41
clock_write_control,aligned,2,6,41
clock_write_control,aligned,2,7,41
clock_write_control,aligned,2,8,41
clock_write_control,aligned,2,9,41
clock_write_control,aligned,2,10,41
clock_write_control,aligned,2,11,41
clock_write_control,aligned,2,12,41
clock_write_control,aligned,2,13,41
clock_write_control,aligned,2,14,41
clock_write_control,aligned,2,15,41
clock_write_control,aligned,2,16,41
clock_write_control,aligned,2,17,41
clock_write_control,aligned,2,18,41
clock_write_control,aligned,2,19,41
clock_write_control,aligned,2,20,41
clock_write_control,aligned,2,21,41
clock_write_control,aligned,2,22,41
clock_write_control,aligned,2,23,41
clock_write_control,aligned,2,24,41
clock_write_control,aligned,2,25,41
clock_write_control,aligned,2,26,41
clock_write_control,aligned,2,27,41
clock_write_control,aligned,2,28,41
clock_write_control,aligned,2,29,41
clock_write_control,aligned,2,30,41
clock_write_control,aligned,2,31,41
clock_write_control,aligned,2,32,41
clock_write_control,aligned,2,33,41
clock_write_control,aligned,2,34,41
clock_write_control,aligned,2,35,41
clock_write_control,aligned,2,36,41
clock_write_control,aligned,2,37,41
clock_write_control,aligned,2,38,41
clock_write_control,aligned,2,39,41
clock_write_control,aligned,2,40,6142
clock_write_control,aligned,2,41,41
clock_write_control,aligned,2,42,41
clock_write_control,aligned,2,43,41
clock_write_control,aligned,2,44,41
clock_write_control,aligned,2,45,41
clock_write_control,aligned,2,46,41
clock_write_control,aligned,2,47,41
clock_write_control,aligned,2,48,41
clock_write_control,aligned,2,49,41
clock_write_control,aligned,2,50,41
clock_write_control,aligned,2,51,41
clock_write_control,aligned,2,52,41
clock_write_control,aligned,2,53,41
clock_write_control,aligned,2,54,41
clock_write_control,aligned,2,55,41
clock_write_control,aligned,2,56,41
clock_write_control,aligned,2,57,41
clock_write_control,aligned,2,58,41
clock_write_control,aligned,2,59,41
clock_write_control,aligned,2,60,41
clock_write_control,aligned,2,61,41
clock_write_control,aligned,2,62,41
clock_write_control,aligned,2,63,41
clock_write_control,aligned,2,64,41
clock_write_control,aligned,2,65,41
clock_write_control,aligned,2,66,41
clock_write_control,aligned,2,67,51
clock_write_control,aligned,2,68,51
clock_write_control,aligned,2,69,50
clock_write_control,aligned,2,70,51
clock_write_control,aligned,2,71,41
clock_write_control,aligned,2,72,41
clock_write_control,aligned,2,73,41
clock_write_control,aligned,2,74,41
clock_write_control,aligned,2,75,41
clock_write_control,aligned,2,76,41
clock_write_control,aligned,2,77,41
clock_write_control,aligned,2,78,41
clock_write_control,aligned,2,79,41
clock_write_control,aligned,2,80,41
clock_write_control,aligned,2,81,41
clock_write_control,aligned,2,82,41
clock_write_control,aligned,2,83,41
clock_write_control,aligned,2,84,41
clock_write_control,aligned,2,85,41
clock_write_control,aligned,2,86,41
clock_write_control,aligned,2,87,41
clock_write_control,aligned,2,88,41
clock_write_control,aligned,2,89,41
clock_write_control,aligned,2,90,41
clock_write_control,aligned,2,91,41
clock_write_control,aligned,2,92,41
clock_write_control,aligned,2,93,41
clock_write_control,aligned,2,94,5931
clock_write_control,aligned,2,95,41
clock_write_control,aligned,2,96,41
clock_write_control,aligned,2,97,41
clock_write_control,aligned,2,98,41
clock_write_control,aligned,2,99,41
clock_write_control,aligned,2,100,41
clock_write_control,aligned,2,101,41
clock_write_control,aligned,2,102,41
clock_write_control,aligned,2,103,41
clock_write_control,aligned,2,104,41
clock_write_control,aligned,2,105,41
clock_write_control,aligned,2,106,41
clock_write_control,aligned,2,107,41
clock_write_control,aligned,2,108,41
clock_write_control,aligned,2,109,41
clock_write_control,aligned,2,110,41
clock_write_control,aligned,2,111,41
clock_write_control,aligned,2,112,41
clock_write_control,aligned,2,113,41
clock_write_control,aligned,2,114,41
clock_write_control,aligned,2,115,41
clock_write_control,aligned,2,116,41
clock_write_control,aligned,2,117,41
clock_write_control,aligned,2,118,41
clock_write_control,aligned,2,119,41
clock_write_control,aligned,2,120,41
clock_write_control,aligned,2,121,41
clock_write_control,aligned,2,122,41
clock_write_control,aligned,2,123,41
clock_write_control,aligned,2,124,41
clock_write_control,aligned,2,125,41
clock_write_control,aligned,2,126,41
clock_write_control,aligned,2,127,41
clock_write_control,aligned,2,128,41
clock_write_control,aligned,2,129,41
clock_write_control,aligned,2,130,41
clock_write_control,aligned,2,131,41
clock_write_control,aligned,2,132,41
clock_write_control,aligned,2,133,41
clock_write_control,aligned,2,134,41
clock_write_control,aligned,2,135,41
clock_write_control,aligned,2,136,41
clock_write_control,aligned,2,137,41
clock_write_control,aligned,2,138,41
clock_write_control,aligned,2,139,41
clock_write_control,aligned,2,140,41
clock_write_control,aligned,2,141,41
clock_write_control,aligned,2,142,41
clock_write_control,aligned,2,143,41
clock_write_control,aligned,2,144,41
clock_write_control,aligned,2,145,41
clock_write_control,aligned,2,146,41
clock_write_control,aligned,2,147,80
clock_write_control,aligned,2,148,10951
clock_write_control,aligned,2,149,41
clock_write_control,aligned,2,150,41
clock_write_control,aligned,2,151,41
clock_write_control,aligned,2,152,41
clock_write_control,aligned,2,153,41
clock_write_control,aligned,2,154,41
clock_write_control,aligned,2,155,41
clock_write_control,aligned,2,156,41
clock_write_control,aligned,2,157,41
clock_write_control,aligned,2,158,41
clock_write_control,aligned,2,159,41
clock_write_control,aligned,2,160,41
clock_write_control,aligned,2,161,41
clock_write_control,aligned,2,162,41
clock_write_control,aligned,2,163,41
clock_write_control,aligned,2,164,41
clock_write_control,aligned,2,165,41
clock_write_control,aligned,2,166,41
clock_write_control,aligned,2,167,41
clock_write_control,aligned,2,168,41
clock_write_control,aligned,2,169,41
clock_write_control,aligned,2,170,50
clock_write_control,aligned,2,171,51
clock_write_control,aligned,2,172,41
clock_write_control,aligned,2,173,41
clock_write_control,aligned,2,174,41
clock_write_control,aligned,2,175,41
clock_write_control,aligned,2,176,41
clock_write_control,aligned,2,177,41
clock_write_control,aligned,2,178,41
clock_write_control,aligned,2,179,41
clock_write_control,aligned,2,180,41
clock_write_control,aligned,2,181,41
clock_write_control,aligned,2,182,41
clock_write_control,aligned,2,183,41
clock_write_control,aligned,2,184,41
clock_write_control,aligned,2,185,41
clock_write_control,aligned,2,186,41
clock_write_control,aligned,2,187,41
clock_write_control,aligned,2,188,41
clock_write_control,aligned,2,189,41
clock_write_control,aligned,2,190,41
clock_write_control,aligned,2,191,41
clock_write_control,aligned,2,192,41
clock_write_control,aligned,2,193,41
clock_write_control,aligned,2,194,41
clock_write_control,aligned,2,195,41
clock_write_control,aligned,2,196,41
clock_write_control,aligned,2,197,41
clock_write_control,aligned,2,198,41
clock_write_control,aligned,2,199,41
clock_write_control,aligned,2,200,41
clock_write_control,aligned,2,201,41
clock_write_control,aligned,2,202,41
clock_write_control,aligned,2,203,41
clock_write_control,aligned,2,204,41
clock_write_control,aligned,2,205,41
clock_write_control,aligned,2,206,41
clock_write_control,aligned,2,207,41
clock_write_control,aligned,2,208,41
clock_write_control,aligned,2,209,41
clock_write_control,aligned,2,210,41
clock_write_control,aligned,2,211,41
clock_write_control,aligned,2,212,41
clock_write_control,aligned,2,213,41
clock_write_control,aligned,2,214,41
clock_write_control,aligned,2,215,41
clock_write_control,aligned,2,216,41
clock_write_control,aligned,2,217,41
clock_write_control,aligned,2,218,41
clock_write_control,aligned,2,219,41
clock_write_control,aligned,2,220,41
clock_write_control,aligned,2,221,41
clock_write_control,aligned,2,222,41
clock_write_control,aligned,2,223,41
clock_write_control,aligned,2,224,41
clock_write_control,aligned,2,225,51
clock_write_control,aligned,2,226,50
clock_write_control,aligned,2,227,41
clock_write_control,aligned,2,228,41
clock_write_control,aligned,2,229,41
clock_write_control,aligned,2,230,41
clock_write_control,aligned,2,231,41
clock_write_control,aligned,2,232,41
clock_write_control,aligned,2,233,41
clock_write_control,aligned,2,234,41
clock_write_control,aligned,2,235,41
clock_write_control,aligned,2,236,41
clock_write_control,aligned,2,237,41
clock_write_control,aligned,2,238,41
clock_write_control,aligned,2,239,41
clock_write_control,aligned,2,240,41
clock_write_control,aligned,2,241,41
clock_write_control,aligned,2,242,41
clock_write_control,aligned,2,243,41
clock_write_control,aligned,2,244,41
clock_write_control,aligned,2,245,41
clock_write_control,aligned,2,246,41
clock_write_control,aligned,2,247,41
clock_write_control,aligned,2,248,41
clock_write_control,aligned,2,249,41
clock_write_control,aligned,2,250,41
clock_write_control,aligned,2,251,41
clock_write_control,aligned,2,252,41
clock_write_control,aligned,2,253,41
clock_write_control,aligned,2,254,41
clock_write_control,aligned,2,255,41
clock_write_control,aligned,2,256,41
clock_write_control,aligned,2,257,41
clock_write_control,aligned,2,258,41
clock_write_control,aligned,2,259,41
clock_write_control,aligned,2,260,41
clock_write_control,aligned,2,261,41
clock_write_control,aligned,2,262,41
clock_write_control,aligned,2,263,41
clock_write_control,aligned,2,264,41
clock_write_control,aligned,2,265,41
clock_write_control,aligned,2,266,41
clock_write_control,aligned,2,267,41
clock_write_control,aligned,2,268,41
clock_write_control,aligned,2,269,41
clock_write_control,aligned,2,270,41
clock_write_control,aligned,2,271,41
clock_write_control,aligned,2,272,41
clock_write_control,aligned,2,273,41
clock_write_control,aligned,2,274,41
clock_write_control,aligned,2,275,41
clock_write_control,aligned,2,276,41
clock_write_control,aligned,2,277,41
clock_write_control,aligned,2,278,41
clock_write_control,aligned,2,279,41
clock_write_control,aligned,2,280,41
clock_write_control,aligned,2,281,41
clock_write_control,aligned,2,282,41
clock_write_control,aligned,2,283,41
clock_write_control,aligned,2,284,50
clock_write_control,aligned,2,285,51
clock_write_control,aligned,2,286,51
clock_write_control,aligned,2,287,50
clock_write_control,aligned,2,288,41
clock_write_control,aligned,2,289,41
clock_write_control,aligned,2,290,41
clock_write_control,aligned,2,291,41
clock_write_control,aligned,2,292,41
clock_write_control,aligned,2,293,41
clock_write_control,aligned,2,294,41
clock_write_control,aligned,2,295,41
clock_write_control,aligned,2,296,41
clock_write_control,aligned,2,297,41
clock_write_control,aligned,2,298,41
clock_write_control,aligned,2,299,41
clock_write_control,aligned,2,300,41
clock_write_control,aligned,2,301,41
clock_write_control,aligned,2,302,41
clock_write_control,aligned,2,303,41
clock_write_control,aligned,2,304,41
clock_write_control,aligned,2,305,41
clock_write_control,aligned,2,306,41
clock_write_control,aligned,2,307,41
clock_write_control,aligned,2,308,41
clock_write_control,aligned,2,309,41
clock_write_control,aligned,2,310,41
clock_write_control,aligned,2,311,5661
clock_write_control,aligned,2,312,41
clock_write_control,aligned,2,313,41
clock_write_control,aligned,2,314,41
clock_write_control,aligned,2,315,41
clock_write_control,aligned,2,316,41
clock_write_control,aligned,2,317,41
clock_write_control,aligned,2,318,41
clock_write_control,aligned,2,319,41
clock_write_control,aligned,2,320,41
clock_write_control,aligned,2,321,41
clock_write_control,aligned,2,322,41
clock_write_control,aligned,2,323,41
clock_write_control,aligned,2,324,41
clock_write_control,aligned,2,325,41
clock_write_control,aligned,2,326,41
clock_write_control,aligned,2,327,41
clock_write_control,aligned,2,328,41
clock_write_control,aligned,2,329,41
clock_write_control,aligned,2,330,41
clock_write_control,aligned,2,331,41
clock_write_control,aligned,2,332,41
clock_write_control,aligned,2,333,41
clock_write_control,aligned,2,334,41
clock_write_control,aligned,2,335,51
clock_write_control,aligned,2,336,41
clock_write_control,aligned,2,337,41
clock_write_control,aligned,2,338,41
clock_write_control,aligned,2,339,41
clock_write_control,aligned,2,340,41
clock_write_control,aligned,2,341,41
clock_write_control,aligned,2,342,41
clock_write_control,aligned,2,343,41
clock_write_control,aligned,2,344,41
clock_write_control,aligned,2,345,41
clock_write_control,aligned,2,346,41
clock_write_control,aligned,2,347,41
clock_write_control,aligned,2,348,41
clock_write_control,aligned,2,349,41
clock_write_control,aligned,2,350,41
clock_write_control,aligned,2,351,41
clock_write_control,aligned,2,352,41
clock_write_control,aligned,2,353,41
clock_write_control,aligned,2,354,41
clock_write_control,aligned,2,355,41
clock_write_control,aligned,2,356,41
clock_write_control,aligned,2,357,41
clock_write_control,aligned,2,358,41
clock_write_control,aligned,2,359,41
clock_write_control,aligned,2,360,41
clock_write_control,aligned,2,361,41
clock_write_control,aligned,2,362,41
clock_write_control,aligned,2,363,41
clock_write_control,aligned,2,364,41
clock_write_control,aligned,2,365,70
clock_write_control,aligned,2,366,41
clock_write_control,aligned,2,367,41
clock_write_control,aligned,2,368,41
clock_write_control,aligned,2,369,41
clock_write_control,aligned,2,370,41
clock_write_control,aligned,2,371,41
clock_write_control,aligned,2,372,41
clock_write_control,aligned,2,373,41
clock_write_control,aligned,2,374,41
clock_write_control,aligned,2,375,41
clock_write_control,aligned,2,376,41
clock_write_control,aligned,2,377,41
clock_write_control,aligned,2,378,41
clock_write_control,aligned,2,379,41
clock_write_control,aligned,2,380,41
clock_write_control,aligned,2,381,41
clock_write_control,aligned,2,382,41
clock_write_control,aligned,2,383,41
clock_write_control,aligned,2,384,41
clock_write_control,aligned,2,385,41
clock_write_control,aligned,2,386,41
clock_write_control,aligned,2,387,41
clock_write_control,aligned,2,388,41
clock_write_control,aligned,2,389,41
clock_write_control,aligned,2,390,41
clock_write_control,aligned,2,391,41
clock_write_control,aligned,2,392,41
clock_write_control,aligned,2,393,50
clock_write_control,aligned,2,394,50
clock_write_control,aligned,2,395,51
clock_write_control,aligned,2,396,50
clock_write_control,aligned,2,397,41
clock_write_control,aligned,2,398,41
clock_write_control,aligned,2,399,41
pool,aligned,2,0,41
pool,aligned,2,1,41
pool,aligned,2,2,41
pool,aligned,2,3,41
pool,aligned,2,4,41
pool,aligned,2,5,41
pool,aligned,2,6,41
pool,aligned,2,7,41
pool,aligned,2,8,41
pool,aligned,2,9,41
pool,aligned,2,10,41
pool,aligned,2,11,41
pool,aligned,2,12,41
pool,aligned,2,13,41
pool,aligned,2,14,41
pool,aligned,2,15,41
pool,aligned,2,16,51
pool,aligned,2,17,51
pool,aligned,2,18,41
pool,aligned,2,19,41
pool,aligned,2,20,41
pool,aligned,2,21,41
pool,aligned,2,22,41
pool,aligned,2,23,41
pool,aligned,2,24,41
pool,aligned,2,25,41
pool,aligned,2,26,41
pool,aligned,2,27,41
pool,aligned,2,28,41
pool,aligned,2,29,41
pool,aligned,2,30,41
pool,aligned,2,31,41
pool,aligned,2,32,41
pool,aligned,2,33,41
pool,aligned,2,34,41
pool,aligned,2,35,41
pool,aligned,2,36,41
pool,aligned,2,37,41
pool,aligned,2,38,41
pool,aligned,2,39,41
pool,aligned,2,40,41
pool,aligned,2,41,41
pool,aligned,2,42,41
pool,aligned,2,43,41
pool,aligned,2,44,41
pool,aligned,2,45,41
pool,aligned,2,46,6072
pool,aligned,2,47,41
pool,aligned,2,48,41
pool,aligned,2,49,41
pool,aligned,2,50,41
pool,aligned,2,51,41
pool,aligned,2,52,41
pool,aligned,2,53,41
pool,aligned,2,54,41
pool,aligned,2,55,41
pool,aligned,2,56,41
pool,aligned,2,57,41
pool,aligned,2,58,41
pool,aligned,2,59,41
pool,aligned,2,60,41
pool,aligned,2,61,41
pool,aligned,2,62,41
pool,aligned,2,63,41
pool,aligned,2,64,41
pool,aligned,2,65,13546
pool,aligned,2,66,41
pool,aligned,2,67,51
pool,aligned,2,68,51
pool,aligned,2,69,51
pool,aligned,2,70,41
pool,aligned,2,71,41
pool,aligned,2,72,41
pool,aligned,2,73,41
pool,aligned,2,74,41
pool,aligned,2,75,41
pool,aligned,2,76,41
pool,aligned,2,77,41
pool,aligned,2,78,41
pool,aligned,2,79,41
pool,aligned,2,80,41
pool,aligned,2,81,41
pool,aligned,2,82,41
pool,aligned,2,83,41
pool,aligned,2,84,41
pool,aligned,2,85,41
pool,aligned,2,86,41
pool,aligned,2,87,41
pool,aligned,2,88,41
pool,aligned,2,89,41
pool,aligned,2,90,41
pool,aligned,2,91,41
pool,aligned,2,92,41
pool,aligned,2,93,41
pool,aligned,2,94,41
pool,aligned,2,95,41
pool,aligned,2,96,41
pool,aligned,2,97,41
pool,aligned,2,98,5941
pool,aligned,2,99,41
pool,aligned,2,100,41
pool,aligned,2,101,41
pool,aligned,2,102,41
pool,aligned,2,103,41
pool,aligned,2,104,41
pool,aligned,2,105,41
pool,aligned,2,106,41
pool,aligned,2,107,41
pool,aligned,2,108,41
pool,aligned,2,109,41
pool,aligned,2,110,41
pool,aligned,2,111,41
pool,aligned,2,112,41
pool,aligned,2,113,41
pool,aligned,2,114,41
pool,aligned,2,115,41
pool,aligned,2,116,41
pool,aligned,2,117,41
pool,aligned,2,118,41
pool,aligned,2,119,41
pool,aligned,2,120,41
pool,aligned,2,121,41
pool,aligned,2,122,41
pool,aligned,2,123,41
pool,aligned,2,124,41
pool,aligned,2,125,41
pool,aligned,2,126,50
pool,aligned,2,127,51
pool,aligned,2,128,51
pool,aligned,2,129,41
pool,aligned,2,130,41
pool,aligned,2,131,41
pool,aligned,2,132,41
pool,aligned,2,133,41
pool,aligned,2,134,41
pool,aligned,2,135,41
pool,aligned,2,136,41
pool,aligned,2,137,41
pool,aligned,2,138,41
pool,aligned,2,139,41
pool,aligned,2,140,41
pool,aligned,2,141,41
pool,aligned,2,142,41
pool,aligned,2,143,41
pool,aligned,2,144,41
pool,aligned,2,145,41
pool,aligned,2,146,41
pool,aligned,2,147,41
pool,aligned,2,148,41
pool,aligned,2,149,41
pool,aligned,2,150,41
pool,aligned,2,151,70
pool,aligned,2,152,41
pool,aligned,2,153,41
pool,aligned,2,154,41
pool,aligned,2,155,41
pool,aligned,2,156,41
pool,aligned,2,157,41
pool,aligned,2,158,41
pool,aligned,2,159,41
pool,aligned,2,160,41
pool,aligned,2,161,41
pool,aligned,2,162,41
pool,aligned,2,163,41
pool,aligned,2,164,41
pool,aligned,2,165,41
pool,aligned,2,166,41
pool,aligned,2,167,41
pool,aligned,2,168,41
pool,aligned,2,169,41
pool,aligned,2,170,41
pool,aligned,2,171,41
pool,aligned,2,172,41
pool,aligned,2,173,41
pool,aligned,2,174,41
pool,aligned,2,175,41
pool,aligned,2,176,41
pool,aligned,2,177,41
pool,aligned,2,178,41
pool,aligned,2,179,41
pool,aligned,2,180,41
pool,aligned,2,181,41
pool,aligned,2,182,41
pool,aligned,2,183,41
pool,aligned,2,184,41
pool,aligned,2,185,41
pool,aligned,2,186,41
pool,aligned,2,187,41
pool,aligned,2,188,41
pool,aligned,2,189,41
pool,aligned,2,190,41
pool,aligned,2,191,41
pool,aligned,2,192,41
pool,aligned,2,193,41
pool,aligned,2,194,41
pool,aligned,2,195,41
pool,aligned,2,196,41
pool,aligned,2,197,41
pool,aligned,2,198,41
pool,aligned,2,199,41
pool,aligned,2,200,41
pool,aligned,2,201,41
pool,aligned,2,202,41
pool,aligned,2,203,41
pool,aligned,2,204,41
pool,aligned,2,205,41
pool,aligned,2,206,41
pool,aligned,2,207,41
pool,aligned,2,208,41
pool,aligned,2,209,41
pool,aligned,2,210,41
pool,aligned,2,211,41
pool,aligned,2,212,41
pool,aligned,2,213,41
pool,aligned,2,214,41
pool,aligned,2,215,41
pool,aligned,2,216,41
pool,aligned,2,217,41
pool,aligned,2,218,41
pool,aligned,2,219,41
pool,aligned,2,220,41
pool,aligned,2,221,41
pool,aligned,2,222,41
pool,aligned,2,223,521
pool,aligned,2,224,41
pool,aligned,2,225,41
pool,aligned,2,226,41
pool,aligned,2,227,51
pool,aligned,2,228,51
pool,aligned,2,229,41
pool,aligned,2,230,41
pool,aligned,2,231,41
pool,aligned,2,232,41
pool,aligned,2,233,41
pool,aligned,2,234,41
pool,aligned,2,235,41
pool,aligned,2,236,41
pool,aligned,2,237,41
pool,aligned,2,238,41
pool,aligned,2,239,41
pool,aligned,2,240,41
pool,aligned,2,241,41
pool,aligned,2,242,41
pool,aligned,2,243,41
pool,aligned,2,244,41
pool,aligned,2,245,41
pool,aligned,2,246,41
pool,aligned,2,247,41
pool,aligned,2,248,41
pool,aligned,2,249,41
pool,aligned,2,250,41
pool,aligned,2,251,41
pool,aligned,2,252,41
pool,aligned,2,253,41
pool,aligned,2,254,41
pool,aligned,2,255,41
pool,aligned,2,256,70
pool,aligned,2,257,41
pool,aligned,2,258,41
pool,aligned,2,259,41
pool,aligned,2,260,41
pool,aligned,2,261,41
pool,aligned,2,262,41
pool,aligned,2,263,41
pool,aligned,2,264,41
pool,aligned,2,265,41
pool,aligned,2,266,41
pool,aligned,2,267,41
pool,aligned,2,268,41
pool,aligned,2,269,41
pool,aligned,2,270,41
pool,aligned,2,271,41
pool,aligned,2,272,41
pool,aligned,2,273,41
pool,aligned,2,274,41
pool,aligned,2,275,41
pool,aligned,2,276,41
pool,aligned,2,277,41
pool,aligned,2,278,41
pool,aligned,2,279,41
pool,aligned,2,280,41
pool,aligned,2,281,41
pool,aligned,2,282,41
pool,aligned,2,283,41
pool,aligned,2,284,41
pool,aligned,2,285,41
pool,aligned,2,286,41
pool,aligned,2,287,41
pool,aligned,2,288,41
pool,aligned,2,289,41
pool,aligned,2,290,41
pool,aligned,2,291,41
pool,aligned,2,292,41
pool,aligned,2,293,41
pool,aligned,2,294,41
pool,aligned,2,295,41
pool,aligned,2,296,41
pool,aligned,2,297,41
pool,aligned,2,298,41
pool,aligned,2,299,41
pool,aligned,2,300,41
pool,aligned,2,301,41
pool,aligned,2,302,41
pool,aligned,2,303,41
pool,aligned,2,304,41
pool,aligned,2,305,41
pool,aligned,2,306,41
pool,aligned,2,307,41
pool,aligned,2,308,41
pool,aligned,2,309,80
pool,aligned,2,310,41
pool,aligned,2,311,41
pool,aligned,2,312,41
pool,aligned,2,313,41
pool,aligned,2,314,41
pool,aligned,2,315,41
pool,aligned,2,316,41
pool,aligned,2,317,41
pool,aligned,2,318,41
pool,aligned,2,319,41
pool,aligned,2,320,41
pool,aligned,2,321,41
pool,aligned,2,322,41
pool,aligned,2,323,41
pool,aligned,2,324,41
pool,aligned,2,325,41
pool,aligned,2,326,41
pool,aligned,2,327,41
pool,aligned,2,328,41
pool,aligned,2,329,41
pool,aligned,2,330,41
pool,aligned,2,331,41
pool,aligned,2,332,41
pool,aligned,2,333,41
pool,aligned,2,334,41
pool,aligned,2,335,41
pool,aligned,2,336,41
pool,aligned,2,337,41
pool,aligned,2,338,41
pool,aligned,2,339,41
pool,aligned,2,340,41
pool,aligned,2,341,41
pool,aligned,2,342,41
pool,aligned,2,343,41
pool,aligned,2,344,41
pool,aligned,2,345,41
pool,aligned,2,346,41
pool,aligned,2,347,41
pool,aligned,2,348,41
pool,aligned,2,349,41
pool,aligned,2,350,41
pool,aligned,2,351,41
pool,aligned,2,352,41
pool,aligned,2,353,41
pool,aligned,2,354,41
pool,aligned,2,355,41
pool,aligned,2,356,41
pool,aligned,2,357,41
pool,aligned,2,358,41
pool,aligned,2,359,41
pool,aligned,2,360,41
pool,aligned,2,361,41
pool,aligned,2,362,41
pool,aligned,2,363,41
pool,aligned,2,364,41
pool,aligned,2,365,41
pool,aligned,2,366,41
pool,aligned,2,367,41
pool,aligned,2,368,41
pool,aligned,2,369,41
pool,aligned,2,370,41
pool,aligned,2,371,41
pool,aligned,2,372,41
pool,aligned,2,373,41
pool,aligned,2,374,41
pool,aligned,2,375,41
pool,aligned,2,376,41
pool,aligned,2,377,41
pool,aligned,2,378,41
pool,aligned,2,379,41
pool,aligned,2,380,41
pool,aligned,2,381,41
pool,aligned,2,382,41
pool,aligned,2,383,41
pool,aligned,2,384,41
pool,aligned,2,385,41
pool,aligned,2,386,41
pool,aligned,2,387,41
pool,aligned,2,388,41
pool,aligned,2,389,41
pool,aligned,2,390,41
pool,aligned,2,391,41
pool,aligned,2,392,41
pool,aligned,2,393,41
pool,aligned,2,394,41
pool,aligned,2,395,41
pool,aligned,2,396,41
pool,aligned,2,397,41
pool,aligned,2,398,41
pool,aligned,2,399,41
stack,aligned,2,0,41
stack,aligned,2,1,41
stack,aligned,2,2,41
stack,aligned,2,3,41
stack,aligned,2,4,41
stack,aligned,2,5,41
stack,aligned,2,6,41
stack,aligned,2,7,41
stack,aligned,2,8,41
stack,aligned,2,9,41
stack,aligned,2,10,41
stack,aligned,2,11,41
stack,aligned,2,12,41
stack,aligned,2,13,41
stack,aligned,2,14,41
stack,aligned,2,15,41
stack,aligned,2,16,41
stack,aligned,2,17,41
stack,aligned,2,18,41
stack,aligned,2,19,41
stack,aligned,2,20,41
stack,aligned,2,21,41
stack,aligned,2,22,41
stack,aligned,2,23,41
stack,aligned,2,24,41
stack,aligned,2,25,41
stack,aligned,2,26,41
stack,aligned,2,27,41
stack,aligned,2,28,41
stack,aligned,2,29,41
stack,aligned,2,30,41
stack,aligned,2,31,41
stack,aligned,2,32,41
stack,aligned,2,33,41
stack,aligned,2,34,41
stack,aligned,2,35,41
stack,aligned,2,36,41
stack,aligned,2,37,41
stack,aligned,2,38,41
stack,aligned,2,39,41
stack,aligned,2,40,41
stack,aligned,2,41,41
stack,aligned,2,42,90
stack,aligned,2,43,41
stack,aligned,2,44,41
stack,aligned,2,45,41
stack,aligned,2,46,41
stack,aligned,2,47,41
stack,aligned,2,48,41
stack,aligned,2,49,41
stack,aligned,2,50,41
stack,aligned,2,51,41
stack,aligned,2,52,41
stack,aligned,2,53,41
stack,aligned,2,54,41
stack,aligned,2,55,41
stack,aligned,2,56,41
stack,aligned,2,57,41
stack,aligned,2,58,41
stack,aligned,2,59,41
stack,aligned,2,60,41
stack,aligned,2,61,41
stack,aligned,2,62,41
stack,aligned,2,63,41
stack,aligned,2,64,41
stack,aligned,2,65,41
stack,aligned,2,66,41
stack,aligned,2,67,41
stack,aligned,2,68,41
stack,aligned,2,69,41
stack,aligned,2,70,41
stack,aligned,2,71,41
stack,aligned,2,72,41
stack,aligned,2,73,41
stack,aligned,2,74,41
stack,aligned,2,75,41
stack,aligned,2,76,41
stack,aligned,2,77,41
stack,aligned,2,78,41
stack,aligned,2,79,41
stack,aligned,2,80,41
stack,aligned,2,81,41
stack,aligned,2,82,41
stack,aligned,2,83,41
stack,aligned,2,84,41
stack,aligned,2,85,41
stack,aligned,2,86,41
stack,aligned,2,87,41
stack,aligned,2,88,41
stack,aligned,2,89,41
stack,aligned,2,90,41
stack,aligned,2,91,41
stack,aligned,2,92,41
stack,aligned,2,93,41
stack,aligned,2,94,41
stack,aligned,2,95,5531
stack,aligned,2,96,41
stack,aligned,2,97,41
stack,aligned,2,98,41
stack,aligned,2,99,41
stack,aligned,2,100,41
stack,aligned,2,101,41
stack,aligned,2,102,41
stack,aligned,2,103,41
stack,aligned,2,104,41
stack,aligned,2,105,41
stack,aligned,2,106,41
stack,aligned,2,107,41
stack,aligned,2,108,41
stack,aligned,2,109,41
stack,aligned,2,110,41
stack,aligned,2,111,41
stack,aligned,2,112,41
stack,aligned,2,113,41
stack,aligned,2,114,41
stack,aligned,2,115,41
stack,aligned,2,116,41
stack,aligned,2,117,41
stack,aligned,2,118,41
stack,aligned,2,119,51
stack,aligned,2,120,51
stack,aligned,2,121,41
stack,aligned,2,122,41
stack,aligned,2,123,41
stack,aligned,2,124,41
stack,aligned,2,125,41
stack,aligned,2,126,41
stack,aligned,2,127,41
stack,aligned,2,128,41
stack,aligned,2,129,41
stack,aligned,2,130,41
stack,aligned,2,131,41
stack,aligned,2,132,41
stack,aligned,2,133,41
stack,aligned,2,134,41
stack,aligned,2,135,41
stack,aligned,2,136,41
stack,aligned,2,137,41
stack,aligned,2,138,41
stack,aligned,2,139,41
stack,aligned,2,140,41
stack,aligned,2,141,41
stack,aligned,2,142,41
stack,aligned,2,143,41
stack,aligned,2,144,41
stack,aligned,2,145,41
stack,aligned,2,146,41
stack,aligned,2,147,41
stack,aligned,2,148,41
stack,aligned,2,149,60
stack,aligned,2,150,41
stack,aligned,2,151,41
stack,aligned,2,152,41
stack,aligned,2,153,41
stack,aligned,2,154,41
stack,aligned,2,155,41
stack,aligned,2,156,41
stack,aligned,2,157,41
stack,aligned,2,158,41
stack,aligned,2,159,41
stack,aligned,2,160,41
stack,aligned,2,161,41
stack,aligned,2,162,41
stack,aligned,2,163,41
stack,aligned,2,164,41
stack,aligned,2,165,41
stack,aligned,2,166,41
stack,aligned,2,167,41
stack,aligned,2,168,41
stack,aligned,2,169,41
stack,aligned,2,170,41
stack,aligned,2,171,41
stack,aligned,2,172,41
stack,aligned,2,173,41
stack,aligned,2,174,41
stack,aligned,2,175,41
stack,aligned,2,176,51
stack,aligned,2,177,51
stack,aligned,2,178,51
stack,aligned,2,179,51
stack,aligned,2,180,41
stack,aligned,2,181,41
stack,aligned,2,182,41
stack,aligned,2,183,41
stack,aligned,2,184,41
stack,aligned,2,185,41
stack,aligned,2,186,41
stack,aligned,2,187,41
stack,aligned,2,188,41
stack,aligned,2,189,41
stack,aligned,2,190,41
stack,aligned,2,191,41
stack,aligned,2,192,41
stack,aligned,2,193,41
stack,aligned,2,194,41
stack,aligned,2,195,41
stack,aligned,2,196,41
stack,aligned,2,197,41
stack,aligned,2,198,41
stack,aligned,2,199,41
stack,aligned,2,200,5540
stack,aligned,2,201,41
stack,aligned,2,202,41
stack,aligned,2,203,41
stack,aligned,2,204,41
stack,aligned,2,205,41
stack,aligned,2,206,41
stack,aligned,2,207,41
stack,aligned,2,208,41
stack,aligned,2,209,41
stack,aligned,2,210,41
stack,aligned,2,211,41
stack,aligned,2,212,41
stack,aligned,2,213,41
stack,aligned,2,214,41
stack,aligned,2,215,41
stack,aligned,2,216,41
stack,aligned,2,217,41
stack,aligned,2,218,41
stack,aligned,2,219,41
stack,aligned,2,220,41
stack,aligned,2,221,41
stack,aligned,2,222,41
stack,aligned,2,223,41
stack,aligned,2,224,51
stack,aligned,2,225,51
stack,aligned,2,226,50
stack,aligned,2,227,41
stack,aligned,2,228,41
stack,aligned,2,229,41
stack,aligned,2,230,41
stack,aligned,2,231,41
stack,aligned,2,232,41
stack,aligned,2,233,41
stack,aligned,2,234,41
stack,aligned,2,235,41
stack,aligned,2,236,41
stack,aligned,2,237,41
stack,aligned,2,238,41
stack,aligned,2,239,41
stack,aligned,2,240,41
stack,aligned,2,241,41
stack,aligned,2,242,41
stack,aligned,2,243,41
stack,aligned,2,244,41
stack,aligned,2,245,41
stack,aligned,2,246,41
stack,aligned,2,247,41
stack,aligned,2,248,41
stack,aligned,2,249,41
stack,aligned,2,250,41
stack,aligned,2,251,41
stack,aligned,2,252,41
stack,aligned,2,253,10200
stack,aligned,2,254,41
stack,aligned,2,255,41
stack,aligned,2,256,41
stack,aligned,2,257,41
stack,aligned,2,258,41
stack,aligned,2,259,41
stack,aligned,2,260,41
stack,aligned,2,261,41
stack,aligned,2,262,41
stack,aligned,2,263,41
stack,aligned,2,264,41
stack,aligned,2,265,41
stack,aligned,2,266,41
stack,aligned,2,267,41
stack,aligned,2,268,41
stack,aligned,2,269,41
stack,aligned,2,270,41
stack,aligned,2,271,41
stack,aligned,2,272,41
stack,aligned,2,273,41
stack,aligned,2,274,41
stack,aligned,2,275,41
stack,aligned,2,276,41
stack,aligned,2,277,41
stack,aligned,2,278,41
stack,aligned,2,279,41
stack,aligned,2,280,41
stack,aligned,2,281,51
stack,aligned,2,282,50
stack,aligned,2,283,51
stack,aligned,2,284,41
stack,aligned,2,285,41
stack,aligned,2,286,41
stack,aligned,2,287,41
stack,aligned,2,288,41
stack,aligned,2,289,41
stack,aligned,2,290,41
stack,aligned,2,291,41
stack,aligned,2,292,41
stack,aligned,2,293,41
stack,aligned,2,294,41
stack,aligned,2,295,41
stack,aligned,2,296,41
stack,aligned,2,297,41
stack,aligned,2,298,41
stack,aligned,2,299,41
stack,aligned,2,300,41
stack,aligned,2,301,41
stack,aligned,2,302,41
stack,aligned,2,303,41
stack,aligned,2,304,41
stack,aligned,2,305,41
stack,aligned,2,306,41
stack,aligned,2,307,41
stack,aligned,2,308,41
stack,aligned,2,309,41
stack,aligned,2,310,41
stack,aligned,2,311,41
stack,aligned,2,312,41
stack,aligned,2,313,41
stack,aligned,2,314,41
stack,aligned,2,315,41
stack,aligned,2,316,41
stack,aligned,2,317,41
stack,aligned,2,318,41
stack,aligned,2,319,41
stack,aligned,2,320,41
stack,aligned,2,321,41
stack,aligned,2,322,41
stack,aligned,2,323,41
stack,aligned,2,324,41
stack,aligned,2,325,41
stack,aligned,2,326,41
stack,aligned,2,327,41
stack,aligned,2,328,41
stack,aligned,2,329,41
stack,aligned,2,330,41
stack,aligned,2,331,41
stack,aligned,2,332,41
stack,aligned,2,333,41
stack,aligned,2,334,41
stack,aligned,2,335,41
stack,aligned,2,336,41
stack,aligned,2,337,41
stack,aligned,2,338,41
stack,aligned,2,339,41
stack,aligned,2,340,41
stack,aligned,2,341,41
stack,aligned,2,342,41
stack,aligned,2,343,41
stack,aligned,2,344,41
stack,aligned,2,345,41
stack,aligned,2,346,41
stack,aligned,2,347,41
stack,aligned,2,348,41
stack,aligned,2,349,41
stack,aligned,2,350,41
stack,aligned,2,351,41
stack,aligned,2,352,41
stack,aligned,2,353,41
stack,aligned,2,354,41
stack,aligned,2,355,41
stack,aligned,2,356,6563
stack,aligned,2,357,41
stack,aligned,2,358,41
stack,aligned,2,359,41
stack,aligned,2,360,41
stack,aligned,2,361,41
stack,aligned,2,362,41
stack,aligned,2,363,41
stack,aligned,2,364,41
stack,aligned,2,365,41
stack,aligned,2,366,41
stack,aligned,2,367,41
stack,aligned,2,368,41
stack,aligned,2,369,41
stack,aligned,2,370,41
stack,aligned,2,371,41
stack,aligned,2,372,41
stack,aligned,2,373,41
stack,aligned,2,374,41
stack,aligned,2,375,41
stack,aligned,2,376,41
stack,aligned,2,377,41
stack,aligned,2,378,41
stack,aligned,2,379,41
stack,aligned,2,380,50
stack,aligned,2,381,51
stack,aligned,2,382,41
stack,aligned,2,383,41
stack,aligned,2,384,41
stack,aligned,2,385,41
stack,aligned,2,386,41
stack,aligned,2,387,41
stack,aligned,2,388,41
stack,aligned,2,389,41
stack,aligned,2,390,41
stack,aligned,2,391,41
stack,aligned,2,392,41
stack,aligned,2,393,41
stack,aligned,2,394,41
stack,aligned,2,395,41
stack,aligned,2,396,41
stack,aligned,2,397,41
stack,aligned,2,398,41
stack,aligned,2,399,41
arena,odd,2,0,311
arena,odd,2,1,41
arena,odd,2,2,41
arena,odd,2,3,41
arena,odd,2,4,41
arena,odd,2,5,41
arena,odd,2,6,41
arena,odd,2,7,41
arena,odd,2,8,41
arena,odd,2,9,41
arena,odd,2,10,41
arena,odd,2,11,41
arena,odd,2,12,41
arena,odd,2,13,51
arena,odd,2,14,50
arena,odd,2,15,51
arena,odd,2,16,51
arena,odd,2,17,41
arena,odd,2,18,41
arena,odd,2,19,521
arena,odd,2,20,111
arena,odd,2,21,41
arena,odd,2,22,41
arena,odd,2,23,41
arena,odd,2,24,41
arena,odd,2,25,41
arena,odd,2,26,41
arena,odd,2,27,41
arena,odd,2,28,41
arena,odd,2,29,41
arena,odd,2,30,41
arena,odd,2,31,41
arena,odd,2,32,41
arena,odd,2,33,41
arena,odd,2,34,41
arena,odd,2,35,41
arena,odd,2,36,41
arena,odd,2,37,90
arena,odd,2,38,41
arena,odd,2,39,41
arena,odd,2,40,41
arena,odd,2,41,41
arena,odd,2,42,41
arena,odd,2,43,41
arena,odd,2,44,41
arena,odd,2,45,41
arena,odd,2,46,41
arena,odd,2,47,41
arena,odd,2,48,41
arena,odd,2,49,41
arena,odd,2,50,41
arena,odd,2,51,41
arena,odd,2,52,41
arena,odd,2,53,41
arena,odd,2,54,41
arena,odd,2,55,41
arena,odd,2,56,41
arena,odd,2,57,41
arena,odd,2,58,41
arena,odd,2,59,41
arena,odd,2,60,41
arena,odd,2,61,41
arena,odd,2,62,50
arena,odd,2,63,51
arena,odd,2,64,41
arena,odd,2,65,41
arena,odd,2,66,41
arena,odd,2,67,41
arena,odd,2,68,41
arena,odd,2,69,41
arena,odd,2,70,41
arena,odd,2,71,41
arena,odd,2,72,41
arena,odd,2,73,41
arena,odd,2,74,41
arena,odd,2,75,41
arena,odd,2,76,41
arena,odd,2,77,41
arena,odd,2,78,41
arena,odd,2,79,41
arena,odd,2,80,41
arena,odd,2,81,41
arena,odd,2,82,41
arena,odd,2,83,41
arena,odd,2,84,41
arena,odd,2,85,41
arena,odd,2,86,41
arena,odd,2,87,41
arena,odd,2,88,41
arena,odd,2,89,41
arena,odd,2,90,41
arena,odd,2,91,61
arena,odd,2,92,41
arena,odd,2,93,41
arena,odd,2,94,41
arena,odd,2,95,41
arena,odd,2,96,41
arena,odd,2,97,41
arena,odd,2,98,41
arena,odd,2,99,41
arena,odd,2,100,41
arena,odd,2,101,41
arena,odd,2,102,41
arena,odd,2,103,41
arena,odd,2,104,41
arena,odd,2,105,41
arena,odd,2,106,41
arena,odd,2,107,41
arena,odd,2,108,41
arena,odd,2,109,41
arena,odd,2,110,41
arena,odd,2,111,41
arena,odd,2,112,41
arena,odd,2,113,41
arena,odd,2,114,41
arena,odd,2,115,41
arena,odd,2,116,41
arena,odd,2,117,41
arena,odd,2,118,41
arena,odd,2,119,41
arena,odd,2,120,41
arena,odd,2,121,50
arena,odd,2,122,51
arena,odd,2,123,51
arena,odd,2,124,50
arena,odd,2,125,41
arena,odd,2,126,41
arena,odd,2,127,41
arena,odd,2,128,41
arena,odd,2,129,41
arena,odd,2,130,41
arena,odd,2,131,41
arena,odd,2,132,41
arena,odd,2,133,41
arena,odd,2,134,41
arena,odd,2,135,41
arena,odd,2,136,41
arena,odd,2,137,41
arena,odd,2,138,41
arena,odd,2,139,41
arena,odd,2,140,41
arena,odd,2,141,41
arena,odd,2,142,41
arena,odd,2,143,41
arena,odd,2,144,5400
arena,odd,2,145,41
arena,odd,2,146,41
arena,odd,2,147,41
arena,odd,2,148,41
arena,odd,2,149,41
arena,odd,2,150,41
arena,odd,2,151,41
arena,odd,2,152,41
arena,odd,2,153,41
arena,odd,2,154,41
arena,odd,2,155,41
arena,odd,2,156,41
arena,odd,2,157,41
arena,odd,2,158,41
arena,odd,2,159,41
arena,odd,2,160,41
arena,odd,2,161,41
arena,odd,2,162,41
arena,odd,2,163,41
arena,odd,2,164,41
arena,odd,2,165,41
arena,odd,2,166,41
arena,odd,2,167,41
arena,odd,2,168,41
arena,odd,2,169,41
arena,odd,2,170,41
arena,odd,2,171,41
arena,odd,2,172,41
arena,odd,2,173,41
arena,odd,2,174,41
arena,odd,2,175,41
arena,odd,2,176,41
arena,odd,2,177,41
arena,odd,2,178,41
arena,odd,2,179,41
arena,odd,2,180,41
arena,odd,2,181,41
arena,odd,2,182,41
arena,odd,2,183,41
arena,odd,2,184,41
arena,odd,2,185,41
arena,odd,2,186,41
arena,odd,2,187,41
arena,odd,2,188,41
arena,odd,2,189,41
arena,odd,2,190,41
arena,odd,2,191,41
arena,odd,2,192,41
arena,odd,2,193,41
arena,odd,2,194,41
arena,odd,2,195,41
arena,odd,2,196,41
arena,odd,2,197,41
arena,odd,2,198,41
arena,odd,2,199,41
arena,odd,2,200,41
arena,odd,2,201,41
arena,odd,2,202,41
arena,odd,2,203,41
arena,odd,2,204,41
arena,odd,2,205,41
arena,odd,2,206,41
arena,odd,2,207,41
arena,odd,2,208,41
arena,odd,2,209,41
arena,odd,2,210,41
arena,odd,2,211,41
arena,odd,2,212,41
arena,odd,2,213,41
arena,odd,2,214,41
arena,odd,2,215,41
arena,odd,2,216,41
arena,odd,2,217,41
arena,odd,2,218,41
arena,odd,2,219,41
arena,odd,2,220,41
arena,odd,2,221,41
arena,odd,2,222,41
arena,odd,2,223,41
arena,odd,2,224,50
arena,odd,2,225,51
arena,odd,2,226,41
arena,odd,2,227,41
arena,odd,2,228,41
arena,odd,2,229,41
arena,odd,2,230,41
arena,odd,2,231,41
arena,odd,2,232,41
arena,odd,2,233,41
arena,odd,2,234,41
arena,odd,2,235,41
arena,odd,2,236,41
arena,odd,2,237,41
arena,odd,2,238,41
arena,odd,2,239,41
arena,odd,2,240,41
arena,odd,2,241,41
arena,odd,2,242,41
arena,odd,2,243,41
arena,odd,2,244,41
arena,odd,2,245,41
arena,odd,2,246,41
arena,odd,2,247,41
arena,odd,2,248,41
arena,odd,2,249,41
arena,odd,2,250,41
arena,odd,2,251,41
arena,odd,2,252,5330
arena,odd,2,253,41
arena,odd,2,254,41
arena,odd,2,255,41
arena,odd,2,256,41
arena,odd,2,257,41
arena,odd,2,258,41
arena,odd,2,259,41
arena,odd,2,260,41
arena,odd,2,261,41
arena,odd,2,262,41
arena,odd,2,263,41
arena,odd,2,264,41
arena,odd,2,265,41
arena,odd,2,266,41
arena,odd,2,267,41
arena,odd,2,268,41
arena,odd,2,269,41
arena,odd,2,270,41
arena,odd,2,271,41
arena,odd,2,272,41
arena,odd,2,273,41
arena,odd,2,274,41
arena,odd,2,275,41
arena,odd,2,276,41
arena,odd,2,277,50
arena,odd,2,278,50
arena,odd,2,279,51
arena,odd,2,280,41
arena,odd,2,281,41
arena,odd,2,282,41
arena,odd,2,283,41
arena,odd,2,284,41
arena,odd,2,285,41
arena,odd,2,286,41
arena,odd,2,287,41
arena,odd,2,288,41
arena,odd,2,289,41
arena,odd,2,290,41
arena,odd,2,291,41
arena,odd,2,292,41
arena,odd,2,293,80
arena,odd,2,294,110
arena,odd,2,295,41
arena,odd,2,296,41
arena,odd,2,297,41
arena,odd,2,298,41
arena,odd,2,299,41
arena,odd,2,300,41
arena,odd,2,301,541
arena,odd,2,302,41
arena,odd,2,303,41
arena,odd,2,304,41
arena,odd,2,305,91
arena,odd,2,306,41
arena,odd,2,307,50
arena,odd,2,308,50
arena,odd,2,309,291
arena,odd,2,310,41
arena,odd,2,311,41
arena,odd,2,312,41
arena,odd,2,313,41
arena,odd,2,314,41
arena,odd,2,315,41
arena,odd,2,316,41
arena,odd,2,317,41
arena,odd,2,318,41
arena,odd,2,319,41
arena,odd,2,320,41
arena,odd,2,321,41
arena,odd,2,322,41
arena,odd,2,323,41
arena,odd,2,324,41
arena,odd,2,325,41
arena,odd,2,326,41
arena,odd,2,327,41
arena,odd,2,328,41
arena,odd,2,329,41
arena,odd,2,330,41
arena,odd,2,331,41
arena,odd,2,332,41
arena,odd,2,333,41
arena,odd,2,334,41
arena,odd,2,335,51
arena,odd,2,336,51
arena,odd,2,337,51
arena,odd,2,338,50
arena,odd,2,339,41
arena,odd,2,340,41
arena,odd,2,341,41
arena,odd,2,342,41
arena,odd,2,343,41
arena,odd,2,344,41
arena,odd,2,345,41
arena,odd,2,346,41
arena,odd,2,347,41
arena,odd,2,348,41
arena,odd,2,349,41
arena,odd,2,350,41
arena,odd,2,351,41
arena,odd,2,352,41
arena,odd,2,353,41
arena,odd,2,354,41
arena,odd,2,355,41
arena,odd,2,356,41
arena,odd,2,357,41
arena,odd,2,358,41
arena,odd,2,359,80
arena,odd,2,360,41
arena,odd,2,361,41
arena,odd,2,362,41
arena,odd,2,363,41
arena,odd,2,364,41
arena,odd,2,365,41
arena,odd,2,366,41
arena,odd,2,367,41
arena,odd,2,368,41
arena,odd,2,369,41
arena,odd,2,370,41
arena,odd,2,371,41
arena,odd,2,372,41
arena,odd,2,373,41
arena,odd,2,374,41
arena,odd,2,375,41
arena,odd,2,376,41
arena,odd,2,377,41
arena,odd,2,378,41
arena,odd,2,379,41
arena,odd,2,380,41
arena,odd,2,381,41
arena,odd,2,382,41
arena,odd,2,383,41
arena,odd,2,384,41
arena,odd,2,385,41
arena,odd,2,386,41
arena,odd,2,387,41
arena,odd,2,388,41
arena,odd,2,389,41
arena,odd,2,390,41
arena,odd,2,391,41
arena,odd,2,392,41
arena,odd,2,393,41
arena,odd,2,394,41
arena,odd,2,395,41
arena,odd,2,396,41
arena,odd,2,397,41
arena,odd,2,398,41
arena,odd,2,399,41
malloc,odd,2,0,140
malloc,odd,2,1,80
malloc,odd,2,2,70
malloc,odd,2,3,61
malloc,odd,2,4,60
malloc,odd,2,5,61
malloc,odd,2,6,71
malloc,odd,2,7,61
malloc,odd,2,8,70
malloc,odd,2,9,61
malloc,odd,2,10,61
malloc,odd,2,11,61
malloc,odd,2,12,61
malloc,odd,2,13,60
malloc,odd,2,14,61
malloc,odd,2,15,61
malloc,odd,2,16,71
malloc,odd,2,17,60
malloc,odd,2,18,61
malloc,odd,2,19,60
malloc,odd,2,20,61
malloc,odd,2,21,7083
malloc,odd,2,22,70
malloc,odd,2,23,61
malloc,odd,2,24,60
malloc,odd,2,25,61
malloc,odd,2,26,61
malloc,odd,2,27,60
malloc,odd,2,28,61
malloc,odd,2,29,60
malloc,odd,2,30,61
malloc,odd,2,31,60
malloc,odd,2,32,61
malloc,odd,2,33,61
malloc,odd,2,34,61
malloc,odd,2,35,61
malloc,odd,2,36,61
malloc,odd,2,37,60
malloc,odd,2,38,60
malloc,odd,2,39,61
malloc,odd,2,40,61
malloc,odd,2,41,61
malloc,odd,2,42,60
malloc,odd,2,43,61
malloc,odd,2,44,60
malloc,odd,2,45,61
malloc,odd,2,46,70
malloc,odd,2,47,61
malloc,odd,2,48,61
malloc,odd,2,49,61
malloc,odd,2,50,61
malloc,odd,2,51,61
malloc,odd,2,52,70
malloc,odd,2,53,60
malloc,odd,2,54,60
malloc,odd,2,55,61
malloc,odd,2,56,61
malloc,odd,2,57,61
malloc,odd,2,58,60
malloc,odd,2,59,61
malloc,odd,2,60,61
malloc,odd,2,61,60
malloc,odd,2,62,60
malloc,odd,2,63,61
malloc,odd,2,64,61
malloc,odd,2,65,61
malloc,odd,2,66,61
malloc,odd,2,67,60
malloc,odd,2,68,61
malloc,odd,2,69,110
malloc,odd,2,70,60
malloc,odd,2,71,61
malloc,odd,2,72,61
malloc,odd,2,73,61
malloc,odd,2,74,70
malloc,odd,2,75,61
malloc,odd,2,76,60
malloc,odd,2,77,61
malloc,odd,2,78,60
malloc,odd,2,79,70
malloc,odd,2,80,61
malloc,odd,2,81,61
malloc,odd,2,82,71
malloc,odd,2,83,60
malloc,odd,2,84,60
malloc,odd,2,85,60
malloc,odd,2,86,61
malloc,odd,2,87,60
malloc,odd,2,88,60
malloc,odd,2,89,61
malloc,odd,2,90,70
malloc,odd,2,91,60
malloc,odd,2,92,61
malloc,odd,2,93,60
malloc,odd,2,94,70
malloc,odd,2,95,60
malloc,odd,2,96,60
malloc,odd,2,97,61
malloc,odd,2,98,60
malloc,odd,2,99,61
malloc,odd,2,100,70
malloc,odd,2,101,60
malloc,odd,2,102,61
malloc,odd,2,103,61
malloc,odd,2,104,60
malloc,odd,2,105,60
malloc,odd,2,106,61
malloc,odd,2,107,60
malloc,odd,2,108,61
malloc,odd,2,109,61
malloc,odd,2,110,70
malloc,odd,2,111,70
malloc,odd,2,112,61
malloc,odd,2,113,61
malloc,odd,2,114,61
malloc,odd,2,115,61
malloc,odd,2,116,101
malloc,odd,2,117,70
malloc,odd,2,118,60
malloc,odd,2,119,70
malloc,odd,2,120,60
malloc,odd,2,121,60
malloc,odd,2,122,61
malloc,odd,2,123,60
malloc,odd,2,124,70
malloc,odd,2,125,60
malloc,odd,2,126,60
malloc,odd,2,127,61
malloc,odd,2,128,60
malloc,odd,2,129,61
malloc,odd,2,130,61
malloc,odd,2,131,71
malloc,odd,2,132,61
malloc,odd,2,133,61
malloc,odd,2,134,60
malloc,odd,2,135,60
malloc,odd,2,136,60
malloc,odd,2,137,61
malloc,odd,2,138,60
malloc,odd,2,139,71
malloc,odd,2,140,80
malloc,odd,2,141,61
malloc,odd,2,142,61
malloc,odd,2,143,60
malloc,odd,2,144,61
malloc,odd,2,145,70
malloc,odd,2,146,70
malloc,odd,2,147,61
malloc,odd,2,148,61
malloc,odd,2,149,60
malloc,odd,2,150,60
malloc,odd,2,151,70
malloc,odd,2,152,60
malloc,odd,2,153,70
malloc,odd,2,154,60
malloc,odd,2,155,61
malloc,odd,2,156,60
malloc,odd,2,157,61
malloc,odd,2,158,61
malloc,odd,2,159,70
malloc,odd,2,160,61
malloc,odd,2,161,60
malloc,odd,2,162,61
malloc,odd,2,163,81
malloc,odd,2,164,71
malloc,odd,2,165,60
malloc,odd,2,166,61
malloc,odd,2,167,61
malloc,odd,2,168,61
malloc,odd,2,169,61
malloc,odd,2,170,60
malloc,odd,2,171,60
malloc,odd,2,172,60
malloc,odd,2,173,60
malloc,odd,2,174,61
malloc,odd,2,175,60
malloc,odd,2,176,61
malloc,odd,2,177,60
malloc,odd,2,178,60
malloc,odd,2,179,61
malloc,odd,2,180,61
malloc,odd,2,181,70
malloc,odd,2,182,61
malloc,odd,2,183,61
malloc,odd,2,184,60
malloc,odd,2,185,70
malloc,odd,2,186,61
malloc,odd,2,187,60
malloc,odd,2,188,70
malloc,odd,2,189,60
malloc,odd,2,190,71
malloc,odd,2,191,80
malloc,odd,2,192,80
malloc,odd,2,193,61
malloc,odd,2,194,61
malloc,odd,2,195,61
malloc,odd,2,196,70
malloc,odd,2,197,71
malloc,odd,2,198,61
malloc,odd,2,199,61
malloc,odd,2,200,60
malloc,odd,2,201,61
malloc,odd,2,202,61
malloc,odd,2,203,60
malloc,odd,2,204,60
malloc,odd,2,205,71
malloc,odd,2,206,61
malloc,odd,2,207,60
malloc,odd,2,208,61
malloc,odd,2,209,61
malloc,odd,2,210,70
malloc,odd,2,211,61
malloc,odd,2,212,61
malloc,odd,2,213,70
malloc,odd,2,214,70
malloc,odd,2,215,61
malloc,odd,2,216,61
malloc,odd,2,217,61
malloc,odd,2,218,60
malloc,odd,2,219,61
malloc,odd,2,220,61
malloc,odd,2,221,61
malloc,odd,2,222,61
malloc,odd,2,223,61
malloc,odd,2,224,60
malloc,odd,2,225,61
malloc,odd,2,226,61
malloc,odd,2,227,60
malloc,odd,2,228,60
malloc,odd,2,229,60
malloc,odd,2,230,61
malloc,odd,2,231,61
malloc,odd,2,232,60
malloc,odd,2,233,61
malloc,odd,2,234,60
malloc,odd,2,235,60
malloc,odd,2,236,61
malloc,odd,2,237,61
malloc,odd,2,238,60
malloc,odd,2,239,61
malloc,odd,2,240,61
malloc,odd,2,241,60
malloc,odd,2,242,60
malloc,odd,2,243,60
malloc,odd,2,244,60
malloc,odd,2,245,61
malloc,odd,2,246,61
malloc,odd,2,247,70
malloc,odd,2,248,61
malloc,odd,2,249,61
malloc,odd,2,250,61
malloc,odd,2,251,71
malloc,odd,2,252,61
malloc,odd,2,253,60
malloc,odd,2,254,61
malloc,odd,2,255,61
malloc,odd,2,256,110
malloc,odd,2,257,61
malloc,odd,2,258,70
malloc,odd,2,259,60
malloc,odd,2,260,61
malloc,odd,2,261,61
malloc,odd,2,262,60
malloc,odd,2,263,70
malloc,odd,2,264,60
malloc,odd,2,265,61
malloc,odd,2,266,61
malloc,odd,2,267,61
malloc,odd,2,268,61
malloc,odd,2,269,61
malloc,odd,2,270,61
malloc,odd,2,271,61
malloc,odd,2,272,61
malloc,odd,2,273,61
malloc,odd,2,274,61
malloc,odd,2,275,60
malloc,odd,2,276,61
malloc,odd,2,277,70
malloc,odd,2,278,61
malloc,odd,2,279,60
malloc,odd,2,280,61
malloc,odd,2,281,80
malloc,odd,2,282,60
malloc,odd,2,283,61
malloc,odd,2,284,61
malloc,odd,2,285,61
malloc,odd,2,286,61
malloc,odd,2,287,61
malloc,odd,2,288,61
malloc,odd,2,289,61
malloc,odd,2,290,70
malloc,odd,2,291,60
malloc,odd,2,292,60
malloc,odd,2,293,60
malloc,odd,2,294,60
malloc,odd,2,295,61
malloc,odd,2,296,61
malloc,odd,2,297,61
malloc,odd,2,298,60
malloc,odd,2,299,70
malloc,odd,2,300,60
malloc,odd,2,301,60
malloc,odd,2,302,61
malloc,odd,2,303,80
malloc,odd,2,304,70
malloc,odd,2,305,61
malloc,odd,2,306,61
malloc,odd,2,307,60
malloc,odd,2,308,60
malloc,odd,2,309,60
malloc,odd,2,310,61
malloc,odd,2,311,60
malloc,odd,2,312,61
malloc,odd,2,313,60
malloc,odd,2,314,61
malloc,odd,2,315,61
malloc,odd,2,316,70
malloc,odd,2,317,61
malloc,odd,2,318,60
malloc,odd,2,319,61
malloc,odd,2,320,61
malloc,odd,2,321,60
malloc,odd,2,322,61
malloc,odd,2,323,61
malloc,odd,2,324,61
malloc,odd,2,325,61
malloc,odd,2,326,61
malloc,odd,2,327,61
malloc,odd,2,328,61
malloc,odd,2,329,70
malloc,odd,2,330,61
malloc,odd,2,331,70
malloc,odd,2,332,60
malloc,odd,2,333,60
malloc,odd,2,334,61
malloc,odd,2,335,60
malloc,odd,2,336,61
malloc,odd,2,337,60
malloc,odd,2,338,70
malloc,odd,2,339,61
malloc,odd,2,340,61
malloc,odd,2,341,61
malloc,odd,2,342,60
malloc,odd,2,343,61
malloc,odd,2,344,60
malloc,odd,2,345,61
malloc,odd,2,346,60
malloc,odd,2,347,61
malloc,odd,2,348,61
malloc,odd,2,349,8095
malloc,odd,2,350,70
malloc,odd,2,351,61
malloc,odd,2,352,61
malloc,odd,2,353,60
malloc,odd,2,354,60
malloc,odd,2,355,61
malloc,odd,2,356,61
malloc,odd,2,357,60
malloc,odd,2,358,60
malloc,odd,2,359,61
malloc,odd,2,360,61
malloc,odd,2,361,61
malloc,odd,2,362,61
malloc,odd,2,363,61
malloc,odd,2,364,61
malloc,odd,2,365,61
malloc,odd,2,366,60
malloc,odd,2,367,60
malloc,odd,2,368,61
malloc,odd,2,369,61
malloc,odd,2,370,60
malloc,odd,2,371,61
malloc,odd,2,372,70
malloc,odd,2,373,61
malloc,odd,2,374,61
malloc,odd,2,375,61
malloc,odd,2,376,61
malloc,odd,2,377,71
malloc,odd,2,378,71
malloc,odd,2,379,71
malloc,odd,2,380,61
malloc,odd,2,381,60
malloc,odd,2,382,60
malloc,odd,2,383,61
malloc,odd,2,384,61
malloc,odd,2,385,60
malloc,odd,2,386,61
malloc,odd,2,387,70
malloc,odd,2,388,61
malloc,odd,2,389,60
malloc,odd,2,390,61
malloc,odd,2,391,61
malloc,odd,2,392,61
malloc,odd,2,393,61
malloc,odd,2,394,61
malloc,odd,2,395,61
malloc,odd,2,396,90
malloc,odd,2,397,71
malloc,odd,2,398,60
malloc,odd,2,399,61
clock_write_control,odd,2,0,41
clock_write_control,odd,2,1,41
clock_write_control,odd,2,2,41
clock_write_control,odd,2,3,41
clock_write_control,odd,2,4,41
clock_write_control,odd,2,5,41
clock_write_control,odd,2,6,41
clock_write_control,odd,2,7,41
clock_write_control,odd,2,8,41
clock_write_control,odd,2,9,41
clock_write_control,odd,2,10,41
clock_write_control,odd,2,11,70
clock_write_control,odd,2,12,41
clock_write_control,odd,2,13,41
clock_write_control,odd,2,14,41
clock_write_control,odd,2,15,41
clock_write_control,odd,2,16,41
clock_write_control,odd,2,17,41
clock_write_control,odd,2,18,41
clock_write_control,odd,2,19,41
clock_write_control,odd,2,20,41
clock_write_control,odd,2,21,41
clock_write_control,odd,2,22,41
clock_write_control,odd,2,23,41
clock_write_control,odd,2,24,41
clock_write_control,odd,2,25,41
clock_write_control,odd,2,26,41
clock_write_control,odd,2,27,41
clock_write_control,odd,2,28,41
clock_write_control,odd,2,29,41
clock_write_control,odd,2,30,41
clock_write_control,odd,2,31,41
clock_write_control,odd,2,32,41
clock_write_control,odd,2,33,41
clock_write_control,odd,2,34,41
clock_write_control,odd,2,35,41
clock_write_control,odd,2,36,41
clock_write_control,odd,2,37,41
clock_write_control,odd,2,38,41
clock_write_control,odd,2,39,50
clock_write_control,odd,2,40,51
clock_write_control,odd,2,41,51
clock_write_control,odd,2,42,41
clock_write_control,odd,2,43,41
clock_write_control,odd,2,44,41
clock_write_control,odd,2,45,41
clock_write_control,odd,2,46,41
clock_write_control,odd,2,47,41
clock_write_control,odd,2,48,41
clock_write_control,odd,2,49,41
clock_write_control,odd,2,50,41
clock_write_control,odd,2,51,41
clock_write_control,odd,2,52,41
clock_write_control,odd,2,53,41
clock_write_control,odd,2,54,41
clock_write_control,odd,2,55,41
clock_write_control,odd,2,56,41
clock_write_control,odd,2,57,41
clock_write_control,odd,2,58,41
clock_write_control,odd,2,59,41
clock_write_control,odd,2,60,41
clock_write_control,odd,2,61,41
clock_write_control,odd,2,62,41
clock_write_control,odd,2,63,41
clock_write_control,odd,2,64,41
clock_write_control,odd,2,65,41
clock_write_control,odd,2,66,60
clock_write_control,odd,2,67,41
clock_write_control,odd,2,68,41
clock_write_control,odd,2,69,41
clock_write_control,odd,2,70,41
clock_write_control,odd,2,71,41
clock_write_control,odd,2,72,41
clock_write_control,odd,2,73,41
clock_write_control,odd,2,74,41
clock_write_control,odd,2,75,41
clock_write_control,odd,2,76,41
clock_write_control,odd,2,77,41
clock_write_control,odd,2,78,41
clock_write_control,odd,2,79,41
clock_write_control,odd,2,80,41
clock_write_control,odd,2,81,41
clock_write_control,odd,2,82,41
clock_write_control,odd,2,83,41
clock_write_control,odd,2,84,41
clock_write_control,odd,2,85,41
clock_write_control,odd,2,86,41
clock_write_control,odd,2,87,41
clock_write_control,odd,2,88,41
clock_write_control,odd,2,89,41
clock_write_control,odd,2,90,41
clock_write_control,odd,2,91,41
clock_write_control,odd,2,92,41
clock_write_control,odd,2,93,41
clock_write_control,odd,2,94,41
clock_write_control,odd,2,95,41
clock_write_control,odd,2,96,41
clock_write_control,odd,2,97,41
clock_write_control,odd,2,98,51
clock_write_control,odd,2,99,50
clock_write_control,odd,2,100,50
clock_write_control,odd,2,101,51
clock_write_control,odd,2,102,41
clock_write_control,odd,2,103,41
clock_write_control,odd,2,104,41
clock_write_control,odd,2,105,41
clock_write_control,odd,2,106,41
clock_write_control,odd,2,107,41
clock_write_control,odd,2,108,41
clock_write_control,odd,2,109,41
clock_write_control,odd,2,110,41
clock_write_control,odd,2,111,41
clock_write_control,odd,2,112,41
clock_write_control,odd,2,113,41
clock_write_control,odd,2,114,41
clock_write_control,odd,2,115,41
clock_write_control,odd,2,116,41
clock_write_control,odd,2,117,41
clock_write_control,odd,2,118,41
clock_write_control,odd,2,119,41
clock_write_control,odd,2,120,81
clock_write_control,odd,2,121,41
clock_write_control,odd,2,122,41
clock_write_control,odd,2,123,41
clock_write_control,odd,2,124,41
clock_write_control,odd,2,125,41
clock_write_control,odd,2,126,41
clock_write_control,odd,2,127,41
clock_write_control,odd,2,128,41
clock_write_control,odd,2,129,41
clock_write_control,odd,2,130,41
clock_write_control,odd,2,131,41
clock_write_control,odd,2,132,41
clock_write_control,odd,2,133,41
clock_write_control,odd,2,134,41
clock_write_control,odd,2,135,41
clock_write_control,odd,2,136,41
clock_write_control,odd,2,137,41
clock_write_control,odd,2,138,41
clock_write_control,odd,2,139,41
clock_write_control,odd,2,140,41
clock_write_control,odd,2,141,41
clock_write_control,odd,2,142,41
clock_write_control,odd,2,143,41
clock_write_control,odd,2,144,41
clock_write_control,odd,2,145,41
clock_write_control,odd,2,146,41
clock_write_control,odd,2,147,41
clock_write_control,odd,2,148,41
clock_write_control,odd,2,149,41
clock_write_control,odd,2,150,41
clock_write_control,odd,2,151,41
clock_write_control,odd,2,152,41
clock_write_control,odd,2,153,41
clock_write_control,odd,2,154,41
clock_write_control,odd,2,155,41
clock_write_control,odd,2,156,41
clock_write_control,odd,2,157,41
clock_write_control,odd,2,158,41
clock_write_control,odd,2,159,41
clock_write_control,odd,2,160,41
clock_write_control,odd,2,161,41
clock_write_control,odd,2,162,41
clock_write_control,odd,2,163,41
clock_write_control,odd,2,164,41
clock_write_control,odd,2,165,41
clock_write_control,odd,2,166,41
clock_write_control,odd,2,167,41
clock_write_control,odd,2,168,41
clock_write_control,odd,2,169,41
clock_write_control,odd,2,170,41
clock_write_control,odd,2,171,41
clock_write_control,odd,2,172,41
clock_write_control,odd,2,173,41
clock_write_control,odd,2,174,41
clock_write_control,odd,2,175,71
clock_write_control,odd,2,176,41
clock_write_control,odd,2,177,41
clock_write_control,odd,2,178,41
clock_write_control,odd,2,179,41
clock_write_control,odd,2,180,41
clock_write_control,odd,2,181,41
clock_write_control,odd,2,182,41
clock_write_control,odd,2,183,41
clock_write_control,odd,2,184,41
clock_write_control,odd,2,185,41
clock_write_control,odd,2,186,41
clock_write_control,odd,2,187,41
clock_write_control,odd,2,188,41
clock_write_control,odd,2,189,41
clock_write_control,odd,2,190,41
clock_write_control,odd,2,191,41
clock_write_control,odd,2,192,41
clock_write_control,odd,2,193,41
clock_write_control,odd,2,194,41
clock_write_control,odd,2,195,41
clock_write_control,odd,2,196,41
clock_write_control,odd,2,197,41
clock_write_control,odd,2,198,41
clock_write_control,odd,2,199,41
clock_write_control,odd,2,200,41
clock_write_control,odd,2,201,50
clock_write_control,odd,2,202,50
clock_write_control,odd,2,203,41
clock_write_control,odd,2,204,41
clock_write_control,odd,2,205,41
clock_write_control,odd,2,206,41
clock_write_control,odd,2,207,41
clock_write_control,odd,2,208,41
clock_write_control,odd,2,209,41
clock_write_control,odd,2,210,41
clock_write_control,odd,2,211,41
clock_write_control,odd,2,212,41
clock_write_control,odd,2,213,41
clock_write_control,odd,2,214,41
clock_write_control,odd,2,215,41
clock_write_control,odd,2,216,41
clock_write_control,odd,2,217,41
clock_write_control,odd,2,218,41
clock_write_control,odd,2,219,41
clock_write_control,odd,2,220,41
clock_write_control,odd,2,221,41
clock_write_control,odd,2,222,41
clock_write_control,odd,2,223,41
clock_write_control,odd,2,224,41
clock_write_control,odd,2,225,41
clock_write_control,odd,2,226,41
clock_write_control,odd,2,227,41
clock_write_control,odd,2,228,70
clock_write_control,odd,2,229,41
clock_write_control,odd,2,230,41
clock_write_control,odd,2,231,41
clock_write_control,odd,2,232,41
clock_write_control,odd,2,233,41
clock_write_control,odd,2,234,41
clock_write_control,odd,2,235,41
clock_write_control,odd,2,236,41
clock_write_control,odd,2,237,41
clock_write_control,odd,2,238,41
clock_write_control,odd,2,239,41
clock_write_control,odd,2,240,41
clock_write_control,odd,2,241,41
clock_write_control,odd,2,242,41
clock_write_control,odd,2,243,41
clock_write_control,odd,2,244,41
clock_write_control,odd,2,245,41
clock_write_control,odd,2,246,41
clock_write_control,odd,2,247,41
clock_write_control,odd,2,248,41
clock_write_control,odd,2,249,41
clock_write_control,odd,2,250,41
clock_write_control,odd,2,251,41
clock_write_control,odd,2,252,41
clock_write_control,odd,2,253,41
clock_write_control,odd,2,254,41
clock_write_control,odd,2,255,50
clock_write_control,odd,2,256,51
clock_write_control,odd,2,257,50
clock_write_control,odd,2,258,41
clock_write_control,odd,2,259,41
clock_write_control,odd,2,260,41
clock_write_control,odd,2,261,41
clock_write_control,odd,2,262,41
clock_write_control,odd,2,263,41
clock_write_control,odd,2,264,41
clock_write_control,odd,2,265,41
clock_write_control,odd,2,266,41
clock_write_control,odd,2,267,41
clock_write_control,odd,2,268,41
clock_write_control,odd,2,269,41
clock_write_control,odd,2,270,41
clock_write_control,odd,2,271,41
clock_write_control,odd,2,272,41
clock_write_control,odd,2,273,41
clock_write_control,odd,2,274,41
clock_write_control,odd,2,275,41
clock_write_control,odd,2,276,41
clock_write_control,odd,2,277,41
clock_write_control,odd,2,278,41
clock_write_control,odd,2,279,541
clock_write_control,odd,2,280,41
clock_write_control,odd,2,281,41
clock_write_control,odd,2,282,5861
clock_write_control,odd,2,283,41
clock_write_control,odd,2,284,41
clock_write_control,odd,2,285,41
clock_write_control,odd,2,286,41
clock_write_control,odd,2,287,41
clock_write_control,odd,2,288,41
clock_write_control,odd,2,289,41
clock_write_control,odd,2,290,41
clock_write_control,odd,2,291,41
clock_write_control,odd,2,292,41
clock_write_control,odd,2,293,41
clock_write_control,odd,2,294,41
clock_write_control,odd,2,295,41
clock_write_control,odd,2,296,41
clock_write_control,odd,2,297,41
clock_write_control,odd,2,298,41
clock_write_control,odd,2,299,41
clock_write_control,odd,2,300,41
clock_write_control,odd,2,301,41
clock_write_control,odd,2,302,41
clock_write_control,odd,2,303,41
clock_write_control,odd,2,304,41
clock_write_control,odd,2,305,41
clock_write_control,odd,2,306,41
clock_write_control,odd,2,307,41
clock_write_control,odd,2,308,41
clock_write_control,odd,2,309,41
clock_write_control,odd,2,310,41
clock_write_control,odd,2,311,41
clock_write_control,odd,2,312,41
clock_write_control,odd,2,313,41
clock_write_control,odd,2,314,41
clock_write_control,odd,2,315,51
clock_write_control,odd,2,316,50
clock_write_control,odd,2,317,51
clock_write_control,odd,2,318,51
clock_write_control,odd,2,319,41
clock_write_control,odd,2,320,41
clock_write_control,odd,2,321,41
clock_write_control,odd,2,322,41
clock_write_control,odd,2,323,41
clock_write_control,odd,2,324,41
clock_write_control,odd,2,325,41
clock_write_control,odd,2,326,41
clock_write_control,odd,2,327,41
clock_write_control,odd,2,328,41
clock_write_control,odd,2,329,41
clock_write_control,odd,2,330,41
clock_write_control,odd,2,331,41
clock_write_control,odd,2,332,41
clock_write_control,odd,2,333,41
clock_write_control,odd,2,334,41
clock_write_control,odd,2,335,41
clock_write_control,odd,2,336,6522
clock_write_control,odd,2,337,41
clock_write_control,odd,2,338,41
clock_write_control,odd,2,339,41
clock_write_control,odd,2,340,41
clock_write_control,odd,2,341,41
clock_write_control,odd,2,342,41
clock_write_control,odd,2,343,41
clock_write_control,odd,2,344,41
clock_write_control,odd,2,345,41
clock_write_control,odd,2,346,41
clock_write_control,odd,2,347,41
clock_write_control,odd,2,348,41
clock_write_control,odd,2,349,41
clock_write_control,odd,2,350,41
clock_write_control,odd,2,351,41
clock_write_control,odd,2,352,41
clock_write_control,odd,2,353,41
clock_write_control,odd,2,354,41
clock_write_control,odd,2,355,41
clock_write_control,odd,2,356,41
clock_write_control,odd,2,357,41
clock_write_control,odd,2,358,41
clock_write_control,odd,2,359,41
clock_write_control,odd,2,360,41
clock_write_control,odd,2,361,41
clock_write_control,odd,2,362,41
clock_write_control,odd,2,363,41
clock_write_control,odd,2,364,41
clock_write_control,odd,2,365,41
clock_write_control,odd,2,366,41
clock_write_control,odd,2,367,41
clock_write_control,odd,2,368,41
clock_write_control,odd,2,369,41
clock_write_control,odd,2,370,41
clock_write_control,odd,2,371,41
clock_write_control,odd,2,372,41
clock_write_control,odd,2,373,41
clock_write_control,odd,2,374,41
clock_write_control,odd,2,375,41
clock_write_control,odd,2,376,41
clock_write_control,odd,2,377,41
clock_write_control,odd,2,378,41
clock_write_control,odd,2,379,41
clock_write_control,odd,2,380,41
clock_write_control,odd,2,381,41
clock_write_control,odd,2,382,41
clock_write_control,odd,2,383,41
clock_write_control,odd,2,384,41
clock_write_control,odd,2,385,41
clock_write_control,odd,2,386,41
clock_write_control,odd,2,387,41
clock_write_control,odd,2,388,41
clock_write_control,odd,2,389,41
clock_write_control,odd,2,390,41
clock_write_control,odd,2,391,4920
clock_write_control,odd,2,392,41
clock_write_control,odd,2,393,41
clock_write_control,odd,2,394,41
clock_write_control,odd,2,395,41
clock_write_control,odd,2,396,41
clock_write_control,odd,2,397,41
clock_write_control,odd,2,398,41
clock_write_control,odd,2,399,41
pool,odd,2,0,41
pool,odd,2,1,41
pool,odd,2,2,41
pool,odd,2,3,41
pool,odd,2,4,41
pool,odd,2,5,41
pool,odd,2,6,41
pool,odd,2,7,41
pool,odd,2,8,41
pool,odd,2,9,41
pool,odd,2,10,41
pool,odd,2,11,41
pool,odd,2,12,41
pool,odd,2,13,41
pool,odd,2,14,41
pool,odd,2,15,41
pool,odd,2,16,70
pool,odd,2,17,41
pool,odd,2,18,41
pool,odd,2,19,41
pool,odd,2,20,41
pool,odd,2,21,41
pool,odd,2,22,41
pool,odd,2,23,41
pool,odd,2,24,41
pool,odd,2,25,41
pool,odd,2,26,41
pool,odd,2,27,41
pool,odd,2,28,41
pool,odd,2,29,41
pool,odd,2,30,41
pool,odd,2,31,41
pool,odd,2,32,41
pool,odd,2,33,41
pool,odd,2,34,41
pool,odd,2,35,41
pool,odd,2,36,41
pool,odd,2,37,41
pool,odd,2,38,41
pool,odd,2,39,41
pool,odd,2,40,41
pool,odd,2,41,41
pool,odd,2,42,41
pool,odd,2,43,41
pool,odd,2,44,41
pool,odd,2,45,41
pool,odd,2,46,41
pool,odd,2,47,41
pool,odd,2,48,51
pool,odd,2,49,50
pool,odd,2,50,51
pool,odd,2,51,51
pool,odd,2,52,41
pool,odd,2,53,41
pool,odd,2,54,41
pool,odd,2,55,41
pool,odd,2,56,41
pool,odd,2,57,41
pool,odd,2,58,41
pool,odd,2,59,41
pool,odd,2,60,41
pool,odd,2,61,41
pool,odd,2,62,41
pool,odd,2,63,41
pool,odd,2,64,41
pool,odd,2,65,41
pool,odd,2,66,41
pool,odd,2,67,41
pool,odd,2,68,5630
pool,odd,2,69,41
pool,odd,2,70,41
pool,odd,2,71,41
pool,odd,2,72,41
pool,odd,2,73,41
pool,odd,2,74,41
pool,odd,2,75,41
pool,odd,2,76,41
pool,odd,2,77,41
pool,odd,2,78,41
pool,odd,2,79,41
pool,odd,2,80,41
pool,odd,2,81,41
pool,odd,2,82,41
pool,odd,2,83,41
pool,odd,2,84,41
pool,odd,2,85,41
pool,odd,2,86,41
pool,odd,2,87,41
pool,odd,2,88,41
pool,odd,2,89,41
pool,odd,2,90,41
pool,odd,2,91,41
pool,odd,2,92,41
pool,odd,2,93,41
pool,odd,2,94,41
pool,odd,2,95,41
pool,odd,2,96,41
pool,odd,2,97,41
pool,odd,2,98,41
pool,odd,2,99,41
pool,odd,2,100,41
pool,odd,2,101,41
pool,odd,2,102,41
pool,odd,2,103,41
pool,odd,2,104,41
pool,odd,2,105,41
pool,odd,2,106,41
pool,odd,2,107,41
pool,odd,2,108,41
pool,odd,2,109,41
pool,odd,2,110,41
pool,odd,2,111,41
pool,odd,2,112,41
pool,odd,2,113,41
pool,odd,2,114,41
pool,odd,2,115,41
pool,odd,2,116,41
pool,odd,2,117,41
pool,odd,2,118,41
pool,odd,2,119,41
pool,odd,2,120,6042
pool,odd,2,121,41
pool,odd,2,122,41
pool,odd,2,123,41
pool,odd,2,124,41
pool,odd,2,125,41
pool,odd,2,126,41
pool,odd,2,127,41
pool,odd,2,128,41
pool,odd,2,129,41
pool,odd,2,130,41
pool,odd,2,131,41
pool,odd,2,132,41
pool,odd,2,133,41
pool,odd,2,134,41
pool,odd,2,135,41
pool,odd,2,136,41
pool,odd,2,137,41
pool,odd,2,138,41
pool,odd,2,139,41
pool,odd,2,140,41
pool,odd,2,141,41
pool,odd,2,142,41
pool,odd,2,143,41
pool,odd,2,144,41
pool,odd,2,145,41
pool,odd,2,146,41
pool,odd,2,147,50
pool,odd,2,148,41
pool,odd,2,149,51
pool,odd,2,150,41
pool,odd,2,151,41
pool,odd,2,152,41
pool,odd,2,153,41
pool,odd,2,154,41
pool,odd,2,155,41
pool,odd,2,156,41
pool,odd,2,157,41
pool,odd,2,158,41
pool,odd,2,159,41
pool,odd,2,160,41
pool,odd,2,161,41
pool,odd,2,162,41
pool,odd,2,163,41
pool,odd,2,164,41
pool,odd,2,165,41
pool,odd,2,166,41
pool,odd,2,167,41
pool,odd,2,168,41
pool,odd,2,169,41
pool,odd,2,170,41
pool,odd,2,171,41
pool,odd,2,172,41
pool,odd,2,173,5570
pool,odd,2,174,41
pool,odd,2,175,41
pool,odd,2,176,41
pool,odd,2,177,41
pool,odd,2,178,41
pool,odd,2,179,41
pool,odd,2,180,41
pool,odd,2,181,41
pool,odd,2,182,41
pool,odd,2,183,41
pool,odd,2,184,41
pool,odd,2,185,41
pool,odd,2,186,41
pool,odd,2,187,41
pool,odd,2,188,41
pool,odd,2,189,41
pool,odd,2,190,41
pool,odd,2,191,41
pool,odd,2,192,41
pool,odd,2,193,41
pool,odd,2,194,41
pool,odd,2,195,41
pool,odd,2,196,41
pool,odd,2,197,41
pool,odd,2,198,41
pool,odd,2,199,41
pool,odd,2,200,41
pool,odd,2,201,41
pool,odd,2,202,41
pool,odd,2,203,41
pool,odd,2,204,41
pool,odd,2,205,41
pool,odd,2,206,41
pool,odd,2,207,41
pool,odd,2,208,41
pool,odd,2,209,41
pool,odd,2,210,41
pool,odd,2,211,41
pool,odd,2,212,41
pool,odd,2,213,41
pool,odd,2,214,41
pool,odd,2,215,41
pool,odd,2,216,41
pool,odd,2,217,41
pool,odd,2,218,41
pool,odd,2,219,41
pool,odd,2,220,41
pool,odd,2,221,41
pool,odd,2,222,41
pool,odd,2,223,41
pool,odd,2,224,41
pool,odd,2,225,41
pool,odd,2,226,5169
pool,odd,2,227,41
pool,odd,2,228,41
pool,odd,2,229,41
pool,odd,2,230,41
pool,odd,2,231,41
pool,odd,2,232,41
pool,odd,2,233,41
pool,odd,2,234,41
pool,odd,2,235,41
pool,odd,2,236,41
pool,odd,2,237,41
pool,odd,2,238,41
pool,odd,2,239,41
pool,odd,2,240,41
pool,odd,2,241,41
pool,odd,2,242,41
pool,odd,2,243,41
pool,odd,2,244,41
pool,odd,2,245,41
pool,odd,2,246,41
pool,odd,2,247,41
pool,odd,2,248,41
pool,odd,2,249,41
pool,odd,2,250,41
pool,odd,2,251,41
pool,odd,2,252,41
pool,odd,2,253,41
pool,odd,2,254,41
pool,odd,2,255,41
pool,odd,2,256,41
pool,odd,2,257,41
pool,odd,2,258,41
pool,odd,2,259,50
pool,odd,2,260,51
pool,odd,2,261,51
pool,odd,2,262,50
pool,odd,2,263,41
pool,odd,2,264,41
pool,odd,2,265,41
pool,odd,2,266,41
pool,odd,2,267,41
pool,odd,2,268,41
pool,odd,2,269,41
pool,odd,2,270,41
pool,odd,2,271,41
pool,odd,2,272,41
pool,odd,2,273,41
pool,odd,2,274,41
pool,odd,2,275,41
pool,odd,2,276,41
pool,odd,2,277,41
pool,odd,2,278,41
pool,odd,2,279,70
pool,odd,2,280,41
pool,odd,2,281,41
pool,odd,2,282,41
pool,odd,2,283,41
pool,odd,2,284,41
pool,odd,2,285,41
pool,odd,2,286,41
pool,odd,2,287,41
pool,odd,2,288,41
pool,odd,2,289,41
pool,odd,2,290,41
pool,odd,2,291,41
pool,odd,2,292,41
pool,odd,2,293,41
pool,odd,2,294,41
pool,odd,2,295,41
pool,odd,2,296,41
pool,odd,2,297,41
pool,odd,2,298,41
pool,odd,2,299,41
pool,odd,2,300,41
pool,odd,2,301,41
pool,odd,2,302,41
pool,odd,2,303,41
pool,odd,2,304,41
pool,odd,2,305,41
pool,odd,2,306,41
pool,odd,2,307,41
pool,odd,2,308,41
pool,odd,2,309,41
pool,odd,2,310,41
pool,odd,2,311,41
pool,odd,2,312,41
pool,odd,2,313,41
pool,odd,2,314,41
pool,odd,2,315,41
pool,odd,2,316,41
pool,odd,2,317,41
pool,odd,2,318,41
pool,odd,2,319,41
pool,odd,2,320,41
pool,odd,2,321,41
pool,odd,2,322,41
pool,odd,2,323,41
pool,odd,2,324,41
pool,odd,2,325,41
pool,odd,2,326,41
pool,odd,2,327,41
pool,odd,2,328,41
pool,odd,2,329,41
pool,odd,2,330,41
pool,odd,2,331,41
pool,odd,2,332,71
pool,odd,2,333,41
pool,odd,2,334,41
pool,odd,2,335,41
pool,odd,2,336,41
pool,odd,2,337,41
pool,odd,2,338,41
pool,odd,2,339,41
pool,odd,2,340,41
pool,odd,2,341,41
pool,odd,2,342,41
pool,odd,2,343,41
pool,odd,2,344,41
pool,odd,2,345,41
pool,odd,2,346,41
pool,odd,2,347,41
pool,odd,2,348,41
pool,odd,2,349,41
pool,odd,2,350,41
pool,odd,2,351,41
pool,odd,2,352,41
pool,odd,2,353,41
pool,odd,2,354,41
pool,odd,2,355,41
pool,odd,2,356,41
pool,odd,2,357,41
pool,odd,2,358,41
pool,odd,2,359,50
pool,odd,2,360,50
pool,odd,2,361,50
pool,odd,2,362,41
pool,odd,2,363,41
pool,odd,2,364,41
pool,odd,2,365,41
pool,odd,2,366,41
pool,odd,2,367,41
pool,odd,2,368,41
pool,odd,2,369,41
pool,odd,2,370,41
pool,odd,2,371,41
pool,odd,2,372,41
pool,odd,2,373,41
pool,odd,2,374,41
pool,odd,2,375,41
pool,odd,2,376,41
pool,odd,2,377,41
pool,odd,2,378,41
pool,odd,2,379,41
pool,odd,2,380,41
pool,odd,2,381,41
pool,odd,2,382,41
pool,odd,2,383,41
pool,odd,2,384,80
pool,odd,2,385,41
pool,odd,2,386,41
pool,odd,2,387,41
pool,odd,2,388,41
pool,odd,2,389,41
pool,odd,2,390,41
pool,odd,2,391,41
pool,odd,2,392,41
pool,odd,2,393,41
pool,odd,2,394,41
pool,odd,2,395,41
pool,odd,2,396,41
pool,odd,2,397,41
pool,odd,2,398,41
pool,odd,2,399,41
stack,odd,2,0,50
stack,odd,2,1,50
stack,odd,2,2,51
stack,odd,2,3,50
stack,odd,2,4,41
stack,odd,2,5,41
stack,odd,2,6,41
stack,odd,2,7,41
stack,odd,2,8,41
stack,odd,2,9,41
stack,odd,2,10,41
stack,odd,2,11,41
stack,odd,2,12,80
stack,odd,2,13,41
stack,odd,2,14,41
stack,odd,2,15,41
stack,odd,2,16,41
stack,odd,2,17,41
stack,odd,2,18,41
stack,odd,2,19,41
stack,odd,2,20,41
stack,odd,2,21,41
stack,odd,2,22,41
stack,odd,2,23,41
stack,odd,2,24,41
stack,odd,2,25,41
stack,odd,2,26,41
stack,odd,2,27,41
stack,odd,2,28,41
stack,odd,2,29,41
stack,odd,2,30,41
stack,odd,2,31,42
stack,odd,2,32,41
stack,odd,2,33,41
stack,odd,2,34,41
stack,odd,2,35,41
stack,odd,2,36,41
stack,odd,2,37,41
stack,odd,2,38,41
stack,odd,2,39,41
stack,odd,2,40,50
stack,odd,2,41,51
stack,odd,2,42,41
stack,odd,2,43,41
stack,odd,2,44,41
stack,odd,2,45,41
stack,odd,2,46,41
stack,odd,2,47,41
stack,odd,2,48,41
stack,odd,2,49,41
stack,odd,2,50,41
stack,odd,2,51,41
stack,odd,2,52,41
stack,odd,2,53,41
stack,odd,2,54,41
stack,odd,2,55,41
stack,odd,2,56,41
stack,odd,2,57,41
stack,odd,2,58,41
stack,odd,2,59,41
stack,odd,2,60,41
stack,odd,2,61,41
stack,odd,2,62,41
stack,odd,2,63,41
stack,odd,2,64,70
stack,odd,2,65,41
stack,odd,2,66,41
stack,odd,2,67,41
stack,odd,2,68,41
stack,odd,2,69,41
stack,odd,2,70,41
stack,odd,2,71,41
stack,odd,2,72,41
stack,odd,2,73,41
stack,odd,2,74,41
stack,odd,2,75,41
stack,odd,2,76,41
stack,odd,2,77,41
stack,odd,2,78,41
stack,odd,2,79,41
stack,odd,2,80,41
stack,odd,2,81,41
stack,odd,2,82,41
stack,odd,2,83,41
stack,odd,2,84,41
stack,odd,2,85,41
stack,odd,2,86,41
stack,odd,2,87,41
stack,odd,2,88,41
stack,odd,2,89,41
stack,odd,2,90,41
stack,odd,2,91,41
stack,odd,2,92,41
stack,odd,2,93,41
stack,odd,2,94,41
stack,odd,2,95,41
stack,odd,2,96,41
stack,odd,2,97,51
stack,odd,2,98,51
stack,odd,2,99,51
stack,odd,2,100,51
stack,odd,2,101,41
stack,odd,2,102,41
stack,odd,2,103,41
stack,odd,2,104,41
stack,odd,2,105,41
stack,odd,2,106,41
stack,odd,2,107,41
stack,odd,2,108,41
stack,odd,2,109,41
stack,odd,2,110,41
stack,odd,2,111,41
stack,odd,2,112,41
stack,odd,2,113,41
stack,odd,2,114,41
stack,odd,2,115,41
stack,odd,2,116,41
stack,odd,2,117,6131
stack,odd,2,118,41
stack,odd,2,119,41
stack,odd,2,120,41
stack,odd,2,121,41
stack,odd,2,122,41
stack,odd,2,123,41
stack,odd,2,124,41
stack,odd,2,125,41
stack,odd,2,126,41
stack,odd,2,127,41
stack,odd,2,128,41
stack,odd,2,129,41
stack,odd,2,130,41
stack,odd,2,131,41
stack,odd,2,132,41
stack,odd,2,133,41
stack,odd,2,134,41
stack,odd,2,135,41
stack,odd,2,136,41
stack,odd,2,137,41
stack,odd,2,138,41
stack,odd,2,139,41
stack,odd,2,140,41
stack,odd,2,141,41
stack,odd,2,142,41
stack,odd,2,143,41
stack,odd,2,144,41
stack,odd,2,145,41
stack,odd,2,146,41
stack,odd,2,147,41
stack,odd,2,148,50
stack,odd,2,149,51
stack,odd,2,150,41
stack,odd,2,151,41
stack,odd,2,152,41
stack,odd,2,153,41
stack,odd,2,154,41
stack,odd,2,155,41
stack,odd,2,156,41
stack,odd,2,157,41
stack,odd,2,158,41
stack,odd,2,159,41
stack,odd,2,160,41
stack,odd,2,161,41
stack,odd,2,162,41
stack,odd,2,163,41
stack,odd,2,164,41
stack,odd,2,165,41
stack,odd,2,166,41
stack,odd,2,167,41
stack,odd,2,168,6713
stack,odd,2,169,41
stack,odd,2,170,41
stack,odd,2,171,41
stack,odd,2,172,41
stack,odd,2,173,41
stack,odd,2,174,41
stack,odd,2,175,41
stack,odd,2,176,41
stack,odd,2,177,41
stack,odd,2,178,41
stack,odd,2,179,41
stack,odd,2,180,41
stack,odd,2,181,41
stack,odd,2,182,41
stack,odd,2,183,41
stack,odd,2,184,41
stack,odd,2,185,41
stack,odd,2,186,41
stack,odd,2,187,41
stack,odd,2,188,41
stack,odd,2,189,41
stack,odd,2,190,41
stack,odd,2,191,41
stack,odd,2,192,41
stack,odd,2,193,51
stack,odd,2,194,51
stack,odd,2,195,51
stack,odd,2,196,51
stack,odd,2,197,51
stack,odd,2,198,51
stack,odd,2,199,51
stack,odd,2,200,51
stack,odd,2,201,41
stack,odd,2,202,41
stack,odd,2,203,41
stack,odd,2,204,41
stack,odd,2,205,41
stack,odd,2,206,41
stack,odd,2,207,41
stack,odd,2,208,41
stack,odd,2,209,41
stack,odd,2,210,41
stack,odd,2,211,41
stack,odd,2,212,41
stack,odd,2,213,41
stack,odd,2,214,41
stack,odd,2,215,41
stack,odd,2,216,41
stack,odd,2,217,41
stack,odd,2,218,90
stack,odd,2,219,41
stack,odd,2,220,41
stack,odd,2,221,41
stack,odd,2,222,41
stack,odd,2,223,41
stack,odd,2,224,41
stack,odd,2,225,41
stack,odd,2,226,41
stack,odd,2,227,41
stack,odd,2,228,41
stack,odd,2,229,41
stack,odd,2,230,41
stack,odd,2,231,41
stack,odd,2,232,41
stack,odd,2,233,41
stack,odd,2,234,41
stack,odd,2,235,41
stack,odd,2,236,41
stack,odd,2,237,41
stack,odd,2,238,41
stack,odd,2,239,41
stack,odd,2,240,41
stack,odd,2,241,41
stack,odd,2,242,41
stack,odd,2,243,41
stack,odd,2,244,41
stack,odd,2,245,41
stack,odd,2,246,41
stack,odd,2,247,41
stack,odd,2,248,41
stack,odd,2,249,41
stack,odd,2,250,41
stack,odd,2,251,50
stack,odd,2,252,51
stack,odd,2,253,50
stack,odd,2,254,51
stack,odd,2,255,41
stack,odd,2,256,41
stack,odd,2,257,41
stack,odd,2,258,41
stack,odd,2,259,41
stack,odd,2,260,41
stack,odd,2,261,41
stack,odd,2,262,41
stack,odd,2,263,41
stack,odd,2,264,41
stack,odd,2,265,41
stack,odd,2,266,41
stack,odd,2,267,41
stack,odd,2,268,41
stack,odd,2,269,41
stack,odd,2,270,41
stack,odd,2,271,6031
stack,odd,2,272,41
stack,odd,2,273,41
stack,odd,2,274,41
stack,odd,2,275,41
stack,odd,2,276,41
stack,odd,2,277,41
stack,odd,2,278,41
stack,odd,2,279,41
stack,odd,2,280,41
stack,odd,2,281,41
stack,odd,2,282,41
stack,odd,2,283,41
stack,odd,2,284,41
stack,odd,2,285,41
stack,odd,2,286,41
stack,odd,2,287,41
stack,odd,2,288,41
stack,odd,2,289,41
stack,odd,2,290,41
stack,odd,2,291,41
stack,odd,2,292,41
stack,odd,2,293,41
stack,odd,2,294,41
stack,odd,2,295,41
stack,odd,2,296,41
stack,odd,2,297,41
stack,odd,2,298,41
stack,odd,2,299,41
stack,odd,2,300,41
stack,odd,2,301,41
stack,odd,2,302,41
stack,odd,2,303,50
stack,odd,2,304,51
stack,odd,2,305,51
stack,odd,2,306,41
stack,odd,2,307,41
stack,odd,2,308,41
stack,odd,2,309,41
stack,odd,2,310,41
stack,odd,2,311,41
stack,odd,2,312,41
stack,odd,2,313,41
stack,odd,2,314,41
stack,odd,2,315,41
stack,odd,2,316,41
stack,odd,2,317,41
stack,odd,2,318,41
stack,odd,2,319,41
stack,odd,2,320,41
stack,odd,2,321,41
stack,odd,2,322,41
stack,odd,2,323,80
stack,odd,2,324,41
stack,odd,2,325,41
stack,odd,2,326,41
stack,odd,2,327,41
stack,odd,2,328,41
stack,odd,2,329,41
stack,odd,2,330,41
stack,odd,2,331,41
stack,odd,2,332,41
stack,odd,2,333,41
stack,odd,2,334,41
stack,odd,2,335,41
stack,odd,2,336,41
stack,odd,2,337,41
stack,odd,2,338,41
stack,odd,2,339,41
stack,odd,2,340,41
stack,odd,2,341,41
stack,odd,2,342,41
stack,odd,2,343,41
stack,odd,2,344,41
stack,odd,2,345,41
stack,odd,2,346,41
stack,odd,2,347,41
stack,odd,2,348,41
stack,odd,2,349,41
stack,odd,2,350,41
stack,odd,2,351,50
stack,odd,2,352,50
stack,odd,2,353,51
stack,odd,2,354,41
stack,odd,2,355,41
stack,odd,2,356,41
stack,odd,2,357,41
stack,odd,2,358,41
stack,odd,2,359,41
stack,odd,2,360,41
stack,odd,2,361,41
stack,odd,2,362,41
stack,odd,2,363,41
stack,odd,2,364,41
stack,odd,2,365,41
stack,odd,2,366,41
stack,odd,2,367,41
stack,odd,2,368,41
stack,odd,2,369,41
stack,odd,2,370,41
stack,odd,2,371,41
stack,odd,2,372,41
stack,odd,2,373,41
stack,odd,2,374,41
stack,odd,2,375,41
stack,odd,2,376,41
stack,odd,2,377,41
stack,odd,2,378,41
stack,odd,2,379,41
stack,odd,2,380,41
stack,odd,2,381,41
stack,odd,2,382,41
stack,odd,2,383,41
stack,odd,2,384,41
stack,odd,2,385,41
stack,odd,2,386,41
stack,odd,2,387,41
stack,odd,2,388,41
stack,odd,2,389,41
stack,odd,2,390,41
stack,odd,2,391,41
stack,odd,2,392,41
stack,odd,2,393,41
stack,odd,2,394,41
stack,odd,2,395,51
stack,odd,2,396,50
stack,odd,2,397,41
stack,odd,2,398,50
stack,odd,2,399,60
malloc,aligned,3,0,111
malloc,aligned,3,1,70
malloc,aligned,3,2,70
malloc,aligned,3,3,61
malloc,aligned,3,4,61
malloc,aligned,3,5,70
malloc,aligned,3,6,71
malloc,aligned,3,7,61
malloc,aligned,3,8,70
malloc,aligned,3,9,60
malloc,aligned,3,10,60
malloc,aligned,3,11,71
malloc,aligned,3,12,70
malloc,aligned,3,13,70
malloc,aligned,3,14,61
malloc,aligned,3,15,81
malloc,aligned,3,16,70
malloc,aligned,3,17,70
malloc,aligned,3,18,60
malloc,aligned,3,19,70
malloc,aligned,3,20,70
malloc,aligned,3,21,71
malloc,aligned,3,22,60
malloc,aligned,3,23,61
malloc,aligned,3,24,60
malloc,aligned,3,25,61
malloc,aligned,3,26,60
malloc,aligned,3,27,70
malloc,aligned,3,28,61
malloc,aligned,3,29,70
malloc,aligned,3,30,61
malloc,aligned,3,31,70
malloc,aligned,3,32,60
malloc,aligned,3,33,61
malloc,aligned,3,34,60
malloc,aligned,3,35,70
malloc,aligned,3,36,71
malloc,aligned,3,37,70
malloc,aligned,3,38,61
malloc,aligned,3,39,70
malloc,aligned,3,40,70
malloc,aligned,3,41,70
malloc,aligned,3,42,70
malloc,aligned,3,43,71
malloc,aligned,3,44,61
malloc,aligned,3,45,6032
malloc,aligned,3,46,70
malloc,aligned,3,47,71
malloc,aligned,3,48,60
malloc,aligned,3,49,61
malloc,aligned,3,50,61
malloc,aligned,3,51,60
malloc,aligned,3,52,61
malloc,aligned,3,53,60
malloc,aligned,3,54,61
malloc,aligned,3,55,70
malloc,aligned,3,56,70
malloc,aligned,3,57,70
malloc,aligned,3,58,70
malloc,aligned,3,59,71
malloc,aligned,3,60,70
malloc,aligned,3,61,70
malloc,aligned,3,62,70
malloc,aligned,3,63,61
malloc,aligned,3,64,60
malloc,aligned,3,65,61
malloc,aligned,3,66,60
malloc,aligned,3,67,70
malloc,aligned,3,68,70
malloc,aligned,3,69,60
malloc,aligned,3,70,70
malloc,aligned,3,71,70
malloc,aligned,3,72,80
malloc,aligned,3,73,80
malloc,aligned,3,74,60
malloc,aligned,3,75,61
malloc,aligned,3,76,70
malloc,aligned,3,77,70
malloc,aligned,3,78,70
malloc,aligned,3,79,60
malloc,aligned,3,80,70
malloc,aligned,3,81,60
malloc,aligned,3,82,61
malloc,aligned,3,83,60
malloc,aligned,3,84,60
malloc,aligned,3,85,70
malloc,aligned,3,86,70
malloc,aligned,3,87,61
malloc,aligned,3,88,60
malloc,aligned,3,89,61
malloc,aligned,3,90,60
malloc,aligned,3,91,70
malloc,aligned,3,92,90
malloc,aligned,3,93,61
malloc,aligned,3,94,70
malloc,aligned,3,95,70
malloc,aligned,3,96,60
malloc,aligned,3,97,70
malloc,aligned,3,98,61
malloc,aligned,3,99,70
malloc,aligned,3,100,70
malloc,aligned,3,101,70
malloc,aligned,3,102,70
malloc,aligned,3,103,61
malloc,aligned,3,104,60
malloc,aligned,3,105,60
malloc,aligned,3,106,70
malloc,aligned,3,107,70
malloc,aligned,3,108,70
malloc,aligned,3,109,70
malloc,aligned,3,110,70
malloc,aligned,3,111,70
malloc,aligned,3,112,60
malloc,aligned,3,113,61
malloc,aligned,3,114,60
malloc,aligned,3,115,70
malloc,aligned,3,116,61
malloc,aligned,3,117,70
malloc,aligned,3,118,70
malloc,aligned,3,119,70
malloc,aligned,3,120,61
malloc,aligned,3,121,70
malloc,aligned,3,122,61
malloc,aligned,3,123,70
malloc,aligned,3,124,70
malloc,aligned,3,125,61
malloc,aligned,3,126,70
malloc,aligned,3,127,60
malloc,aligned,3,128,61
malloc,aligned,3,129,71
malloc,aligned,3,130,60
malloc,aligned,3,131,70
malloc,aligned,3,132,70
malloc,aligned,3,133,60
malloc,aligned,3,134,71
malloc,aligned,3,135,70
malloc,aligned,3,136,70
malloc,aligned,3,137,60
malloc,aligned,3,138,60
malloc,aligned,3,139,81
malloc,aligned,3,140,70
malloc,aligned,3,141,61
malloc,aligned,3,142,61
malloc,aligned,3,143,70
malloc,aligned,3,144,70
malloc,aligned,3,145,60
malloc,aligned,3,146,70
malloc,aligned,3,147,70
malloc,aligned,3,148,71
malloc,aligned,3,149,61
malloc,aligned,3,150,60
malloc,aligned,3,151,61
malloc,aligned,3,152,60
malloc,aligned,3,153,61
malloc,aligned,3,154,60
malloc,aligned,3,155,61
malloc,aligned,3,156,60
malloc,aligned,3,157,70
malloc,aligned,3,158,70
malloc,aligned,3,159,70
malloc,aligned,3,160,60
malloc,aligned,3,161,60
malloc,aligned,3,162,60
malloc,aligned,3,163,70
malloc,aligned,3,164,70
malloc,aligned,3,165,70
malloc,aligned,3,166,70
malloc,aligned,3,167,60
malloc,aligned,3,168,60
malloc,aligned,3,169,60
malloc,aligned,3,170,60
malloc,aligned,3,171,80
malloc,aligned,3,172,60
malloc,aligned,3,173,70
malloc,aligned,3,174,70
malloc,aligned,3,175,70
malloc,aligned,3,176,61
malloc,aligned,3,177,70
malloc,aligned,3,178,70
malloc,aligned,3,179,70
malloc,aligned,3,180,70
malloc,aligned,3,181,70
malloc,aligned,3,182,60
malloc,aligned,3,183,70
malloc,aligned,3,184,61
malloc,aligned,3,185,6953
malloc,aligned,3,186,71
malloc,aligned,3,187,60
malloc,aligned,3,188,70
malloc,aligned,3,189,60
malloc,aligned,3,190,70
malloc,aligned,3,191,70
malloc,aligned,3,192,61
malloc,aligned,3,193,70
malloc,aligned,3,194,70
malloc,aligned,3,195,60
malloc,aligned,3,196,61
malloc,aligned,3,197,70
malloc,aligned,3,198,70
malloc,aligned,3,199,70
malloc,aligned,3,200,70
malloc,aligned,3,201,70
malloc,aligned,3,202,60
malloc,aligned,3,203,61
malloc,aligned,3,204,61
malloc,aligned,3,205,70
malloc,aligned,3,206,61
malloc,aligned,3,207,70
malloc,aligned,3,208,61
malloc,aligned,3,209,70
malloc,aligned,3,210,61
malloc,aligned,3,211,60
malloc,aligned,3,212,70
malloc,aligned,3,213,70
malloc,aligned,3,214,70
malloc,aligned,3,215,71
malloc,aligned,3,216,60
malloc,aligned,3,217,60
malloc,aligned,3,218,60
malloc,aligned,3,219,70
malloc,aligned,3,220,70
malloc,aligned,3,221,70
malloc,aligned,3,222,70
malloc,aligned,3,223,70
malloc,aligned,3,224,70
malloc,aligned,3,225,60
malloc,aligned,3,226,60
malloc,aligned,3,227,70
malloc,aligned,3,228,61
malloc,aligned,3,229,60
malloc,aligned,3,230,70
malloc,aligned,3,231,70
malloc,aligned,3,232,5370
malloc,aligned,3,233,70
malloc,aligned,3,234,71
malloc,aligned,3,235,60
malloc,aligned,3,236,70
malloc,aligned,3,237,70
malloc,aligned,3,238,70
malloc,aligned,3,239,60
malloc,aligned,3,240,70
malloc,aligned,3,241,70
malloc,aligned,3,242,61
malloc,aligned,3,243,70
malloc,aligned,3,244,70
malloc,aligned,3,245,60
malloc,aligned,3,246,70
malloc,aligned,3,247,70
malloc,aligned,3,248,70
malloc,aligned,3,249,70
malloc,aligned,3,250,70
malloc,aligned,3,251,70
malloc,aligned,3,252,70
malloc,aligned,3,253,60
malloc,aligned,3,254,60
malloc,aligned,3,255,70
malloc,aligned,3,256,70
malloc,aligned,3,257,61
malloc,aligned,3,258,80
malloc,aligned,3,259,60
malloc,aligned,3,260,70
malloc,aligned,3,261,60
malloc,aligned,3,262,60
malloc,aligned,3,263,70
malloc,aligned,3,264,60
malloc,aligned,3,265,70
malloc,aligned,3,266,71
malloc,aligned,3,267,70
malloc,aligned,3,268,61
malloc,aligned,3,269,70
malloc,aligned,3,270,70
malloc,aligned,3,271,70
malloc,aligned,3,272,70
malloc,aligned,3,273,70
malloc,aligned,3,274,70
malloc,aligned,3,275,70
malloc,aligned,3,276,70
malloc,aligned,3,277,70
malloc,aligned,3,278,70
malloc,aligned,3,279,61
malloc,aligned,3,280,91
malloc,aligned,3,281,70
malloc,aligned,3,282,70
malloc,aligned,3,283,70
malloc,aligned,3,284,60
malloc,aligned,3,285,71
malloc,aligned,3,286,60
malloc,aligned,3,287,70
malloc,aligned,3,288,70
malloc,aligned,3,289,60
malloc,aligned,3,290,61
malloc,aligned,3,291,70
malloc,aligned,3,292,70
malloc,aligned,3,293,70
malloc,aligned,3,294,60
malloc,aligned,3,295,61
malloc,aligned,3,296,60
malloc,aligned,3,297,70
malloc,aligned,3,298,60
malloc,aligned,3,299,70
malloc,aligned,3,300,60
malloc,aligned,3,301,70
malloc,aligned,3,302,70
malloc,aligned,3,303,71
malloc,aligned,3,304,70
malloc,aligned,3,305,70
malloc,aligned,3,306,60
malloc,aligned,3,307,61
malloc,aligned,3,308,70
malloc,aligned,3,309,61
malloc,aligned,3,310,70
malloc,aligned,3,311,70
malloc,aligned,3,312,70
malloc,aligned,3,313,70
malloc,aligned,3,314,70
malloc,aligned,3,315,70
malloc,aligned,3,316,60
malloc,aligned,3,317,60
malloc,aligned,3,318,60
malloc,aligned,3,319,61
malloc,aligned,3,320,70
malloc,aligned,3,321,61
malloc,aligned,3,322,70
malloc,aligned,3,323,61
malloc,aligned,3,324,70
malloc,aligned,3,325,70
malloc,aligned,3,326,60
malloc,aligned,3,327,90
malloc,aligned,3,328,60
malloc,aligned,3,329,70
malloc,aligned,3,330,71
malloc,aligned,3,331,70
malloc,aligned,3,332,70
malloc,aligned,3,333,70
malloc,aligned,3,334,70
malloc,aligned,3,335,60
malloc,aligned,3,336,70
malloc,aligned,3,337,70
malloc,aligned,3,338,61
malloc,aligned,3,339,61
malloc,aligned,3,340,70
malloc,aligned,3,341,71
malloc,aligned,3,342,61
malloc,aligned,3,343,61
malloc,aligned,3,344,70
malloc,aligned,3,345,70
malloc,aligned,3,346,70
malloc,aligned,3,347,70
malloc,aligned,3,348,70
malloc,aligned,3,349,61
malloc,aligned,3,350,60
malloc,aligned,3,351,70
malloc,aligned,3,352,60
malloc,aligned,3,353,70
malloc,aligned,3,354,80
malloc,aligned,3,355,70
malloc,aligned,3,356,61
malloc,aligned,3,357,70
malloc,aligned,3,358,60
malloc,aligned,3,359,70
malloc,aligned,3,360,61
malloc,aligned,3,361,90
malloc,aligned,3,362,71
malloc,aligned,3,363,70
malloc,aligned,3,364,70
malloc,aligned,3,365,70
malloc,aligned,3,366,61
malloc,aligned,3,367,81
malloc,aligned,3,368,70
malloc,aligned,3,369,70
malloc,aligned,3,370,61
malloc,aligned,3,371,70
malloc,aligned,3,372,70
malloc,aligned,3,373,60
malloc,aligned,3,374,5289
malloc,aligned,3,375,61
malloc,aligned,3,376,70
malloc,aligned,3,377,70
malloc,aligned,3,378,70
malloc,aligned,3,379,70
malloc,aligned,3,380,70
malloc,aligned,3,381,70
malloc,aligned,3,382,61
malloc,aligned,3,383,70
malloc,aligned,3,384,70
malloc,aligned,3,385,70
malloc,aligned,3,386,61
malloc,aligned,3,387,60
malloc,aligned,3,388,61
malloc,aligned,3,389,61
malloc,aligned,3,390,70
malloc,aligned,3,391,61
malloc,aligned,3,392,71
malloc,aligned,3,393,70
malloc,aligned,3,394,70
malloc,aligned,3,395,61
malloc,aligned,3,396,70
malloc,aligned,3,397,61
malloc,aligned,3,398,70
malloc,aligned,3,399,70
clock_write_control,aligned,3,0,41
clock_write_control,aligned,3,1,41
clock_write_control,aligned,3,2,41
clock_write_control,aligned,3,3,41
clock_write_control,aligned,3,4,41
clock_write_control,aligned,3,5,41
clock_write_control,aligned,3,6,41
clock_write_control,aligned,3,7,41
clock_write_control,aligned,3,8,41
clock_write_control,aligned,3,9,41
clock_write_control,aligned,3,10,41
clock_write_control,aligned,3,11,41
clock_write_control,aligned,3,12,41
clock_write_control,aligned,3,13,41
clock_write_control,aligned,3,14,41
clock_write_control,aligned,3,15,41
clock_write_control,aligned,3,16,41
clock_write_control,aligned,3,17,41
clock_write_control,aligned,3,18,41
clock_write_control,aligned,3,19,41
clock_write_control,aligned,3,20,41
clock_write_control,aligned,3,21,41
clock_write_control,aligned,3,22,41
clock_write_control,aligned,3,23,41
clock_write_control,aligned,3,24,41
clock_write_control,aligned,3,25,41
clock_write_control,aligned,3,26,41
clock_write_control,aligned,3,27,41
clock_write_control,aligned,3,28,41
clock_write_control,aligned,3,29,41
clock_write_control,aligned,3,30,41
clock_write_control,aligned,3,31,41
clock_write_control,aligned,3,32,41
clock_write_control,aligned,3,33,41
clock_write_control,aligned,3,34,41
clock_write_control,aligned,3,35,41
clock_write_control,aligned,3,36,41
clock_write_control,aligned,3,37,41
clock_write_control,aligned,3,38,41
clock_write_control,aligned,3,39,41
clock_write_control,aligned,3,40,41
clock_write_control,aligned,3,41,41
clock_write_control,aligned,3,42,41
clock_write_control,aligned,3,43,41
clock_write_control,aligned,3,44,6652
clock_write_control,aligned,3,45,41
clock_write_control,aligned,3,46,41
clock_write_control,aligned,3,47,41
clock_write_control,aligned,3,48,41
clock_write_control,aligned,3,49,41
clock_write_control,aligned,3,50,41
clock_write_control,aligned,3,51,41
clock_write_control,aligned,3,52,41
clock_write_control,aligned,3,53,41
clock_write_control,aligned,3,54,41
clock_write_control,aligned,3,55,41
clock_write_control,aligned,3,56,41
clock_write_control,aligned,3,57,41
clock_write_control,aligned,3,58,41
clock_write_control,aligned,3,59,41
clock_write_control,aligned,3,60,41
clock_write_control,aligned,3,61,41
clock_write_control,aligned,3,62,41
clock_write_control,aligned,3,63,41
clock_write_control,aligned,3,64,41
clock_write_control,aligned,3,65,41
clock_write_control,aligned,3,66,41
clock_write_control,aligned,3,67,41
clock_write_control,aligned,3,68,41
clock_write_control,aligned,3,69,41
clock_write_control,aligned,3,70,41
clock_write_control,aligned,3,71,41
clock_write_control,aligned,3,72,41
clock_write_control,aligned,3,73,41
clock_write_control,aligned,3,74,41
clock_write_control,aligned,3,75,41
clock_write_control,aligned,3,76,41
clock_write_control,aligned,3,77,41
clock_write_control,aligned,3,78,41
clock_write_control,aligned,3,79,51
clock_write_control,aligned,3,80,51
clock_write_control,aligned,3,81,51
clock_write_control,aligned,3,82,51
clock_write_control,aligned,3,83,41
clock_write_control,aligned,3,84,41
clock_write_control,aligned,3,85,41
clock_write_control,aligned,3,86,41
clock_write_control,aligned,3,87,41
clock_write_control,aligned,3,88,41
clock_write_control,aligned,3,89,41
clock_write_control,aligned,3,90,41
clock_write_control,aligned,3,91,41
clock_write_control,aligned,3,92,41
clock_write_control,aligned,3,93,41
clock_write_control,aligned,3,94,41
clock_write_control,aligned,3,95,41
clock_write_control,aligned,3,96,41
clock_write_control,aligned,3,97,7133
clock_write_control,aligned,3,98,41
clock_write_control,aligned,3,99,41
clock_write_control,aligned,3,100,41
clock_write_control,aligned,3,101,41
clock_write_control,aligned,3,102,41
clock_write_control,aligned,3,103,41
clock_write_control,aligned,3,104,41
clock_write_control,aligned,3,105,41
clock_write_control,aligned,3,106,41
clock_write_control,aligned,3,107,41
clock_write_control,aligned,3,108,41
clock_write_control,aligned,3,109,41
clock_write_control,aligned,3,110,41
clock_write_control,aligned,3,111,41
clock_write_control,aligned,3,112,41
clock_write_control,aligned,3,113,41
clock_write_control,aligned,3,114,41
clock_write_control,aligned,3,115,41
clock_write_control,aligned,3,116,41
clock_write_control,aligned,3,117,41
clock_write_control,aligned,3,118,41
clock_write_control,aligned,3,119,41
clock_write_control,aligned,3,120,41
clock_write_control,aligned,3,121,41
clock_write_control,aligned,3,122,41
clock_write_control,aligned,3,123,41
clock_write_control,aligned,3,124,41
clock_write_control,aligned,3,125,41
clock_write_control,aligned,3,126,41
clock_write_control,aligned,3,127,41
clock_write_control,aligned,3,128,41
clock_write_control,aligned,3,129,41
clock_write_control,aligned,3,130,41
clock_write_control,aligned,3,131,41
clock_write_control,aligned,3,132,41
clock_write_control,aligned,3,133,41
clock_write_control,aligned,3,134,41
clock_write_control,aligned,3,135,41
clock_write_control,aligned,3,136,41
clock_write_control,aligned,3,137,41
clock_write_control,aligned,3,138,41
clock_write_control,aligned,3,139,41
clock_write_control,aligned,3,140,41
clock_write_control,aligned,3,141,41
clock_write_control,aligned,3,142,41
clock_write_control,aligned,3,143,41
clock_write_control,aligned,3,144,41
clock_write_control,aligned,3,145,41
clock_write_control,aligned,3,146,41
clock_write_control,aligned,3,147,41
clock_write_control,aligned,3,148,41
clock_write_control,aligned,3,149,41
clock_write_control,aligned,3,150,41
clock_write_control,aligned,3,151,41
clock_write_control,aligned,3,152,7263
clock_write_control,aligned,3,153,41
clock_write_control,aligned,3,154,41
clock_write_control,aligned,3,155,41
clock_write_control,aligned,3,156,41
clock_write_control,aligned,3,157,41
clock_write_control,aligned,3,158,41
clock_write_control,aligned,3,159,41
clock_write_control,aligned,3,160,41
clock_write_control,aligned,3,161,41
clock_write_control,aligned,3,162,41
clock_write_control,aligned,3,163,41
clock_write_control,aligned,3,164,41
clock_write_control,aligned,3,165,41
clock_write_control,aligned,3,166,41
clock_write_control,aligned,3,167,41
clock_write_control,aligned,3,168,41
clock_write_control,aligned,3,169,41
clock_write_control,aligned,3,170,41
clock_write_control,aligned,3,171,41
clock_write_control,aligned,3,172,41
clock_write_control,aligned,3,173,41
clock_write_control,aligned,3,174,41
clock_write_control,aligned,3,175,41
clock_write_control,aligned,3,176,41
clock_write_control,aligned,3,177,41
clock_write_control,aligned,3,178,41
clock_write_control,aligned,3,179,41
clock_write_control,aligned,3,180,41
clock_write_control,aligned,3,181,41
clock_write_control,aligned,3,182,41
clock_write_control,aligned,3,183,50
clock_write_control,aligned,3,184,51
clock_write_control,aligned,3,185,50
clock_write_control,aligned,3,186,41
clock_write_control,aligned,3,187,41
clock_write_control,aligned,3,188,41
clock_write_control,aligned,3,189,41
clock_write_control,aligned,3,190,41
clock_write_control,aligned,3,191,41
clock_write_control,aligned,3,192,41
clock_write_control,aligned,3,193,41
clock_write_control,aligned,3,194,41
clock_write_control,aligned,3,195,41
clock_write_control,aligned,3,196,41
clock_write_control,aligned,3,197,41
clock_write_control,aligned,3,198,41
clock_write_control,aligned,3,199,41
clock_write_control,aligned,3,200,41
clock_write_control,aligned,3,201,41
clock_write_control,aligned,3,202,41
clock_write_control,aligned,3,203,41
clock_write_control,aligned,3,204,41
clock_write_control,aligned,3,205,41
clock_write_control,aligned,3,206,7273
clock_write_control,aligned,3,207,41
clock_write_control,aligned,3,208,41
clock_write_control,aligned,3,209,41
clock_write_control,aligned,3,210,41
clock_write_control,aligned,3,211,41
clock_write_control,aligned,3,212,41
clock_write_control,aligned,3,213,41
clock_write_control,aligned,3,214,41
clock_write_control,aligned,3,215,41
clock_write_control,aligned,3,216,41
clock_write_control,aligned,3,217,41
clock_write_control,aligned,3,218,41
clock_write_control,aligned,3,219,41
clock_write_control,aligned,3,220,41
clock_write_control,aligned,3,221,41
clock_write_control,aligned,3,222,41
clock_write_control,aligned,3,223,41
clock_write_control,aligned,3,224,41
clock_write_control,aligned,3,225,41
clock_write_control,aligned,3,226,41
clock_write_control,aligned,3,227,41
clock_write_control,aligned,3,228,41
clock_write_control,aligned,3,229,41
clock_write_control,aligned,3,230,41
clock_write_control,aligned,3,231,41
clock_write_control,aligned,3,232,41
clock_write_control,aligned,3,233,41
clock_write_control,aligned,3,234,41
clock_write_control,aligned,3,235,41
clock_write_control,aligned,3,236,41
clock_write_control,aligned,3,237,41
clock_write_control,aligned,3,238,41
clock_write_control,aligned,3,239,41
clock_write_control,aligned,3,240,41
clock_write_control,aligned,3,241,41
clock_write_control,aligned,3,242,41
clock_write_control,aligned,3,243,41
clock_write_control,aligned,3,244,41
clock_write_control,aligned,3,245,41
clock_write_control,aligned,3,246,41
clock_write_control,aligned,3,247,41
clock_write_control,aligned,3,248,41
clock_write_control,aligned,3,249,41
clock_write_control,aligned,3,250,41
clock_write_control,aligned,3,251,41
clock_write_control,aligned,3,252,41
clock_write_control,aligned,3,253,41
clock_write_control,aligned,3,254,41
clock_write_control,aligned,3,255,41
clock_write_control,aligned,3,256,41
clock_write_control,aligned,3,257,41
clock_write_control,aligned,3,258,41
clock_write_control,aligned,3,259,41
clock_write_control,aligned,3,260,41
clock_write_control,aligned,3,261,5370
clock_write_control,aligned,3,262,41
clock_write_control,aligned,3,263,41
clock_write_control,aligned,3,264,41
clock_write_control,aligned,3,265,41
clock_write_control,aligned,3,266,41
clock_write_control,aligned,3,267,41
clock_write_control,aligned,3,268,41
clock_write_control,aligned,3,269,41
clock_write_control,aligned,3,270,41
clock_write_control,aligned,3,271,41
clock_write_control,aligned,3,272,41
clock_write_control,aligned,3,273,41
clock_write_control,aligned,3,274,41
clock_write_control,aligned,3,275,41
clock_write_control,aligned,3,276,41
clock_write_control,aligned,3,277,41
clock_write_control,aligned,3,278,41
clock_write_control,aligned,3,279,41
clock_write_control,aligned,3,280,41
clock_write_control,aligned,3,281,41
clock_write_control,aligned,3,282,41
clock_write_control,aligned,3,283,41
clock_write_control,aligned,3,284,71
clock_write_control,aligned,3,285,41
clock_write_control,aligned,3,286,41
clock_write_control,aligned,3,287,41
clock_write_control,aligned,3,288,41
clock_write_control,aligned,3,289,41
clock_write_control,aligned,3,290,41
clock_write_control,aligned,3,291,41
clock_write_control,aligned,3,292,41
clock_write_control,aligned,3,293,41
clock_write_control,aligned,3,294,41
clock_write_control,aligned,3,295,41
clock_write_control,aligned,3,296,121
clock_write_control,aligned,3,297,51
clock_write_control,aligned,3,298,50
clock_write_control,aligned,3,299,51
clock_write_control,aligned,3,300,51
clock_write_control,aligned,3,301,41
clock_write_control,aligned,3,302,41
clock_write_control,aligned,3,303,41
clock_write_control,aligned,3,304,41
clock_write_control,aligned,3,305,41
clock_write_control,aligned,3,306,41
clock_write_control,aligned,3,307,41
clock_write_control,aligned,3,308,41
clock_write_control,aligned,3,309,41
clock_write_control,aligned,3,310,41
clock_write_control,aligned,3,311,41
clock_write_control,aligned,3,312,41
clock_write_control,aligned,3,313,41
clock_write_control,aligned,3,314,70
clock_write_control,aligned,3,315,120
clock_write_control,aligned,3,316,41
clock_write_control,aligned,3,317,41
clock_write_control,aligned,3,318,40245
clock_write_control,aligned,3,319,41
clock_write_control,aligned,3,320,41
clock_write_control,aligned,3,321,41
clock_write_control,aligned,3,322,41
clock_write_control,aligned,3,323,41
clock_write_control,aligned,3,324,41
clock_write_control,aligned,3,325,41
clock_write_control,aligned,3,326,41
clock_write_control,aligned,3,327,41
clock_write_control,aligned,3,328,41
clock_write_control,aligned,3,329,41
clock_write_control,aligned,3,330,41
clock_write_control,aligned,3,331,41
clock_write_control,aligned,3,332,41
clock_write_control,aligned,3,333,41
clock_write_control,aligned,3,334,41
clock_write_control,aligned,3,335,41
clock_write_control,aligned,3,336,41
clock_write_control,aligned,3,337,41
clock_write_control,aligned,3,338,41
clock_write_control,aligned,3,339,41
clock_write_control,aligned,3,340,41
clock_write_control,aligned,3,341,41
clock_write_control,aligned,3,342,41
clock_write_control,aligned,3,343,41
clock_write_control,aligned,3,344,51
clock_write_control,aligned,3,345,50
clock_write_control,aligned,3,346,50
clock_write_control,aligned,3,347,41
clock_write_control,aligned,3,348,41
clock_write_control,aligned,3,349,41
clock_write_control,aligned,3,350,41
clock_write_control,aligned,3,351,41
clock_write_control,aligned,3,352,41
clock_write_control,aligned,3,353,41
clock_write_control,aligned,3,354,41
clock_write_control,aligned,3,355,41
clock_write_control,aligned,3,356,41
clock_write_control,aligned,3,357,41
clock_write_control,aligned,3,358,41
clock_write_control,aligned,3,359,41
clock_write_control,aligned,3,360,41
clock_write_control,aligned,3,361,41
clock_write_control,aligned,3,362,41
clock_write_control,aligned,3,363,41
clock_write_control,aligned,3,364,41
clock_write_control,aligned,3,365,41
clock_write_control,aligned,3,366,41
clock_write_control,aligned,3,367,6602
clock_write_control,aligned,3,368,41
clock_write_control,aligned,3,369,41
clock_write_control,aligned,3,370,41
clock_write_control,aligned,3,371,41
clock_write_control,aligned,3,372,41
clock_write_control,aligned,3,373,41
clock_write_control,aligned,3,374,41
clock_write_control,aligned,3,375,41
clock_write_control,aligned,3,376,41
clock_write_control,aligned,3,377,41
clock_write_control,aligned,3,378,41
clock_write_control,aligned,3,379,41
clock_write_control,aligned,3,380,41
clock_write_control,aligned,3,381,41
clock_write_control,aligned,3,382,41
clock_write_control,aligned,3,383,41
clock_write_control,aligned,3,384,41
clock_write_control,aligned,3,385,41
clock_write_control,aligned,3,386,41
clock_write_control,aligned,3,387,41
clock_write_control,aligned,3,388,41
clock_write_control,aligned,3,389,41
clock_write_control,aligned,3,390,41
clock_write_control,aligned,3,391,41
clock_write_control,aligned,3,392,41
clock_write_control,aligned,3,393,41
clock_write_control,aligned,3,394,41
clock_write_control,aligned,3,395,41
clock_write_control,aligned,3,396,41
clock_write_control,aligned,3,397,41
clock_write_control,aligned,3,398,41
clock_write_control,aligned,3,399,41
pool,aligned,3,0,41
pool,aligned,3,1,41
pool,aligned,3,2,41
pool,aligned,3,3,41
pool,aligned,3,4,41
pool,aligned,3,5,41
pool,aligned,3,6,41
pool,aligned,3,7,41
pool,aligned,3,8,41
pool,aligned,3,9,41
pool,aligned,3,10,41
pool,aligned,3,11,41
pool,aligned,3,12,41
pool,aligned,3,13,41
pool,aligned,3,14,41
pool,aligned,3,15,41
pool,aligned,3,16,41
pool,aligned,3,17,41
pool,aligned,3,18,41
pool,aligned,3,19,41
pool,aligned,3,20,41
pool,aligned,3,21,51
pool,aligned,3,22,50
pool,aligned,3,23,41
pool,aligned,3,24,41
pool,aligned,3,25,41
pool,aligned,3,26,41
pool,aligned,3,27,41
pool,aligned,3,28,41
pool,aligned,3,29,41
pool,aligned,3,30,50
pool,aligned,3,31,41
pool,aligned,3,32,41
pool,aligned,3,33,41
pool,aligned,3,34,50
pool,aligned,3,35,301
pool,aligned,3,36,41
pool,aligned,3,37,41
pool,aligned,3,38,41
pool,aligned,3,39,120
pool,aligned,3,40,41
pool,aligned,3,41,41
pool,aligned,3,42,50
pool,aligned,3,43,41
pool,aligned,3,44,41
pool,aligned,3,45,41
pool,aligned,3,46,41
pool,aligned,3,47,41
pool,aligned,3,48,41
pool,aligned,3,49,41
pool,aligned,3,50,41
pool,aligned,3,51,41
pool,aligned,3,52,41
pool,aligned,3,53,41
pool,aligned,3,54,41
pool,aligned,3,55,41
pool,aligned,3,56,41
pool,aligned,3,57,41
pool,aligned,3,58,41
pool,aligned,3,59,41
pool,aligned,3,60,41
pool,aligned,3,61,41
pool,aligned,3,62,41
pool,aligned,3,63,41
pool,aligned,3,64,41
pool,aligned,3,65,41
pool,aligned,3,66,41
pool,aligned,3,67,41
pool,aligned,3,68,41
pool,aligned,3,69,41
pool,aligned,3,70,41
pool,aligned,3,71,41
pool,aligned,3,72,41
pool,aligned,3,73,41
pool,aligned,3,74,41
pool,aligned,3,75,41
pool,aligned,3,76,41
pool,aligned,3,77,41
pool,aligned,3,78,41
pool,aligned,3,79,41
pool,aligned,3,80,41
pool,aligned,3,81,41
pool,aligned,3,82,41
pool,aligned,3,83,41
pool,aligned,3,84,41
pool,aligned,3,85,41
pool,aligned,3,86,41
pool,aligned,3,87,41
pool,aligned,3,88,41
pool,aligned,3,89,41
pool,aligned,3,90,41
pool,aligned,3,91,41
pool,aligned,3,92,41
pool,aligned,3,93,41
pool,aligned,3,94,41
pool,aligned,3,95,41
pool,aligned,3,96,41
pool,aligned,3,97,41
pool,aligned,3,98,41
pool,aligned,3,99,41
pool,aligned,3,100,41
pool,aligned,3,101,41
pool,aligned,3,102,41
pool,aligned,3,103,41
pool,aligned,3,104,41
pool,aligned,3,105,41
pool,aligned,3,106,41
pool,aligned,3,107,41
pool,aligned,3,108,41
pool,aligned,3,109,41
pool,aligned,3,110,41
pool,aligned,3,111,41
pool,aligned,3,112,41
pool,aligned,3,113,41
pool,aligned,3,114,41
pool,aligned,3,115,41
pool,aligned,3,116,41
pool,aligned,3,117,41
pool,aligned,3,118,41
pool,aligned,3,119,41
pool,aligned,3,120,41
pool,aligned,3,121,41
pool,aligned,3,122,41
pool,aligned,3,123,41
pool,aligned,3,124,41
pool,aligned,3,125,41
pool,aligned,3,126,41
pool,aligned,3,127,41
pool,aligned,3,128,41
pool,aligned,3,129,41
pool,aligned,3,130,41
pool,aligned,3,131,41
pool,aligned,3,132,50
pool,aligned,3,133,51
pool,aligned,3,134,51
pool,aligned,3,135,41
pool,aligned,3,136,41
pool,aligned,3,137,41
pool,aligned,3,138,41
pool,aligned,3,139,41
pool,aligned,3,140,41
pool,aligned,3,141,41
pool,aligned,3,142,41
pool,aligned,3,143,41
pool,aligned,3,144,41
pool,aligned,3,145,41
pool,aligned,3,146,41
pool,aligned,3,147,41
pool,aligned,3,148,70
pool,aligned,3,149,41
pool,aligned,3,150,41
pool,aligned,3,151,41
pool,aligned,3,152,41
pool,aligned,3,153,41
pool,aligned,3,154,41
pool,aligned,3,155,41
pool,aligned,3,156,41
pool,aligned,3,157,41
pool,aligned,3,158,41
pool,aligned,3,159,41
pool,aligned,3,160,41
pool,aligned,3,161,41
pool,aligned,3,162,41
pool,aligned,3,163,41
pool,aligned,3,164,41
pool,aligned,3,165,42
pool,aligned,3,166,41
pool,aligned,3,167,41
pool,aligned,3,168,41
pool,aligned,3,169,41
pool,aligned,3,170,41
pool,aligned,3,171,41
pool,aligned,3,172,41
pool,aligned,3,173,41
pool,aligned,3,174,41
pool,aligned,3,175,41
pool,aligned,3,176,41
pool,aligned,3,177,41
pool,aligned,3,178,41
pool,aligned,3,179,41
pool,aligned,3,180,41
pool,aligned,3,181,41
pool,aligned,3,182,41
pool,aligned,3,183,41
pool,aligned,3,184,41
pool,aligned,3,185,41
pool,aligned,3,186,41
pool,aligned,3,187,41
pool,aligned,3,188,41
pool,aligned,3,189,41
pool,aligned,3,190,41
pool,aligned,3,191,41
pool,aligned,3,192,41
pool,aligned,3,193,41
pool,aligned,3,194,41
pool,aligned,3,195,41
pool,aligned,3,196,41
pool,aligned,3,197,41
pool,aligned,3,198,41
pool,aligned,3,199,80
pool,aligned,3,200,41
pool,aligned,3,201,41
pool,aligned,3,202,41
pool,aligned,3,203,41
pool,aligned,3,204,41
pool,aligned,3,205,41
pool,aligned,3,206,41
pool,aligned,3,207,41
pool,aligned,3,208,41
pool,aligned,3,209,41
pool,aligned,3,210,41
pool,aligned,3,211,41
pool,aligned,3,212,41
pool,aligned,3,213,41
pool,aligned,3,214,41
pool,aligned,3,215,41
pool,aligned,3,216,41
pool,aligned,3,217,41
pool,aligned,3,218,41
pool,aligned,3,219,41
pool,aligned,3,220,41
pool,aligned,3,221,41
pool,aligned,3,222,41
pool,aligned,3,223,41
pool,aligned,3,224,41
pool,aligned,3,225,41
pool,aligned,3,226,41
pool,aligned,3,227,41
pool,aligned,3,228,41
pool,aligned,3,229,41
pool,aligned,3,230,41
pool,aligned,3,231,50
pool,aligned,3,232,51
pool,aligned,3,233,41
pool,aligned,3,234,41
pool,aligned,3,235,41
pool,aligned,3,236,41
pool,aligned,3,237,41
pool,aligned,3,238,41
pool,aligned,3,239,41
pool,aligned,3,240,41
pool,aligned,3,241,41
pool,aligned,3,242,41
pool,aligned,3,243,41
pool,aligned,3,244,41
pool,aligned,3,245,41
pool,aligned,3,246,41
pool,aligned,3,247,41
pool,aligned,3,248,41
pool,aligned,3,249,41
pool,aligned,3,250,41
pool,aligned,3,251,41
pool,aligned,3,252,70
pool,aligned,3,253,41
pool,aligned,3,254,41
pool,aligned,3,255,41
pool,aligned,3,256,41
pool,aligned,3,257,41
pool,aligned,3,258,41
pool,aligned,3,259,41
pool,aligned,3,260,41
pool,aligned,3,261,41
pool,aligned,3,262,41
pool,aligned,3,263,41
pool,aligned,3,264,41
pool,aligned,3,265,41
pool,aligned,3,266,41
pool,aligned,3,267,41
pool,aligned,3,268,41
pool,aligned,3,269,41
pool,aligned,3,270,41
pool,aligned,3,271,41
pool,aligned,3,272,41
pool,aligned,3,273,41
pool,aligned,3,274,41
pool,aligned,3,275,41
pool,aligned,3,276,41
pool,aligned,3,277,41
pool,aligned,3,278,41
pool,aligned,3,279,41
pool,aligned,3,280,41
pool,aligned,3,281,41
pool,aligned,3,282,41
pool,aligned,3,283,41
pool,aligned,3,284,41
pool,aligned,3,285,41
pool,aligned,3,286,41
pool,aligned,3,287,41
pool,aligned,3,288,41
pool,aligned,3,289,41
pool,aligned,3,290,41
pool,aligned,3,291,41
pool,aligned,3,292,41
pool,aligned,3,293,41
pool,aligned,3,294,41
pool,aligned,3,295,41
pool,aligned,3,296,41
pool,aligned,3,297,41
pool,aligned,3,298,41
pool,aligned,3,299,41
pool,aligned,3,300,41
pool,aligned,3,301,41
pool,aligned,3,302,41
pool,aligned,3,303,41
pool,aligned,3,304,41
pool,aligned,3,305,6412
pool,aligned,3,306,41
pool,aligned,3,307,41
pool,aligned,3,308,41
pool,aligned,3,309,41
pool,aligned,3,310,41
pool,aligned,3,311,41
pool,aligned,3,312,41
pool,aligned,3,313,41
pool,aligned,3,314,41
pool,aligned,3,315,41
pool,aligned,3,316,41
pool,aligned,3,317,41
pool,aligned,3,318,41
pool,aligned,3,319,41
pool,aligned,3,320,41
pool,aligned,3,321,41
pool,aligned,3,322,41
pool,aligned,3,323,41
pool,aligned,3,324,41
pool,aligned,3,325,41
pool,aligned,3,326,41
pool,aligned,3,327,41
pool,aligned,3,328,41
pool,aligned,3,329,41
pool,aligned,3,330,41
pool,aligned,3,331,41
pool,aligned,3,332,41
pool,aligned,3,333,41
pool,aligned,3,334,41
pool,aligned,3,335,41
pool,aligned,3,336,41
pool,aligned,3,337,41
pool,aligned,3,338,41
pool,aligned,3,339,41
pool,aligned,3,340,41
pool,aligned,3,341,41
pool,aligned,3,342,41
pool,aligned,3,343,41
pool,aligned,3,344,41
pool,aligned,3,345,41
pool,aligned,3,346,41
pool,aligned,3,347,41
pool,aligned,3,348,41
pool,aligned,3,349,41
pool,aligned,3,350,41
pool,aligned,3,351,41
pool,aligned,3,352,41
pool,aligned,3,353,41
pool,aligned,3,354,41
pool,aligned,3,355,41
pool,aligned,3,356,41
pool,aligned,3,357,41
pool,aligned,3,358,6102
pool,aligned,3,359,41
pool,aligned,3,360,41
pool,aligned,3,361,41
pool,aligned,3,362,41
pool,aligned,3,363,41
pool,aligned,3,364,41
pool,aligned,3,365,41
pool,aligned,3,366,41
pool,aligned,3,367,41
pool,aligned,3,368,41
pool,aligned,3,369,41
pool,aligned,3,370,41
pool,aligned,3,371,41
pool,aligned,3,372,41
pool,aligned,3,373,41
pool,aligned,3,374,41
pool,aligned,3,375,41
pool,aligned,3,376,41
pool,aligned,3,377,41
pool,aligned,3,378,41
pool,aligned,3,379,41
pool,aligned,3,380,41
pool,aligned,3,381,41
pool,aligned,3,382,41
pool,aligned,3,383,41
pool,aligned,3,384,41
pool,aligned,3,385,41
pool,aligned,3,386,41
pool,aligned,3,387,41
pool,aligned,3,388,41
pool,aligned,3,389,41
pool,aligned,3,390,41
pool,aligned,3,391,41
pool,aligned,3,392,41
pool,aligned,3,393,41
pool,aligned,3,394,41
pool,aligned,3,395,41
pool,aligned,3,396,41
pool,aligned,3,397,41
pool,aligned,3,398,41
pool,aligned,3,399,41
stack,aligned,3,0,41
stack,aligned,3,1,41
stack,aligned,3,2,41
stack,aligned,3,3,41
stack,aligned,3,4,41
stack,aligned,3,5,41
stack,aligned,3,6,41
stack,aligned,3,7,41
stack,aligned,3,8,41
stack,aligned,3,9,41
stack,aligned,3,10,41
stack,aligned,3,11,41
stack,aligned,3,12,41
stack,aligned,3,13,41
stack,aligned,3,14,51
stack,aligned,3,15,41
stack,aligned,3,16,41
stack,aligned,3,17,41
stack,aligned,3,18,41
stack,aligned,3,19,711
stack,aligned,3,20,81
stack,aligned,3,21,41
stack,aligned,3,22,41
stack,aligned,3,23,41
stack,aligned,3,24,41
stack,aligned,3,25,41
stack,aligned,3,26,41
stack,aligned,3,27,41
stack,aligned,3,28,41
stack,aligned,3,29,41
stack,aligned,3,30,41
stack,aligned,3,31,41
stack,aligned,3,32,41
stack,aligned,3,33,41
stack,aligned,3,34,41
stack,aligned,3,35,41
stack,aligned,3,36,6852
stack,aligned,3,37,541
stack,aligned,3,38,41
stack,aligned,3,39,41
stack,aligned,3,40,41
stack,aligned,3,41,41
stack,aligned,3,42,41
stack,aligned,3,43,41
stack,aligned,3,44,41
stack,aligned,3,45,41
stack,aligned,3,46,41
stack,aligned,3,47,41
stack,aligned,3,48,41
stack,aligned,3,49,41
stack,aligned,3,50,41
stack,aligned,3,51,41
stack,aligned,3,52,41
stack,aligned,3,53,41
stack,aligned,3,54,41
stack,aligned,3,55,41
stack,aligned,3,56,41
stack,aligned,3,57,41
stack,aligned,3,58,41
stack,aligned,3,59,41
stack,aligned,3,60,41
stack,aligned,3,61,41
stack,aligned,3,62,41
stack,aligned,3,63,41
stack,aligned,3,64,41
stack,aligned,3,65,41
stack,aligned,3,66,41
stack,aligned,3,67,41
stack,aligned,3,68,41
stack,aligned,3,69,51
stack,aligned,3,70,51
stack,aligned,3,71,51
stack,aligned,3,72,41
stack,aligned,3,73,41
stack,aligned,3,74,41
stack,aligned,3,75,41
stack,aligned,3,76,41
stack,aligned,3,77,41
stack,aligned,3,78,41
stack,aligned,3,79,41
stack,aligned,3,80,41
stack,aligned,3,81,41
stack,aligned,3,82,41
stack,aligned,3,83,41
stack,aligned,3,84,41
stack,aligned,3,85,41
stack,aligned,3,86,41
stack,aligned,3,87,41
stack,aligned,3,88,41
stack,aligned,3,89,80
stack,aligned,3,90,41
stack,aligned,3,91,41
stack,aligned,3,92,41
stack,aligned,3,93,41
stack,aligned,3,94,41
stack,aligned,3,95,41
stack,aligned,3,96,41
stack,aligned,3,97,41
stack,aligned,3,98,41
stack,aligned,3,99,41
stack,aligned,3,100,41
stack,aligned,3,101,41
stack,aligned,3,102,41
stack,aligned,3,103,41
stack,aligned,3,104,41
stack,aligned,3,105,41
stack,aligned,3,106,41
stack,aligned,3,107,41
stack,aligned,3,108,41
stack,aligned,3,109,41
stack,aligned,3,110,41
stack,aligned,3,111,41
stack,aligned,3,112,41
stack,aligned,3,113,41
stack,aligned,3,114,41
stack,aligned,3,115,41
stack,aligned,3,116,41
stack,aligned,3,117,41
stack,aligned,3,118,41
stack,aligned,3,119,41
stack,aligned,3,120,41
stack,aligned,3,121,41
stack,aligned,3,122,41
stack,aligned,3,123,41
stack,aligned,3,124,41
stack,aligned,3,125,51
stack,aligned,3,126,51
stack,aligned,3,127,51
stack,aligned,3,128,51
stack,aligned,3,129,41
stack,aligned,3,130,41
stack,aligned,3,131,41
stack,aligned,3,132,41
stack,aligned,3,133,41
stack,aligned,3,134,41
stack,aligned,3,135,41
stack,aligned,3,136,41
stack,aligned,3,137,41
stack,aligned,3,138,41
stack,aligned,3,139,41
stack,aligned,3,140,41
stack,aligned,3,141,6021
stack,aligned,3,142,41
stack,aligned,3,143,41
stack,aligned,3,144,41
stack,aligned,3,145,41
stack,aligned,3,146,41
stack,aligned,3,147,41
stack,aligned,3,148,41
stack,aligned,3,149,41
stack,aligned,3,150,41
stack,aligned,3,151,41
stack,aligned,3,152,41
stack,aligned,3,153,41
stack,aligned,3,154,41
stack,aligned,3,155,41
stack,aligned,3,156,41
stack,aligned,3,157,41
stack,aligned,3,158,41
stack,aligned,3,159,41
stack,aligned,3,160,41
stack,aligned,3,161,41
stack,aligned,3,162,41
stack,aligned,3,163,41
stack,aligned,3,164,41
stack,aligned,3,165,41
stack,aligned,3,166,41
stack,aligned,3,167,41
stack,aligned,3,168,41
stack,aligned,3,169,41
stack,aligned,3,170,41
stack,aligned,3,171,41
stack,aligned,3,172,41
stack,aligned,3,173,41
stack,aligned,3,174,41
stack,aligned,3,175,41
stack,aligned,3,176,51
stack,aligned,3,177,41
stack,aligned,3,178,41
stack,aligned,3,179,41
stack,aligned,3,180,41
stack,aligned,3,181,41
stack,aligned,3,182,41
stack,aligned,3,183,41
stack,aligned,3,184,41
stack,aligned,3,185,41
stack,aligned,3,186,41
stack,aligned,3,187,41
stack,aligned,3,188,41
stack,aligned,3,189,41
stack,aligned,3,190,41
stack,aligned,3,191,41
stack,aligned,3,192,6993
stack,aligned,3,193,41
stack,aligned,3,194,41
stack,aligned,3,195,41
stack,aligned,3,196,41
stack,aligned,3,197,41
stack,aligned,3,198,41
stack,aligned,3,199,41
stack,aligned,3,200,41
stack,aligned,3,201,41
stack,aligned,3,202,41
stack,aligned,3,203,41
stack,aligned,3,204,41
stack,aligned,3,205,41
stack,aligned,3,206,41
stack,aligned,3,207,41
stack,aligned,3,208,41
stack,aligned,3,209,41
stack,aligned,3,210,41
stack,aligned,3,211,41
stack,aligned,3,212,41
stack,aligned,3,213,41
stack,aligned,3,214,41
stack,aligned,3,215,41
stack,aligned,3,216,41
stack,aligned,3,217,41
stack,aligned,3,218,41
stack,aligned,3,219,41
stack,aligned,3,220,41
stack,aligned,3,221,41
stack,aligned,3,222,41
stack,aligned,3,223,41
stack,aligned,3,224,41
stack,aligned,3,225,51
stack,aligned,3,226,51
stack,aligned,3,227,41
stack,aligned,3,228,41
stack,aligned,3,229,41
stack,aligned,3,230,41
stack,aligned,3,231,41
stack,aligned,3,232,41
stack,aligned,3,233,41
stack,aligned,3,234,41
stack,aligned,3,235,41
stack,aligned,3,236,41
stack,aligned,3,237,41
stack,aligned,3,238,41
stack,aligned,3,239,41
stack,aligned,3,240,41
stack,aligned,3,241,41
stack,aligned,3,242,41
stack,aligned,3,243,41
stack,aligned,3,244,41
stack,aligned,3,245,70
stack,aligned,3,246,41
stack,aligned,3,247,41
stack,aligned,3,248,41
stack,aligned,3,249,41
stack,aligned,3,250,41
stack,aligned,3,251,41
stack,aligned,3,252,41
stack,aligned,3,253,41
stack,aligned,3,254,41
stack,aligned,3,255,41
stack,aligned,3,256,41
stack,aligned,3,257,41
stack,aligned,3,258,41
stack,aligned,3,259,41
stack,aligned,3,260,41
stack,aligned,3,261,41
stack,aligned,3,262,41
stack,aligned,3,263,41
stack,aligned,3,264,41
stack,aligned,3,265,41
stack,aligned,3,266,41
stack,aligned,3,267,41
stack,aligned,3,268,41
stack,aligned,3,269,41
stack,aligned,3,270,41
stack,aligned,3,271,41
stack,aligned,3,272,41
stack,aligned,3,273,41
stack,aligned,3,274,41
stack,aligned,3,275,41
stack,aligned,3,276,41
stack,aligned,3,277,41
stack,aligned,3,278,41
stack,aligned,3,279,41
stack,aligned,3,280,41
stack,aligned,3,281,41
stack,aligned,3,282,41
stack,aligned,3,283,41
stack,aligned,3,284,41
stack,aligned,3,285,41
stack,aligned,3,286,41
stack,aligned,3,287,41
stack,aligned,3,288,41
stack,aligned,3,289,41
stack,aligned,3,290,41
stack,aligned,3,291,41
stack,aligned,3,292,41
stack,aligned,3,293,41
stack,aligned,3,294,41
stack,aligned,3,295,41
stack,aligned,3,296,41
stack,aligned,3,297,41
stack,aligned,3,298,6402
stack,aligned,3,299,41
stack,aligned,3,300,41
stack,aligned,3,301,41
stack,aligned,3,302,41
stack,aligned,3,303,41
stack,aligned,3,304,41
stack,aligned,3,305,41
stack,aligned,3,306,41
stack,aligned,3,307,41
stack,aligned,3,308,41
stack,aligned,3,309,41
stack,aligned,3,310,41
stack,aligned,3,311,41
stack,aligned,3,312,41
stack,aligned,3,313,41
stack,aligned,3,314,41
stack,aligned,3,315,41
stack,aligned,3,316,41
stack,aligned,3,317,41
stack,aligned,3,318,41
stack,aligned,3,319,41
stack,aligned,3,320,41
stack,aligned,3,321,41
stack,aligned,3,322,41
stack,aligned,3,323,41
stack,aligned,3,324,41
stack,aligned,3,325,41
stack,aligned,3,326,41
stack,aligned,3,327,41
stack,aligned,3,328,41
stack,aligned,3,329,41
stack,aligned,3,330,41
stack,aligned,3,331,41
stack,aligned,3,332,41
stack,aligned,3,333,41
stack,aligned,3,334,41
stack,aligned,3,335,51
stack,aligned,3,336,51
stack,aligned,3,337,51
stack,aligned,3,338,51
stack,aligned,3,339,41
stack,aligned,3,340,41
stack,aligned,3,341,41
stack,aligned,3,342,41
stack,aligned,3,343,41
stack,aligned,3,344,41
stack,aligned,3,345,41
stack,aligned,3,346,41
stack,aligned,3,347,41
stack,aligned,3,348,41
stack,aligned,3,349,41
stack,aligned,3,350,70
stack,aligned,3,351,41
stack,aligned,3,352,41
stack,aligned,3,353,41
stack,aligned,3,354,41
stack,aligned,3,355,41
stack,aligned,3,356,41
stack,aligned,3,357,41
stack,aligned,3,358,41
stack,aligned,3,359,41
stack,aligned,3,360,41
stack,aligned,3,361,41
stack,aligned,3,362,41
stack,aligned,3,363,41
stack,aligned,3,364,41
stack,aligned,3,365,41
stack,aligned,3,366,41
stack,aligned,3,367,41
stack,aligned,3,368,41
stack,aligned,3,369,41
stack,aligned,3,370,41
stack,aligned,3,371,41
stack,aligned,3,372,41
stack,aligned,3,373,41
stack,aligned,3,374,41
stack,aligned,3,375,41
stack,aligned,3,376,41
stack,aligned,3,377,41
stack,aligned,3,378,41
stack,aligned,3,379,41
stack,aligned,3,380,41
stack,aligned,3,381,41
stack,aligned,3,382,41
stack,aligned,3,383,41
stack,aligned,3,384,41
stack,aligned,3,385,41
stack,aligned,3,386,41
stack,aligned,3,387,51
stack,aligned,3,388,51
stack,aligned,3,389,41
stack,aligned,3,390,41
stack,aligned,3,391,41
stack,aligned,3,392,41
stack,aligned,3,393,41
stack,aligned,3,394,41
stack,aligned,3,395,41
stack,aligned,3,396,41
stack,aligned,3,397,41
stack,aligned,3,398,41
stack,aligned,3,399,41
arena,aligned,3,0,41
arena,aligned,3,1,41
arena,aligned,3,2,41
arena,aligned,3,3,41
arena,aligned,3,4,41
arena,aligned,3,5,41
arena,aligned,3,6,41
arena,aligned,3,7,41
arena,aligned,3,8,41
arena,aligned,3,9,41
arena,aligned,3,10,41
arena,aligned,3,11,41
arena,aligned,3,12,41
arena,aligned,3,13,50
arena,aligned,3,14,51
arena,aligned,3,15,41
arena,aligned,3,16,41
arena,aligned,3,17,41
arena,aligned,3,18,41
arena,aligned,3,19,41
arena,aligned,3,20,41
arena,aligned,3,21,41
arena,aligned,3,22,41
arena,aligned,3,23,41
arena,aligned,3,24,41
arena,aligned,3,25,41
arena,aligned,3,26,41
arena,aligned,3,27,41
arena,aligned,3,28,41
arena,aligned,3,29,41
arena,aligned,3,30,41
arena,aligned,3,31,41
arena,aligned,3,32,41
arena,aligned,3,33,100
arena,aligned,3,34,41
arena,aligned,3,35,41
arena,aligned,3,36,41
arena,aligned,3,37,41
arena,aligned,3,38,41
arena,aligned,3,39,41
arena,aligned,3,40,41
arena,aligned,3,41,41
arena,aligned,3,42,41
arena,aligned,3,43,41
arena,aligned,3,44,41
arena,aligned,3,45,41
arena,aligned,3,46,41
arena,aligned,3,47,41
arena,aligned,3,48,41
arena,aligned,3,49,41
arena,aligned,3,50,41
arena,aligned,3,51,41
arena,aligned,3,52,41
arena,aligned,3,53,41
arena,aligned,3,54,41
arena,aligned,3,55,41
arena,aligned,3,56,41
arena,aligned,3,57,41
arena,aligned,3,58,41
arena,aligned,3,59,41
arena,aligned,3,60,41
arena,aligned,3,61,41
arena,aligned,3,62,41
arena,aligned,3,63,41
arena,aligned,3,64,41
arena,aligned,3,65,41
arena,aligned,3,66,41
arena,aligned,3,67,41
arena,aligned,3,68,41
arena,aligned,3,69,41
arena,aligned,3,70,41
arena,aligned,3,71,41
arena,aligned,3,72,41
arena,aligned,3,73,41
arena,aligned,3,74,41
arena,aligned,3,75,41
arena,aligned,3,76,41
arena,aligned,3,77,41
arena,aligned,3,78,41
arena,aligned,3,79,41
arena,aligned,3,80,41
arena,aligned,3,81,41
arena,aligned,3,82,41
arena,aligned,3,83,41
arena,aligned,3,84,41
arena,aligned,3,85,41
arena,aligned,3,86,41
arena,aligned,3,87,5280
arena,aligned,3,88,41
arena,aligned,3,89,41
arena,aligned,3,90,41
arena,aligned,3,91,41
arena,aligned,3,92,41
arena,aligned,3,93,41
arena,aligned,3,94,41
arena,aligned,3,95,41
arena,aligned,3,96,41
arena,aligned,3,97,41
arena,aligned,3,98,41
arena,aligned,3,99,41
arena,aligned,3,100,41
arena,aligned,3,101,41
arena,aligned,3,102,41
arena,aligned,3,103,41
arena,aligned,3,104,41
arena,aligned,3,105,41
arena,aligned,3,106,41
arena,aligned,3,107,41
arena,aligned,3,108,41
arena,aligned,3,109,41
arena,aligned,3,110,41
arena,aligned,3,111,41
arena,aligned,3,112,41
arena,aligned,3,113,41
arena,aligned,3,114,41
arena,aligned,3,115,41
arena,aligned,3,116,41
arena,aligned,3,117,41
arena,aligned,3,118,41
arena,aligned,3,119,41
arena,aligned,3,120,41
arena,aligned,3,121,41
arena,aligned,3,122,41
arena,aligned,3,123,41
arena,aligned,3,124,41
arena,aligned,3,125,51
arena,aligned,3,126,51
arena,aligned,3,127,51
arena,aligned,3,128,50
arena,aligned,3,129,41
arena,aligned,3,130,41
arena,aligned,3,131,41
arena,aligned,3,132,41
arena,aligned,3,133,41
arena,aligned,3,134,41
arena,aligned,3,135,41
arena,aligned,3,136,41
arena,aligned,3,137,41
arena,aligned,3,138,41
arena,aligned,3,139,41
arena,aligned,3,140,70
arena,aligned,3,141,41
arena,aligned,3,142,41
arena,aligned,3,143,41
arena,aligned,3,144,41
arena,aligned,3,145,41
arena,aligned,3,146,41
arena,aligned,3,147,41
arena,aligned,3,148,41
arena,aligned,3,149,41
arena,aligned,3,150,41
arena,aligned,3,151,41
arena,aligned,3,152,41
arena,aligned,3,153,41
arena,aligned,3,154,41
arena,aligned,3,155,41
arena,aligned,3,156,41
arena,aligned,3,157,41
arena,aligned,3,158,41
arena,aligned,3,159,41
arena,aligned,3,160,41
arena,aligned,3,161,41
arena,aligned,3,162,41
arena,aligned,3,163,41
arena,aligned,3,164,41
arena,aligned,3,165,41
arena,aligned,3,166,41
arena,aligned,3,167,41
arena,aligned,3,168,41
arena,aligned,3,169,41
arena,aligned,3,170,41
arena,aligned,3,171,41
arena,aligned,3,172,41
arena,aligned,3,173,41
arena,aligned,3,174,50
arena,aligned,3,175,50
arena,aligned,3,176,51
arena,aligned,3,177,41
arena,aligned,3,178,41
arena,aligned,3,179,41
arena,aligned,3,180,41
arena,aligned,3,181,41
arena,aligned,3,182,41
arena,aligned,3,183,41
arena,aligned,3,184,41
arena,aligned,3,185,41
arena,aligned,3,186,41
arena,aligned,3,187,41
arena,aligned,3,188,41
arena,aligned,3,189,41
arena,aligned,3,190,41
arena,aligned,3,191,41
arena,aligned,3,192,41
arena,aligned,3,193,41
arena,aligned,3,194,5149
arena,aligned,3,195,41
arena,aligned,3,196,41
arena,aligned,3,197,41
arena,aligned,3,198,41
arena,aligned,3,199,41
arena,aligned,3,200,41
arena,aligned,3,201,41
arena,aligned,3,202,41
arena,aligned,3,203,41
arena,aligned,3,204,41
arena,aligned,3,205,41
arena,aligned,3,206,41
arena,aligned,3,207,41
arena,aligned,3,208,41
arena,aligned,3,209,41
arena,aligned,3,210,41
arena,aligned,3,211,41
arena,aligned,3,212,41
arena,aligned,3,213,41
arena,aligned,3,214,41
arena,aligned,3,215,41
arena,aligned,3,216,41
arena,aligned,3,217,41
arena,aligned,3,218,41
arena,aligned,3,219,41
arena,aligned,3,220,41
arena,aligned,3,221,41
arena,aligned,3,222,41
arena,aligned,3,223,41
arena,aligned,3,224,41
arena,aligned,3,225,41
arena,aligned,3,226,41
arena,aligned,3,227,41
arena,aligned,3,228,41
arena,aligned,3,229,41
arena,aligned,3,230,41
arena,aligned,3,231,41
arena,aligned,3,232,41
arena,aligned,3,233,50
arena,aligned,3,234,51
arena,aligned,3,235,51
arena,aligned,3,236,50
arena,aligned,3,237,41
arena,aligned,3,238,41
arena,aligned,3,239,41
arena,aligned,3,240,41
arena,aligned,3,241,41
arena,aligned,3,242,41
arena,aligned,3,243,41
arena,aligned,3,244,41
arena,aligned,3,245,41
arena,aligned,3,246,41
arena,aligned,3,247,41
arena,aligned,3,248,12394
arena,aligned,3,249,41
arena,aligned,3,250,41
arena,aligned,3,251,41
arena,aligned,3,252,41
arena,aligned,3,253,41
arena,aligned,3,254,41
arena,aligned,3,255,41
arena,aligned,3,256,41
arena,aligned,3,257,41
arena,aligned,3,258,41
arena,aligned,3,259,41
arena,aligned,3,260,41
arena,aligned,3,261,41
arena,aligned,3,262,41
arena,aligned,3,263,41
arena,aligned,3,264,41
arena,aligned,3,265,41
arena,aligned,3,266,41
arena,aligned,3,267,41
arena,aligned,3,268,41
arena,aligned,3,269,41
arena,aligned,3,270,41
arena,aligned,3,271,41
arena,aligned,3,272,41
arena,aligned,3,273,41
arena,aligned,3,274,41
arena,aligned,3,275,41
arena,aligned,3,276,41
arena,aligned,3,277,41
arena,aligned,3,278,41
arena,aligned,3,279,41
arena,aligned,3,280,41
arena,aligned,3,281,41
arena,aligned,3,282,41
arena,aligned,3,283,41
arena,aligned,3,284,41
arena,aligned,3,285,41
arena,aligned,3,286,41
arena,aligned,3,287,41
arena,aligned,3,288,41
arena,aligned,3,289,41
arena,aligned,3,290,41
arena,aligned,3,291,41
arena,aligned,3,292,41
arena,aligned,3,293,41
arena,aligned,3,294,41
arena,aligned,3,295,41
arena,aligned,3,296,41
arena,aligned,3,297,41
arena,aligned,3,298,41
arena,aligned,3,299,41
arena,aligned,3,300,41
arena,aligned,3,301,41
arena,aligned,3,302,6172
arena,aligned,3,303,41
arena,aligned,3,304,41
arena,aligned,3,305,41
arena,aligned,3,306,41
arena,aligned,3,307,41
arena,aligned,3,308,41
arena,aligned,3,309,41
arena,aligned,3,310,41
arena,aligned,3,311,41
arena,aligned,3,312,41
arena,aligned,3,313,41
arena,aligned,3,314,41
arena,aligned,3,315,41
arena,aligned,3,316,41
arena,aligned,3,317,41
arena,aligned,3,318,41
arena,aligned,3,319,41
arena,aligned,3,320,41
arena,aligned,3,321,41
arena,aligned,3,322,41
arena,aligned,3,323,41
arena,aligned,3,324,41
arena,aligned,3,325,41
arena,aligned,3,326,41
arena,aligned,3,327,41
arena,aligned,3,328,41
arena,aligned,3,329,41
arena,aligned,3,330,41
arena,aligned,3,331,41
arena,aligned,3,332,41
arena,aligned,3,333,41
arena,aligned,3,334,41
arena,aligned,3,335,41
arena,aligned,3,336,41
arena,aligned,3,337,51
arena,aligned,3,338,50
arena,aligned,3,339,41
arena,aligned,3,340,41
arena,aligned,3,341,41
arena,aligned,3,342,41
arena,aligned,3,343,41
arena,aligned,3,344,41
arena,aligned,3,345,41
arena,aligned,3,346,41
arena,aligned,3,347,41
arena,aligned,3,348,41
arena,aligned,3,349,41
arena,aligned,3,350,41
arena,aligned,3,351,41
arena,aligned,3,352,41
arena,aligned,3,353,41
arena,aligned,3,354,41
arena,aligned,3,355,41
arena,aligned,3,356,80
arena,aligned,3,357,41
arena,aligned,3,358,41
arena,aligned,3,359,41
arena,aligned,3,360,41
arena,aligned,3,361,41
arena,aligned,3,362,41
arena,aligned,3,363,41
arena,aligned,3,364,41
arena,aligned,3,365,41
arena,aligned,3,366,41
arena,aligned,3,367,41
arena,aligned,3,368,41
arena,aligned,3,369,41
arena,aligned,3,370,41
arena,aligned,3,371,41
arena,aligned,3,372,41
arena,aligned,3,373,41
arena,aligned,3,374,41
arena,aligned,3,375,41
arena,aligned,3,376,41
arena,aligned,3,377,41
arena,aligned,3,378,41
arena,aligned,3,379,41
arena,aligned,3,380,41
arena,aligned,3,381,41
arena,aligned,3,382,41
arena,aligned,3,383,41
arena,aligned,3,384,41
arena,aligned,3,385,41
arena,aligned,3,386,41
arena,aligned,3,387,41
arena,aligned,3,388,41
arena,aligned,3,389,41
arena,aligned,3,390,41
arena,aligned,3,391,41
arena,aligned,3,392,41
arena,aligned,3,393,41
arena,aligned,3,394,41
arena,aligned,3,395,41
arena,aligned,3,396,41
arena,aligned,3,397,41
arena,aligned,3,398,41
arena,aligned,3,399,41
malloc,odd,3,0,181
malloc,odd,3,1,71
malloc,odd,3,2,80
malloc,odd,3,3,60
malloc,odd,3,4,70
malloc,odd,3,5,61
malloc,odd,3,6,70
malloc,odd,3,7,60
malloc,odd,3,8,61
malloc,odd,3,9,70
malloc,odd,3,10,60
malloc,odd,3,11,61
malloc,odd,3,12,61
malloc,odd,3,13,61
malloc,odd,3,14,60
malloc,odd,3,15,61
malloc,odd,3,16,60
malloc,odd,3,17,70
malloc,odd,3,18,70
malloc,odd,3,19,61
malloc,odd,3,20,120
malloc,odd,3,21,70
malloc,odd,3,22,60
malloc,odd,3,23,61
malloc,odd,3,24,61
malloc,odd,3,25,60
malloc,odd,3,26,70
malloc,odd,3,27,61
malloc,odd,3,28,61
malloc,odd,3,29,70
malloc,odd,3,30,61
malloc,odd,3,31,61
malloc,odd,3,32,61
malloc,odd,3,33,60
malloc,odd,3,34,70
malloc,odd,3,35,60
malloc,odd,3,36,61
malloc,odd,3,37,60
malloc,odd,3,38,61
malloc,odd,3,39,60
malloc,odd,3,40,61
malloc,odd,3,41,61
malloc,odd,3,42,61
malloc,odd,3,43,61
malloc,odd,3,44,60
malloc,odd,3,45,61
malloc,odd,3,46,61
malloc,odd,3,47,60
malloc,odd,3,48,61
malloc,odd,3,49,61
malloc,odd,3,50,70
malloc,odd,3,51,80
malloc,odd,3,52,71
malloc,odd,3,53,61
malloc,odd,3,54,61
malloc,odd,3,55,61
malloc,odd,3,56,60
malloc,odd,3,57,61
malloc,odd,3,58,60
malloc,odd,3,59,61
malloc,odd,3,60,61
malloc,odd,3,61,61
malloc,odd,3,62,61
malloc,odd,3,63,60
malloc,odd,3,64,60
malloc,odd,3,65,61
malloc,odd,3,66,61
malloc,odd,3,67,101
malloc,odd,3,68,70
malloc,odd,3,69,60
malloc,odd,3,70,60
malloc,odd,3,71,60
malloc,odd,3,72,61
malloc,odd,3,73,60
malloc,odd,3,74,61
malloc,odd,3,75,60
malloc,odd,3,76,61
malloc,odd,3,77,70
malloc,odd,3,78,70
malloc,odd,3,79,61
malloc,odd,3,80,70
malloc,odd,3,81,60
malloc,odd,3,82,61
malloc,odd,3,83,60
malloc,odd,3,84,61
malloc,odd,3,85,61
malloc,odd,3,86,60
malloc,odd,3,87,61
malloc,odd,3,88,61
malloc,odd,3,89,61
malloc,odd,3,90,61
malloc,odd,3,91,60
malloc,odd,3,92,60
malloc,odd,3,93,61
malloc,odd,3,94,70
malloc,odd,3,95,61
malloc,odd,3,96,60
malloc,odd,3,97,61
malloc,odd,3,98,61
malloc,odd,3,99,60
malloc,odd,3,100,61
malloc,odd,3,101,61
malloc,odd,3,102,61
malloc,odd,3,103,60
malloc,odd,3,104,61
malloc,odd,3,105,61
malloc,odd,3,106,60
malloc,odd,3,107,61
malloc,odd,3,108,61
malloc,odd,3,109,61
malloc,odd,3,110,70
malloc,odd,3,111,70
malloc,odd,3,112,61
malloc,odd,3,113,6833
malloc,odd,3,114,61
malloc,odd,3,115,61
malloc,odd,3,116,61
malloc,odd,3,117,61
malloc,odd,3,118,61
malloc,odd,3,119,61
malloc,odd,3,120,60
malloc,odd,3,121,61
malloc,odd,3,122,60
malloc,odd,3,123,61
malloc,odd,3,124,61
malloc,odd,3,125,61
malloc,odd,3,126,61
malloc,odd,3,127,60
malloc,odd,3,128,61
malloc,odd,3,129,60
malloc,odd,3,130,61
malloc,odd,3,131,60
malloc,odd,3,132,61
malloc,odd,3,133,70
malloc,odd,3,134,61
malloc,odd,3,135,61
malloc,odd,3,136,61
malloc,odd,3,137,61
malloc,odd,3,138,70
malloc,odd,3,139,70
malloc,odd,3,140,70
malloc,odd,3,141,61
malloc,odd,3,142,60
malloc,odd,3,143,61
malloc,odd,3,144,61
malloc,odd,3,145,61
malloc,odd,3,146,61
malloc,odd,3,147,61
malloc,odd,3,148,70
malloc,odd,3,149,61
malloc,odd,3,150,61
malloc,odd,3,151,70
malloc,odd,3,152,61
malloc,odd,3,153,61
malloc,odd,3,154,61
malloc,odd,3,155,61
malloc,odd,3,156,61
malloc,odd,3,157,61
malloc,odd,3,158,60
malloc,odd,3,159,60
malloc,odd,3,160,5911
malloc,odd,3,161,70
malloc,odd,3,162,61
malloc,odd,3,163,60
malloc,odd,3,164,60
malloc,odd,3,165,61
malloc,odd,3,166,60
malloc,odd,3,167,61
malloc,odd,3,168,70
malloc,odd,3,169,70
malloc,odd,3,170,61
malloc,odd,3,171,60
malloc,odd,3,172,70
malloc,odd,3,173,60
malloc,odd,3,174,60
malloc,odd,3,175,61
malloc,odd,3,176,60
malloc,odd,3,177,60
malloc,odd,3,178,60
malloc,odd,3,179,70
malloc,odd,3,180,61
malloc,odd,3,181,60
malloc,odd,3,182,61
malloc,odd,3,183,61
malloc,odd,3,184,61
malloc,odd,3,185,61
malloc,odd,3,186,61
malloc,odd,3,187,60
malloc,odd,3,188,61
malloc,odd,3,189,61
malloc,odd,3,190,61
malloc,odd,3,191,61
malloc,odd,3,192,61
malloc,odd,3,193,61
malloc,odd,3,194,61
malloc,odd,3,195,61
malloc,odd,3,196,61
malloc,odd,3,197,70
malloc,odd,3,198,60
malloc,odd,3,199,61
malloc,odd,3,200,60
malloc,odd,3,201,60
malloc,odd,3,202,61
malloc,odd,3,203,60
malloc,odd,3,204,61
malloc,odd,3,205,70
malloc,odd,3,206,61
malloc,odd,3,207,5270
malloc,odd,3,208,61
malloc,odd,3,209,61
malloc,odd,3,210,61
malloc,odd,3,211,60
malloc,odd,3,212,60
malloc,odd,3,213,60
malloc,odd,3,214,61
malloc,odd,3,215,61
malloc,odd,3,216,60
malloc,odd,3,217,61
malloc,odd,3,218,70
malloc,odd,3,219,60
malloc,odd,3,220,71
malloc,odd,3,221,61
malloc,odd,3,222,70
malloc,odd,3,223,61
malloc,odd,3,224,70
malloc,odd,3,225,60
malloc,odd,3,226,61
malloc,odd,3,227,60
malloc,odd,3,228,61
malloc,odd,3,229,60
malloc,odd,3,230,60
malloc,odd,3,231,61
malloc,odd,3,232,61
malloc,odd,3,233,61
malloc,odd,3,234,60
malloc,odd,3,235,60
malloc,odd,3,236,70
malloc,odd,3,237,70
malloc,odd,3,238,61
malloc,odd,3,239,61
malloc,odd,3,240,70
malloc,odd,3,241,60
malloc,odd,3,242,70
malloc,odd,3,243,61
malloc,odd,3,244,60
malloc,odd,3,245,61
malloc,odd,3,246,61
malloc,odd,3,247,61
malloc,odd,3,248,61
malloc,odd,3,249,61
malloc,odd,3,250,61
malloc,odd,3,251,60
malloc,odd,3,252,61
malloc,odd,3,253,70
malloc,odd,3,254,61
malloc,odd,3,255,71
malloc,odd,3,256,70
malloc,odd,3,257,61
malloc,odd,3,258,61
malloc,odd,3,259,61
malloc,odd,3,260,61
malloc,odd,3,261,60
malloc,odd,3,262,71
malloc,odd,3,263,61
malloc,odd,3,264,61
malloc,odd,3,265,60
malloc,odd,3,266,61
malloc,odd,3,267,61
malloc,odd,3,268,60
malloc,odd,3,269,61
malloc,odd,3,270,61
malloc,odd,3,271,61
malloc,odd,3,272,61
malloc,odd,3,273,61
malloc,odd,3,274,61
malloc,odd,3,275,61
malloc,odd,3,276,61
malloc,odd,3,277,60
malloc,odd,3,278,61
malloc,odd,3,279,60
malloc,odd,3,280,60
malloc,odd,3,281,70
malloc,odd,3,282,60
malloc,odd,3,283,61
malloc,odd,3,284,60
malloc,odd,3,285,60
malloc,odd,3,286,61
malloc,odd,3,287,61
malloc,odd,3,288,61
malloc,odd,3,289,61
malloc,odd,3,290,60
malloc,odd,3,291,61
malloc,odd,3,292,60
malloc,odd,3,293,61
malloc,odd,3,294,61
malloc,odd,3,295,70
malloc,odd,3,296,61
malloc,odd,3,297,60
malloc,odd,3,298,61
malloc,odd,3,299,60
malloc,odd,3,300,70
malloc,odd,3,301,61
malloc,odd,3,302,120
malloc,odd,3,303,70
malloc,odd,3,304,61
malloc,odd,3,305,61
malloc,odd,3,306,70
malloc,odd,3,307,61
malloc,odd,3,308,60
malloc,odd,3,309,60
malloc,odd,3,310,60
malloc,odd,3,311,60
malloc,odd,3,312,61
malloc,odd,3,313,61
malloc,odd,3,314,61
malloc,odd,3,315,70
malloc,odd,3,316,60
malloc,odd,3,317,61
malloc,odd,3,318,60
malloc,odd,3,319,61
malloc,odd,3,320,61
malloc,odd,3,321,60
malloc,odd,3,322,61
malloc,odd,3,323,60
malloc,odd,3,324,61
malloc,odd,3,325,61
malloc,odd,3,326,61
malloc,odd,3,327,61
malloc,odd,3,328,61
malloc,odd,3,329,70
malloc,odd,3,330,61
malloc,odd,3,331,60
malloc,odd,3,332,60
malloc,odd,3,333,60
malloc,odd,3,334,60
malloc,odd,3,335,61
malloc,odd,3,336,61
malloc,odd,3,337,61
malloc,odd,3,338,60
malloc,odd,3,339,61
malloc,odd,3,340,60
malloc,odd,3,341,60
malloc,odd,3,342,61
malloc,odd,3,343,60
malloc,odd,3,344,61
malloc,odd,3,345,60
malloc,odd,3,346,61
malloc,odd,3,347,61
malloc,odd,3,348,61
malloc,odd,3,349,70
malloc,odd,3,350,70
malloc,odd,3,351,60
malloc,odd,3,352,61
malloc,odd,3,353,60
malloc,odd,3,354,61
malloc,odd,3,355,61
malloc,odd,3,356,60
malloc,odd,3,357,60
malloc,odd,3,358,60
malloc,odd,3,359,61
malloc,odd,3,360,60
malloc,odd,3,361,60
malloc,odd,3,362,60
malloc,odd,3,363,60
malloc,odd,3,364,61
malloc,odd,3,365,61
malloc,odd,3,366,61
malloc,odd,3,367,70
malloc,odd,3,368,60
malloc,odd,3,369,61
malloc,odd,3,370,61
malloc,odd,3,371,61
malloc,odd,3,372,61
malloc,odd,3,373,60
malloc,odd,3,374,61
malloc,odd,3,375,61
malloc,odd,3,376,61
malloc,odd,3,377,60
malloc,odd,3,378,60
malloc,odd,3,379,61
malloc,odd,3,380,61
malloc,odd,3,381,61
malloc,odd,3,382,61
malloc,odd,3,383,61
malloc,odd,3,384,71
malloc,odd,3,385,70
malloc,odd,3,386,80
malloc,odd,3,387,61
malloc,odd,3,388,60
malloc,odd,3,389,61
malloc,odd,3,390,61
malloc,odd,3,391,60
malloc,odd,3,392,60
malloc,odd,3,393,71
malloc,odd,3,394,60
malloc,odd,3,395,61
malloc,odd,3,396,5049
malloc,odd,3,397,70
malloc,odd,3,398,70
malloc,odd,3,399,61
clock_write_control,odd,3,0,51
clock_write_control,odd,3,1,50
clock_write_control,odd,3,2,41
clock_write_control,odd,3,3,41
clock_write_control,odd,3,4,41
clock_write_control,odd,3,5,41
clock_write_control,odd,3,6,41
clock_write_control,odd,3,7,41
clock_write_control,odd,3,8,41
clock_write_control,odd,3,9,41
clock_write_control,odd,3,10,41
clock_write_control,odd,3,11,6933
clock_write_control,odd,3,12,41
clock_write_control,odd,3,13,41
clock_write_control,odd,3,14,41
clock_write_control,odd,3,15,41
clock_write_control,odd,3,16,41
clock_write_control,odd,3,17,41
clock_write_control,odd,3,18,41
clock_write_control,odd,3,19,41
clock_write_control,odd,3,20,41
clock_write_control,odd,3,21,41
clock_write_control,odd,3,22,41
clock_write_control,odd,3,23,41
clock_write_control,odd,3,24,41
clock_write_control,odd,3,25,41
clock_write_control,odd,3,26,41
clock_write_control,odd,3,27,41
clock_write_control,odd,3,28,41
clock_write_control,odd,3,29,41
clock_write_control,odd,3,30,41
clock_write_control,odd,3,31,41
clock_write_control,odd,3,32,41
clock_write_control,odd,3,33,41
clock_write_control,odd,3,34,41
clock_write_control,odd,3,35,41
clock_write_control,odd,3,36,41
clock_write_control,odd,3,37,41
clock_write_control,odd,3,38,41
clock_write_control,odd,3,39,41
clock_write_control,odd,3,40,41
clock_write_control,odd,3,41,41
clock_write_control,odd,3,42,41
clock_write_control,odd,3,43,41
clock_write_control,odd,3,44,41
clock_write_control,odd,3,45,41
clock_write_control,odd,3,46,41
clock_write_control,odd,3,47,41
clock_write_control,odd,3,48,41
clock_write_control,odd,3,49,41
clock_write_control,odd,3,50,41
clock_write_control,odd,3,51,41
clock_write_control,odd,3,52,41
clock_write_control,odd,3,53,41
clock_write_control,odd,3,54,41
clock_write_control,odd,3,55,41
clock_write_control,odd,3,56,41
clock_write_control,odd,3,57,41
clock_write_control,odd,3,58,41
clock_write_control,odd,3,59,41
clock_write_control,odd,3,60,41
clock_write_control,odd,3,61,41
clock_write_control,odd,3,62,41
clock_write_control,odd,3,63,41
clock_write_control,odd,3,64,41
clock_write_control,odd,3,65,5952
clock_write_control,odd,3,66,41
clock_write_control,odd,3,67,41
clock_write_control,odd,3,68,41
clock_write_control,odd,3,69,41
clock_write_control,odd,3,70,41
clock_write_control,odd,3,71,41
clock_write_control,odd,3,72,41
clock_write_control,odd,3,73,41
clock_write_control,odd,3,74,41
clock_write_control,odd,3,75,41
clock_write_control,odd,3,76,41
clock_write_control,odd,3,77,41
clock_write_control,odd,3,78,41
clock_write_control,odd,3,79,41
clock_write_control,odd,3,80,41
clock_write_control,odd,3,81,41
clock_write_control,odd,3,82,41
clock_write_control,odd,3,83,41
clock_write_control,odd,3,84,41
clock_write_control,odd,3,85,41
clock_write_control,odd,3,86,41
clock_write_control,odd,3,87,41
clock_write_control,odd,3,88,41
clock_write_control,odd,3,89,41
clock_write_control,odd,3,90,41
clock_write_control,odd,3,91,41
clock_write_control,odd,3,92,41
clock_write_control,odd,3,93,41
clock_write_control,odd,3,94,41
clock_write_control,odd,3,95,41
clock_write_control,odd,3,96,41
clock_write_control,odd,3,97,41
clock_write_control,odd,3,98,41
clock_write_control,odd,3,99,41
clock_write_control,odd,3,100,41
clock_write_control,odd,3,101,41
clock_write_control,odd,3,102,41
clock_write_control,odd,3,103,41
clock_write_control,odd,3,104,41
clock_write_control,odd,3,105,41
clock_write_control,odd,3,106,41
clock_write_control,odd,3,107,41
clock_write_control,odd,3,108,41
clock_write_control,odd,3,109,41
clock_write_control,odd,3,110,41
clock_write_control,odd,3,111,41
clock_write_control,odd,3,112,41
clock_write_control,odd,3,113,41
clock_write_control,odd,3,114,41
clock_write_control,odd,3,115,41
clock_write_control,odd,3,116,41
clock_write_control,odd,3,117,41
clock_write_control,odd,3,118,41
clock_write_control,odd,3,119,41
clock_write_control,odd,3,120,60
clock_write_control,odd,3,121,41
clock_write_control,odd,3,122,41
clock_write_control,odd,3,123,41
clock_write_control,odd,3,124,41
clock_write_control,odd,3,125,41
clock_write_control,odd,3,126,41
clock_write_control,odd,3,127,41
clock_write_control,odd,3,128,41
clock_write_control,odd,3,129,41
clock_write_control,odd,3,130,41
clock_write_control,odd,3,131,41
clock_write_control,odd,3,132,41
clock_write_control,odd,3,133,41
clock_write_control,odd,3,134,41
clock_write_control,odd,3,135,41
clock_write_control,odd,3,136,41
clock_write_control,odd,3,137,41
clock_write_control,odd,3,138,41
clock_write_control,odd,3,139,41
clock_write_control,odd,3,140,581
clock_write_control,odd,3,141,41
clock_write_control,odd,3,142,41
clock_write_control,odd,3,143,41
clock_write_control,odd,3,144,41
clock_write_control,odd,3,145,41
clock_write_control,odd,3,146,41
clock_write_control,odd,3,147,41
clock_write_control,odd,3,148,41
clock_write_control,odd,3,149,41
clock_write_control,odd,3,150,41
clock_write_control,odd,3,151,41
clock_write_control,odd,3,152,41
clock_write_control,odd,3,153,41
clock_write_control,odd,3,154,41
clock_write_control,odd,3,155,41
clock_write_control,odd,3,156,51
clock_write_control,odd,3,157,51
clock_write_control,odd,3,158,41
clock_write_control,odd,3,159,41
clock_write_control,odd,3,160,41
clock_write_control,odd,3,161,41
clock_write_control,odd,3,162,41
clock_write_control,odd,3,163,41
clock_write_control,odd,3,164,41
clock_write_control,odd,3,165,41
clock_write_control,odd,3,166,41
clock_write_control,odd,3,167,41
clock_write_control,odd,3,168,41
clock_write_control,odd,3,169,41
clock_write_control,odd,3,170,41
clock_write_control,odd,3,171,41
clock_write_control,odd,3,172,41
clock_write_control,odd,3,173,41
clock_write_control,odd,3,174,41
clock_write_control,odd,3,175,70
clock_write_control,odd,3,176,41
clock_write_control,odd,3,177,41
clock_write_control,odd,3,178,41
clock_write_control,odd,3,179,41
clock_write_control,odd,3,180,41
clock_write_control,odd,3,181,41
clock_write_control,odd,3,182,41
clock_write_control,odd,3,183,41
clock_write_control,odd,3,184,41
clock_write_control,odd,3,185,41
clock_write_control,odd,3,186,41
clock_write_control,odd,3,187,41
clock_write_control,odd,3,188,41
clock_write_control,odd,3,189,41
clock_write_control,odd,3,190,41
clock_write_control,odd,3,191,41
clock_write_control,odd,3,192,41
clock_write_control,odd,3,193,41
clock_write_control,odd,3,194,41
clock_write_control,odd,3,195,41
clock_write_control,odd,3,196,41
clock_write_control,odd,3,197,41
clock_write_control,odd,3,198,41
clock_write_control,odd,3,199,41
clock_write_control,odd,3,200,41
clock_write_control,odd,3,201,41
clock_write_control,odd,3,202,41
clock_write_control,odd,3,203,41
clock_write_control,odd,3,204,41
clock_write_control,odd,3,205,41
clock_write_control,odd,3,206,41
clock_write_control,odd,3,207,41
clock_write_control,odd,3,208,41
clock_write_control,odd,3,209,41
clock_write_control,odd,3,210,41
clock_write_control,odd,3,211,41
clock_write_control,odd,3,212,41
clock_write_control,odd,3,213,41
clock_write_control,odd,3,214,41
clock_write_control,odd,3,215,41
clock_write_control,odd,3,216,41
clock_write_control,odd,3,217,41
clock_write_control,odd,3,218,41
clock_write_control,odd,3,219,41
clock_write_control,odd,3,220,41
clock_write_control,odd,3,221,41
clock_write_control,odd,3,222,41
clock_write_control,odd,3,223,41
clock_write_control,odd,3,224,41
clock_write_control,odd,3,225,41
clock_write_control,odd,3,226,41
clock_write_control,odd,3,227,41
clock_write_control,odd,3,228,41
clock_write_control,odd,3,229,41
clock_write_control,odd,3,230,5069
clock_write_control,odd,3,231,41
clock_write_control,odd,3,232,41
clock_write_control,odd,3,233,41
clock_write_control,odd,3,234,41
clock_write_control,odd,3,235,41
clock_write_control,odd,3,236,41
clock_write_control,odd,3,237,41
clock_write_control,odd,3,238,41
clock_write_control,odd,3,239,41
clock_write_control,odd,3,240,41
clock_write_control,odd,3,241,41
clock_write_control,odd,3,242,41
clock_write_control,odd,3,243,41
clock_write_control,odd,3,244,41
clock_write_control,odd,3,245,41
clock_write_control,odd,3,246,41
clock_write_control,odd,3,247,41
clock_write_control,odd,3,248,41
clock_write_control,odd,3,249,41
clock_write_control,odd,3,250,41
clock_write_control,odd,3,251,41
clock_write_control,odd,3,252,41
clock_write_control,odd,3,253,41
clock_write_control,odd,3,254,41
clock_write_control,odd,3,255,41
clock_write_control,odd,3,256,41
clock_write_control,odd,3,257,41
clock_write_control,odd,3,258,41
clock_write_control,odd,3,259,41
clock_write_control,odd,3,260,41
clock_write_control,odd,3,261,41
clock_write_control,odd,3,262,41
clock_write_control,odd,3,263,41
clock_write_control,odd,3,264,41
clock_write_control,odd,3,265,41
clock_write_control,odd,3,266,41
clock_write_control,odd,3,267,41
clock_write_control,odd,3,268,41
clock_write_control,odd,3,269,41
clock_write_control,odd,3,270,41
clock_write_control,odd,3,271,50
clock_write_control,odd,3,272,51
clock_write_control,odd,3,273,51
clock_write_control,odd,3,274,51
clock_write_control,odd,3,275,41
clock_write_control,odd,3,276,41
clock_write_control,odd,3,277,41
clock_write_control,odd,3,278,41
clock_write_control,odd,3,279,41
clock_write_control,odd,3,280,41
clock_write_control,odd,3,281,41
clock_write_control,odd,3,282,41
clock_write_control,odd,3,283,41
clock_write_control,odd,3,284,5650
clock_write_control,odd,3,285,41
clock_write_control,odd,3,286,41
clock_write_control,odd,3,287,41
clock_write_control,odd,3,288,41
clock_write_control,odd,3,289,41
clock_write_control,odd,3,290,41
clock_write_control,odd,3,291,41
clock_write_control,odd,3,292,41
clock_write_control,odd,3,293,41
clock_write_control,odd,3,294,41
clock_write_control,odd,3,295,41
clock_write_control,odd,3,296,41
clock_write_control,odd,3,297,41
clock_write_control,odd,3,298,41
clock_write_control,odd,3,299,41
clock_write_control,odd,3,300,41
clock_write_control,odd,3,301,41
clock_write_control,odd,3,302,41
clock_write_control,odd,3,303,41
clock_write_control,odd,3,304,41
clock_write_control,odd,3,305,41
clock_write_control,odd,3,306,41
clock_write_control,odd,3,307,41
clock_write_control,odd,3,308,41
clock_write_control,odd,3,309,41
clock_write_control,odd,3,310,41
clock_write_control,odd,3,311,41
clock_write_control,odd,3,312,41
clock_write_control,odd,3,313,41
clock_write_control,odd,3,314,41
clock_write_control,odd,3,315,41
clock_write_control,odd,3,316,41
clock_write_control,odd,3,317,41
clock_write_control,odd,3,318,41
clock_write_control,odd,3,319,41
clock_write_control,odd,3,320,41
clock_write_control,odd,3,321,41
clock_write_control,odd,3,322,41
clock_write_control,odd,3,323,41
clock_write_control,odd,3,324,41
clock_write_control,odd,3,325,41
clock_write_control,odd,3,326,41
clock_write_control,odd,3,327,41
clock_write_control,odd,3,328,41
clock_write_control,odd,3,329,41
clock_write_control,odd,3,330,41
clock_write_control,odd,3,331,41
clock_write_control,odd,3,332,41
clock_write_control,odd,3,333,41
clock_write_control,odd,3,334,41
clock_write_control,odd,3,335,41
clock_write_control,odd,3,336,41
clock_write_control,odd,3,337,41
clock_write_control,odd,3,338,7143
clock_write_control,odd,3,339,41
clock_write_control,odd,3,340,41
clock_write_control,odd,3,341,41
clock_write_control,odd,3,342,41
clock_write_control,odd,3,343,41
clock_write_control,odd,3,344,41
clock_write_control,odd,3,345,41
clock_write_control,odd,3,346,41
clock_write_control,odd,3,347,41
clock_write_control,odd,3,348,41
clock_write_control,odd,3,349,41
clock_write_control,odd,3,350,41
clock_write_control,odd,3,351,41
clock_write_control,odd,3,352,41
clock_write_control,odd,3,353,41
clock_write_control,odd,3,354,41
clock_write_control,odd,3,355,41
clock_write_control,odd,3,356,41
clock_write_control,odd,3,357,41
clock_write_control,odd,3,358,41
clock_write_control,odd,3,359,41
clock_write_control,odd,3,360,41
clock_write_control,odd,3,361,41
clock_write_control,odd,3,362,41
clock_write_control,odd,3,363,41
clock_write_control,odd,3,364,41
clock_write_control,odd,3,365,41
clock_write_control,odd,3,366,41
clock_write_control,odd,3,367,42
clock_write_control,odd,3,368,41
clock_write_control,odd,3,369,41
clock_write_control,odd,3,370,41
clock_write_control,odd,3,371,41
clock_write_control,odd,3,372,41
clock_write_control,odd,3,373,41
clock_write_control,odd,3,374,41
clock_write_control,odd,3,375,41
clock_write_control,odd,3,376,51
clock_write_control,odd,3,377,41
clock_write_control,odd,3,378,41
clock_write_control,odd,3,379,41
clock_write_control,odd,3,380,41
clock_write_control,odd,3,381,41
clock_write_control,odd,3,382,41
clock_write_control,odd,3,383,41
clock_write_control,odd,3,384,41
clock_write_control,odd,3,385,41
clock_write_control,odd,3,386,41
clock_write_control,odd,3,387,41
clock_write_control,odd,3,388,41
clock_write_control,odd,3,389,41
clock_write_control,odd,3,390,41
clock_write_control,odd,3,391,41
clock_write_control,odd,3,392,41
clock_write_control,odd,3,393,41
clock_write_control,odd,3,394,41
clock_write_control,odd,3,395,41
clock_write_control,odd,3,396,41
clock_write_control,odd,3,397,41
clock_write_control,odd,3,398,41
clock_write_control,odd,3,399,41
pool,odd,3,0,51
pool,odd,3,1,51
pool,odd,3,2,51
pool,odd,3,3,41
pool,odd,3,4,41
pool,odd,3,5,41
pool,odd,3,6,41
pool,odd,3,7,41
pool,odd,3,8,41
pool,odd,3,9,41
pool,odd,3,10,41
pool,odd,3,11,41
pool,odd,3,12,70
pool,odd,3,13,41
pool,odd,3,14,41
pool,odd,3,15,41
pool,odd,3,16,41
pool,odd,3,17,41
pool,odd,3,18,41
pool,odd,3,19,41
pool,odd,3,20,41
pool,odd,3,21,41
pool,odd,3,22,41
pool,odd,3,23,41
pool,odd,3,24,41
pool,odd,3,25,41
pool,odd,3,26,41
pool,odd,3,27,41
pool,odd,3,28,41
pool,odd,3,29,41
pool,odd,3,30,41
pool,odd,3,31,41
pool,odd,3,32,41
pool,odd,3,33,41
pool,odd,3,34,41
pool,odd,3,35,41
pool,odd,3,36,41
pool,odd,3,37,41
pool,odd,3,38,41
pool,odd,3,39,41
pool,odd,3,40,41
pool,odd,3,41,41
pool,odd,3,42,41
pool,odd,3,43,41
pool,odd,3,44,41
pool,odd,3,45,41
pool,odd,3,46,41
pool,odd,3,47,41
pool,odd,3,48,41
pool,odd,3,49,41
pool,odd,3,50,41
pool,odd,3,51,41
pool,odd,3,52,41
pool,odd,3,53,41
pool,odd,3,54,41
pool,odd,3,55,41
pool,odd,3,56,41
pool,odd,3,57,41
pool,odd,3,58,41
pool,odd,3,59,41
pool,odd,3,60,41
pool,odd,3,61,41
pool,odd,3,62,41
pool,odd,3,63,41
pool,odd,3,64,6382
pool,odd,3,65,41
pool,odd,3,66,41
pool,odd,3,67,41
pool,odd,3,68,41
pool,odd,3,69,41
pool,odd,3,70,41
pool,odd,3,71,41
pool,odd,3,72,41
pool,odd,3,73,41
pool,odd,3,74,41
pool,odd,3,75,41
pool,odd,3,76,41
pool,odd,3,77,41
pool,odd,3,78,41
pool,odd,3,79,41
pool,odd,3,80,41
pool,odd,3,81,41
pool,odd,3,82,41
pool,odd,3,83,41
pool,odd,3,84,41
pool,odd,3,85,41
pool,odd,3,86,41
pool,odd,3,87,41
pool,odd,3,88,41
pool,odd,3,89,41
pool,odd,3,90,41
pool,odd,3,91,41
pool,odd,3,92,41
pool,odd,3,93,41
pool,odd,3,94,41
pool,odd,3,95,41
pool,odd,3,96,41
pool,odd,3,97,41
pool,odd,3,98,41
pool,odd,3,99,41
pool,odd,3,100,50
pool,odd,3,101,50
pool,odd,3,102,51
pool,odd,3,103,41
pool,odd,3,104,41
pool,odd,3,105,41
pool,odd,3,106,41
pool,odd,3,107,41
pool,odd,3,108,41
pool,odd,3,109,41
pool,odd,3,110,41
pool,odd,3,111,41
pool,odd,3,112,41
pool,odd,3,113,41
pool,odd,3,114,41
pool,odd,3,115,41
pool,odd,3,116,41
pool,odd,3,117,70
pool,odd,3,118,41
pool,odd,3,119,41
pool,odd,3,120,41
pool,odd,3,121,41
pool,odd,3,122,41
pool,odd,3,123,41
pool,odd,3,124,41
pool,odd,3,125,41
pool,odd,3,126,41
pool,odd,3,127,41
pool,odd,3,128,41
pool,odd,3,129,41
pool,odd,3,130,41
pool,odd,3,131,41
pool,odd,3,132,41
pool,odd,3,133,41
pool,odd,3,134,41
pool,odd,3,135,41
pool,odd,3,136,41
pool,odd,3,137,41
pool,odd,3,138,41
pool,odd,3,139,41
pool,odd,3,140,41
pool,odd,3,141,41
pool,odd,3,142,41
pool,odd,3,143,41
pool,odd,3,144,41
pool,odd,3,145,41
pool,odd,3,146,41
pool,odd,3,147,41
pool,odd,3,148,41
pool,odd,3,149,41
pool,odd,3,150,41
pool,odd,3,151,41
pool,odd,3,152,41
pool,odd,3,153,41
pool,odd,3,154,41
pool,odd,3,155,41
pool,odd,3,156,41
pool,odd,3,157,41
pool,odd,3,158,41
pool,odd,3,159,41
pool,odd,3,160,41
pool,odd,3,161,41
pool,odd,3,162,41
pool,odd,3,163,41
pool,odd,3,164,41
pool,odd,3,165,41
pool,odd,3,166,41
pool,odd,3,167,41
pool,odd,3,168,41
pool,odd,3,169,41
pool,odd,3,170,60
pool,odd,3,171,41
pool,odd,3,172,41
pool,odd,3,173,41
pool,odd,3,174,41
pool,odd,3,175,41
pool,odd,3,176,41
pool,odd,3,177,41
pool,odd,3,178,41
pool,odd,3,179,41
pool,odd,3,180,41
pool,odd,3,181,41
pool,odd,3,182,41
pool,odd,3,183,41
pool,odd,3,184,41
pool,odd,3,185,41
pool,odd,3,186,41
pool,odd,3,187,41
pool,odd,3,188,41
pool,odd,3,189,41
pool,odd,3,190,41
pool,odd,3,191,41
pool,odd,3,192,41
pool,odd,3,193,41
pool,odd,3,194,41
pool,odd,3,195,41
pool,odd,3,196,41
pool,odd,3,197,41
pool,odd,3,198,41
pool,odd,3,199,41
pool,odd,3,200,41
pool,odd,3,201,41
pool,odd,3,202,41
pool,odd,3,203,41
pool,odd,3,204,41
pool,odd,3,205,41
pool,odd,3,206,50
pool,odd,3,207,51
pool,odd,3,208,50
pool,odd,3,209,41
pool,odd,3,210,41
pool,odd,3,211,41
pool,odd,3,212,41
pool,odd,3,213,41
pool,odd,3,214,41
pool,odd,3,215,41
pool,odd,3,216,41
pool,odd,3,217,41
pool,odd,3,218,41
pool,odd,3,219,41
pool,odd,3,220,41
pool,odd,3,221,41
pool,odd,3,222,41
pool,odd,3,223,5350
pool,odd,3,224,41
pool,odd,3,225,41
pool,odd,3,226,41
pool,odd,3,227,41
pool,odd,3,228,41
pool,odd,3,229,41
pool,odd,3,230,41
pool,odd,3,231,41
pool,odd,3,232,41
pool,odd,3,233,41
pool,odd,3,234,41
pool,odd,3,235,41
pool,odd,3,236,41
pool,odd,3,237,41
pool,odd,3,238,41
pool,odd,3,239,41
pool,odd,3,240,41
pool,odd,3,241,41
pool,odd,3,242,41
pool,odd,3,243,41
pool,odd,3,244,41
pool,odd,3,245,41
pool,odd,3,246,41
pool,odd,3,247,41
pool,odd,3,248,41
pool,odd,3,249,41
pool,odd,3,250,41
pool,odd,3,251,41
pool,odd,3,252,41
pool,odd,3,253,41
pool,odd,3,254,41
pool,odd,3,255,41
pool,odd,3,256,41
pool,odd,3,257,41
pool,odd,3,258,41
pool,odd,3,259,41
pool,odd,3,260,41
pool,odd,3,261,41
pool,odd,3,262,41
pool,odd,3,263,41
pool,odd,3,264,41
pool,odd,3,265,41
pool,odd,3,266,41
pool,odd,3,267,41
pool,odd,3,268,41
pool,odd,3,269,41
pool,odd,3,270,41
pool,odd,3,271,41
pool,odd,3,272,41
pool,odd,3,273,41
pool,odd,3,274,41
pool,odd,3,275,41
pool,odd,3,276,70
pool,odd,3,277,41
pool,odd,3,278,41
pool,odd,3,279,41
pool,odd,3,280,41
pool,odd,3,281,41
pool,odd,3,282,41
pool,odd,3,283,41
pool,odd,3,284,41
pool,odd,3,285,41
pool,odd,3,286,41
pool,odd,3,287,41
pool,odd,3,288,41
pool,odd,3,289,41
pool,odd,3,290,41
pool,odd,3,291,41
pool,odd,3,292,41
pool,odd,3,293,41
pool,odd,3,294,41
pool,odd,3,295,41
pool,odd,3,296,41
pool,odd,3,297,41
pool,odd,3,298,41
pool,odd,3,299,41
pool,odd,3,300,41
pool,odd,3,301,41
pool,odd,3,302,41
pool,odd,3,303,41
pool,odd,3,304,41
pool,odd,3,305,41
pool,odd,3,306,41
pool,odd,3,307,41
pool,odd,3,308,41
pool,odd,3,309,41
pool,odd,3,310,41
pool,odd,3,311,41
pool,odd,3,312,50
pool,odd,3,313,51
pool,odd,3,314,41
pool,odd,3,315,41
pool,odd,3,316,41
pool,odd,3,317,41
pool,odd,3,318,41
pool,odd,3,319,41
pool,odd,3,320,41
pool,odd,3,321,41
pool,odd,3,322,41
pool,odd,3,323,41
pool,odd,3,324,41
pool,odd,3,325,41
pool,odd,3,326,41
pool,odd,3,327,41
pool,odd,3,328,7053
pool,odd,3,329,41
pool,odd,3,330,41
pool,odd,3,331,41
pool,odd,3,332,41
pool,odd,3,333,41
pool,odd,3,334,41
pool,odd,3,335,41
pool,odd,3,336,41
pool,odd,3,337,41
pool,odd,3,338,41
pool,odd,3,339,41
pool,odd,3,340,41
pool,odd,3,341,41
pool,odd,3,342,41
pool,odd,3,343,41
pool,odd,3,344,41
pool,odd,3,345,41
pool,odd,3,346,41
pool,odd,3,347,41
pool,odd,3,348,41
pool,odd,3,349,41
pool,odd,3,350,41
pool,odd,3,351,41
pool,odd,3,352,41
pool,odd,3,353,41
pool,odd,3,354,41
pool,odd,3,355,41
pool,odd,3,356,41
pool,odd,3,357,41
pool,odd,3,358,41
pool,odd,3,359,41
pool,odd,3,360,41
pool,odd,3,361,41
pool,odd,3,362,41
pool,odd,3,363,41
pool,odd,3,364,41
pool,odd,3,365,41
pool,odd,3,366,41
pool,odd,3,367,41
pool,odd,3,368,41
pool,odd,3,369,41
pool,odd,3,370,41
pool,odd,3,371,41
pool,odd,3,372,41
pool,odd,3,373,41
pool,odd,3,374,41
pool,odd,3,375,41
pool,odd,3,376,41
pool,odd,3,377,41
pool,odd,3,378,41
pool,odd,3,379,41
pool,odd,3,380,41
pool,odd,3,381,5541
pool,odd,3,382,41
pool,odd,3,383,41
pool,odd,3,384,41
pool,odd,3,385,41
pool,odd,3,386,41
pool,odd,3,387,41
pool,odd,3,388,41
pool,odd,3,389,41
pool,odd,3,390,41
pool,odd,3,391,41
pool,odd,3,392,41
pool,odd,3,393,41
pool,odd,3,394,41
pool,odd,3,395,41
pool,odd,3,396,41
pool,odd,3,397,41
pool,odd,3,398,41
pool,odd,3,399,41
stack,odd,3,0,41
stack,odd,3,1,41
stack,odd,3,2,41
stack,odd,3,3,41
stack,odd,3,4,41
stack,odd,3,5,101
stack,odd,3,6,41
stack,odd,3,7,41
stack,odd,3,8,41
stack,odd,3,9,41
stack,odd,3,10,41
stack,odd,3,11,41
stack,odd,3,12,41
stack,odd,3,13,41
stack,odd,3,14,41
stack,odd,3,15,41
stack,odd,3,16,41
stack,odd,3,17,41
stack,odd,3,18,41
stack,odd,3,19,41
stack,odd,3,20,41
stack,odd,3,21,41
stack,odd,3,22,41
stack,odd,3,23,41
stack,odd,3,24,41
stack,odd,3,25,41
stack,odd,3,26,41
stack,odd,3,27,41
stack,odd,3,28,41
stack,odd,3,29,41
stack,odd,3,30,41
stack,odd,3,31,41
stack,odd,3,32,41
stack,odd,3,33,41
stack,odd,3,34,41
stack,odd,3,35,41
stack,odd,3,36,41
stack,odd,3,37,41
stack,odd,3,38,41
stack,odd,3,39,41
stack,odd,3,40,41
stack,odd,3,41,41
stack,odd,3,42,41
stack,odd,3,43,41
stack,odd,3,44,41
stack,odd,3,45,41
stack,odd,3,46,51
stack,odd,3,47,50
stack,odd,3,48,51
stack,odd,3,49,50
stack,odd,3,50,41
stack,odd,3,51,41
stack,odd,3,52,41
stack,odd,3,53,41
stack,odd,3,54,41
stack,odd,3,55,41
stack,odd,3,56,41
stack,odd,3,57,6062
stack,odd,3,58,41
stack,odd,3,59,41
stack,odd,3,60,41
stack,odd,3,61,41
stack,odd,3,62,41
stack,odd,3,63,41
stack,odd,3,64,41
stack,odd,3,65,41
stack,odd,3,66,41
stack,odd,3,67,41
stack,odd,3,68,41
stack,odd,3,69,41
stack,odd,3,70,41
stack,odd,3,71,41
stack,odd,3,72,41
stack,odd,3,73,41
stack,odd,3,74,41
stack,odd,3,75,41
stack,odd,3,76,41
stack,odd,3,77,41
stack,odd,3,78,41
stack,odd,3,79,41
stack,odd,3,80,41
stack,odd,3,81,41
stack,odd,3,82,41
stack,odd,3,83,41
stack,odd,3,84,41
stack,odd,3,85,41
stack,odd,3,86,41
stack,odd,3,87,41
stack,odd,3,88,41
stack,odd,3,89,41
stack,odd,3,90,41
stack,odd,3,91,41
stack,odd,3,92,41
stack,odd,3,93,41
stack,odd,3,94,41
stack,odd,3,95,41
stack,odd,3,96,50
stack,odd,3,97,111
stack,odd,3,98,51
stack,odd,3,99,51
stack,odd,3,100,41
stack,odd,3,101,41
stack,odd,3,102,41
stack,odd,3,103,41
stack,odd,3,104,41
stack,odd,3,105,41
stack,odd,3,106,41
stack,odd,3,107,41
stack,odd,3,108,41
stack,odd,3,109,80
stack,odd,3,110,41
stack,odd,3,111,41
stack,odd,3,112,41
stack,odd,3,113,41
stack,odd,3,114,41
stack,odd,3,115,41
stack,odd,3,116,41
stack,odd,3,117,41
stack,odd,3,118,41
stack,odd,3,119,41
stack,odd,3,120,41
stack,odd,3,121,41
stack,odd,3,122,41
stack,odd,3,123,41
stack,odd,3,124,41
stack,odd,3,125,41
stack,odd,3,126,41
stack,odd,3,127,41
stack,odd,3,128,41
stack,odd,3,129,41
stack,odd,3,130,41
stack,odd,3,131,41
stack,odd,3,132,41
stack,odd,3,133,41
stack,odd,3,134,41
stack,odd,3,135,41
stack,odd,3,136,41
stack,odd,3,137,41
stack,odd,3,138,41
stack,odd,3,139,41
stack,odd,3,140,41
stack,odd,3,141,41
stack,odd,3,142,41
stack,odd,3,143,41
stack,odd,3,144,41
stack,odd,3,145,41
stack,odd,3,146,50
stack,odd,3,147,51
stack,odd,3,148,50
stack,odd,3,149,41
stack,odd,3,150,41
stack,odd,3,151,60
stack,odd,3,152,50
stack,odd,3,153,50
stack,odd,3,154,41
stack,odd,3,155,41
stack,odd,3,156,41
stack,odd,3,157,41
stack,odd,3,158,41
stack,odd,3,159,41
stack,odd,3,160,41
stack,odd,3,161,41
stack,odd,3,162,91
stack,odd,3,163,41
stack,odd,3,164,41
stack,odd,3,165,41
stack,odd,3,166,41
stack,odd,3,167,41
stack,odd,3,168,41
stack,odd,3,169,41
stack,odd,3,170,41
stack,odd,3,171,41
stack,odd,3,172,41
stack,odd,3,173,41
stack,odd,3,174,41
stack,odd,3,175,41
stack,odd,3,176,41
stack,odd,3,177,41
stack,odd,3,178,41
stack,odd,3,179,41
stack,odd,3,180,41
stack,odd,3,181,41
stack,odd,3,182,41
stack,odd,3,183,41
stack,odd,3,184,41
stack,odd,3,185,41
stack,odd,3,186,41
stack,odd,3,187,41
stack,odd,3,188,41
stack,odd,3,189,41
stack,odd,3,190,41
stack,odd,3,191,41
stack,odd,3,192,41
stack,odd,3,193,41
stack,odd,3,194,41
stack,odd,3,195,41
stack,odd,3,196,41
stack,odd,3,197,41
stack,odd,3,198,50
stack,odd,3,199,51
stack,odd,3,200,51
stack,odd,3,201,41
stack,odd,3,202,41
stack,odd,3,203,41
stack,odd,3,204,41
stack,odd,3,205,41
stack,odd,3,206,41
stack,odd,3,207,41
stack,odd,3,208,41
stack,odd,3,209,41
stack,odd,3,210,41
stack,odd,3,211,41
stack,odd,3,212,41
stack,odd,3,213,41
stack,odd,3,214,90
stack,odd,3,215,41
stack,odd,3,216,41
stack,odd,3,217,41
stack,odd,3,218,41
stack,odd,3,219,41
stack,odd,3,220,41
stack,odd,3,221,41
stack,odd,3,222,41
stack,odd,3,223,25659
stack,odd,3,224,41
stack,odd,3,225,41
stack,odd,3,226,41
stack,odd,3,227,41
stack,odd,3,228,41
stack,odd,3,229,41
stack,odd,3,230,41
stack,odd,3,231,41
stack,odd,3,232,41
stack,odd,3,233,41
stack,odd,3,234,41
stack,odd,3,235,41
stack,odd,3,236,41
stack,odd,3,237,41
stack,odd,3,238,41
stack,odd,3,239,41
stack,odd,3,240,41
stack,odd,3,241,41
stack,odd,3,242,41
stack,odd,3,243,41
stack,odd,3,244,41
stack,odd,3,245,41
stack,odd,3,246,41
stack,odd,3,247,41
stack,odd,3,248,41
stack,odd,3,249,41
stack,odd,3,250,41
stack,odd,3,251,41
stack,odd,3,252,41
stack,odd,3,253,41
stack,odd,3,254,50
stack,odd,3,255,51
stack,odd,3,256,51
stack,odd,3,257,51
stack,odd,3,258,41
stack,odd,3,259,41
stack,odd,3,260,41
stack,odd,3,261,41
stack,odd,3,262,41
stack,odd,3,263,41
stack,odd,3,264,41
stack,odd,3,265,80
stack,odd,3,266,41
stack,odd,3,267,41
stack,odd,3,268,41
stack,odd,3,269,41
stack,odd,3,270,41
stack,odd,3,271,41
stack,odd,3,272,41
stack,odd,3,273,41
stack,odd,3,274,41
stack,odd,3,275,41
stack,odd,3,276,41
stack,odd,3,277,41
stack,odd,3,278,41
stack,odd,3,279,41
stack,odd,3,280,41
stack,odd,3,281,41
stack,odd,3,282,41
stack,odd,3,283,41
stack,odd,3,284,41
stack,odd,3,285,41
stack,odd,3,286,41
stack,odd,3,287,41
stack,odd,3,288,41
stack,odd,3,289,41
stack,odd,3,290,41
stack,odd,3,291,41
stack,odd,3,292,41
stack,odd,3,293,41
stack,odd,3,294,41
stack,odd,3,295,41
stack,odd,3,296,41
stack,odd,3,297,41
stack,odd,3,298,41
stack,odd,3,299,41
stack,odd,3,300,41
stack,odd,3,301,41
stack,odd,3,302,41
stack,odd,3,303,41
stack,odd,3,304,41
stack,odd,3,305,41
stack,odd,3,306,51
stack,odd,3,307,41
stack,odd,3,308,41
stack,odd,3,309,41
stack,odd,3,310,41
stack,odd,3,311,41
stack,odd,3,312,41
stack,odd,3,313,41
stack,odd,3,314,41
stack,odd,3,315,41
stack,odd,3,316,41
stack,odd,3,317,41
stack,odd,3,318,80
stack,odd,3,319,41
stack,odd,3,320,41
stack,odd,3,321,41
stack,odd,3,322,41
stack,odd,3,323,41
stack,odd,3,324,41
stack,odd,3,325,41
stack,odd,3,326,41
stack,odd,3,327,41
stack,odd,3,328,41
stack,odd,3,329,41
stack,odd,3,330,41
stack,odd,3,331,41
stack,odd,3,332,41
stack,odd,3,333,41
stack,odd,3,334,41
stack,odd,3,335,41
stack,odd,3,336,41
stack,odd,3,337,41
stack,odd,3,338,41
stack,odd,3,339,41
stack,odd,3,340,41
stack,odd,3,341,41
stack,odd,3,342,41
stack,odd,3,343,41
stack,odd,3,344,41
stack,odd,3,345,41
stack,odd,3,346,41
stack,odd,3,347,41
stack,odd,3,348,41
stack,odd,3,349,41
stack,odd,3,350,41
stack,odd,3,351,50
stack,odd,3,352,41
stack,odd,3,353,41
stack,odd,3,354,41
stack,odd,3,355,51
stack,odd,3,356,50
stack,odd,3,357,41
stack,odd,3,358,41
stack,odd,3,359,41
stack,odd,3,360,41
stack,odd,3,361,51
stack,odd,3,362,41
stack,odd,3,363,41
stack,odd,3,364,41
stack,odd,3,365,41
stack,odd,3,366,41
stack,odd,3,367,41
stack,odd,3,368,70
stack,odd,3,369,41
stack,odd,3,370,41
stack,odd,3,371,41
stack,odd,3,372,41
stack,odd,3,373,41
stack,odd,3,374,41
stack,odd,3,375,41
stack,odd,3,376,41
stack,odd,3,377,41
stack,odd,3,378,41
stack,odd,3,379,41
stack,odd,3,380,41
stack,odd,3,381,41
stack,odd,3,382,41
stack,odd,3,383,41
stack,odd,3,384,41
stack,odd,3,385,41
stack,odd,3,386,41
stack,odd,3,387,41
stack,odd,3,388,41
stack,odd,3,389,41
stack,odd,3,390,41
stack,odd,3,391,41
stack,odd,3,392,41
stack,odd,3,393,41
stack,odd,3,394,41
stack,odd,3,395,41
stack,odd,3,396,41
stack,odd,3,397,41
stack,odd,3,398,41
stack,odd,3,399,41
arena,odd,3,0,41
arena,odd,3,1,41
arena,odd,3,2,10008
arena,odd,3,3,41
arena,odd,3,4,41
arena,odd,3,5,41
arena,odd,3,6,41
arena,odd,3,7,41
arena,odd,3,8,41
arena,odd,3,9,41
arena,odd,3,10,41
arena,odd,3,11,41
arena,odd,3,12,41
arena,odd,3,13,41
arena,odd,3,14,41
arena,odd,3,15,41
arena,odd,3,16,41
arena,odd,3,17,41
arena,odd,3,18,41
arena,odd,3,19,41
arena,odd,3,20,41
arena,odd,3,21,41
arena,odd,3,22,41
arena,odd,3,23,41
arena,odd,3,24,41
arena,odd,3,25,41
arena,odd,3,26,41
arena,odd,3,27,41
arena,odd,3,28,41
arena,odd,3,29,41
arena,odd,3,30,41
arena,odd,3,31,41
arena,odd,3,32,41
arena,odd,3,33,41
arena,odd,3,34,41
arena,odd,3,35,41
arena,odd,3,36,41
arena,odd,3,37,41
arena,odd,3,38,41
arena,odd,3,39,41
arena,odd,3,40,41
arena,odd,3,41,51
arena,odd,3,42,41
arena,odd,3,43,41
arena,odd,3,44,41
arena,odd,3,45,41
arena,odd,3,46,41
arena,odd,3,47,41
arena,odd,3,48,41
arena,odd,3,49,41
arena,odd,3,50,41
arena,odd,3,51,41
arena,odd,3,52,41
arena,odd,3,53,41
arena,odd,3,54,41
arena,odd,3,55,5911
arena,odd,3,56,41
arena,odd,3,57,41
arena,odd,3,58,41
arena,odd,3,59,41
arena,odd,3,60,41
arena,odd,3,61,41
arena,odd,3,62,41
arena,odd,3,63,41
arena,odd,3,64,41
arena,odd,3,65,41
arena,odd,3,66,41
arena,odd,3,67,41
arena,odd,3,68,41
arena,odd,3,69,41
arena,odd,3,70,41
arena,odd,3,71,41
arena,odd,3,72,41
arena,odd,3,73,41
arena,odd,3,74,41
arena,odd,3,75,40025
arena,odd,3,76,41
arena,odd,3,77,41
arena,odd,3,78,41
arena,odd,3,79,41
arena,odd,3,80,41
arena,odd,3,81,41
arena,odd,3,82,41
arena,odd,3,83,41
arena,odd,3,84,41
arena,odd,3,85,41
arena,odd,3,86,41
arena,odd,3,87,41
arena,odd,3,88,41
arena,odd,3,89,41
arena,odd,3,90,41
arena,odd,3,91,41
arena,odd,3,92,41
arena,odd,3,93,41
arena,odd,3,94,41
arena,odd,3,95,41
arena,odd,3,96,50
arena,odd,3,97,50
arena,odd,3,98,51
arena,odd,3,99,51
arena,odd,3,100,41
arena,odd,3,101,41
arena,odd,3,102,41
arena,odd,3,103,41
arena,odd,3,104,41
arena,odd,3,105,41
arena,odd,3,106,41
arena,odd,3,107,80
arena,odd,3,108,41
arena,odd,3,109,41
arena,odd,3,110,41
arena,odd,3,111,41
arena,odd,3,112,41
arena,odd,3,113,41
arena,odd,3,114,41
arena,odd,3,115,41
arena,odd,3,116,41
arena,odd,3,117,41
arena,odd,3,118,41
arena,odd,3,119,41
arena,odd,3,120,41
arena,odd,3,121,41
arena,odd,3,122,41
arena,odd,3,123,41
arena,odd,3,124,41
arena,odd,3,125,41
arena,odd,3,126,41
arena,odd,3,127,41
arena,odd,3,128,41
arena,odd,3,129,41
arena,odd,3,130,41
arena,odd,3,131,41
arena,odd,3,132,41
arena,odd,3,133,41
arena,odd,3,134,41
arena,odd,3,135,41
arena,odd,3,136,41
arena,odd,3,137,41
arena,odd,3,138,41
arena,odd,3,139,41
arena,odd,3,140,41
arena,odd,3,141,41
arena,odd,3,142,41
arena,odd,3,143,41
arena,odd,3,144,41
arena,odd,3,145,41
arena,odd,3,146,41
arena,odd,3,147,41
arena,odd,3,148,41
arena,odd,3,149,41
arena,odd,3,150,41
arena,odd,3,151,41
arena,odd,3,152,41
arena,odd,3,153,41
arena,odd,3,154,41
arena,odd,3,155,41
arena,odd,3,156,41
arena,odd,3,157,41
arena,odd,3,158,41
arena,odd,3,159,41
arena,odd,3,160,41
arena,odd,3,161,41
arena,odd,3,162,41
arena,odd,3,163,41
arena,odd,3,164,41
arena,odd,3,165,41
arena,odd,3,166,41
arena,odd,3,167,41
arena,odd,3,168,41
arena,odd,3,169,41
arena,odd,3,170,41
arena,odd,3,171,41
arena,odd,3,172,41
arena,odd,3,173,41
arena,odd,3,174,41
arena,odd,3,175,41
arena,odd,3,176,41
arena,odd,3,177,41
arena,odd,3,178,41
arena,odd,3,179,41
arena,odd,3,180,41
arena,odd,3,181,41
arena,odd,3,182,41
arena,odd,3,183,41
arena,odd,3,184,41
arena,odd,3,185,41
arena,odd,3,186,41
arena,odd,3,187,41
arena,odd,3,188,41
arena,odd,3,189,41
arena,odd,3,190,41
arena,odd,3,191,41
arena,odd,3,192,41
arena,odd,3,193,41
arena,odd,3,194,41
arena,odd,3,195,41
arena,odd,3,196,41
arena,odd,3,197,41
arena,odd,3,198,41
arena,odd,3,199,41
arena,odd,3,200,41
arena,odd,3,201,51
arena,odd,3,202,41
arena,odd,3,203,41
arena,odd,3,204,41
arena,odd,3,205,41
arena,odd,3,206,41
arena,odd,3,207,41
arena,odd,3,208,41
arena,odd,3,209,41
arena,odd,3,210,41
arena,odd,3,211,41
arena,odd,3,212,41
arena,odd,3,213,41
arena,odd,3,214,41
arena,odd,3,215,5821
arena,odd,3,216,41
arena,odd,3,217,41
arena,odd,3,218,41
arena,odd,3,219,41
arena,odd,3,220,41
arena,odd,3,221,41
arena,odd,3,222,41
arena,odd,3,223,41
arena,odd,3,224,41
arena,odd,3,225,41
arena,odd,3,226,41
arena,odd,3,227,41
arena,odd,3,228,41
arena,odd,3,229,41
arena,odd,3,230,41
arena,odd,3,231,41
arena,odd,3,232,41
arena,odd,3,233,41
arena,odd,3,234,41
arena,odd,3,235,41
arena,odd,3,236,41
arena,odd,3,237,41
arena,odd,3,238,41
arena,odd,3,239,41
arena,odd,3,240,41
arena,odd,3,241,41
arena,odd,3,242,41
arena,odd,3,243,41
arena,odd,3,244,41
arena,odd,3,245,41
arena,odd,3,246,41
arena,odd,3,247,41
arena,odd,3,248,41
arena,odd,3,249,41
arena,odd,3,250,41
arena,odd,3,251,41
arena,odd,3,252,41
arena,odd,3,253,50
arena,odd,3,254,41
arena,odd,3,255,41
arena,odd,3,256,41
arena,odd,3,257,41
arena,odd,3,258,41
arena,odd,3,259,41
arena,odd,3,260,41
arena,odd,3,261,41
arena,odd,3,262,41
arena,odd,3,263,41
arena,odd,3,264,41
arena,odd,3,265,41
arena,odd,3,266,41
arena,odd,3,267,41
arena,odd,3,268,41
arena,odd,3,269,70
arena,odd,3,270,41
arena,odd,3,271,41
arena,odd,3,272,41
arena,odd,3,273,41
arena,odd,3,274,41
arena,odd,3,275,41
arena,odd,3,276,41
arena,odd,3,277,41
arena,odd,3,278,41
arena,odd,3,279,41
arena,odd,3,280,41
arena,odd,3,281,41
arena,odd,3,282,41
arena,odd,3,283,41
arena,odd,3,284,41
arena,odd,3,285,41
arena,odd,3,286,41
arena,odd,3,287,41
arena,odd,3,288,41
arena,odd,3,289,41
arena,odd,3,290,41
arena,odd,3,291,41
arena,odd,3,292,41
arena,odd,3,293,41
arena,odd,3,294,41
arena,odd,3,295,41
arena,odd,3,296,41
arena,odd,3,297,41
arena,odd,3,298,41
arena,odd,3,299,41
arena,odd,3,300,41
arena,odd,3,301,41
arena,odd,3,302,41
arena,odd,3,303,41
arena,odd,3,304,41
arena,odd,3,305,41
arena,odd,3,306,41
arena,odd,3,307,41
arena,odd,3,308,51
arena,odd,3,309,51
arena,odd,3,310,50
arena,odd,3,311,41
arena,odd,3,312,41
arena,odd,3,313,41
arena,odd,3,314,41
arena,odd,3,315,41
arena,odd,3,316,41
arena,odd,3,317,41
arena,odd,3,318,41
arena,odd,3,319,41
arena,odd,3,320,41
arena,odd,3,321,41
arena,odd,3,322,41
arena,odd,3,323,80
arena,odd,3,324,41
arena,odd,3,325,41
arena,odd,3,326,41
arena,odd,3,327,41
arena,odd,3,328,41
arena,odd,3,329,41
arena,odd,3,330,41
arena,odd,3,331,41
arena,odd,3,332,41
arena,odd,3,333,41
arena,odd,3,334,41
arena,odd,3,335,41
arena,odd,3,336,41
arena,odd,3,337,41
arena,odd,3,338,41
arena,odd,3,339,41
arena,odd,3,340,41
arena,odd,3,341,41
arena,odd,3,342,41
arena,odd,3,343,41
arena,odd,3,344,41
arena,odd,3,345,41
arena,odd,3,346,41
arena,odd,3,347,41
arena,odd,3,348,41
arena,odd,3,349,41
arena,odd,3,350,41
arena,odd,3,351,41
arena,odd,3,352,41
arena,odd,3,353,41
arena,odd,3,354,41
arena,odd,3,355,41
arena,odd,3,356,41
arena,odd,3,357,41
arena,odd,3,358,41
arena,odd,3,359,41
arena,odd,3,360,41
arena,odd,3,361,41
arena,odd,3,362,41
arena,odd,3,363,41
arena,odd,3,364,41
arena,odd,3,365,41
arena,odd,3,366,41
arena,odd,3,367,41
arena,odd,3,368,41
arena,odd,3,369,41
arena,odd,3,370,41
arena,odd,3,371,41
arena,odd,3,372,41
arena,odd,3,373,41
arena,odd,3,374,41
arena,odd,3,375,41
arena,odd,3,376,70
arena,odd,3,377,41
arena,odd,3,378,41
arena,odd,3,379,41
arena,odd,3,380,41
arena,odd,3,381,41
arena,odd,3,382,41
arena,odd,3,383,41
arena,odd,3,384,41
arena,odd,3,385,41
arena,odd,3,386,41
arena,odd,3,387,41
arena,odd,3,388,41
arena,odd,3,389,41
arena,odd,3,390,41
arena,odd,3,391,41
arena,odd,3,392,41
arena,odd,3,393,41
arena,odd,3,394,41
arena,odd,3,395,41
arena,odd,3,396,41
arena,odd,3,397,41
arena,odd,3,398,41
arena,odd,3,399,41
clock_write_control,aligned,4,0,41
clock_write_control,aligned,4,1,41
clock_write_control,aligned,4,2,41
clock_write_control,aligned,4,3,41
clock_write_control,aligned,4,4,41
clock_write_control,aligned,4,5,6863
clock_write_control,aligned,4,6,41
clock_write_control,aligned,4,7,41
clock_write_control,aligned,4,8,41
clock_write_control,aligned,4,9,41
clock_write_control,aligned,4,10,41
clock_write_control,aligned,4,11,41
clock_write_control,aligned,4,12,41
clock_write_control,aligned,4,13,41
clock_write_control,aligned,4,14,41
clock_write_control,aligned,4,15,41
clock_write_control,aligned,4,16,41
clock_write_control,aligned,4,17,41
clock_write_control,aligned,4,18,41
clock_write_control,aligned,4,19,41
clock_write_control,aligned,4,20,41
clock_write_control,aligned,4,21,41
clock_write_control,aligned,4,22,41
clock_write_control,aligned,4,23,41
clock_write_control,aligned,4,24,41
clock_write_control,aligned,4,25,41
clock_write_control,aligned,4,26,41
clock_write_control,aligned,4,27,41
clock_write_control,aligned,4,28,41
clock_write_control,aligned,4,29,41
clock_write_control,aligned,4,30,41
clock_write_control,aligned,4,31,41
clock_write_control,aligned,4,32,41
clock_write_control,aligned,4,33,41
clock_write_control,aligned,4,34,41
clock_write_control,aligned,4,35,41
clock_write_control,aligned,4,36,41
clock_write_control,aligned,4,37,41
clock_write_control,aligned,4,38,41
clock_write_control,aligned,4,39,41
clock_write_control,aligned,4,40,41
clock_write_control,aligned,4,41,41
clock_write_control,aligned,4,42,41
clock_write_control,aligned,4,43,41
clock_write_control,aligned,4,44,41
clock_write_control,aligned,4,45,41
clock_write_control,aligned,4,46,41
clock_write_control,aligned,4,47,41
clock_write_control,aligned,4,48,41
clock_write_control,aligned,4,49,41
clock_write_control,aligned,4,50,41
clock_write_control,aligned,4,51,41
clock_write_control,aligned,4,52,41
clock_write_control,aligned,4,53,41
clock_write_control,aligned,4,54,41
clock_write_control,aligned,4,55,41
clock_write_control,aligned,4,56,41
clock_write_control,aligned,4,57,41
clock_write_control,aligned,4,58,41
clock_write_control,aligned,4,59,6291
clock_write_control,aligned,4,60,41
clock_write_control,aligned,4,61,41
clock_write_control,aligned,4,62,41
clock_write_control,aligned,4,63,41
clock_write_control,aligned,4,64,41
clock_write_control,aligned,4,65,41
clock_write_control,aligned,4,66,41
clock_write_control,aligned,4,67,41
clock_write_control,aligned,4,68,41
clock_write_control,aligned,4,69,41
clock_write_control,aligned,4,70,41
clock_write_control,aligned,4,71,41
clock_write_control,aligned,4,72,41
clock_write_control,aligned,4,73,41
clock_write_control,aligned,4,74,41
clock_write_control,aligned,4,75,41
clock_write_control,aligned,4,76,41
clock_write_control,aligned,4,77,41
clock_write_control,aligned,4,78,41
clock_write_control,aligned,4,79,41
clock_write_control,aligned,4,80,41
clock_write_control,aligned,4,81,41
clock_write_control,aligned,4,82,41
clock_write_control,aligned,4,83,41
clock_write_control,aligned,4,84,41
clock_write_control,aligned,4,85,41
clock_write_control,aligned,4,86,41
clock_write_control,aligned,4,87,41
clock_write_control,aligned,4,88,41
clock_write_control,aligned,4,89,41
clock_write_control,aligned,4,90,41
clock_write_control,aligned,4,91,41
clock_write_control,aligned,4,92,41
clock_write_control,aligned,4,93,41
clock_write_control,aligned,4,94,41
clock_write_control,aligned,4,95,41
clock_write_control,aligned,4,96,41
clock_write_control,aligned,4,97,41
clock_write_control,aligned,4,98,41
clock_write_control,aligned,4,99,50
clock_write_control,aligned,4,100,50
clock_write_control,aligned,4,101,41
clock_write_control,aligned,4,102,41
clock_write_control,aligned,4,103,41
clock_write_control,aligned,4,104,41
clock_write_control,aligned,4,105,41
clock_write_control,aligned,4,106,41
clock_write_control,aligned,4,107,41
clock_write_control,aligned,4,108,41
clock_write_control,aligned,4,109,41
clock_write_control,aligned,4,110,41
clock_write_control,aligned,4,111,41
clock_write_control,aligned,4,112,41
clock_write_control,aligned,4,113,5370
clock_write_control,aligned,4,114,41
clock_write_control,aligned,4,115,41
clock_write_control,aligned,4,116,41
clock_write_control,aligned,4,117,41
clock_write_control,aligned,4,118,41
clock_write_control,aligned,4,119,41
clock_write_control,aligned,4,120,41
clock_write_control,aligned,4,121,41
clock_write_control,aligned,4,122,41
clock_write_control,aligned,4,123,41
clock_write_control,aligned,4,124,41
clock_write_control,aligned,4,125,41
clock_write_control,aligned,4,126,41
clock_write_control,aligned,4,127,41
clock_write_control,aligned,4,128,41
clock_write_control,aligned,4,129,41
clock_write_control,aligned,4,130,41
clock_write_control,aligned,4,131,41
clock_write_control,aligned,4,132,41
clock_write_control,aligned,4,133,41
clock_write_control,aligned,4,134,41
clock_write_control,aligned,4,135,41
clock_write_control,aligned,4,136,41
clock_write_control,aligned,4,137,41
clock_write_control,aligned,4,138,41
clock_write_control,aligned,4,139,41
clock_write_control,aligned,4,140,41
clock_write_control,aligned,4,141,41
clock_write_control,aligned,4,142,41
clock_write_control,aligned,4,143,41
clock_write_control,aligned,4,144,41
clock_write_control,aligned,4,145,41
clock_write_control,aligned,4,146,41
clock_write_control,aligned,4,147,41
clock_write_control,aligned,4,148,41
clock_write_control,aligned,4,149,41
clock_write_control,aligned,4,150,41
clock_write_control,aligned,4,151,41
clock_write_control,aligned,4,152,41
clock_write_control,aligned,4,153,41
clock_write_control,aligned,4,154,41
clock_write_control,aligned,4,155,41
clock_write_control,aligned,4,156,41
clock_write_control,aligned,4,157,41
clock_write_control,aligned,4,158,41
clock_write_control,aligned,4,159,41
clock_write_control,aligned,4,160,41
clock_write_control,aligned,4,161,41
clock_write_control,aligned,4,162,41
clock_write_control,aligned,4,163,41
clock_write_control,aligned,4,164,41
clock_write_control,aligned,4,165,41
clock_write_control,aligned,4,166,41
clock_write_control,aligned,4,167,41
clock_write_control,aligned,4,168,41
clock_write_control,aligned,4,169,41
clock_write_control,aligned,4,170,41
clock_write_control,aligned,4,171,41
clock_write_control,aligned,4,172,41
clock_write_control,aligned,4,173,41
clock_write_control,aligned,4,174,41
clock_write_control,aligned,4,175,41
clock_write_control,aligned,4,176,41
clock_write_control,aligned,4,177,41
clock_write_control,aligned,4,178,41
clock_write_control,aligned,4,179,41
clock_write_control,aligned,4,180,41
clock_write_control,aligned,4,181,41
clock_write_control,aligned,4,182,41
clock_write_control,aligned,4,183,41
clock_write_control,aligned,4,184,41
clock_write_control,aligned,4,185,41
clock_write_control,aligned,4,186,41
clock_write_control,aligned,4,187,41
clock_write_control,aligned,4,188,41
clock_write_control,aligned,4,189,41
clock_write_control,aligned,4,190,41
clock_write_control,aligned,4,191,41
clock_write_control,aligned,4,192,41
clock_write_control,aligned,4,193,41
clock_write_control,aligned,4,194,41
clock_write_control,aligned,4,195,41
clock_write_control,aligned,4,196,41
clock_write_control,aligned,4,197,41
clock_write_control,aligned,4,198,41
clock_write_control,aligned,4,199,41
clock_write_control,aligned,4,200,41
clock_write_control,aligned,4,201,41
clock_write_control,aligned,4,202,41
clock_write_control,aligned,4,203,41
clock_write_control,aligned,4,204,41
clock_write_control,aligned,4,205,41
clock_write_control,aligned,4,206,41
clock_write_control,aligned,4,207,41
clock_write_control,aligned,4,208,41
clock_write_control,aligned,4,209,41
clock_write_control,aligned,4,210,41
clock_write_control,aligned,4,211,41
clock_write_control,aligned,4,212,50
clock_write_control,aligned,4,213,51
clock_write_control,aligned,4,214,51
clock_write_control,aligned,4,215,51
clock_write_control,aligned,4,216,41
clock_write_control,aligned,4,217,41
clock_write_control,aligned,4,218,41
clock_write_control,aligned,4,219,41
clock_write_control,aligned,4,220,41
clock_write_control,aligned,4,221,70
clock_write_control,aligned,4,222,41
clock_write_control,aligned,4,223,41
clock_write_control,aligned,4,224,41
clock_write_control,aligned,4,225,41
clock_write_control,aligned,4,226,41
clock_write_control,aligned,4,227,41
clock_write_control,aligned,4,228,41
clock_write_control,aligned,4,229,41
clock_write_control,aligned,4,230,41
clock_write_control,aligned,4,231,41
clock_write_control,aligned,4,232,41
clock_write_control,aligned,4,233,41
clock_write_control,aligned,4,234,41
clock_write_control,aligned,4,235,41
clock_write_control,aligned,4,236,41
clock_write_control,aligned,4,237,41
clock_write_control,aligned,4,238,41
clock_write_control,aligned,4,239,41
clock_write_control,aligned,4,240,41
clock_write_control,aligned,4,241,41
clock_write_control,aligned,4,242,41
clock_write_control,aligned,4,243,41
clock_write_control,aligned,4,244,41
clock_write_control,aligned,4,245,41
clock_write_control,aligned,4,246,41
clock_write_control,aligned,4,247,41
clock_write_control,aligned,4,248,41
clock_write_control,aligned,4,249,41
clock_write_control,aligned,4,250,41
clock_write_control,aligned,4,251,41
clock_write_control,aligned,4,252,41
clock_write_control,aligned,4,253,41
clock_write_control,aligned,4,254,41
clock_write_control,aligned,4,255,41
clock_write_control,aligned,4,256,41
clock_write_control,aligned,4,257,41
clock_write_control,aligned,4,258,41
clock_write_control,aligned,4,259,41
clock_write_control,aligned,4,260,41
clock_write_control,aligned,4,261,50
clock_write_control,aligned,4,262,50
clock_write_control,aligned,4,263,50
clock_write_control,aligned,4,264,41
clock_write_control,aligned,4,265,41
clock_write_control,aligned,4,266,41
clock_write_control,aligned,4,267,41
clock_write_control,aligned,4,268,41
clock_write_control,aligned,4,269,41
clock_write_control,aligned,4,270,41
clock_write_control,aligned,4,271,41
clock_write_control,aligned,4,272,41
clock_write_control,aligned,4,273,41
clock_write_control,aligned,4,274,41
clock_write_control,aligned,4,275,41
clock_write_control,aligned,4,276,80
clock_write_control,aligned,4,277,41
clock_write_control,aligned,4,278,41
clock_write_control,aligned,4,279,41
clock_write_control,aligned,4,280,41
clock_write_control,aligned,4,281,41
clock_write_control,aligned,4,282,41
clock_write_control,aligned,4,283,41
clock_write_control,aligned,4,284,41
clock_write_control,aligned,4,285,41
clock_write_control,aligned,4,286,41
clock_write_control,aligned,4,287,41
clock_write_control,aligned,4,288,41
clock_write_control,aligned,4,289,41
clock_write_control,aligned,4,290,41
clock_write_control,aligned,4,291,41
clock_write_control,aligned,4,292,41
clock_write_control,aligned,4,293,41
clock_write_control,aligned,4,294,41
clock_write_control,aligned,4,295,41
clock_write_control,aligned,4,296,41
clock_write_control,aligned,4,297,41
clock_write_control,aligned,4,298,41
clock_write_control,aligned,4,299,41
clock_write_control,aligned,4,300,41
clock_write_control,aligned,4,301,41
clock_write_control,aligned,4,302,41
clock_write_control,aligned,4,303,41
clock_write_control,aligned,4,304,41
clock_write_control,aligned,4,305,41
clock_write_control,aligned,4,306,41
clock_write_control,aligned,4,307,41
clock_write_control,aligned,4,308,41
clock_write_control,aligned,4,309,41
clock_write_control,aligned,4,310,41
clock_write_control,aligned,4,311,41
clock_write_control,aligned,4,312,41
clock_write_control,aligned,4,313,41
clock_write_control,aligned,4,314,41
clock_write_control,aligned,4,315,41
clock_write_control,aligned,4,316,41
clock_write_control,aligned,4,317,41
clock_write_control,aligned,4,318,41
clock_write_control,aligned,4,319,41
clock_write_control,aligned,4,320,42
clock_write_control,aligned,4,321,51
clock_write_control,aligned,4,322,51
clock_write_control,aligned,4,323,50
clock_write_control,aligned,4,324,51
clock_write_control,aligned,4,325,41
clock_write_control,aligned,4,326,41
clock_write_control,aligned,4,327,41
clock_write_control,aligned,4,328,41
clock_write_control,aligned,4,329,41
clock_write_control,aligned,4,330,60
clock_write_control,aligned,4,331,41
clock_write_control,aligned,4,332,41
clock_write_control,aligned,4,333,41
clock_write_control,aligned,4,334,41
clock_write_control,aligned,4,335,41
clock_write_control,aligned,4,336,41
clock_write_control,aligned,4,337,41
clock_write_control,aligned,4,338,41
clock_write_control,aligned,4,339,41
clock_write_control,aligned,4,340,41
clock_write_control,aligned,4,341,41
clock_write_control,aligned,4,342,41
clock_write_control,aligned,4,343,41
clock_write_control,aligned,4,344,41
clock_write_control,aligned,4,345,41
clock_write_control,aligned,4,346,41
clock_write_control,aligned,4,347,41
clock_write_control,aligned,4,348,41
clock_write_control,aligned,4,349,41
clock_write_control,aligned,4,350,41
clock_write_control,aligned,4,351,41
clock_write_control,aligned,4,352,41
clock_write_control,aligned,4,353,41
clock_write_control,aligned,4,354,41
clock_write_control,aligned,4,355,41
clock_write_control,aligned,4,356,41
clock_write_control,aligned,4,357,41
clock_write_control,aligned,4,358,41
clock_write_control,aligned,4,359,41
clock_write_control,aligned,4,360,41
clock_write_control,aligned,4,361,41
clock_write_control,aligned,4,362,41
clock_write_control,aligned,4,363,41
clock_write_control,aligned,4,364,41
clock_write_control,aligned,4,365,41
clock_write_control,aligned,4,366,41
clock_write_control,aligned,4,367,41
clock_write_control,aligned,4,368,41
clock_write_control,aligned,4,369,41
clock_write_control,aligned,4,370,41
clock_write_control,aligned,4,371,41
clock_write_control,aligned,4,372,41
clock_write_control,aligned,4,373,41
clock_write_control,aligned,4,374,41
clock_write_control,aligned,4,375,41
clock_write_control,aligned,4,376,41
clock_write_control,aligned,4,377,41
clock_write_control,aligned,4,378,41
clock_write_control,aligned,4,379,41
clock_write_control,aligned,4,380,41
clock_write_control,aligned,4,381,41
clock_write_control,aligned,4,382,41
clock_write_control,aligned,4,383,41
clock_write_control,aligned,4,384,41
clock_write_control,aligned,4,385,5390
clock_write_control,aligned,4,386,41
clock_write_control,aligned,4,387,41
clock_write_control,aligned,4,388,41
clock_write_control,aligned,4,389,41
clock_write_control,aligned,4,390,41
clock_write_control,aligned,4,391,41
clock_write_control,aligned,4,392,41
clock_write_control,aligned,4,393,41
clock_write_control,aligned,4,394,41
clock_write_control,aligned,4,395,41
clock_write_control,aligned,4,396,41
clock_write_control,aligned,4,397,41
clock_write_control,aligned,4,398,41
clock_write_control,aligned,4,399,41
pool,aligned,4,0,41
pool,aligned,4,1,41
pool,aligned,4,2,41
pool,aligned,4,3,41
pool,aligned,4,4,41
pool,aligned,4,5,41
pool,aligned,4,6,70
pool,aligned,4,7,41
pool,aligned,4,8,41
pool,aligned,4,9,41
pool,aligned,4,10,41
pool,aligned,4,11,41
pool,aligned,4,12,41
pool,aligned,4,13,41
pool,aligned,4,14,41
pool,aligned,4,15,41
pool,aligned,4,16,41
pool,aligned,4,17,41
pool,aligned,4,18,41
pool,aligned,4,19,41
pool,aligned,4,20,41
pool,aligned,4,21,41
pool,aligned,4,22,41
pool,aligned,4,23,41
pool,aligned,4,24,41
pool,aligned,4,25,41
pool,aligned,4,26,41
pool,aligned,4,27,41
pool,aligned,4,28,41
pool,aligned,4,29,41
pool,aligned,4,30,41
pool,aligned,4,31,41
pool,aligned,4,32,41
pool,aligned,4,33,41
pool,aligned,4,34,41
pool,aligned,4,35,41
pool,aligned,4,36,41
pool,aligned,4,37,41
pool,aligned,4,38,41
pool,aligned,4,39,41
pool,aligned,4,40,41
pool,aligned,4,41,41
pool,aligned,4,42,41
pool,aligned,4,43,41
pool,aligned,4,44,41
pool,aligned,4,45,41
pool,aligned,4,46,41
pool,aligned,4,47,41
pool,aligned,4,48,41
pool,aligned,4,49,41
pool,aligned,4,50,51
pool,aligned,4,51,51
pool,aligned,4,52,51
pool,aligned,4,53,41
pool,aligned,4,54,41
pool,aligned,4,55,41
pool,aligned,4,56,41
pool,aligned,4,57,41
pool,aligned,4,58,70
pool,aligned,4,59,41
pool,aligned,4,60,41
pool,aligned,4,61,41
pool,aligned,4,62,41
pool,aligned,4,63,41
pool,aligned,4,64,41
pool,aligned,4,65,41
pool,aligned,4,66,41
pool,aligned,4,67,41
pool,aligned,4,68,41
pool,aligned,4,69,41
pool,aligned,4,70,41
pool,aligned,4,71,41
pool,aligned,4,72,41
pool,aligned,4,73,41
pool,aligned,4,74,41
pool,aligned,4,75,41
pool,aligned,4,76,41
pool,aligned,4,77,41
pool,aligned,4,78,41
pool,aligned,4,79,41
pool,aligned,4,80,41
pool,aligned,4,81,41
pool,aligned,4,82,41
pool,aligned,4,83,41
pool,aligned,4,84,41
pool,aligned,4,85,41
pool,aligned,4,86,41
pool,aligned,4,87,41
pool,aligned,4,88,41
pool,aligned,4,89,41
pool,aligned,4,90,41
pool,aligned,4,91,41
pool,aligned,4,92,41
pool,aligned,4,93,41
pool,aligned,4,94,41
pool,aligned,4,95,41
pool,aligned,4,96,41
pool,aligned,4,97,41
pool,aligned,4,98,41
pool,aligned,4,99,41
pool,aligned,4,100,41
pool,aligned,4,101,41
pool,aligned,4,102,41
pool,aligned,4,103,41
pool,aligned,4,104,41
pool,aligned,4,105,41
pool,aligned,4,106,41
pool,aligned,4,107,41
pool,aligned,4,108,41
pool,aligned,4,109,41
pool,aligned,4,110,41
pool,aligned,4,111,70
pool,aligned,4,112,41
pool,aligned,4,113,41
pool,aligned,4,114,41
pool,aligned,4,115,41
pool,aligned,4,116,41
pool,aligned,4,117,41
pool,aligned,4,118,41
pool,aligned,4,119,41
pool,aligned,4,120,41
pool,aligned,4,121,41
pool,aligned,4,122,41
pool,aligned,4,123,41
pool,aligned,4,124,41
pool,aligned,4,125,41
pool,aligned,4,126,41
pool,aligned,4,127,41
pool,aligned,4,128,41
pool,aligned,4,129,41
pool,aligned,4,130,41
pool,aligned,4,131,41
pool,aligned,4,132,41
pool,aligned,4,133,41
pool,aligned,4,134,41
pool,aligned,4,135,41
pool,aligned,4,136,41
pool,aligned,4,137,41
pool,aligned,4,138,41
pool,aligned,4,139,41
pool,aligned,4,140,41
pool,aligned,4,141,41
pool,aligned,4,142,41
pool,aligned,4,143,41
pool,aligned,4,144,41
pool,aligned,4,145,41
pool,aligned,4,146,41
pool,aligned,4,147,41
pool,aligned,4,148,41
pool,aligned,4,149,41
pool,aligned,4,150,50
pool,aligned,4,151,50
pool,aligned,4,152,50
pool,aligned,4,153,41
pool,aligned,4,154,41
pool,aligned,4,155,41
pool,aligned,4,156,41
pool,aligned,4,157,41
pool,aligned,4,158,41
pool,aligned,4,159,41
pool,aligned,4,160,41
pool,aligned,4,161,41
pool,aligned,4,162,41
pool,aligned,4,163,80
pool,aligned,4,164,41
pool,aligned,4,165,41
pool,aligned,4,166,41
pool,aligned,4,167,41
pool,aligned,4,168,41
pool,aligned,4,169,41
pool,aligned,4,170,41
pool,aligned,4,171,41
pool,aligned,4,172,41
pool,aligned,4,173,41
pool,aligned,4,174,41
pool,aligned,4,175,41
pool,aligned,4,176,41
pool,aligned,4,177,41
pool,aligned,4,178,41
pool,aligned,4,179,41
pool,aligned,4,180,41
pool,aligned,4,181,41
pool,aligned,4,182,41
pool,aligned,4,183,41
pool,aligned,4,184,41
pool,aligned,4,185,41
pool,aligned,4,186,41
pool,aligned,4,187,41
pool,aligned,4,188,41
pool,aligned,4,189,41
pool,aligned,4,190,41
pool,aligned,4,191,41
pool,aligned,4,192,41
pool,aligned,4,193,41
pool,aligned,4,194,41
pool,aligned,4,195,41
pool,aligned,4,196,41
pool,aligned,4,197,41
pool,aligned,4,198,41
pool,aligned,4,199,41
pool,aligned,4,200,41
pool,aligned,4,201,41
pool,aligned,4,202,41
pool,aligned,4,203,41
pool,aligned,4,204,41
pool,aligned,4,205,41
pool,aligned,4,206,41
pool,aligned,4,207,41
pool,aligned,4,208,41
pool,aligned,4,209,41
pool,aligned,4,210,41
pool,aligned,4,211,41
pool,aligned,4,212,41
pool,aligned,4,213,41
pool,aligned,4,214,41
pool,aligned,4,215,41
pool,aligned,4,216,41
pool,aligned,4,217,81
pool,aligned,4,218,41
pool,aligned,4,219,41
pool,aligned,4,220,41
pool,aligned,4,221,41
pool,aligned,4,222,41
pool,aligned,4,223,41
pool,aligned,4,224,41
pool,aligned,4,225,41
pool,aligned,4,226,41
pool,aligned,4,227,41
pool,aligned,4,228,41
pool,aligned,4,229,41
pool,aligned,4,230,41
pool,aligned,4,231,41
pool,aligned,4,232,41
pool,aligned,4,233,41
pool,aligned,4,234,41
pool,aligned,4,235,41
pool,aligned,4,236,41
pool,aligned,4,237,41
pool,aligned,4,238,41
pool,aligned,4,239,41
pool,aligned,4,240,41
pool,aligned,4,241,41
pool,aligned,4,242,41
pool,aligned,4,243,41
pool,aligned,4,244,41
pool,aligned,4,245,41
pool,aligned,4,246,41
pool,aligned,4,247,41
pool,aligned,4,248,41
pool,aligned,4,249,41
pool,aligned,4,250,41
pool,aligned,4,251,41
pool,aligned,4,252,41
pool,aligned,4,253,41
pool,aligned,4,254,41
pool,aligned,4,255,41
pool,aligned,4,256,41
pool,aligned,4,257,41
pool,aligned,4,258,41
pool,aligned,4,259,41
pool,aligned,4,260,41
pool,aligned,4,261,50
pool,aligned,4,262,50
pool,aligned,4,263,51
pool,aligned,4,264,51
pool,aligned,4,265,41
pool,aligned,4,266,41
pool,aligned,4,267,41
pool,aligned,4,268,41
pool,aligned,4,269,60
pool,aligned,4,270,41
pool,aligned,4,271,41
pool,aligned,4,272,41
pool,aligned,4,273,41
pool,aligned,4,274,41
pool,aligned,4,275,41
pool,aligned,4,276,41
pool,aligned,4,277,41
pool,aligned,4,278,41
pool,aligned,4,279,41
pool,aligned,4,280,41
pool,aligned,4,281,41
pool,aligned,4,282,41
pool,aligned,4,283,41
pool,aligned,4,284,41
pool,aligned,4,285,41
pool,aligned,4,286,41
pool,aligned,4,287,41
pool,aligned,4,288,41
pool,aligned,4,289,41
pool,aligned,4,290,41
pool,aligned,4,291,41
pool,aligned,4,292,41
pool,aligned,4,293,41
pool,aligned,4,294,41
pool,aligned,4,295,41
pool,aligned,4,296,41
pool,aligned,4,297,41
pool,aligned,4,298,41
pool,aligned,4,299,41
pool,aligned,4,300,41
pool,aligned,4,301,41
pool,aligned,4,302,41
pool,aligned,4,303,41
pool,aligned,4,304,41
pool,aligned,4,305,41
pool,aligned,4,306,41
pool,aligned,4,307,41
pool,aligned,4,308,41
pool,aligned,4,309,50
pool,aligned,4,310,51
pool,aligned,4,311,50
pool,aligned,4,312,41
pool,aligned,4,313,41
pool,aligned,4,314,41
pool,aligned,4,315,41
pool,aligned,4,316,41
pool,aligned,4,317,41
pool,aligned,4,318,41
pool,aligned,4,319,41
pool,aligned,4,320,41
pool,aligned,4,321,41
pool,aligned,4,322,5301
pool,aligned,4,323,41
pool,aligned,4,324,41
pool,aligned,4,325,41
pool,aligned,4,326,41
pool,aligned,4,327,41
pool,aligned,4,328,41
pool,aligned,4,329,41
pool,aligned,4,330,41
pool,aligned,4,331,41
pool,aligned,4,332,41
pool,aligned,4,333,41
pool,aligned,4,334,41
pool,aligned,4,335,41
pool,aligned,4,336,41
pool,aligned,4,337,41
pool,aligned,4,338,41
pool,aligned,4,339,41
pool,aligned,4,340,41
pool,aligned,4,341,41
pool,aligned,4,342,41
pool,aligned,4,343,41
pool,aligned,4,344,41
pool,aligned,4,345,41
pool,aligned,4,346,41
pool,aligned,4,347,41
pool,aligned,4,348,41
pool,aligned,4,349,41
pool,aligned,4,350,41
pool,aligned,4,351,41
pool,aligned,4,352,41
pool,aligned,4,353,41
pool,aligned,4,354,41
pool,aligned,4,355,41
pool,aligned,4,356,41
pool,aligned,4,357,41
pool,aligned,4,358,41
pool,aligned,4,359,41
pool,aligned,4,360,41
pool,aligned,4,361,41
pool,aligned,4,362,41
pool,aligned,4,363,41
pool,aligned,4,364,41
pool,aligned,4,365,41
pool,aligned,4,366,41
pool,aligned,4,367,51
pool,aligned,4,368,41
pool,aligned,4,369,50
pool,aligned,4,370,51
pool,aligned,4,371,41
pool,aligned,4,372,41
pool,aligned,4,373,41
pool,aligned,4,374,41
pool,aligned,4,375,41
pool,aligned,4,376,41
pool,aligned,4,377,41
pool,aligned,4,378,41
pool,aligned,4,379,41
pool,aligned,4,380,41
pool,aligned,4,381,41
pool,aligned,4,382,41
pool,aligned,4,383,41
pool,aligned,4,384,41
pool,aligned,4,385,41
pool,aligned,4,386,41
pool,aligned,4,387,41
pool,aligned,4,388,41
pool,aligned,4,389,41
pool,aligned,4,390,41
pool,aligned,4,391,41
pool,aligned,4,392,41
pool,aligned,4,393,41
pool,aligned,4,394,41
pool,aligned,4,395,41
pool,aligned,4,396,41
pool,aligned,4,397,41
pool,aligned,4,398,41
pool,aligned,4,399,41
stack,aligned,4,0,8025
stack,aligned,4,1,41
stack,aligned,4,2,41
stack,aligned,4,3,41
stack,aligned,4,4,41
stack,aligned,4,5,41
stack,aligned,4,6,41
stack,aligned,4,7,41
stack,aligned,4,8,41
stack,aligned,4,9,41
stack,aligned,4,10,41
stack,aligned,4,11,41
stack,aligned,4,12,41
stack,aligned,4,13,41
stack,aligned,4,14,41
stack,aligned,4,15,41
stack,aligned,4,16,41
stack,aligned,4,17,41
stack,aligned,4,18,41
stack,aligned,4,19,41
stack,aligned,4,20,41
stack,aligned,4,21,41
stack,aligned,4,22,41
stack,aligned,4,23,41
stack,aligned,4,24,41
stack,aligned,4,25,41
stack,aligned,4,26,41
stack,aligned,4,27,41
stack,aligned,4,28,41
stack,aligned,4,29,41
stack,aligned,4,30,41
stack,aligned,4,31,41
stack,aligned,4,32,41
stack,aligned,4,33,41
stack,aligned,4,34,41
stack,aligned,4,35,41
stack,aligned,4,36,41
stack,aligned,4,37,41
stack,aligned,4,38,50
stack,aligned,4,39,41
stack,aligned,4,40,41
stack,aligned,4,41,41
stack,aligned,4,42,41
stack,aligned,4,43,41
stack,aligned,4,44,41
stack,aligned,4,45,41
stack,aligned,4,46,41
stack,aligned,4,47,41
stack,aligned,4,48,41
stack,aligned,4,49,41
stack,aligned,4,50,41
stack,aligned,4,51,7133
stack,aligned,4,52,41
stack,aligned,4,53,41
stack,aligned,4,54,41
stack,aligned,4,55,41
stack,aligned,4,56,41
stack,aligned,4,57,41
stack,aligned,4,58,41
stack,aligned,4,59,41
stack,aligned,4,60,41
stack,aligned,4,61,41
stack,aligned,4,62,41
stack,aligned,4,63,41
stack,aligned,4,64,41
stack,aligned,4,65,41
stack,aligned,4,66,41
stack,aligned,4,67,41
stack,aligned,4,68,41
stack,aligned,4,69,41
stack,aligned,4,70,41
stack,aligned,4,71,41
stack,aligned,4,72,41
stack,aligned,4,73,41
stack,aligned,4,74,41
stack,aligned,4,75,41
stack,aligned,4,76,41
stack,aligned,4,77,41
stack,aligned,4,78,41
stack,aligned,4,79,41
stack,aligned,4,80,41
stack,aligned,4,81,41
stack,aligned,4,82,41
stack,aligned,4,83,41
stack,aligned,4,84,41
stack,aligned,4,85,41
stack,aligned,4,86,41
stack,aligned,4,87,41
stack,aligned,4,88,41
stack,aligned,4,89,41
stack,aligned,4,90,41
stack,aligned,4,91,41
stack,aligned,4,92,41
stack,aligned,4,93,41
stack,aligned,4,94,41
stack,aligned,4,95,41
stack,aligned,4,96,51
stack,aligned,4,97,50
stack,aligned,4,98,51
stack,aligned,4,99,51
stack,aligned,4,100,41
stack,aligned,4,101,41
stack,aligned,4,102,41
stack,aligned,4,103,41
stack,aligned,4,104,91
stack,aligned,4,105,41
stack,aligned,4,106,41
stack,aligned,4,107,41
stack,aligned,4,108,41
stack,aligned,4,109,41
stack,aligned,4,110,41
stack,aligned,4,111,41
stack,aligned,4,112,41
stack,aligned,4,113,41
stack,aligned,4,114,41
stack,aligned,4,115,41
stack,aligned,4,116,41
stack,aligned,4,117,41
stack,aligned,4,118,41
stack,aligned,4,119,41
stack,aligned,4,120,41
stack,aligned,4,121,41
stack,aligned,4,122,41
stack,aligned,4,123,41
stack,aligned,4,124,41
stack,aligned,4,125,41
stack,aligned,4,126,41
stack,aligned,4,127,41
stack,aligned,4,128,41
stack,aligned,4,129,41
stack,aligned,4,130,41
stack,aligned,4,131,41
stack,aligned,4,132,41
stack,aligned,4,133,41
stack,aligned,4,134,41
stack,aligned,4,135,41
stack,aligned,4,136,41
stack,aligned,4,137,41
stack,aligned,4,138,41
stack,aligned,4,139,41
stack,aligned,4,140,41
stack,aligned,4,141,41
stack,aligned,4,142,41
stack,aligned,4,143,41
stack,aligned,4,144,41
stack,aligned,4,145,41
stack,aligned,4,146,41
stack,aligned,4,147,41
stack,aligned,4,148,50
stack,aligned,4,149,41
stack,aligned,4,150,41
stack,aligned,4,151,41
stack,aligned,4,152,41
stack,aligned,4,153,41
stack,aligned,4,154,41
stack,aligned,4,155,41
stack,aligned,4,156,70
stack,aligned,4,157,41
stack,aligned,4,158,41
stack,aligned,4,159,41
stack,aligned,4,160,41
stack,aligned,4,161,41
stack,aligned,4,162,41
stack,aligned,4,163,41
stack,aligned,4,164,41
stack,aligned,4,165,41
stack,aligned,4,166,41
stack,aligned,4,167,41
stack,aligned,4,168,41
stack,aligned,4,169,41
stack,aligned,4,170,41
stack,aligned,4,171,41
stack,aligned,4,172,41
stack,aligned,4,173,41
stack,aligned,4,174,41
stack,aligned,4,175,41
stack,aligned,4,176,41
stack,aligned,4,177,41
stack,aligned,4,178,41
stack,aligned,4,179,41
stack,aligned,4,180,41
stack,aligned,4,181,41
stack,aligned,4,182,41
stack,aligned,4,183,41
stack,aligned,4,184,41
stack,aligned,4,185,41
stack,aligned,4,186,41
stack,aligned,4,187,41
stack,aligned,4,188,41
stack,aligned,4,189,41
stack,aligned,4,190,41
stack,aligned,4,191,41
stack,aligned,4,192,41
stack,aligned,4,193,41
stack,aligned,4,194,41
stack,aligned,4,195,41
stack,aligned,4,196,41
stack,aligned,4,197,51
stack,aligned,4,198,51
stack,aligned,4,199,41
stack,aligned,4,200,41
stack,aligned,4,201,41
stack,aligned,4,202,41
stack,aligned,4,203,41
stack,aligned,4,204,41
stack,aligned,4,205,41
stack,aligned,4,206,41
stack,aligned,4,207,41
stack,aligned,4,208,41
stack,aligned,4,209,41
stack,aligned,4,210,41
stack,aligned,4,211,41
stack,aligned,4,212,41
stack,aligned,4,213,41
stack,aligned,4,214,41
stack,aligned,4,215,41
stack,aligned,4,216,41
stack,aligned,4,217,41
stack,aligned,4,218,41
stack,aligned,4,219,41
stack,aligned,4,220,41
stack,aligned,4,221,41
stack,aligned,4,222,41
stack,aligned,4,223,41
stack,aligned,4,224,41
stack,aligned,4,225,41
stack,aligned,4,226,41
stack,aligned,4,227,41
stack,aligned,4,228,41
stack,aligned,4,229,41
stack,aligned,4,230,41
stack,aligned,4,231,41
stack,aligned,4,232,41
stack,aligned,4,233,41
stack,aligned,4,234,41
stack,aligned,4,235,41
stack,aligned,4,236,41
stack,aligned,4,237,41
stack,aligned,4,238,41
stack,aligned,4,239,41
stack,aligned,4,240,41
stack,aligned,4,241,41
stack,aligned,4,242,41
stack,aligned,4,243,41
stack,aligned,4,244,41
stack,aligned,4,245,41
stack,aligned,4,246,41
stack,aligned,4,247,41
stack,aligned,4,248,41
stack,aligned,4,249,41
stack,aligned,4,250,41
stack,aligned,4,251,41
stack,aligned,4,252,41
stack,aligned,4,253,41
stack,aligned,4,254,41
stack,aligned,4,255,41
stack,aligned,4,256,41
stack,aligned,4,257,41
stack,aligned,4,258,41
stack,aligned,4,259,41
stack,aligned,4,260,41
stack,aligned,4,261,41
stack,aligned,4,262,41
stack,aligned,4,263,41
stack,aligned,4,264,41
stack,aligned,4,265,41
stack,aligned,4,266,41
stack,aligned,4,267,41
stack,aligned,4,268,41
stack,aligned,4,269,41
stack,aligned,4,270,41
stack,aligned,4,271,41
stack,aligned,4,272,41
stack,aligned,4,273,41
stack,aligned,4,274,41
stack,aligned,4,275,41
stack,aligned,4,276,41
stack,aligned,4,277,41
stack,aligned,4,278,41
stack,aligned,4,279,41
stack,aligned,4,280,41
stack,aligned,4,281,41
stack,aligned,4,282,41
stack,aligned,4,283,41
stack,aligned,4,284,41
stack,aligned,4,285,41
stack,aligned,4,286,41
stack,aligned,4,287,41
stack,aligned,4,288,41
stack,aligned,4,289,41
stack,aligned,4,290,41
stack,aligned,4,291,41
stack,aligned,4,292,41
stack,aligned,4,293,41
stack,aligned,4,294,41
stack,aligned,4,295,41
stack,aligned,4,296,41
stack,aligned,4,297,41
stack,aligned,4,298,41
stack,aligned,4,299,41
stack,aligned,4,300,41
stack,aligned,4,301,41
stack,aligned,4,302,41
stack,aligned,4,303,41
stack,aligned,4,304,41
stack,aligned,4,305,41
stack,aligned,4,306,41
stack,aligned,4,307,51
stack,aligned,4,308,50
stack,aligned,4,309,51
stack,aligned,4,310,51
stack,aligned,4,311,41
stack,aligned,4,312,41
stack,aligned,4,313,41
stack,aligned,4,314,6362
stack,aligned,4,315,41
stack,aligned,4,316,41
stack,aligned,4,317,41
stack,aligned,4,318,41
stack,aligned,4,319,41
stack,aligned,4,320,41
stack,aligned,4,321,41
stack,aligned,4,322,41
stack,aligned,4,323,41
stack,aligned,4,324,41
stack,aligned,4,325,41
stack,aligned,4,326,41
stack,aligned,4,327,41
stack,aligned,4,328,41
stack,aligned,4,329,41
stack,aligned,4,330,41
stack,aligned,4,331,41
stack,aligned,4,332,41
stack,aligned,4,333,50
stack,aligned,4,334,120
stack,aligned,4,335,41
stack,aligned,4,336,41
stack,aligned,4,337,41
stack,aligned,4,338,41
stack,aligned,4,339,41
stack,aligned,4,340,41
stack,aligned,4,341,41
stack,aligned,4,342,41
stack,aligned,4,343,41
stack,aligned,4,344,41
stack,aligned,4,345,41
stack,aligned,4,346,41
stack,aligned,4,347,41
stack,aligned,4,348,41
stack,aligned,4,349,41
stack,aligned,4,350,41
stack,aligned,4,351,41
stack,aligned,4,352,41
stack,aligned,4,353,41
stack,aligned,4,354,41
stack,aligned,4,355,50
stack,aligned,4,356,51
stack,aligned,4,357,41
stack,aligned,4,358,41
stack,aligned,4,359,41
stack,aligned,4,360,41
stack,aligned,4,361,41
stack,aligned,4,362,41
stack,aligned,4,363,41
stack,aligned,4,364,41
stack,aligned,4,365,41
stack,aligned,4,366,5751
stack,aligned,4,367,41
stack,aligned,4,368,41
stack,aligned,4,369,41
stack,aligned,4,370,41
stack,aligned,4,371,41
stack,aligned,4,372,41
stack,aligned,4,373,41
stack,aligned,4,374,41
stack,aligned,4,375,41
stack,aligned,4,376,41
stack,aligned,4,377,41
stack,aligned,4,378,41
stack,aligned,4,379,41
stack,aligned,4,380,41
stack,aligned,4,381,41
stack,aligned,4,382,41
stack,aligned,4,383,41
stack,aligned,4,384,41
stack,aligned,4,385,41
stack,aligned,4,386,41
stack,aligned,4,387,41
stack,aligned,4,388,41
stack,aligned,4,389,41
stack,aligned,4,390,41
stack,aligned,4,391,41
stack,aligned,4,392,41
stack,aligned,4,393,41
stack,aligned,4,394,41
stack,aligned,4,395,41
stack,aligned,4,396,41
stack,aligned,4,397,41
stack,aligned,4,398,41
stack,aligned,4,399,41
arena,aligned,4,0,110
arena,aligned,4,1,41
arena,aligned,4,2,41
arena,aligned,4,3,41
arena,aligned,4,4,41
arena,aligned,4,5,41
arena,aligned,4,6,41
arena,aligned,4,7,41
arena,aligned,4,8,41
arena,aligned,4,9,41
arena,aligned,4,10,41
arena,aligned,4,11,41
arena,aligned,4,12,41
arena,aligned,4,13,41
arena,aligned,4,14,41
arena,aligned,4,15,41
arena,aligned,4,16,41
arena,aligned,4,17,41
arena,aligned,4,18,41
arena,aligned,4,19,41
arena,aligned,4,20,41
arena,aligned,4,21,41
arena,aligned,4,22,41
arena,aligned,4,23,41
arena,aligned,4,24,41
arena,aligned,4,25,41
arena,aligned,4,26,41
arena,aligned,4,27,41
arena,aligned,4,28,41
arena,aligned,4,29,41
arena,aligned,4,30,41
arena,aligned,4,31,41
arena,aligned,4,32,41
arena,aligned,4,33,41
arena,aligned,4,34,41
arena,aligned,4,35,41
arena,aligned,4,36,50
arena,aligned,4,37,51
arena,aligned,4,38,41
arena,aligned,4,39,41
arena,aligned,4,40,41
arena,aligned,4,41,41
arena,aligned,4,42,41
arena,aligned,4,43,41
arena,aligned,4,44,41
arena,aligned,4,45,41
arena,aligned,4,46,41
arena,aligned,4,47,41
arena,aligned,4,48,6622
arena,aligned,4,49,41
arena,aligned,4,50,41
arena,aligned,4,51,41
arena,aligned,4,52,41
arena,aligned,4,53,41
arena,aligned,4,54,41
arena,aligned,4,55,41
arena,aligned,4,56,41
arena,aligned,4,57,41
arena,aligned,4,58,41
arena,aligned,4,59,41
arena,aligned,4,60,41
arena,aligned,4,61,41
arena,aligned,4,62,41
arena,aligned,4,63,41
arena,aligned,4,64,41
arena,aligned,4,65,41
arena,aligned,4,66,41
arena,aligned,4,67,41
arena,aligned,4,68,41
arena,aligned,4,69,41
arena,aligned,4,70,41
arena,aligned,4,71,41
arena,aligned,4,72,41
arena,aligned,4,73,41
arena,aligned,4,74,41
arena,aligned,4,75,41
arena,aligned,4,76,41
arena,aligned,4,77,41
arena,aligned,4,78,41
arena,aligned,4,79,41
arena,aligned,4,80,41
arena,aligned,4,81,41
arena,aligned,4,82,41
arena,aligned,4,83,41
arena,aligned,4,84,41
arena,aligned,4,85,41
arena,aligned,4,86,41
arena,aligned,4,87,41
arena,aligned,4,88,41
arena,aligned,4,89,41
arena,aligned,4,90,41
arena,aligned,4,91,41
arena,aligned,4,92,41
arena,aligned,4,93,41
arena,aligned,4,94,41
arena,aligned,4,95,41
arena,aligned,4,96,41
arena,aligned,4,97,41
arena,aligned,4,98,41
arena,aligned,4,99,41
arena,aligned,4,100,41
arena,aligned,4,101,41
arena,aligned,4,102,41
arena,aligned,4,103,41
arena,aligned,4,104,41
arena,aligned,4,105,41
arena,aligned,4,106,41
arena,aligned,4,107,41
arena,aligned,4,108,41
arena,aligned,4,109,41
arena,aligned,4,110,41
arena,aligned,4,111,41
arena,aligned,4,112,41
arena,aligned,4,113,41
arena,aligned,4,114,41
arena,aligned,4,115,41
arena,aligned,4,116,41
arena,aligned,4,117,41
arena,aligned,4,118,41
arena,aligned,4,119,41
arena,aligned,4,120,41
arena,aligned,4,121,41
arena,aligned,4,122,41
arena,aligned,4,123,41
arena,aligned,4,124,41
arena,aligned,4,125,41
arena,aligned,4,126,41
arena,aligned,4,127,41
arena,aligned,4,128,41
arena,aligned,4,129,41
arena,aligned,4,130,41
arena,aligned,4,131,41
arena,aligned,4,132,41
arena,aligned,4,133,41
arena,aligned,4,134,41
arena,aligned,4,135,41
arena,aligned,4,136,41
arena,aligned,4,137,41
arena,aligned,4,138,41
arena,aligned,4,139,41
arena,aligned,4,140,41
arena,aligned,4,141,41
arena,aligned,4,142,41
arena,aligned,4,143,41
arena,aligned,4,144,41
arena,aligned,4,145,41
arena,aligned,4,146,41
arena,aligned,4,147,41
arena,aligned,4,148,41
arena,aligned,4,149,51
arena,aligned,4,150,51
arena,aligned,4,151,51
arena,aligned,4,152,50
arena,aligned,4,153,41
arena,aligned,4,154,41
arena,aligned,4,155,41
arena,aligned,4,156,80
arena,aligned,4,157,41
arena,aligned,4,158,41
arena,aligned,4,159,41
arena,aligned,4,160,41
arena,aligned,4,161,41
arena,aligned,4,162,41
arena,aligned,4,163,41
arena,aligned,4,164,41
arena,aligned,4,165,41
arena,aligned,4,166,41
arena,aligned,4,167,41
arena,aligned,4,168,41
arena,aligned,4,169,41
arena,aligned,4,170,41
arena,aligned,4,171,41
arena,aligned,4,172,41
arena,aligned,4,173,41
arena,aligned,4,174,41
arena,aligned,4,175,41
arena,aligned,4,176,41
arena,aligned,4,177,41
arena,aligned,4,178,41
arena,aligned,4,179,41
arena,aligned,4,180,41
arena,aligned,4,181,41
arena,aligned,4,182,41
arena,aligned,4,183,41
arena,aligned,4,184,41
arena,aligned,4,185,41
arena,aligned,4,186,41
arena,aligned,4,187,41
arena,aligned,4,188,41
arena,aligned,4,189,41
arena,aligned,4,190,41
arena,aligned,4,191,41
arena,aligned,4,192,41
arena,aligned,4,193,41
arena,aligned,4,194,41
arena,aligned,4,195,41
arena,aligned,4,196,41
arena,aligned,4,197,41
arena,aligned,4,198,51
arena,aligned,4,199,51
arena,aligned,4,200,51
arena,aligned,4,201,41
arena,aligned,4,202,41
arena,aligned,4,203,41
arena,aligned,4,204,41
arena,aligned,4,205,41
arena,aligned,4,206,41
arena,aligned,4,207,41
arena,aligned,4,208,41
arena,aligned,4,209,5540
arena,aligned,4,210,41
arena,aligned,4,211,41
arena,aligned,4,212,41
arena,aligned,4,213,41
arena,aligned,4,214,41
arena,aligned,4,215,41
arena,aligned,4,216,41
arena,aligned,4,217,41
arena,aligned,4,218,41
arena,aligned,4,219,41
arena,aligned,4,220,41
arena,aligned,4,221,41
arena,aligned,4,222,41
arena,aligned,4,223,41
arena,aligned,4,224,41
arena,aligned,4,225,41
arena,aligned,4,226,41
arena,aligned,4,227,41
arena,aligned,4,228,41
arena,aligned,4,229,41
arena,aligned,4,230,41
arena,aligned,4,231,41
arena,aligned,4,232,41
arena,aligned,4,233,41
arena,aligned,4,234,41
arena,aligned,4,235,41
arena,aligned,4,236,41
arena,aligned,4,237,41
arena,aligned,4,238,41
arena,aligned,4,239,41
arena,aligned,4,240,41
arena,aligned,4,241,41
arena,aligned,4,242,41
arena,aligned,4,243,41
arena,aligned,4,244,41
arena,aligned,4,245,41
arena,aligned,4,246,41
arena,aligned,4,247,41
arena,aligned,4,248,41
arena,aligned,4,249,41
arena,aligned,4,250,41
arena,aligned,4,251,41
arena,aligned,4,252,41
arena,aligned,4,253,41
arena,aligned,4,254,41
arena,aligned,4,255,41
arena,aligned,4,256,41
arena,aligned,4,257,51
arena,aligned,4,258,50
arena,aligned,4,259,51
arena,aligned,4,260,51
arena,aligned,4,261,41
arena,aligned,4,262,41
arena,aligned,4,263,41
arena,aligned,4,264,41
arena,aligned,4,265,41
arena,aligned,4,266,41
arena,aligned,4,267,41
arena,aligned,4,268,41
arena,aligned,4,269,41
arena,aligned,4,270,41
arena,aligned,4,271,41
arena,aligned,4,272,41
arena,aligned,4,273,41
arena,aligned,4,274,41
arena,aligned,4,275,41
arena,aligned,4,276,41
arena,aligned,4,277,41
arena,aligned,4,278,41
arena,aligned,4,279,41
arena,aligned,4,280,41
arena,aligned,4,281,41
arena,aligned,4,282,41
arena,aligned,4,283,41
arena,aligned,4,284,41
arena,aligned,4,285,41
arena,aligned,4,286,41
arena,aligned,4,287,41
arena,aligned,4,288,41
arena,aligned,4,289,41
arena,aligned,4,290,41
arena,aligned,4,291,41
arena,aligned,4,292,41
arena,aligned,4,293,41
arena,aligned,4,294,41
arena,aligned,4,295,41
arena,aligned,4,296,41
arena,aligned,4,297,41
arena,aligned,4,298,41
arena,aligned,4,299,41
arena,aligned,4,300,41
arena,aligned,4,301,41
arena,aligned,4,302,41
arena,aligned,4,303,41
arena,aligned,4,304,41
arena,aligned,4,305,41
arena,aligned,4,306,41
arena,aligned,4,307,41
arena,aligned,4,308,41
arena,aligned,4,309,41
arena,aligned,4,310,50
arena,aligned,4,311,41
arena,aligned,4,312,41
arena,aligned,4,313,41
arena,aligned,4,314,41
arena,aligned,4,315,41
arena,aligned,4,316,41
arena,aligned,4,317,6443
arena,aligned,4,318,41
arena,aligned,4,319,41
arena,aligned,4,320,41
arena,aligned,4,321,41
arena,aligned,4,322,41
arena,aligned,4,323,41
arena,aligned,4,324,41
arena,aligned,4,325,41
arena,aligned,4,326,41
arena,aligned,4,327,41
arena,aligned,4,328,41
arena,aligned,4,329,41
arena,aligned,4,330,41
arena,aligned,4,331,41
arena,aligned,4,332,41
arena,aligned,4,333,41
arena,aligned,4,334,41
arena,aligned,4,335,41
arena,aligned,4,336,41
arena,aligned,4,337,41
arena,aligned,4,338,541
arena,aligned,4,339,331
arena,aligned,4,340,41
arena,aligned,4,341,41
arena,aligned,4,342,41
arena,aligned,4,343,41
arena,aligned,4,344,41
arena,aligned,4,345,41
arena,aligned,4,346,41
arena,aligned,4,347,41
arena,aligned,4,348,41
arena,aligned,4,349,41
arena,aligned,4,350,41
arena,aligned,4,351,41
arena,aligned,4,352,41
arena,aligned,4,353,41
arena,aligned,4,354,41
arena,aligned,4,355,41
arena,aligned,4,356,41
arena,aligned,4,357,41
arena,aligned,4,358,41
arena,aligned,4,359,51
arena,aligned,4,360,51
arena,aligned,4,361,41
arena,aligned,4,362,41
arena,aligned,4,363,41
arena,aligned,4,364,41
arena,aligned,4,365,41
arena,aligned,4,366,41
arena,aligned,4,367,41
arena,aligned,4,368,41
arena,aligned,4,369,41
arena,aligned,4,370,7233
arena,aligned,4,371,41
arena,aligned,4,372,41
arena,aligned,4,373,41
arena,aligned,4,374,41
arena,aligned,4,375,41
arena,aligned,4,376,41
arena,aligned,4,377,41
arena,aligned,4,378,41
arena,aligned,4,379,41
arena,aligned,4,380,41
arena,aligned,4,381,41
arena,aligned,4,382,41
arena,aligned,4,383,41
arena,aligned,4,384,41
arena,aligned,4,385,41
arena,aligned,4,386,41
arena,aligned,4,387,41
arena,aligned,4,388,41
arena,aligned,4,389,41
arena,aligned,4,390,41
arena,aligned,4,391,41
arena,aligned,4,392,41
arena,aligned,4,393,41
arena,aligned,4,394,41
arena,aligned,4,395,41
arena,aligned,4,396,41
arena,aligned,4,397,41
arena,aligned,4,398,41
arena,aligned,4,399,41
malloc,aligned,4,0,170
malloc,aligned,4,1,80
malloc,aligned,4,2,70
malloc,aligned,4,3,60
malloc,aligned,4,4,71
malloc,aligned,4,5,70
malloc,aligned,4,6,61
malloc,aligned,4,7,61
malloc,aligned,4,8,70
malloc,aligned,4,9,61
malloc,aligned,4,10,60
malloc,aligned,4,11,60
malloc,aligned,4,12,70
malloc,aligned,4,13,60
malloc,aligned,4,14,70
malloc,aligned,4,15,61
malloc,aligned,4,16,60
malloc,aligned,4,17,71
malloc,aligned,4,18,60
malloc,aligned,4,19,70
malloc,aligned,4,20,60
malloc,aligned,4,21,60
malloc,aligned,4,22,70
malloc,aligned,4,23,60
malloc,aligned,4,24,60
malloc,aligned,4,25,70
malloc,aligned,4,26,70
malloc,aligned,4,27,70
malloc,aligned,4,28,70
malloc,aligned,4,29,70
malloc,aligned,4,30,70
malloc,aligned,4,31,71
malloc,aligned,4,32,70
malloc,aligned,4,33,61
malloc,aligned,4,34,70
malloc,aligned,4,35,70
malloc,aligned,4,36,6232
malloc,aligned,4,37,61
malloc,aligned,4,38,70
malloc,aligned,4,39,60
malloc,aligned,4,40,70
malloc,aligned,4,41,60
malloc,aligned,4,42,61
malloc,aligned,4,43,71
malloc,aligned,4,44,60
malloc,aligned,4,45,71
malloc,aligned,4,46,60
malloc,aligned,4,47,60
malloc,aligned,4,48,70
malloc,aligned,4,49,70
malloc,aligned,4,50,61
malloc,aligned,4,51,70
malloc,aligned,4,52,70
malloc,aligned,4,53,60
malloc,aligned,4,54,61
malloc,aligned,4,55,60
malloc,aligned,4,56,60
malloc,aligned,4,57,70
malloc,aligned,4,58,61
malloc,aligned,4,59,70
malloc,aligned,4,60,70
malloc,aligned,4,61,61
malloc,aligned,4,62,60
malloc,aligned,4,63,60
malloc,aligned,4,64,71
malloc,aligned,4,65,60
malloc,aligned,4,66,61
malloc,aligned,4,67,60
malloc,aligned,4,68,60
malloc,aligned,4,69,60
malloc,aligned,4,70,71
malloc,aligned,4,71,60
malloc,aligned,4,72,70
malloc,aligned,4,73,70
malloc,aligned,4,74,70
malloc,aligned,4,75,80
malloc,aligned,4,76,60
malloc,aligned,4,77,61
malloc,aligned,4,78,61
malloc,aligned,4,79,70
malloc,aligned,4,80,60
malloc,aligned,4,81,70
malloc,aligned,4,82,70
malloc,aligned,4,83,90
malloc,aligned,4,84,70
malloc,aligned,4,85,61
malloc,aligned,4,86,70
malloc,aligned,4,87,71
malloc,aligned,4,88,70
malloc,aligned,4,89,60
malloc,aligned,4,90,71
malloc,aligned,4,91,60
malloc,aligned,4,92,70
malloc,aligned,4,93,70
malloc,aligned,4,94,70
malloc,aligned,4,95,70
malloc,aligned,4,96,70
malloc,aligned,4,97,70
malloc,aligned,4,98,70
malloc,aligned,4,99,60
malloc,aligned,4,100,70
malloc,aligned,4,101,60
malloc,aligned,4,102,70
malloc,aligned,4,103,61
malloc,aligned,4,104,60
malloc,aligned,4,105,60
malloc,aligned,4,106,70
malloc,aligned,4,107,60
malloc,aligned,4,108,60
malloc,aligned,4,109,60
malloc,aligned,4,110,70
malloc,aligned,4,111,61
malloc,aligned,4,112,70
malloc,aligned,4,113,71
malloc,aligned,4,114,71
malloc,aligned,4,115,70
malloc,aligned,4,116,61
malloc,aligned,4,117,60
malloc,aligned,4,118,60
malloc,aligned,4,119,60
malloc,aligned,4,120,61
malloc,aligned,4,121,60
malloc,aligned,4,122,70
malloc,aligned,4,123,61
malloc,aligned,4,124,61
malloc,aligned,4,125,61
malloc,aligned,4,126,60
malloc,aligned,4,127,60
malloc,aligned,4,128,70
malloc,aligned,4,129,60
malloc,aligned,4,130,61
malloc,aligned,4,131,80
malloc,aligned,4,132,60
malloc,aligned,4,133,70
malloc,aligned,4,134,70
malloc,aligned,4,135,60
malloc,aligned,4,136,61
malloc,aligned,4,137,60
malloc,aligned,4,138,70
malloc,aligned,4,139,70
malloc,aligned,4,140,70
malloc,aligned,4,141,551
malloc,aligned,4,142,140
malloc,aligned,4,143,60
malloc,aligned,4,144,70
malloc,aligned,4,145,60
malloc,aligned,4,146,60
malloc,aligned,4,147,70
malloc,aligned,4,148,70
malloc,aligned,4,149,70
malloc,aligned,4,150,70
malloc,aligned,4,151,70
malloc,aligned,4,152,70
malloc,aligned,4,153,61
malloc,aligned,4,154,70
malloc,aligned,4,155,60
malloc,aligned,4,156,70
malloc,aligned,4,157,60
malloc,aligned,4,158,71
malloc,aligned,4,159,70
malloc,aligned,4,160,60
malloc,aligned,4,161,70
malloc,aligned,4,162,140
malloc,aligned,4,163,130
malloc,aligned,4,164,70
malloc,aligned,4,165,70
malloc,aligned,4,166,71
malloc,aligned,4,167,60
malloc,aligned,4,168,81
malloc,aligned,4,169,71
malloc,aligned,4,170,70
malloc,aligned,4,171,61
malloc,aligned,4,172,60
malloc,aligned,4,173,70
malloc,aligned,4,174,70
malloc,aligned,4,175,70
malloc,aligned,4,176,70
malloc,aligned,4,177,60
malloc,aligned,4,178,80
malloc,aligned,4,179,70
malloc,aligned,4,180,70
malloc,aligned,4,181,61
malloc,aligned,4,182,70
malloc,aligned,4,183,60
malloc,aligned,4,184,60
malloc,aligned,4,185,70
malloc,aligned,4,186,60
malloc,aligned,4,187,61
malloc,aligned,4,188,70
malloc,aligned,4,189,200
malloc,aligned,4,190,281
malloc,aligned,4,191,80
malloc,aligned,4,192,91
malloc,aligned,4,193,81
malloc,aligned,4,194,80
malloc,aligned,4,195,80
malloc,aligned,4,196,80
malloc,aligned,4,197,100
malloc,aligned,4,198,81
malloc,aligned,4,199,71
malloc,aligned,4,200,80
malloc,aligned,4,201,551
malloc,aligned,4,202,80
malloc,aligned,4,203,80
malloc,aligned,4,204,80
malloc,aligned,4,205,80
malloc,aligned,4,206,80
malloc,aligned,4,207,80
malloc,aligned,4,208,80
malloc,aligned,4,209,81
malloc,aligned,4,210,81
malloc,aligned,4,211,81
malloc,aligned,4,212,81
malloc,aligned,4,213,80
malloc,aligned,4,214,90
malloc,aligned,4,215,80
malloc,aligned,4,216,80
malloc,aligned,4,217,80
malloc,aligned,4,218,80
malloc,aligned,4,219,81
malloc,aligned,4,220,80
malloc,aligned,4,221,80
malloc,aligned,4,222,80
malloc,aligned,4,223,71
malloc,aligned,4,224,6733
malloc,aligned,4,225,71
malloc,aligned,4,226,70
malloc,aligned,4,227,80
malloc,aligned,4,228,81
malloc,aligned,4,229,80
malloc,aligned,4,230,80
malloc,aligned,4,231,80
malloc,aligned,4,232,80
malloc,aligned,4,233,80
malloc,aligned,4,234,91
malloc,aligned,4,235,81
malloc,aligned,4,236,80
malloc,aligned,4,237,80
malloc,aligned,4,238,90
malloc,aligned,4,239,71
malloc,aligned,4,240,80
malloc,aligned,4,241,80
malloc,aligned,4,242,90
malloc,aligned,4,243,80
malloc,aligned,4,244,71
malloc,aligned,4,245,80
malloc,aligned,4,246,80
malloc,aligned,4,247,90
malloc,aligned,4,248,80
malloc,aligned,4,249,81
malloc,aligned,4,250,81
malloc,aligned,4,251,81
malloc,aligned,4,252,90
malloc,aligned,4,253,80
malloc,aligned,4,254,80
malloc,aligned,4,255,80
malloc,aligned,4,256,80
malloc,aligned,4,257,70
malloc,aligned,4,258,80
malloc,aligned,4,259,80
malloc,aligned,4,260,81
malloc,aligned,4,261,80
malloc,aligned,4,262,80
malloc,aligned,4,263,80
malloc,aligned,4,264,90
malloc,aligned,4,265,91
malloc,aligned,4,266,90
malloc,aligned,4,267,70
malloc,aligned,4,268,6051
malloc,aligned,4,269,80
malloc,aligned,4,270,81
malloc,aligned,4,271,80
malloc,aligned,4,272,81
malloc,aligned,4,273,80
malloc,aligned,4,274,80
malloc,aligned,4,275,80
malloc,aligned,4,276,90
malloc,aligned,4,277,80
malloc,aligned,4,278,81
malloc,aligned,4,279,80
malloc,aligned,4,280,81
malloc,aligned,4,281,80
malloc,aligned,4,282,81
malloc,aligned,4,283,80
malloc,aligned,4,284,81
malloc,aligned,4,285,71
malloc,aligned,4,286,80
malloc,aligned,4,287,80
malloc,aligned,4,288,81
malloc,aligned,4,289,80
malloc,aligned,4,290,91
malloc,aligned,4,291,80
malloc,aligned,4,292,81
malloc,aligned,4,293,80
malloc,aligned,4,294,80
malloc,aligned,4,295,80
malloc,aligned,4,296,90
malloc,aligned,4,297,80
malloc,aligned,4,298,90
malloc,aligned,4,299,81
malloc,aligned,4,300,80
malloc,aligned,4,301,81
malloc,aligned,4,302,80
malloc,aligned,4,303,71
malloc,aligned,4,304,80
malloc,aligned,4,305,80
malloc,aligned,4,306,80
malloc,aligned,4,307,80
malloc,aligned,4,308,80
malloc,aligned,4,309,71
malloc,aligned,4,310,70
malloc,aligned,4,311,80
malloc,aligned,4,312,80
malloc,aligned,4,313,100
malloc,aligned,4,314,80
malloc,aligned,4,315,80
malloc,aligned,4,316,80
malloc,aligned,4,317,90
malloc,aligned,4,318,80
malloc,aligned,4,319,80
malloc,aligned,4,320,80
malloc,aligned,4,321,71
malloc,aligned,4,322,80
malloc,aligned,4,323,71
malloc,aligned,4,324,80
malloc,aligned,4,325,80
malloc,aligned,4,326,71
malloc,aligned,4,327,71
malloc,aligned,4,328,80
malloc,aligned,4,329,71
malloc,aligned,4,330,81
malloc,aligned,4,331,80
malloc,aligned,4,332,80
malloc,aligned,4,333,71
malloc,aligned,4,334,80
malloc,aligned,4,335,71
malloc,aligned,4,336,80
malloc,aligned,4,337,80
malloc,aligned,4,338,80
malloc,aligned,4,339,80
malloc,aligned,4,340,80
malloc,aligned,4,341,81
malloc,aligned,4,342,80
malloc,aligned,4,343,80
malloc,aligned,4,344,71
malloc,aligned,4,345,71
malloc,aligned,4,346,80
malloc,aligned,4,347,80
malloc,aligned,4,348,80
malloc,aligned,4,349,81
malloc,aligned,4,350,80
malloc,aligned,4,351,80
malloc,aligned,4,352,90
malloc,aligned,4,353,71
malloc,aligned,4,354,80
malloc,aligned,4,355,80
malloc,aligned,4,356,80
malloc,aligned,4,357,71
malloc,aligned,4,358,80
malloc,aligned,4,359,5871
malloc,aligned,4,360,80
malloc,aligned,4,361,80
malloc,aligned,4,362,90
malloc,aligned,4,363,80
malloc,aligned,4,364,90
malloc,aligned,4,365,80
malloc,aligned,4,366,81
malloc,aligned,4,367,80
malloc,aligned,4,368,80
malloc,aligned,4,369,70
malloc,aligned,4,370,80
malloc,aligned,4,371,80
malloc,aligned,4,372,81
malloc,aligned,4,373,131
malloc,aligned,4,374,531
malloc,aligned,4,375,81
malloc,aligned,4,376,80
malloc,aligned,4,377,80
malloc,aligned,4,378,80
malloc,aligned,4,379,80
malloc,aligned,4,380,81
malloc,aligned,4,381,80
malloc,aligned,4,382,80
malloc,aligned,4,383,80
malloc,aligned,4,384,80
malloc,aligned,4,385,80
malloc,aligned,4,386,80
malloc,aligned,4,387,80
malloc,aligned,4,388,80
malloc,aligned,4,389,80
malloc,aligned,4,390,80
malloc,aligned,4,391,81
malloc,aligned,4,392,80
malloc,aligned,4,393,80
malloc,aligned,4,394,80
malloc,aligned,4,395,80
malloc,aligned,4,396,81
malloc,aligned,4,397,70
malloc,aligned,4,398,80
malloc,aligned,4,399,70
clock_write_control,odd,4,0,41
clock_write_control,odd,4,1,41
clock_write_control,odd,4,2,41
clock_write_control,odd,4,3,41
clock_write_control,odd,4,4,41
clock_write_control,odd,4,5,41
clock_write_control,odd,4,6,41
clock_write_control,odd,4,7,41
clock_write_control,odd,4,8,41
clock_write_control,odd,4,9,41
clock_write_control,odd,4,10,41
clock_write_control,odd,4,11,41
clock_write_control,odd,4,12,41
clock_write_control,odd,4,13,41
clock_write_control,odd,4,14,50
clock_write_control,odd,4,15,51
clock_write_control,odd,4,16,41
clock_write_control,odd,4,17,41
clock_write_control,odd,4,18,41
clock_write_control,odd,4,19,41
clock_write_control,odd,4,20,41
clock_write_control,odd,4,21,41
clock_write_control,odd,4,22,41
clock_write_control,odd,4,23,70
clock_write_control,odd,4,24,41
clock_write_control,odd,4,25,41
clock_write_control,odd,4,26,41
clock_write_control,odd,4,27,41
clock_write_control,odd,4,28,41
clock_write_control,odd,4,29,41
clock_write_control,odd,4,30,41
clock_write_control,odd,4,31,41
clock_write_control,odd,4,32,41
clock_write_control,odd,4,33,41
clock_write_control,odd,4,34,41
clock_write_control,odd,4,35,41
clock_write_control,odd,4,36,41
clock_write_control,odd,4,37,41
clock_write_control,odd,4,38,41
clock_write_control,odd,4,39,41
clock_write_control,odd,4,40,41
clock_write_control,odd,4,41,41
clock_write_control,odd,4,42,41
clock_write_control,odd,4,43,41
clock_write_control,odd,4,44,41
clock_write_control,odd,4,45,41
clock_write_control,odd,4,46,41
clock_write_control,odd,4,47,41
clock_write_control,odd,4,48,41
clock_write_control,odd,4,49,41
clock_write_control,odd,4,50,41
clock_write_control,odd,4,51,41
clock_write_control,odd,4,52,41
clock_write_control,odd,4,53,41
clock_write_control,odd,4,54,41
clock_write_control,odd,4,55,41
clock_write_control,odd,4,56,41
clock_write_control,odd,4,57,41
clock_write_control,odd,4,58,41
clock_write_control,odd,4,59,41
clock_write_control,odd,4,60,41
clock_write_control,odd,4,61,41
clock_write_control,odd,4,62,41
clock_write_control,odd,4,63,41
clock_write_control,odd,4,64,41
clock_write_control,odd,4,65,41
clock_write_control,odd,4,66,41
clock_write_control,odd,4,67,41
clock_write_control,odd,4,68,41
clock_write_control,odd,4,69,41
clock_write_control,odd,4,70,41
clock_write_control,odd,4,71,41
clock_write_control,odd,4,72,50
clock_write_control,odd,4,73,50
clock_write_control,odd,4,74,51
clock_write_control,odd,4,75,51
clock_write_control,odd,4,76,41
clock_write_control,odd,4,77,6131
clock_write_control,odd,4,78,41
clock_write_control,odd,4,79,41
clock_write_control,odd,4,80,41
clock_write_control,odd,4,81,41
clock_write_control,odd,4,82,41
clock_write_control,odd,4,83,41
clock_write_control,odd,4,84,41
clock_write_control,odd,4,85,41
clock_write_control,odd,4,86,41
clock_write_control,odd,4,87,41
clock_write_control,odd,4,88,41
clock_write_control,odd,4,89,41
clock_write_control,odd,4,90,41
clock_write_control,odd,4,91,41
clock_write_control,odd,4,92,41
clock_write_control,odd,4,93,41
clock_write_control,odd,4,94,41
clock_write_control,odd,4,95,41
clock_write_control,odd,4,96,41
clock_write_control,odd,4,97,41
clock_write_control,odd,4,98,41
clock_write_control,odd,4,99,41
clock_write_control,odd,4,100,41
clock_write_control,odd,4,101,41
clock_write_control,odd,4,102,41
clock_write_control,odd,4,103,41
clock_write_control,odd,4,104,41
clock_write_control,odd,4,105,41
clock_write_control,odd,4,106,41
clock_write_control,odd,4,107,41
clock_write_control,odd,4,108,41
clock_write_control,odd,4,109,41
clock_write_control,odd,4,110,41
clock_write_control,odd,4,111,41
clock_write_control,odd,4,112,41
clock_write_control,odd,4,113,41
clock_write_control,odd,4,114,41
clock_write_control,odd,4,115,41
clock_write_control,odd,4,116,41
clock_write_control,odd,4,117,41
clock_write_control,odd,4,118,41
clock_write_control,odd,4,119,41
clock_write_control,odd,4,120,41
clock_write_control,odd,4,121,41
clock_write_control,odd,4,122,41
clock_write_control,odd,4,123,41
clock_write_control,odd,4,124,41
clock_write_control,odd,4,125,41
clock_write_control,odd,4,126,41
clock_write_control,odd,4,127,41
clock_write_control,odd,4,128,41
clock_write_control,odd,4,129,41
clock_write_control,odd,4,130,41
clock_write_control,odd,4,131,41
clock_write_control,odd,4,132,41
clock_write_control,odd,4,133,41
clock_write_control,odd,4,134,41
clock_write_control,odd,4,135,41
clock_write_control,odd,4,136,41
clock_write_control,odd,4,137,41
clock_write_control,odd,4,138,41
clock_write_control,odd,4,139,41
clock_write_control,odd,4,140,41
clock_write_control,odd,4,141,41
clock_write_control,odd,4,142,41
clock_write_control,odd,4,143,41
clock_write_control,odd,4,144,41
clock_write_control,odd,4,145,41
clock_write_control,odd,4,146,41
clock_write_control,odd,4,147,41
clock_write_control,odd,4,148,41
clock_write_control,odd,4,149,41
clock_write_control,odd,4,150,41
clock_write_control,odd,4,151,41
clock_write_control,odd,4,152,41
clock_write_control,odd,4,153,41
clock_write_control,odd,4,154,41
clock_write_control,odd,4,155,41
clock_write_control,odd,4,156,41
clock_write_control,odd,4,157,41
clock_write_control,odd,4,158,41
clock_write_control,odd,4,159,41
clock_write_control,odd,4,160,41
clock_write_control,odd,4,161,41
clock_write_control,odd,4,162,41
clock_write_control,odd,4,163,41
clock_write_control,odd,4,164,41
clock_write_control,odd,4,165,41
clock_write_control,odd,4,166,41
clock_write_control,odd,4,167,41
clock_write_control,odd,4,168,41
clock_write_control,odd,4,169,41
clock_write_control,odd,4,170,41
clock_write_control,odd,4,171,41
clock_write_control,odd,4,172,41
clock_write_control,odd,4,173,41
clock_write_control,odd,4,174,41
clock_write_control,odd,4,175,41
clock_write_control,odd,4,176,51
clock_write_control,odd,4,177,41
clock_write_control,odd,4,178,41
clock_write_control,odd,4,179,41
clock_write_control,odd,4,180,41
clock_write_control,odd,4,181,41
clock_write_control,odd,4,182,41
clock_write_control,odd,4,183,41
clock_write_control,odd,4,184,70
clock_write_control,odd,4,185,41
clock_write_control,odd,4,186,41
clock_write_control,odd,4,187,41
clock_write_control,odd,4,188,41
clock_write_control,odd,4,189,41
clock_write_control,odd,4,190,41
clock_write_control,odd,4,191,41
clock_write_control,odd,4,192,41
clock_write_control,odd,4,193,41
clock_write_control,odd,4,194,41
clock_write_control,odd,4,195,41
clock_write_control,odd,4,196,41
clock_write_control,odd,4,197,41
clock_write_control,odd,4,198,41
clock_write_control,odd,4,199,41
clock_write_control,odd,4,200,41
clock_write_control,odd,4,201,41
clock_write_control,odd,4,202,41
clock_write_control,odd,4,203,41
clock_write_control,odd,4,204,41
clock_write_control,odd,4,205,41
clock_write_control,odd,4,206,41
clock_write_control,odd,4,207,41
clock_write_control,odd,4,208,41
clock_write_control,odd,4,209,41
clock_write_control,odd,4,210,41
clock_write_control,odd,4,211,41
clock_write_control,odd,4,212,41
clock_write_control,odd,4,213,41
clock_write_control,odd,4,214,41
clock_write_control,odd,4,215,41
clock_write_control,odd,4,216,41
clock_write_control,odd,4,217,41
clock_write_control,odd,4,218,41
clock_write_control,odd,4,219,41
clock_write_control,odd,4,220,41
clock_write_control,odd,4,221,41
clock_write_control,odd,4,222,41
clock_write_control,odd,4,223,41
clock_write_control,odd,4,224,41
clock_write_control,odd,4,225,41
clock_write_control,odd,4,226,41
clock_write_control,odd,4,227,41
clock_write_control,odd,4,228,41
clock_write_control,odd,4,229,41
clock_write_control,odd,4,230,41
clock_write_control,odd,4,231,41
clock_write_control,odd,4,232,41
clock_write_control,odd,4,233,41
clock_write_control,odd,4,234,41
clock_write_control,odd,4,235,41
clock_write_control,odd,4,236,41
clock_write_control,odd,4,237,41
clock_write_control,odd,4,238,41
clock_write_control,odd,4,239,70
clock_write_control,odd,4,240,41
clock_write_control,odd,4,241,41
clock_write_control,odd,4,242,41
clock_write_control,odd,4,243,41
clock_write_control,odd,4,244,41
clock_write_control,odd,4,245,41
clock_write_control,odd,4,246,41
clock_write_control,odd,4,247,41
clock_write_control,odd,4,248,41
clock_write_control,odd,4,249,41
clock_write_control,odd,4,250,41
clock_write_control,odd,4,251,41
clock_write_control,odd,4,252,41
clock_write_control,odd,4,253,41
clock_write_control,odd,4,254,41
clock_write_control,odd,4,255,41
clock_write_control,odd,4,256,41
clock_write_control,odd,4,257,41
clock_write_control,odd,4,258,41
clock_write_control,odd,4,259,41
clock_write_control,odd,4,260,41
clock_write_control,odd,4,261,41
clock_write_control,odd,4,262,41
clock_write_control,odd,4,263,41
clock_write_control,odd,4,264,41
clock_write_control,odd,4,265,41
clock_write_control,odd,4,266,41
clock_write_control,odd,4,267,41
clock_write_control,odd,4,268,41
clock_write_control,odd,4,269,41
clock_write_control,odd,4,270,41
clock_write_control,odd,4,271,41
clock_write_control,odd,4,272,41
clock_write_control,odd,4,273,41
clock_write_control,odd,4,274,41
clock_write_control,odd,4,275,41
clock_write_control,odd,4,276,41
clock_write_control,odd,4,277,41
clock_write_control,odd,4,278,41
clock_write_control,odd,4,279,41
clock_write_control,odd,4,280,41
clock_write_control,odd,4,281,41
clock_write_control,odd,4,282,41
clock_write_control,odd,4,283,41
clock_write_control,odd,4,284,41
clock_write_control,odd,4,285,41
clock_write_control,odd,4,286,41
clock_write_control,odd,4,287,41
clock_write_control,odd,4,288,41
clock_write_control,odd,4,289,50
clock_write_control,odd,4,290,51
clock_write_control,odd,4,291,51
clock_write_control,odd,4,292,51
clock_write_control,odd,4,293,41
clock_write_control,odd,4,294,41
clock_write_control,odd,4,295,41
clock_write_control,odd,4,296,41
clock_write_control,odd,4,297,41
clock_write_control,odd,4,298,41
clock_write_control,odd,4,299,41
clock_write_control,odd,4,300,41
clock_write_control,odd,4,301,41
clock_write_control,odd,4,302,41
clock_write_control,odd,4,303,41
clock_write_control,odd,4,304,41
clock_write_control,odd,4,305,41
clock_write_control,odd,4,306,41
clock_write_control,odd,4,307,41
clock_write_control,odd,4,308,41
clock_write_control,odd,4,309,41
clock_write_control,odd,4,310,41
clock_write_control,odd,4,311,41
clock_write_control,odd,4,312,41
clock_write_control,odd,4,313,41
clock_write_control,odd,4,314,41
clock_write_control,odd,4,315,41
clock_write_control,odd,4,316,41
clock_write_control,odd,4,317,41
clock_write_control,odd,4,318,41
clock_write_control,odd,4,319,41
clock_write_control,odd,4,320,41
clock_write_control,odd,4,321,41
clock_write_control,odd,4,322,41
clock_write_control,odd,4,323,41
clock_write_control,odd,4,324,41
clock_write_control,odd,4,325,41
clock_write_control,odd,4,326,41
clock_write_control,odd,4,327,41
clock_write_control,odd,4,328,41
clock_write_control,odd,4,329,41
clock_write_control,odd,4,330,41
clock_write_control,odd,4,331,41
clock_write_control,odd,4,332,41
clock_write_control,odd,4,333,41
clock_write_control,odd,4,334,41
clock_write_control,odd,4,335,41
clock_write_control,odd,4,336,41
clock_write_control,odd,4,337,41
clock_write_control,odd,4,338,742
clock_write_control,odd,4,339,110
clock_write_control,odd,4,340,51
clock_write_control,odd,4,341,41
clock_write_control,odd,4,342,41
clock_write_control,odd,4,343,41
clock_write_control,odd,4,344,41
clock_write_control,odd,4,345,41
clock_write_control,odd,4,346,41
clock_write_control,odd,4,347,41
clock_write_control,odd,4,348,6312
clock_write_control,odd,4,349,41
clock_write_control,odd,4,350,41
clock_write_control,odd,4,351,41
clock_write_control,odd,4,352,41
clock_write_control,odd,4,353,41
clock_write_control,odd,4,354,41
clock_write_control,odd,4,355,41
clock_write_control,odd,4,356,41
clock_write_control,odd,4,357,41
clock_write_control,odd,4,358,41
clock_write_control,odd,4,359,41
clock_write_control,odd,4,360,41
clock_write_control,odd,4,361,41
clock_write_control,odd,4,362,41
clock_write_control,odd,4,363,121
clock_write_control,odd,4,364,41
clock_write_control,odd,4,365,41
clock_write_control,odd,4,366,41
clock_write_control,odd,4,367,41
clock_write_control,odd,4,368,41
clock_write_control,odd,4,369,41
clock_write_control,odd,4,370,41
clock_write_control,odd,4,371,41
clock_write_control,odd,4,372,41
clock_write_control,odd,4,373,41
clock_write_control,odd,4,374,41
clock_write_control,odd,4,375,41
clock_write_control,odd,4,376,41
clock_write_control,odd,4,377,41
clock_write_control,odd,4,378,41
clock_write_control,odd,4,379,41
clock_write_control,odd,4,380,41
clock_write_control,odd,4,381,41
clock_write_control,odd,4,382,41
clock_write_control,odd,4,383,41
clock_write_control,odd,4,384,41
clock_write_control,odd,4,385,41
clock_write_control,odd,4,386,41
clock_write_control,odd,4,387,41
clock_write_control,odd,4,388,41
clock_write_control,odd,4,389,41
clock_write_control,odd,4,390,41
clock_write_control,odd,4,391,41
clock_write_control,odd,4,392,41
clock_write_control,odd,4,393,41
clock_write_control,odd,4,394,41
clock_write_control,odd,4,395,41
clock_write_control,odd,4,396,51
clock_write_control,odd,4,397,50
clock_write_control,odd,4,398,51
clock_write_control,odd,4,399,51
pool,odd,4,0,41
pool,odd,4,1,41
pool,odd,4,2,41
pool,odd,4,3,41
pool,odd,4,4,41
pool,odd,4,5,41
pool,odd,4,6,41
pool,odd,4,7,41
pool,odd,4,8,41
pool,odd,4,9,41
pool,odd,4,10,41
pool,odd,4,11,41
pool,odd,4,12,41
pool,odd,4,13,41
pool,odd,4,14,41
pool,odd,4,15,41
pool,odd,4,16,41
pool,odd,4,17,41
pool,odd,4,18,41
pool,odd,4,19,41
pool,odd,4,20,51
pool,odd,4,21,41
pool,odd,4,22,41
pool,odd,4,23,41
pool,odd,4,24,41
pool,odd,4,25,41
pool,odd,4,26,41
pool,odd,4,27,41
pool,odd,4,28,6232
pool,odd,4,29,41
pool,odd,4,30,41
pool,odd,4,31,41
pool,odd,4,32,41
pool,odd,4,33,41
pool,odd,4,34,41
pool,odd,4,35,41
pool,odd,4,36,41
pool,odd,4,37,41
pool,odd,4,38,41
pool,odd,4,39,41
pool,odd,4,40,41
pool,odd,4,41,41
pool,odd,4,42,41
pool,odd,4,43,41
pool,odd,4,44,41
pool,odd,4,45,41
pool,odd,4,46,41
pool,odd,4,47,41
pool,odd,4,48,41
pool,odd,4,49,41
pool,odd,4,50,41
pool,odd,4,51,41
pool,odd,4,52,41
pool,odd,4,53,41
pool,odd,4,54,41
pool,odd,4,55,41
pool,odd,4,56,41
pool,odd,4,57,41
pool,odd,4,58,41
pool,odd,4,59,41
pool,odd,4,60,41
pool,odd,4,61,41
pool,odd,4,62,41
pool,odd,4,63,41
pool,odd,4,64,41
pool,odd,4,65,41
pool,odd,4,66,41
pool,odd,4,67,41
pool,odd,4,68,41
pool,odd,4,69,41
pool,odd,4,70,41
pool,odd,4,71,41
pool,odd,4,72,41
pool,odd,4,73,41
pool,odd,4,74,41
pool,odd,4,75,41
pool,odd,4,76,41
pool,odd,4,77,41
pool,odd,4,78,41
pool,odd,4,79,41
pool,odd,4,80,6281
pool,odd,4,81,41
pool,odd,4,82,41
pool,odd,4,83,41
pool,odd,4,84,41
pool,odd,4,85,41
pool,odd,4,86,41
pool,odd,4,87,41
pool,odd,4,88,41
pool,odd,4,89,41
pool,odd,4,90,41
pool,odd,4,91,41
pool,odd,4,92,41
pool,odd,4,93,41
pool,odd,4,94,41
pool,odd,4,95,41
pool,odd,4,96,41
pool,odd,4,97,41
pool,odd,4,98,41
pool,odd,4,99,41
pool,odd,4,100,41
pool,odd,4,101,41
pool,odd,4,102,41
pool,odd,4,103,41
pool,odd,4,104,41
pool,odd,4,105,41
pool,odd,4,106,41
pool,odd,4,107,41
pool,odd,4,108,41
pool,odd,4,109,41
pool,odd,4,110,41
pool,odd,4,111,41
pool,odd,4,112,41
pool,odd,4,113,41
pool,odd,4,114,41
pool,odd,4,115,41
pool,odd,4,116,41
pool,odd,4,117,41
pool,odd,4,118,41
pool,odd,4,119,41
pool,odd,4,120,41
pool,odd,4,121,41
pool,odd,4,122,41
pool,odd,4,123,41
pool,odd,4,124,41
pool,odd,4,125,41
pool,odd,4,126,41
pool,odd,4,127,41
pool,odd,4,128,41
pool,odd,4,129,41
pool,odd,4,130,51
pool,odd,4,131,51
pool,odd,4,132,50
pool,odd,4,133,70
pool,odd,4,134,41
pool,odd,4,135,41
pool,odd,4,136,41
pool,odd,4,137,41
pool,odd,4,138,41
pool,odd,4,139,41
pool,odd,4,140,41
pool,odd,4,141,41
pool,odd,4,142,41
pool,odd,4,143,41
pool,odd,4,144,41
pool,odd,4,145,41
pool,odd,4,146,41
pool,odd,4,147,41
pool,odd,4,148,41
pool,odd,4,149,41
pool,odd,4,150,41
pool,odd,4,151,41
pool,odd,4,152,41
pool,odd,4,153,41
pool,odd,4,154,41
pool,odd,4,155,41
pool,odd,4,156,41
pool,odd,4,157,41
pool,odd,4,158,41
pool,odd,4,159,41
pool,odd,4,160,41
pool,odd,4,161,41
pool,odd,4,162,41
pool,odd,4,163,41
pool,odd,4,164,41
pool,odd,4,165,41
pool,odd,4,166,41
pool,odd,4,167,41
pool,odd,4,168,41
pool,odd,4,169,41
pool,odd,4,170,41
pool,odd,4,171,41
pool,odd,4,172,41
pool,odd,4,173,41
pool,odd,4,174,41
pool,odd,4,175,41
pool,odd,4,176,41
pool,odd,4,177,50
pool,odd,4,178,50
pool,odd,4,179,50
pool,odd,4,180,41
pool,odd,4,181,41
pool,odd,4,182,41
pool,odd,4,183,41
pool,odd,4,184,41
pool,odd,4,185,41
pool,odd,4,186,80
pool,odd,4,187,41
pool,odd,4,188,41
pool,odd,4,189,41
pool,odd,4,190,41
pool,odd,4,191,41
pool,odd,4,192,41
pool,odd,4,193,41
pool,odd,4,194,41
pool,odd,4,195,41
pool,odd,4,196,41
pool,odd,4,197,41
pool,odd,4,198,41
pool,odd,4,199,41
pool,odd,4,200,41
pool,odd,4,201,41
pool,odd,4,202,41
pool,odd,4,203,41
pool,odd,4,204,41
pool,odd,4,205,41
pool,odd,4,206,41
pool,odd,4,207,41
pool,odd,4,208,41
pool,odd,4,209,41
pool,odd,4,210,41
pool,odd,4,211,41
pool,odd,4,212,41
pool,odd,4,213,41
pool,odd,4,214,41
pool,odd,4,215,41
pool,odd,4,216,41
pool,odd,4,217,41
pool,odd,4,218,41
pool,odd,4,219,41
pool,odd,4,220,41
pool,odd,4,221,41
pool,odd,4,222,41
pool,odd,4,223,41
pool,odd,4,224,41
pool,odd,4,225,41
pool,odd,4,226,41
pool,odd,4,227,41
pool,odd,4,228,41
pool,odd,4,229,41
pool,odd,4,230,41
pool,odd,4,231,41
pool,odd,4,232,41
pool,odd,4,233,41
pool,odd,4,234,41
pool,odd,4,235,51
pool,odd,4,236,50
pool,odd,4,237,51
pool,odd,4,238,51
pool,odd,4,239,41
pool,odd,4,240,41
pool,odd,4,241,41
pool,odd,4,242,41
pool,odd,4,243,41
pool,odd,4,244,41
pool,odd,4,245,41
pool,odd,4,246,41
pool,odd,4,247,41
pool,odd,4,248,41
pool,odd,4,249,41
pool,odd,4,250,41
pool,odd,4,251,41
pool,odd,4,252,41
pool,odd,4,253,41
pool,odd,4,254,41
pool,odd,4,255,41
pool,odd,4,256,41
pool,odd,4,257,41
pool,odd,4,258,41
pool,odd,4,259,41
pool,odd,4,260,41
pool,odd,4,261,41
pool,odd,4,262,41
pool,odd,4,263,41
pool,odd,4,264,41
pool,odd,4,265,41
pool,odd,4,266,41
pool,odd,4,267,41
pool,odd,4,268,41
pool,odd,4,269,41
pool,odd,4,270,41
pool,odd,4,271,41
pool,odd,4,272,41
pool,odd,4,273,41
pool,odd,4,274,41
pool,odd,4,275,41
pool,odd,4,276,41
pool,odd,4,277,41
pool,odd,4,278,41
pool,odd,4,279,41
pool,odd,4,280,41
pool,odd,4,281,41
pool,odd,4,282,41
pool,odd,4,283,41
pool,odd,4,284,41
pool,odd,4,285,41
pool,odd,4,286,41
pool,odd,4,287,51
pool,odd,4,288,51
pool,odd,4,289,51
pool,odd,4,290,41
pool,odd,4,291,5400
pool,odd,4,292,41
pool,odd,4,293,41
pool,odd,4,294,41
pool,odd,4,295,41
pool,odd,4,296,41
pool,odd,4,297,41
pool,odd,4,298,41
pool,odd,4,299,41
pool,odd,4,300,41
pool,odd,4,301,41
pool,odd,4,302,41
pool,odd,4,303,41
pool,odd,4,304,41
pool,odd,4,305,41
pool,odd,4,306,41
pool,odd,4,307,41
pool,odd,4,308,41
pool,odd,4,309,41
pool,odd,4,310,41
pool,odd,4,311,41
pool,odd,4,312,41
pool,odd,4,313,41
pool,odd,4,314,41
pool,odd,4,315,41
pool,odd,4,316,41
pool,odd,4,317,41
pool,odd,4,318,41
pool,odd,4,319,41
pool,odd,4,320,41
pool,odd,4,321,41
pool,odd,4,322,41
pool,odd,4,323,41
pool,odd,4,324,41
pool,odd,4,325,41
pool,odd,4,326,41
pool,odd,4,327,41
pool,odd,4,328,41
pool,odd,4,329,41
pool,odd,4,330,41
pool,odd,4,331,41
pool,odd,4,332,41
pool,odd,4,333,41
pool,odd,4,334,41
pool,odd,4,335,41
pool,odd,4,336,50
pool,odd,4,337,51
pool,odd,4,338,41
pool,odd,4,339,41
pool,odd,4,340,41
pool,odd,4,341,41
pool,odd,4,342,41
pool,odd,4,343,41
pool,odd,4,344,5811
pool,odd,4,345,41
pool,odd,4,346,41
pool,odd,4,347,41
pool,odd,4,348,41
pool,odd,4,349,41
pool,odd,4,350,41
pool,odd,4,351,41
pool,odd,4,352,41
pool,odd,4,353,41
pool,odd,4,354,41
pool,odd,4,355,41
pool,odd,4,356,41
pool,odd,4,357,41
pool,odd,4,358,41
pool,odd,4,359,41
pool,odd,4,360,41
pool,odd,4,361,41
pool,odd,4,362,41
pool,odd,4,363,41
pool,odd,4,364,41
pool,odd,4,365,41
pool,odd,4,366,41
pool,odd,4,367,41
pool,odd,4,368,41
pool,odd,4,369,41
pool,odd,4,370,41
pool,odd,4,371,41
pool,odd,4,372,41
pool,odd,4,373,41
pool,odd,4,374,41
pool,odd,4,375,41
pool,odd,4,376,41
pool,odd,4,377,41
pool,odd,4,378,41
pool,odd,4,379,41
pool,odd,4,380,41
pool,odd,4,381,41
pool,odd,4,382,41
pool,odd,4,383,41
pool,odd,4,384,41
pool,odd,4,385,41
pool,odd,4,386,41
pool,odd,4,387,41
pool,odd,4,388,41
pool,odd,4,389,41
pool,odd,4,390,41
pool,odd,4,391,41
pool,odd,4,392,41
pool,odd,4,393,41
pool,odd,4,394,41
pool,odd,4,395,41
pool,odd,4,396,41
pool,odd,4,397,91
pool,odd,4,398,41
pool,odd,4,399,41
stack,odd,4,0,41
stack,odd,4,1,41
stack,odd,4,2,41
stack,odd,4,3,41
stack,odd,4,4,41
stack,odd,4,5,41
stack,odd,4,6,41
stack,odd,4,7,41
stack,odd,4,8,41
stack,odd,4,9,41
stack,odd,4,10,50
stack,odd,4,11,51
stack,odd,4,12,41
stack,odd,4,13,41
stack,odd,4,14,41
stack,odd,4,15,41
stack,odd,4,16,41
stack,odd,4,17,41
stack,odd,4,18,7214
stack,odd,4,19,41
stack,odd,4,20,41
stack,odd,4,21,41
stack,odd,4,22,41
stack,odd,4,23,41
stack,odd,4,24,41
stack,odd,4,25,41
stack,odd,4,26,41
stack,odd,4,27,41
stack,odd,4,28,41
stack,odd,4,29,41
stack,odd,4,30,41
stack,odd,4,31,41
stack,odd,4,32,41
stack,odd,4,33,41
stack,odd,4,34,41
stack,odd,4,35,41
stack,odd,4,36,41
stack,odd,4,37,41
stack,odd,4,38,41
stack,odd,4,39,41
stack,odd,4,40,41
stack,odd,4,41,41
stack,odd,4,42,41
stack,odd,4,43,41
stack,odd,4,44,41
stack,odd,4,45,41
stack,odd,4,46,41
stack,odd,4,47,41
stack,odd,4,48,41
stack,odd,4,49,41
stack,odd,4,50,41
stack,odd,4,51,41
stack,odd,4,52,41
stack,odd,4,53,41
stack,odd,4,54,41
stack,odd,4,55,41
stack,odd,4,56,41
stack,odd,4,57,41
stack,odd,4,58,41
stack,odd,4,59,41
stack,odd,4,60,41
stack,odd,4,61,41
stack,odd,4,62,41
stack,odd,4,63,41
stack,odd,4,64,41
stack,odd,4,65,41
stack,odd,4,66,41
stack,odd,4,67,50
stack,odd,4,68,51
stack,odd,4,69,51
stack,odd,4,70,5901
stack,odd,4,71,41
stack,odd,4,72,41
stack,odd,4,73,41
stack,odd,4,74,41
stack,odd,4,75,41
stack,odd,4,76,41
stack,odd,4,77,41
stack,odd,4,78,41
stack,odd,4,79,41
stack,odd,4,80,41
stack,odd,4,81,41
stack,odd,4,82,41
stack,odd,4,83,41
stack,odd,4,84,41
stack,odd,4,85,41
stack,odd,4,86,41
stack,odd,4,87,41
stack,odd,4,88,41
stack,odd,4,89,41
stack,odd,4,90,41
stack,odd,4,91,41
stack,odd,4,92,41
stack,odd,4,93,41
stack,odd,4,94,41
stack,odd,4,95,41
stack,odd,4,96,41
stack,odd,4,97,41
stack,odd,4,98,41
stack,odd,4,99,41
stack,odd,4,100,41
stack,odd,4,101,41
stack,odd,4,102,41
stack,odd,4,103,41
stack,odd,4,104,41
stack,odd,4,105,41
stack,odd,4,106,41
stack,odd,4,107,41
stack,odd,4,108,41
stack,odd,4,109,41
stack,odd,4,110,41
stack,odd,4,111,41
stack,odd,4,112,41
stack,odd,4,113,41
stack,odd,4,114,41
stack,odd,4,115,41
stack,odd,4,116,41
stack,odd,4,117,41
stack,odd,4,118,50
stack,odd,4,119,41
stack,odd,4,120,41
stack,odd,4,121,41
stack,odd,4,122,70
stack,odd,4,123,41
stack,odd,4,124,41
stack,odd,4,125,41
stack,odd,4,126,41
stack,odd,4,127,41
stack,odd,4,128,41
stack,odd,4,129,41
stack,odd,4,130,41
stack,odd,4,131,41
stack,odd,4,132,41
stack,odd,4,133,41
stack,odd,4,134,41
stack,odd,4,135,41
stack,odd,4,136,41
stack,odd,4,137,41
stack,odd,4,138,41
stack,odd,4,139,41
stack,odd,4,140,41
stack,odd,4,141,41
stack,odd,4,142,41
stack,odd,4,143,41
stack,odd,4,144,41
stack,odd,4,145,41
stack,odd,4,146,41
stack,odd,4,147,41
stack,odd,4,148,41
stack,odd,4,149,41
stack,odd,4,150,41
stack,odd,4,151,41
stack,odd,4,152,41
stack,odd,4,153,41
stack,odd,4,154,41
stack,odd,4,155,41
stack,odd,4,156,41
stack,odd,4,157,41
stack,odd,4,158,41
stack,odd,4,159,41
stack,odd,4,160,41
stack,odd,4,161,41
stack,odd,4,162,41
stack,odd,4,163,41
stack,odd,4,164,41
stack,odd,4,165,41
stack,odd,4,166,41
stack,odd,4,167,50
stack,odd,4,168,51
stack,odd,4,169,50
stack,odd,4,170,41
stack,odd,4,171,41
stack,odd,4,172,41
stack,odd,4,173,41
stack,odd,4,174,41
stack,odd,4,175,41
stack,odd,4,176,41
stack,odd,4,177,41
stack,odd,4,178,41
stack,odd,4,179,41
stack,odd,4,180,41
stack,odd,4,181,41
stack,odd,4,182,41
stack,odd,4,183,41
stack,odd,4,184,41
stack,odd,4,185,41
stack,odd,4,186,41
stack,odd,4,187,41
stack,odd,4,188,41
stack,odd,4,189,41
stack,odd,4,190,41
stack,odd,4,191,41
stack,odd,4,192,41
stack,odd,4,193,41
stack,odd,4,194,41
stack,odd,4,195,41
stack,odd,4,196,41
stack,odd,4,197,41
stack,odd,4,198,41
stack,odd,4,199,41
stack,odd,4,200,41
stack,odd,4,201,41
stack,odd,4,202,41
stack,odd,4,203,41
stack,odd,4,204,41
stack,odd,4,205,41
stack,odd,4,206,41
stack,odd,4,207,41
stack,odd,4,208,41
stack,odd,4,209,41
stack,odd,4,210,41
stack,odd,4,211,41
stack,odd,4,212,41
stack,odd,4,213,41
stack,odd,4,214,41
stack,odd,4,215,41
stack,odd,4,216,41
stack,odd,4,217,41
stack,odd,4,218,41
stack,odd,4,219,41
stack,odd,4,220,41
stack,odd,4,221,41
stack,odd,4,222,41
stack,odd,4,223,41
stack,odd,4,224,41
stack,odd,4,225,41
stack,odd,4,226,41
stack,odd,4,227,41
stack,odd,4,228,41
stack,odd,4,229,41
stack,odd,4,230,41
stack,odd,4,231,41
stack,odd,4,232,41
stack,odd,4,233,41
stack,odd,4,234,41
stack,odd,4,235,41
stack,odd,4,236,41
stack,odd,4,237,41
stack,odd,4,238,41
stack,odd,4,239,41
stack,odd,4,240,41
stack,odd,4,241,41
stack,odd,4,242,41
stack,odd,4,243,41
stack,odd,4,244,41
stack,odd,4,245,41
stack,odd,4,246,41
stack,odd,4,247,41
stack,odd,4,248,41
stack,odd,4,249,41
stack,odd,4,250,41
stack,odd,4,251,41
stack,odd,4,252,41
stack,odd,4,253,41
stack,odd,4,254,41
stack,odd,4,255,41
stack,odd,4,256,41
stack,odd,4,257,41
stack,odd,4,258,41
stack,odd,4,259,41
stack,odd,4,260,41
stack,odd,4,261,41
stack,odd,4,262,41
stack,odd,4,263,41
stack,odd,4,264,41
stack,odd,4,265,41
stack,odd,4,266,41
stack,odd,4,267,41
stack,odd,4,268,41
stack,odd,4,269,41
stack,odd,4,270,41
stack,odd,4,271,41
stack,odd,4,272,41
stack,odd,4,273,41
stack,odd,4,274,41
stack,odd,4,275,41
stack,odd,4,276,41
stack,odd,4,277,51
stack,odd,4,278,51
stack,odd,4,279,51
stack,odd,4,280,6222
stack,odd,4,281,41
stack,odd,4,282,41
stack,odd,4,283,41
stack,odd,4,284,41
stack,odd,4,285,41
stack,odd,4,286,41
stack,odd,4,287,41
stack,odd,4,288,41
stack,odd,4,289,41
stack,odd,4,290,41
stack,odd,4,291,41
stack,odd,4,292,41
stack,odd,4,293,41
stack,odd,4,294,41
stack,odd,4,295,41
stack,odd,4,296,41
stack,odd,4,297,41
stack,odd,4,298,41
stack,odd,4,299,41
stack,odd,4,300,41
stack,odd,4,301,41
stack,odd,4,302,41
stack,odd,4,303,41
stack,odd,4,304,41
stack,odd,4,305,41
stack,odd,4,306,41
stack,odd,4,307,41
stack,odd,4,308,41
stack,odd,4,309,41
stack,odd,4,310,41
stack,odd,4,311,41
stack,odd,4,312,41
stack,odd,4,313,41
stack,odd,4,314,41
stack,odd,4,315,41
stack,odd,4,316,41
stack,odd,4,317,41
stack,odd,4,318,41
stack,odd,4,319,41
stack,odd,4,320,41
stack,odd,4,321,41
stack,odd,4,322,41
stack,odd,4,323,41
stack,odd,4,324,41
stack,odd,4,325,41
stack,odd,4,326,51
stack,odd,4,327,51
stack,odd,4,328,41
stack,odd,4,329,41
stack,odd,4,330,41
stack,odd,4,331,41
stack,odd,4,332,41
stack,odd,4,333,41
stack,odd,4,334,41
stack,odd,4,335,41
stack,odd,4,336,41
stack,odd,4,337,41
stack,odd,4,338,41
stack,odd,4,339,41
stack,odd,4,340,41
stack,odd,4,341,41
stack,odd,4,342,41
stack,odd,4,343,41
stack,odd,4,344,41
stack,odd,4,345,41
stack,odd,4,346,41
stack,odd,4,347,41
stack,odd,4,348,41
stack,odd,4,349,41
stack,odd,4,350,41
stack,odd,4,351,41
stack,odd,4,352,41
stack,odd,4,353,41
stack,odd,4,354,41
stack,odd,4,355,41
stack,odd,4,356,41
stack,odd,4,357,41
stack,odd,4,358,41
stack,odd,4,359,41
stack,odd,4,360,41
stack,odd,4,361,41
stack,odd,4,362,41
stack,odd,4,363,41
stack,odd,4,364,41
stack,odd,4,365,41
stack,odd,4,366,41
stack,odd,4,367,41
stack,odd,4,368,41
stack,odd,4,369,41
stack,odd,4,370,41
stack,odd,4,371,41
stack,odd,4,372,41
stack,odd,4,373,41
stack,odd,4,374,41
stack,odd,4,375,41
stack,odd,4,376,41
stack,odd,4,377,41
stack,odd,4,378,41
stack,odd,4,379,41
stack,odd,4,380,41
stack,odd,4,381,41
stack,odd,4,382,41
stack,odd,4,383,51
stack,odd,4,384,50
stack,odd,4,385,6292
stack,odd,4,386,41
stack,odd,4,387,41
stack,odd,4,388,41
stack,odd,4,389,41
stack,odd,4,390,41
stack,odd,4,391,41
stack,odd,4,392,41
stack,odd,4,393,41
stack,odd,4,394,41
stack,odd,4,395,41
stack,odd,4,396,41
stack,odd,4,397,41
stack,odd,4,398,41
stack,odd,4,399,41
arena,odd,4,0,41
arena,odd,4,1,41
arena,odd,4,2,41
arena,odd,4,3,41
arena,odd,4,4,41
arena,odd,4,5,41
arena,odd,4,6,41
arena,odd,4,7,41
arena,odd,4,8,41
arena,odd,4,9,41
arena,odd,4,10,41
arena,odd,4,11,41
arena,odd,4,12,50
arena,odd,4,13,51
arena,odd,4,14,41
arena,odd,4,15,41
arena,odd,4,16,41
arena,odd,4,17,41
arena,odd,4,18,41
arena,odd,4,19,80
arena,odd,4,20,41
arena,odd,4,21,41
arena,odd,4,22,41
arena,odd,4,23,41
arena,odd,4,24,41
arena,odd,4,25,41
arena,odd,4,26,41
arena,odd,4,27,41
arena,odd,4,28,41
arena,odd,4,29,41
arena,odd,4,30,41
arena,odd,4,31,41
arena,odd,4,32,41
arena,odd,4,33,41
arena,odd,4,34,41
arena,odd,4,35,41
arena,odd,4,36,41
arena,odd,4,37,41
arena,odd,4,38,41
arena,odd,4,39,41
arena,odd,4,40,41
arena,odd,4,41,41
arena,odd,4,42,41
arena,odd,4,43,41
arena,odd,4,44,41
arena,odd,4,45,41
arena,odd,4,46,41
arena,odd,4,47,41
arena,odd,4,48,41
arena,odd,4,49,41
arena,odd,4,50,41
arena,odd,4,51,41
arena,odd,4,52,41
arena,odd,4,53,41
arena,odd,4,54,41
arena,odd,4,55,41
arena,odd,4,56,41
arena,odd,4,57,41
arena,odd,4,58,41
arena,odd,4,59,41
arena,odd,4,60,41
arena,odd,4,61,41
arena,odd,4,62,41
arena,odd,4,63,41
arena,odd,4,64,41
arena,odd,4,65,41
arena,odd,4,66,41
arena,odd,4,67,41
arena,odd,4,68,41
arena,odd,4,69,41
arena,odd,4,70,50
arena,odd,4,71,50
arena,odd,4,72,51
arena,odd,4,73,6402
arena,odd,4,74,41
arena,odd,4,75,41
arena,odd,4,76,41
arena,odd,4,77,41
arena,odd,4,78,41
arena,odd,4,79,41
arena,odd,4,80,41
arena,odd,4,81,41
arena,odd,4,82,41
arena,odd,4,83,41
arena,odd,4,84,41
arena,odd,4,85,41
arena,odd,4,86,41
arena,odd,4,87,41
arena,odd,4,88,41
arena,odd,4,89,41
arena,odd,4,90,41
arena,odd,4,91,41
arena,odd,4,92,41
arena,odd,4,93,41
arena,odd,4,94,41
arena,odd,4,95,41
arena,odd,4,96,41
arena,odd,4,97,41
arena,odd,4,98,41
arena,odd,4,99,41
arena,odd,4,100,41
arena,odd,4,101,41
arena,odd,4,102,41
arena,odd,4,103,41
arena,odd,4,104,41
arena,odd,4,105,41
arena,odd,4,106,41
arena,odd,4,107,41
arena,odd,4,108,41
arena,odd,4,109,41
arena,odd,4,110,41
arena,odd,4,111,41
arena,odd,4,112,41
arena,odd,4,113,41
arena,odd,4,114,41
arena,odd,4,115,41
arena,odd,4,116,41
arena,odd,4,117,41
arena,odd,4,118,41
arena,odd,4,119,41
arena,odd,4,120,41
arena,odd,4,121,41
arena,odd,4,122,41
arena,odd,4,123,41
arena,odd,4,124,41
arena,odd,4,125,41
arena,odd,4,126,41
arena,odd,4,127,41
arena,odd,4,128,41
arena,odd,4,129,41
arena,odd,4,130,41
arena,odd,4,131,41
arena,odd,4,132,41
arena,odd,4,133,41
arena,odd,4,134,41
arena,odd,4,135,41
arena,odd,4,136,41
arena,odd,4,137,41
arena,odd,4,138,41
arena,odd,4,139,41
arena,odd,4,140,41
arena,odd,4,141,41
arena,odd,4,142,41
arena,odd,4,143,41
arena,odd,4,144,41
arena,odd,4,145,41
arena,odd,4,146,41
arena,odd,4,147,41
arena,odd,4,148,41
arena,odd,4,149,41
arena,odd,4,150,41
arena,odd,4,151,41
arena,odd,4,152,41
arena,odd,4,153,41
arena,odd,4,154,41
arena,odd,4,155,41
arena,odd,4,156,41
arena,odd,4,157,41
arena,odd,4,158,41
arena,odd,4,159,41
arena,odd,4,160,41
arena,odd,4,161,41
arena,odd,4,162,41
arena,odd,4,163,41
arena,odd,4,164,41
arena,odd,4,165,41
arena,odd,4,166,41
arena,odd,4,167,41
arena,odd,4,168,41
arena,odd,4,169,41
arena,odd,4,170,41
arena,odd,4,171,41
arena,odd,4,172,51
arena,odd,4,173,50
arena,odd,4,174,51
arena,odd,4,175,41
arena,odd,4,176,41
arena,odd,4,177,41
arena,odd,4,178,41
arena,odd,4,179,70
arena,odd,4,180,41
arena,odd,4,181,41
arena,odd,4,182,41
arena,odd,4,183,41
arena,odd,4,184,41
arena,odd,4,185,41
arena,odd,4,186,41
arena,odd,4,187,41
arena,odd,4,188,41
arena,odd,4,189,41
arena,odd,4,190,41
arena,odd,4,191,41
arena,odd,4,192,41
arena,odd,4,193,41
arena,odd,4,194,41
arena,odd,4,195,41
arena,odd,4,196,41
arena,odd,4,197,41
arena,odd,4,198,41
arena,odd,4,199,41
arena,odd,4,200,41
arena,odd,4,201,41
arena,odd,4,202,41
arena,odd,4,203,41
arena,odd,4,204,41
arena,odd,4,205,41
arena,odd,4,206,41
arena,odd,4,207,41
arena,odd,4,208,41
arena,odd,4,209,41
arena,odd,4,210,41
arena,odd,4,211,41
arena,odd,4,212,41
arena,odd,4,213,41
arena,odd,4,214,41
arena,odd,4,215,41
arena,odd,4,216,41
arena,odd,4,217,41
arena,odd,4,218,41
arena,odd,4,219,41
arena,odd,4,220,41
arena,odd,4,221,41
arena,odd,4,222,41
arena,odd,4,223,41
arena,odd,4,224,41
arena,odd,4,225,41
arena,odd,4,226,50
arena,odd,4,227,41
arena,odd,4,228,41
arena,odd,4,229,41
arena,odd,4,230,41
arena,odd,4,231,41
arena,odd,4,232,41
arena,odd,4,233,5790
arena,odd,4,234,41
arena,odd,4,235,41
arena,odd,4,236,41
arena,odd,4,237,41
arena,odd,4,238,41
arena,odd,4,239,41
arena,odd,4,240,41
arena,odd,4,241,41
arena,odd,4,242,41
arena,odd,4,243,41
arena,odd,4,244,41
arena,odd,4,245,41
arena,odd,4,246,41
arena,odd,4,247,41
arena,odd,4,248,41
arena,odd,4,249,41
arena,odd,4,250,41
arena,odd,4,251,41
arena,odd,4,252,41
arena,odd,4,253,41
arena,odd,4,254,41
arena,odd,4,255,41
arena,odd,4,256,41
arena,odd,4,257,41
arena,odd,4,258,41
arena,odd,4,259,41
arena,odd,4,260,41
arena,odd,4,261,41
arena,odd,4,262,41
arena,odd,4,263,41
arena,odd,4,264,41
arena,odd,4,265,41
arena,odd,4,266,41
arena,odd,4,267,41
arena,odd,4,268,41
arena,odd,4,269,41
arena,odd,4,270,41
arena,odd,4,271,41
arena,odd,4,272,41
arena,odd,4,273,41
arena,odd,4,274,41
arena,odd,4,275,41
arena,odd,4,276,41
arena,odd,4,277,41
arena,odd,4,278,41
arena,odd,4,279,41
arena,odd,4,280,41
arena,odd,4,281,41
arena,odd,4,282,41
arena,odd,4,283,41
arena,odd,4,284,41
arena,odd,4,285,50
arena,odd,4,286,50
arena,odd,4,287,80
arena,odd,4,288,51
arena,odd,4,289,41
arena,odd,4,290,41
arena,odd,4,291,41
arena,odd,4,292,41
arena,odd,4,293,41
arena,odd,4,294,41
arena,odd,4,295,41
arena,odd,4,296,41
arena,odd,4,297,41
arena,odd,4,298,41
arena,odd,4,299,41
arena,odd,4,300,41
arena,odd,4,301,41
arena,odd,4,302,41
arena,odd,4,303,41
arena,odd,4,304,41
arena,odd,4,305,41
arena,odd,4,306,41
arena,odd,4,307,41
arena,odd,4,308,41
arena,odd,4,309,41
arena,odd,4,310,41
arena,odd,4,311,41
arena,odd,4,312,41
arena,odd,4,313,41
arena,odd,4,314,41
arena,odd,4,315,41
arena,odd,4,316,41
arena,odd,4,317,41
arena,odd,4,318,41
arena,odd,4,319,41
arena,odd,4,320,41
arena,odd,4,321,41
arena,odd,4,322,41
arena,odd,4,323,41
arena,odd,4,324,41
arena,odd,4,325,41
arena,odd,4,326,41
arena,odd,4,327,41
arena,odd,4,328,41
arena,odd,4,329,41
arena,odd,4,330,41
arena,odd,4,331,41
arena,odd,4,332,41
arena,odd,4,333,41
arena,odd,4,334,41
arena,odd,4,335,41
arena,odd,4,336,41
arena,odd,4,337,41
arena,odd,4,338,41
arena,odd,4,339,41
arena,odd,4,340,41
arena,odd,4,341,70
arena,odd,4,342,41
arena,odd,4,343,41
arena,odd,4,344,41
arena,odd,4,345,41
arena,odd,4,346,41
arena,odd,4,347,41
arena,odd,4,348,41
arena,odd,4,349,41
arena,odd,4,350,41
arena,odd,4,351,41
arena,odd,4,352,41
arena,odd,4,353,41
arena,odd,4,354,41
arena,odd,4,355,41
arena,odd,4,356,41
arena,odd,4,357,41
arena,odd,4,358,41
arena,odd,4,359,41
arena,odd,4,360,41
arena,odd,4,361,41
arena,odd,4,362,41
arena,odd,4,363,41
arena,odd,4,364,41
arena,odd,4,365,41
arena,odd,4,366,41
arena,odd,4,367,41
arena,odd,4,368,41
arena,odd,4,369,41
arena,odd,4,370,41
arena,odd,4,371,41
arena,odd,4,372,41
arena,odd,4,373,41
arena,odd,4,374,41
arena,odd,4,375,41
arena,odd,4,376,41
arena,odd,4,377,41
arena,odd,4,378,41
arena,odd,4,379,41
arena,odd,4,380,41
arena,odd,4,381,41
arena,odd,4,382,41
arena,odd,4,383,41
arena,odd,4,384,41
arena,odd,4,385,41
arena,odd,4,386,41
arena,odd,4,387,41
arena,odd,4,388,41
arena,odd,4,389,41
arena,odd,4,390,41
arena,odd,4,391,41
arena,odd,4,392,41
arena,odd,4,393,51
arena,odd,4,394,50
arena,odd,4,395,80
arena,odd,4,396,41
arena,odd,4,397,41
arena,odd,4,398,41
arena,odd,4,399,41
malloc,odd,4,0,150
malloc,odd,4,1,70
malloc,odd,4,2,71
malloc,odd,4,3,71
malloc,odd,4,4,61
malloc,odd,4,5,70
malloc,odd,4,6,61
malloc,odd,4,7,100
malloc,odd,4,8,71
malloc,odd,4,9,70
malloc,odd,4,10,60
malloc,odd,4,11,60
malloc,odd,4,12,60
malloc,odd,4,13,61
malloc,odd,4,14,60
malloc,odd,4,15,70
malloc,odd,4,16,60
malloc,odd,4,17,60
malloc,odd,4,18,60
malloc,odd,4,19,60
malloc,odd,4,20,70
malloc,odd,4,21,70
malloc,odd,4,22,71
malloc,odd,4,23,70
malloc,odd,4,24,541
malloc,odd,4,25,120
malloc,odd,4,26,70
malloc,odd,4,27,70
malloc,odd,4,28,61
malloc,odd,4,29,60
malloc,odd,4,30,60
malloc,odd,4,31,61
malloc,odd,4,32,70
malloc,odd,4,33,60
malloc,odd,4,34,60
malloc,odd,4,35,60
malloc,odd,4,36,61
malloc,odd,4,37,60
malloc,odd,4,38,61
malloc,odd,4,39,61
malloc,odd,4,40,60
malloc,odd,4,41,60
malloc,odd,4,42,61
malloc,odd,4,43,60
malloc,odd,4,44,70
malloc,odd,4,45,61
malloc,odd,4,46,61
malloc,odd,4,47,71
malloc,odd,4,48,60
malloc,odd,4,49,81
malloc,odd,4,50,80
malloc,odd,4,51,60
malloc,odd,4,52,70
malloc,odd,4,53,70
malloc,odd,4,54,111
malloc,odd,4,55,70
malloc,odd,4,56,70
malloc,odd,4,57,61
malloc,odd,4,58,60
malloc,odd,4,59,60
malloc,odd,4,60,70
malloc,odd,4,61,70
malloc,odd,4,62,61
malloc,odd,4,63,60
malloc,odd,4,64,61
malloc,odd,4,65,60
malloc,odd,4,66,61
malloc,odd,4,67,61
malloc,odd,4,68,60
malloc,odd,4,69,60
malloc,odd,4,70,61
malloc,odd,4,71,60
malloc,odd,4,72,70
malloc,odd,4,73,61
malloc,odd,4,74,61
malloc,odd,4,75,60
malloc,odd,4,76,60
malloc,odd,4,77,61
malloc,odd,4,78,60
malloc,odd,4,79,70
malloc,odd,4,80,71
malloc,odd,4,81,60
malloc,odd,4,82,60
malloc,odd,4,83,61
malloc,odd,4,84,60
malloc,odd,4,85,61
malloc,odd,4,86,61
malloc,odd,4,87,70
malloc,odd,4,88,60
malloc,odd,4,89,61
malloc,odd,4,90,60
malloc,odd,4,91,60
malloc,odd,4,92,60
malloc,odd,4,93,60
malloc,odd,4,94,70
malloc,odd,4,95,60
malloc,odd,4,96,70
malloc,odd,4,97,60
malloc,odd,4,98,60
malloc,odd,4,99,60
malloc,odd,4,100,60
malloc,odd,4,101,80
malloc,odd,4,102,70
malloc,odd,4,103,61
malloc,odd,4,104,60
malloc,odd,4,105,60
malloc,odd,4,106,60
malloc,odd,4,107,60
malloc,odd,4,108,60
malloc,odd,4,109,61
malloc,odd,4,110,60
malloc,odd,4,111,61
malloc,odd,4,112,60
malloc,odd,4,113,60
malloc,odd,4,114,61
malloc,odd,4,115,61
malloc,odd,4,116,61
malloc,odd,4,117,60
malloc,odd,4,118,61
malloc,odd,4,119,61
malloc,odd,4,120,60
malloc,odd,4,121,61
malloc,odd,4,122,70
malloc,odd,4,123,70
malloc,odd,4,124,60
malloc,odd,4,125,60
malloc,odd,4,126,60
malloc,odd,4,127,61
malloc,odd,4,128,61
malloc,odd,4,129,71
malloc,odd,4,130,70
malloc,odd,4,131,61
malloc,odd,4,132,61
malloc,odd,4,133,60
malloc,odd,4,134,61
malloc,odd,4,135,61
malloc,odd,4,136,61
malloc,odd,4,137,60
malloc,odd,4,138,70
malloc,odd,4,139,60
malloc,odd,4,140,61
malloc,odd,4,141,70
malloc,odd,4,142,61
malloc,odd,4,143,61
malloc,odd,4,144,60
malloc,odd,4,145,61
malloc,odd,4,146,61
malloc,odd,4,147,70
malloc,odd,4,148,60
malloc,odd,4,149,5300
malloc,odd,4,150,60
malloc,odd,4,151,61
malloc,odd,4,152,60
malloc,odd,4,153,60
malloc,odd,4,154,61
malloc,odd,4,155,60
malloc,odd,4,156,61
malloc,odd,4,157,61
malloc,odd,4,158,60
malloc,odd,4,159,70
malloc,odd,4,160,60
malloc,odd,4,161,61
malloc,odd,4,162,61
malloc,odd,4,163,60
malloc,odd,4,164,61
malloc,odd,4,165,70
malloc,odd,4,166,60
malloc,odd,4,167,61
malloc,odd,4,168,61
malloc,odd,4,169,60
malloc,odd,4,170,60
malloc,odd,4,171,61
malloc,odd,4,172,61
malloc,odd,4,173,61
malloc,odd,4,174,60
malloc,odd,4,175,70
malloc,odd,4,176,61
malloc,odd,4,177,60
malloc,odd,4,178,60
malloc,odd,4,179,61
malloc,odd,4,180,60
malloc,odd,4,181,60
malloc,odd,4,182,61
malloc,odd,4,183,70
malloc,odd,4,184,70
malloc,odd,4,185,60
malloc,odd,4,186,60
malloc,odd,4,187,61
malloc,odd,4,188,61
malloc,odd,4,189,61
malloc,odd,4,190,60
malloc,odd,4,191,60
malloc,odd,4,192,61
malloc,odd,4,193,60
malloc,odd,4,194,70
malloc,odd,4,195,6832
malloc,odd,4,196,80
malloc,odd,4,197,61
malloc,odd,4,198,61
malloc,odd,4,199,61
malloc,odd,4,200,61
malloc,odd,4,201,61
malloc,odd,4,202,60
malloc,odd,4,203,70
malloc,odd,4,204,61
malloc,odd,4,205,60
malloc,odd,4,206,70
malloc,odd,4,207,60
malloc,odd,4,208,61
malloc,odd,4,209,61
malloc,odd,4,210,70
malloc,odd,4,211,60
malloc,odd,4,212,71
malloc,odd,4,213,61
malloc,odd,4,214,61
malloc,odd,4,215,61
malloc,odd,4,216,60
malloc,odd,4,217,60
malloc,odd,4,218,61
malloc,odd,4,219,70
malloc,odd,4,220,70
malloc,odd,4,221,61
malloc,odd,4,222,61
malloc,odd,4,223,61
malloc,odd,4,224,61
malloc,odd,4,225,60
malloc,odd,4,226,60
malloc,odd,4,227,70
malloc,odd,4,228,61
malloc,odd,4,229,60
malloc,odd,4,230,61
malloc,odd,4,231,70
malloc,odd,4,232,61
malloc,odd,4,233,61
malloc,odd,4,234,60
malloc,odd,4,235,61
malloc,odd,4,236,60
malloc,odd,4,237,70
malloc,odd,4,238,71
malloc,odd,4,239,60
malloc,odd,4,240,70
malloc,odd,4,241,60
malloc,odd,4,242,5871
malloc,odd,4,243,60
malloc,odd,4,244,61
malloc,odd,4,245,60
malloc,odd,4,246,60
malloc,odd,4,247,61
malloc,odd,4,248,60
malloc,odd,4,249,60
malloc,odd,4,250,70
malloc,odd,4,251,60
malloc,odd,4,252,60
malloc,odd,4,253,61
malloc,odd,4,254,60
malloc,odd,4,255,60
malloc,odd,4,256,60
malloc,odd,4,257,60
malloc,odd,4,258,70
malloc,odd,4,259,60
malloc,odd,4,260,60
malloc,odd,4,261,60
malloc,odd,4,262,60
malloc,odd,4,263,60
malloc,odd,4,264,60
malloc,odd,4,265,61
malloc,odd,4,266,61
malloc,odd,4,267,60
malloc,odd,4,268,61
malloc,odd,4,269,60
malloc,odd,4,270,61
malloc,odd,4,271,60
malloc,odd,4,272,60
malloc,odd,4,273,71
malloc,odd,4,274,60
malloc,odd,4,275,61
malloc,odd,4,276,61
malloc,odd,4,277,70
malloc,odd,4,278,61
malloc,odd,4,279,60
malloc,odd,4,280,61
malloc,odd,4,281,61
malloc,odd,4,282,60
malloc,odd,4,283,60
malloc,odd,4,284,61
malloc,odd,4,285,70
malloc,odd,4,286,71
malloc,odd,4,287,61
malloc,odd,4,288,70
malloc,odd,4,289,110
malloc,odd,4,290,90
malloc,odd,4,291,61
malloc,odd,4,292,70
malloc,odd,4,293,60
malloc,odd,4,294,60
malloc,odd,4,295,60
malloc,odd,4,296,61
malloc,odd,4,297,60
malloc,odd,4,298,61
malloc,odd,4,299,70
malloc,odd,4,300,60
malloc,odd,4,301,60
malloc,odd,4,302,61
malloc,odd,4,303,61
malloc,odd,4,304,70
malloc,odd,4,305,61
malloc,odd,4,306,70
malloc,odd,4,307,70
malloc,odd,4,308,61
malloc,odd,4,309,60
malloc,odd,4,310,61
malloc,odd,4,311,61
malloc,odd,4,312,60
malloc,odd,4,313,60
malloc,odd,4,314,60
malloc,odd,4,315,60
malloc,odd,4,316,60
malloc,odd,4,317,61
malloc,odd,4,318,61
malloc,odd,4,319,70
malloc,odd,4,320,60
malloc,odd,4,321,60
malloc,odd,4,322,61
malloc,odd,4,323,70
malloc,odd,4,324,61
malloc,odd,4,325,61
malloc,odd,4,326,60
malloc,odd,4,327,60
malloc,odd,4,328,60
malloc,odd,4,329,70
malloc,odd,4,330,60
malloc,odd,4,331,61
malloc,odd,4,332,61
malloc,odd,4,333,61
malloc,odd,4,334,61
malloc,odd,4,335,70
malloc,odd,4,336,5781
malloc,odd,4,337,60
malloc,odd,4,338,61
malloc,odd,4,339,61
malloc,odd,4,340,60
malloc,odd,4,341,60
malloc,odd,4,342,61
malloc,odd,4,343,61
malloc,odd,4,344,60
malloc,odd,4,345,60
malloc,odd,4,346,70
malloc,odd,4,347,70
malloc,odd,4,348,61
malloc,odd,4,349,61
malloc,odd,4,350,60
malloc,odd,4,351,61
malloc,odd,4,352,60
malloc,odd,4,353,60
malloc,odd,4,354,70
malloc,odd,4,355,61
malloc,odd,4,356,61
malloc,odd,4,357,60
malloc,odd,4,358,61
malloc,odd,4,359,61
malloc,odd,4,360,61
malloc,odd,4,361,60
malloc,odd,4,362,61
malloc,odd,4,363,61
malloc,odd,4,364,70
malloc,odd,4,365,61
malloc,odd,4,366,61
malloc,odd,4,367,60
malloc,odd,4,368,61
malloc,odd,4,369,70
malloc,odd,4,370,60
malloc,odd,4,371,70
malloc,odd,4,372,60
malloc,odd,4,373,61
malloc,odd,4,374,61
malloc,odd,4,375,60
malloc,odd,4,376,60
malloc,odd,4,377,61
malloc,odd,4,378,61
malloc,odd,4,379,71
malloc,odd,4,380,70
malloc,odd,4,381,61
malloc,odd,4,382,61
malloc,odd,4,383,60
malloc,odd,4,384,71
malloc,odd,4,385,61
malloc,odd,4,386,60
malloc,odd,4,387,61
malloc,odd,4,388,61
malloc,odd,4,389,61
malloc,odd,4,390,60
malloc,odd,4,391,60
malloc,odd,4,392,61
malloc,odd,4,393,60
malloc,odd,4,394,60
malloc,odd,4,395,61
malloc,odd,4,396,60
malloc,odd,4,397,70
malloc,odd,4,398,61
malloc,odd,4,399,61
pool,aligned,5,0,41
pool,aligned,5,1,41
pool,aligned,5,2,41
pool,aligned,5,3,41
pool,aligned,5,4,41
pool,aligned,5,5,41
pool,aligned,5,6,41
pool,aligned,5,7,41
pool,aligned,5,8,41
pool,aligned,5,9,41
pool,aligned,5,10,41
pool,aligned,5,11,41
pool,aligned,5,12,41
pool,aligned,5,13,41
pool,aligned,5,14,41
pool,aligned,5,15,41
pool,aligned,5,16,41
pool,aligned,5,17,41
pool,aligned,5,18,41
pool,aligned,5,19,41
pool,aligned,5,20,41
pool,aligned,5,21,41
pool,aligned,5,22,41
pool,aligned,5,23,41
pool,aligned,5,24,41
pool,aligned,5,25,41
pool,aligned,5,26,41
pool,aligned,5,27,41
pool,aligned,5,28,41
pool,aligned,5,29,41
pool,aligned,5,30,41
pool,aligned,5,31,41
pool,aligned,5,32,41
pool,aligned,5,33,41
pool,aligned,5,34,41
pool,aligned,5,35,41
pool,aligned,5,36,41
pool,aligned,5,37,41
pool,aligned,5,38,41
pool,aligned,5,39,41
pool,aligned,5,40,41
pool,aligned,5,41,41
pool,aligned,5,42,41
pool,aligned,5,43,41
pool,aligned,5,44,50
pool,aligned,5,45,51
pool,aligned,5,46,41
pool,aligned,5,47,41
pool,aligned,5,48,41
pool,aligned,5,49,5691
pool,aligned,5,50,41
pool,aligned,5,51,41
pool,aligned,5,52,41
pool,aligned,5,53,41
pool,aligned,5,54,41
pool,aligned,5,55,41
pool,aligned,5,56,41
pool,aligned,5,57,41
pool,aligned,5,58,41
pool,aligned,5,59,41
pool,aligned,5,60,41
pool,aligned,5,61,41
pool,aligned,5,62,41
pool,aligned,5,63,41
pool,aligned,5,64,41
pool,aligned,5,65,41
pool,aligned,5,66,41
pool,aligned,5,67,41
pool,aligned,5,68,41
pool,aligned,5,69,41
pool,aligned,5,70,41
pool,aligned,5,71,41
pool,aligned,5,72,41
pool,aligned,5,73,41
pool,aligned,5,74,41
pool,aligned,5,75,41
pool,aligned,5,76,41
pool,aligned,5,77,41
pool,aligned,5,78,41
pool,aligned,5,79,41
pool,aligned,5,80,41
pool,aligned,5,81,41
pool,aligned,5,82,41
pool,aligned,5,83,41
pool,aligned,5,84,41
pool,aligned,5,85,41
pool,aligned,5,86,41
pool,aligned,5,87,41
pool,aligned,5,88,41
pool,aligned,5,89,41
pool,aligned,5,90,41
pool,aligned,5,91,41
pool,aligned,5,92,41
pool,aligned,5,93,41
pool,aligned,5,94,41
pool,aligned,5,95,41
pool,aligned,5,96,41
pool,aligned,5,97,41
pool,aligned,5,98,41
pool,aligned,5,99,41
pool,aligned,5,100,41
pool,aligned,5,101,51
pool,aligned,5,102,5972
pool,aligned,5,103,51
pool,aligned,5,104,50
pool,aligned,5,105,41
pool,aligned,5,106,41
pool,aligned,5,107,41
pool,aligned,5,108,41
pool,aligned,5,109,41
pool,aligned,5,110,41
pool,aligned,5,111,41
pool,aligned,5,112,41
pool,aligned,5,113,41
pool,aligned,5,114,41
pool,aligned,5,115,41
pool,aligned,5,116,41
pool,aligned,5,117,41
pool,aligned,5,118,41
pool,aligned,5,119,41
pool,aligned,5,120,41
pool,aligned,5,121,41
pool,aligned,5,122,41
pool,aligned,5,123,41
pool,aligned,5,124,41
pool,aligned,5,125,41
pool,aligned,5,126,41
pool,aligned,5,127,41
pool,aligned,5,128,41
pool,aligned,5,129,41
pool,aligned,5,130,41
pool,aligned,5,131,41
pool,aligned,5,132,41
pool,aligned,5,133,41
pool,aligned,5,134,41
pool,aligned,5,135,41
pool,aligned,5,136,41
pool,aligned,5,137,41
pool,aligned,5,138,41
pool,aligned,5,139,41
pool,aligned,5,140,41
pool,aligned,5,141,41
pool,aligned,5,142,41
pool,aligned,5,143,41
pool,aligned,5,144,41
pool,aligned,5,145,41
pool,aligned,5,146,41
pool,aligned,5,147,41
pool,aligned,5,148,41
pool,aligned,5,149,41
pool,aligned,5,150,41
pool,aligned,5,151,41
pool,aligned,5,152,41
pool,aligned,5,153,41
pool,aligned,5,154,90
pool,aligned,5,155,41
pool,aligned,5,156,41
pool,aligned,5,157,41
pool,aligned,5,158,41
pool,aligned,5,159,41
pool,aligned,5,160,41
pool,aligned,5,161,41
pool,aligned,5,162,41
pool,aligned,5,163,41
pool,aligned,5,164,41
pool,aligned,5,165,41
pool,aligned,5,166,41
pool,aligned,5,167,41
pool,aligned,5,168,41
pool,aligned,5,169,41
pool,aligned,5,170,41
pool,aligned,5,171,41
pool,aligned,5,172,41
pool,aligned,5,173,41
pool,aligned,5,174,41
pool,aligned,5,175,41
pool,aligned,5,176,41
pool,aligned,5,177,41
pool,aligned,5,178,41
pool,aligned,5,179,41
pool,aligned,5,180,41
pool,aligned,5,181,41
pool,aligned,5,182,41
pool,aligned,5,183,41
pool,aligned,5,184,41
pool,aligned,5,185,41
pool,aligned,5,186,41
pool,aligned,5,187,41
pool,aligned,5,188,41
pool,aligned,5,189,41
pool,aligned,5,190,41
pool,aligned,5,191,41
pool,aligned,5,192,41
pool,aligned,5,193,41
pool,aligned,5,194,41
pool,aligned,5,195,41
pool,aligned,5,196,41
pool,aligned,5,197,41
pool,aligned,5,198,41
pool,aligned,5,199,41
pool,aligned,5,200,41
pool,aligned,5,201,50
pool,aligned,5,202,51
pool,aligned,5,203,41
pool,aligned,5,204,41
pool,aligned,5,205,6753
pool,aligned,5,206,41
pool,aligned,5,207,41
pool,aligned,5,208,41
pool,aligned,5,209,41
pool,aligned,5,210,41
pool,aligned,5,211,41
pool,aligned,5,212,41
pool,aligned,5,213,41
pool,aligned,5,214,41
pool,aligned,5,215,41
pool,aligned,5,216,41
pool,aligned,5,217,41
pool,aligned,5,218,41
pool,aligned,5,219,41
pool,aligned,5,220,41
pool,aligned,5,221,41
pool,aligned,5,222,41
pool,aligned,5,223,41
pool,aligned,5,224,41
pool,aligned,5,225,41
pool,aligned,5,226,41
pool,aligned,5,227,41
pool,aligned,5,228,41
pool,aligned,5,229,41
pool,aligned,5,230,41
pool,aligned,5,231,41
pool,aligned,5,232,41
pool,aligned,5,233,41
pool,aligned,5,234,41
pool,aligned,5,235,41
pool,aligned,5,236,41
pool,aligned,5,237,41
pool,aligned,5,238,41
pool,aligned,5,239,41
pool,aligned,5,240,41
pool,aligned,5,241,41
pool,aligned,5,242,41
pool,aligned,5,243,41
pool,aligned,5,244,41
pool,aligned,5,245,41
pool,aligned,5,246,41
pool,aligned,5,247,41
pool,aligned,5,248,41
pool,aligned,5,249,41
pool,aligned,5,250,41
pool,aligned,5,251,41
pool,aligned,5,252,41
pool,aligned,5,253,41
pool,aligned,5,254,51
pool,aligned,5,255,51
pool,aligned,5,256,41
pool,aligned,5,257,41
pool,aligned,5,258,5340
pool,aligned,5,259,41
pool,aligned,5,260,41
pool,aligned,5,261,41
pool,aligned,5,262,41
pool,aligned,5,263,41
pool,aligned,5,264,41
pool,aligned,5,265,41
pool,aligned,5,266,41
pool,aligned,5,267,41
pool,aligned,5,268,41
pool,aligned,5,269,41
pool,aligned,5,270,41
pool,aligned,5,271,41
pool,aligned,5,272,41
pool,aligned,5,273,41
pool,aligned,5,274,41
pool,aligned,5,275,41
pool,aligned,5,276,41
pool,aligned,5,277,41
pool,aligned,5,278,41
pool,aligned,5,279,41
pool,aligned,5,280,41
pool,aligned,5,281,41
pool,aligned,5,282,41
pool,aligned,5,283,41
pool,aligned,5,284,41
pool,aligned,5,285,41
pool,aligned,5,286,41
pool,aligned,5,287,41
pool,aligned,5,288,41
pool,aligned,5,289,41
pool,aligned,5,290,41
pool,aligned,5,291,41
pool,aligned,5,292,41
pool,aligned,5,293,41
pool,aligned,5,294,41
pool,aligned,5,295,41
pool,aligned,5,296,41
pool,aligned,5,297,41
pool,aligned,5,298,41
pool,aligned,5,299,41
pool,aligned,5,300,41
pool,aligned,5,301,41
pool,aligned,5,302,41
pool,aligned,5,303,41
pool,aligned,5,304,41
pool,aligned,5,305,41
pool,aligned,5,306,41
pool,aligned,5,307,41
pool,aligned,5,308,41
pool,aligned,5,309,41
pool,aligned,5,310,41
pool,aligned,5,311,6432
pool,aligned,5,312,51
pool,aligned,5,313,51
pool,aligned,5,314,51
pool,aligned,5,315,41
pool,aligned,5,316,41
pool,aligned,5,317,41
pool,aligned,5,318,41
pool,aligned,5,319,41
pool,aligned,5,320,41
pool,aligned,5,321,41
pool,aligned,5,322,41
pool,aligned,5,323,41
pool,aligned,5,324,41
pool,aligned,5,325,41
pool,aligned,5,326,41
pool,aligned,5,327,41
pool,aligned,5,328,41
pool,aligned,5,329,41
pool,aligned,5,330,41
pool,aligned,5,331,41
pool,aligned,5,332,41
pool,aligned,5,333,41
pool,aligned,5,334,41
pool,aligned,5,335,41
pool,aligned,5,336,41
pool,aligned,5,337,41
pool,aligned,5,338,41
pool,aligned,5,339,41
pool,aligned,5,340,41
pool,aligned,5,341,41
pool,aligned,5,342,41
pool,aligned,5,343,41
pool,aligned,5,344,41
pool,aligned,5,345,41
pool,aligned,5,346,41
pool,aligned,5,347,41
pool,aligned,5,348,41
pool,aligned,5,349,41
pool,aligned,5,350,41
pool,aligned,5,351,42
pool,aligned,5,352,41
pool,aligned,5,353,41
pool,aligned,5,354,41
pool,aligned,5,355,41
pool,aligned,5,356,41
pool,aligned,5,357,41
pool,aligned,5,358,41
pool,aligned,5,359,51
pool,aligned,5,360,51
pool,aligned,5,361,50
pool,aligned,5,362,41
pool,aligned,5,363,41
pool,aligned,5,364,71
pool,aligned,5,365,41
pool,aligned,5,366,41
pool,aligned,5,367,41
pool,aligned,5,368,41
pool,aligned,5,369,41
pool,aligned,5,370,41
pool,aligned,5,371,41
pool,aligned,5,372,41
pool,aligned,5,373,41
pool,aligned,5,374,41
pool,aligned,5,375,41
pool,aligned,5,376,41
pool,aligned,5,377,41
pool,aligned,5,378,41
pool,aligned,5,379,41
pool,aligned,5,380,41
pool,aligned,5,381,41
pool,aligned,5,382,41
pool,aligned,5,383,41
pool,aligned,5,384,41
pool,aligned,5,385,41
pool,aligned,5,386,41
pool,aligned,5,387,41
pool,aligned,5,388,41
pool,aligned,5,389,41
pool,aligned,5,390,41
pool,aligned,5,391,41
pool,aligned,5,392,41
pool,aligned,5,393,41
pool,aligned,5,394,41
pool,aligned,5,395,41
pool,aligned,5,396,41
pool,aligned,5,397,41
pool,aligned,5,398,41
pool,aligned,5,399,41
stack,aligned,5,0,41
stack,aligned,5,1,41
stack,aligned,5,2,41
stack,aligned,5,3,41
stack,aligned,5,4,41
stack,aligned,5,5,41
stack,aligned,5,6,41
stack,aligned,5,7,41
stack,aligned,5,8,41
stack,aligned,5,9,41
stack,aligned,5,10,41
stack,aligned,5,11,41
stack,aligned,5,12,41
stack,aligned,5,13,41
stack,aligned,5,14,41
stack,aligned,5,15,41
stack,aligned,5,16,41
stack,aligned,5,17,41
stack,aligned,5,18,41
stack,aligned,5,19,41
stack,aligned,5,20,41
stack,aligned,5,21,41
stack,aligned,5,22,41
stack,aligned,5,23,41
stack,aligned,5,24,41
stack,aligned,5,25,41
stack,aligned,5,26,41
stack,aligned,5,27,41
stack,aligned,5,28,41
stack,aligned,5,29,41
stack,aligned,5,30,41
stack,aligned,5,31,41
stack,aligned,5,32,41
stack,aligned,5,33,41
stack,aligned,5,34,51
stack,aligned,5,35,51
stack,aligned,5,36,41
stack,aligned,5,37,6754
stack,aligned,5,38,41
stack,aligned,5,39,41
stack,aligned,5,40,41
stack,aligned,5,41,41
stack,aligned,5,42,41
stack,aligned,5,43,41
stack,aligned,5,44,41
stack,aligned,5,45,41
stack,aligned,5,46,41
stack,aligned,5,47,41
stack,aligned,5,48,41
stack,aligned,5,49,41
stack,aligned,5,50,41
stack,aligned,5,51,41
stack,aligned,5,52,41
stack,aligned,5,53,41
stack,aligned,5,54,41
stack,aligned,5,55,41
stack,aligned,5,56,41
stack,aligned,5,57,41
stack,aligned,5,58,41
stack,aligned,5,59,41
stack,aligned,5,60,41
stack,aligned,5,61,41
stack,aligned,5,62,41
stack,aligned,5,63,41
stack,aligned,5,64,41
stack,aligned,5,65,41
stack,aligned,5,66,41
stack,aligned,5,67,41
stack,aligned,5,68,41
stack,aligned,5,69,41
stack,aligned,5,70,41
stack,aligned,5,71,41
stack,aligned,5,72,41
stack,aligned,5,73,41
stack,aligned,5,74,41
stack,aligned,5,75,41
stack,aligned,5,76,41
stack,aligned,5,77,41
stack,aligned,5,78,41
stack,aligned,5,79,41
stack,aligned,5,80,41
stack,aligned,5,81,41
stack,aligned,5,82,41
stack,aligned,5,83,41
stack,aligned,5,84,41
stack,aligned,5,85,41
stack,aligned,5,86,41
stack,aligned,5,87,41
stack,aligned,5,88,41
stack,aligned,5,89,41
stack,aligned,5,90,5650
stack,aligned,5,91,51
stack,aligned,5,92,51
stack,aligned,5,93,51
stack,aligned,5,94,41
stack,aligned,5,95,41
stack,aligned,5,96,41
stack,aligned,5,97,41
stack,aligned,5,98,41
stack,aligned,5,99,41
stack,aligned,5,100,41
stack,aligned,5,101,41
stack,aligned,5,102,41
stack,aligned,5,103,41
stack,aligned,5,104,41
stack,aligned,5,105,41
stack,aligned,5,106,41
stack,aligned,5,107,41
stack,aligned,5,108,41
stack,aligned,5,109,41
stack,aligned,5,110,41
stack,aligned,5,111,41
stack,aligned,5,112,41
stack,aligned,5,113,41
stack,aligned,5,114,41
stack,aligned,5,115,41
stack,aligned,5,116,41
stack,aligned,5,117,41
stack,aligned,5,118,41
stack,aligned,5,119,41
stack,aligned,5,120,41
stack,aligned,5,121,41
stack,aligned,5,122,41
stack,aligned,5,123,41
stack,aligned,5,124,41
stack,aligned,5,125,41
stack,aligned,5,126,41
stack,aligned,5,127,41
stack,aligned,5,128,41
stack,aligned,5,129,41
stack,aligned,5,130,41
stack,aligned,5,131,41
stack,aligned,5,132,41
stack,aligned,5,133,41
stack,aligned,5,134,41
stack,aligned,5,135,41
stack,aligned,5,136,41
stack,aligned,5,137,41
stack,aligned,5,138,41
stack,aligned,5,139,41
stack,aligned,5,140,41
stack,aligned,5,141,41
stack,aligned,5,142,41
stack,aligned,5,143,41
stack,aligned,5,144,41
stack,aligned,5,145,41
stack,aligned,5,146,41
stack,aligned,5,147,41
stack,aligned,5,148,41
stack,aligned,5,149,41
stack,aligned,5,150,41
stack,aligned,5,151,41
stack,aligned,5,152,41
stack,aligned,5,153,41
stack,aligned,5,154,41
stack,aligned,5,155,41
stack,aligned,5,156,41
stack,aligned,5,157,41
stack,aligned,5,158,41
stack,aligned,5,159,41
stack,aligned,5,160,41
stack,aligned,5,161,41
stack,aligned,5,162,41
stack,aligned,5,163,41
stack,aligned,5,164,41
stack,aligned,5,165,41
stack,aligned,5,166,41
stack,aligned,5,167,41
stack,aligned,5,168,41
stack,aligned,5,169,41
stack,aligned,5,170,41
stack,aligned,5,171,41
stack,aligned,5,172,41
stack,aligned,5,173,41
stack,aligned,5,174,41
stack,aligned,5,175,41
stack,aligned,5,176,41
stack,aligned,5,177,41
stack,aligned,5,178,41
stack,aligned,5,179,41
stack,aligned,5,180,41
stack,aligned,5,181,41
stack,aligned,5,182,41
stack,aligned,5,183,41
stack,aligned,5,184,41
stack,aligned,5,185,41
stack,aligned,5,186,41
stack,aligned,5,187,41
stack,aligned,5,188,41
stack,aligned,5,189,50
stack,aligned,5,190,50
stack,aligned,5,191,51
stack,aligned,5,192,41
stack,aligned,5,193,5570
stack,aligned,5,194,41
stack,aligned,5,195,41
stack,aligned,5,196,41
stack,aligned,5,197,41
stack,aligned,5,198,41
stack,aligned,5,199,41
stack,aligned,5,200,41
stack,aligned,5,201,41
stack,aligned,5,202,41
stack,aligned,5,203,41
stack,aligned,5,204,41
stack,aligned,5,205,41
stack,aligned,5,206,41
stack,aligned,5,207,41
stack,aligned,5,208,41
stack,aligned,5,209,41
stack,aligned,5,210,41
stack,aligned,5,211,41
stack,aligned,5,212,41
stack,aligned,5,213,41
stack,aligned,5,214,41
stack,aligned,5,215,41
stack,aligned,5,216,41
stack,aligned,5,217,41
stack,aligned,5,218,41
stack,aligned,5,219,41
stack,aligned,5,220,41
stack,aligned,5,221,41
stack,aligned,5,222,41
stack,aligned,5,223,41
stack,aligned,5,224,41
stack,aligned,5,225,41
stack,aligned,5,226,41
stack,aligned,5,227,41
stack,aligned,5,228,41
stack,aligned,5,229,41
stack,aligned,5,230,41
stack,aligned,5,231,41
stack,aligned,5,232,41
stack,aligned,5,233,41
stack,aligned,5,234,41
stack,aligned,5,235,41
stack,aligned,5,236,41
stack,aligned,5,237,41
stack,aligned,5,238,41
stack,aligned,5,239,41
stack,aligned,5,240,41
stack,aligned,5,241,41
stack,aligned,5,242,41
stack,aligned,5,243,41
stack,aligned,5,244,41
stack,aligned,5,245,41
stack,aligned,5,246,5530
stack,aligned,5,247,41
stack,aligned,5,248,41
stack,aligned,5,249,41
stack,aligned,5,250,41
stack,aligned,5,251,41
stack,aligned,5,252,41
stack,aligned,5,253,41
stack,aligned,5,254,41
stack,aligned,5,255,41
stack,aligned,5,256,41
stack,aligned,5,257,41
stack,aligned,5,258,41
stack,aligned,5,259,41
stack,aligned,5,260,41
stack,aligned,5,261,41
stack,aligned,5,262,41
stack,aligned,5,263,41
stack,aligned,5,264,41
stack,aligned,5,265,41
stack,aligned,5,266,41
stack,aligned,5,267,41
stack,aligned,5,268,41
stack,aligned,5,269,41
stack,aligned,5,270,41
stack,aligned,5,271,41
stack,aligned,5,272,41
stack,aligned,5,273,41
stack,aligned,5,274,41
stack,aligned,5,275,41
stack,aligned,5,276,41
stack,aligned,5,277,41
stack,aligned,5,278,41
stack,aligned,5,279,41
stack,aligned,5,280,41
stack,aligned,5,281,41
stack,aligned,5,282,41
stack,aligned,5,283,41
stack,aligned,5,284,41
stack,aligned,5,285,41
stack,aligned,5,286,41
stack,aligned,5,287,41
stack,aligned,5,288,41
stack,aligned,5,289,41
stack,aligned,5,290,41
stack,aligned,5,291,41
stack,aligned,5,292,41
stack,aligned,5,293,41
stack,aligned,5,294,41
stack,aligned,5,295,41
stack,aligned,5,296,41
stack,aligned,5,297,41
stack,aligned,5,298,41
stack,aligned,5,299,70
stack,aligned,5,300,51
stack,aligned,5,301,51
stack,aligned,5,302,51
stack,aligned,5,303,41
stack,aligned,5,304,41
stack,aligned,5,305,41
stack,aligned,5,306,41
stack,aligned,5,307,41
stack,aligned,5,308,41
stack,aligned,5,309,41
stack,aligned,5,310,42
stack,aligned,5,311,41
stack,aligned,5,312,41
stack,aligned,5,313,41
stack,aligned,5,314,41
stack,aligned,5,315,41
stack,aligned,5,316,41
stack,aligned,5,317,41
stack,aligned,5,318,41
stack,aligned,5,319,41
stack,aligned,5,320,41
stack,aligned,5,321,41
stack,aligned,5,322,41
stack,aligned,5,323,41
stack,aligned,5,324,41
stack,aligned,5,325,41
stack,aligned,5,326,41
stack,aligned,5,327,41
stack,aligned,5,328,41
stack,aligned,5,329,41
stack,aligned,5,330,41
stack,aligned,5,331,41
stack,aligned,5,332,41
stack,aligned,5,333,41
stack,aligned,5,334,41
stack,aligned,5,335,41
stack,aligned,5,336,41
stack,aligned,5,337,41
stack,aligned,5,338,41
stack,aligned,5,339,41
stack,aligned,5,340,41
stack,aligned,5,341,41
stack,aligned,5,342,41
stack,aligned,5,343,41
stack,aligned,5,344,41
stack,aligned,5,345,41
stack,aligned,5,346,41
stack,aligned,5,347,41
stack,aligned,5,348,41
stack,aligned,5,349,41
stack,aligned,5,350,41
stack,aligned,5,351,80
stack,aligned,5,352,51
stack,aligned,5,353,51
stack,aligned,5,354,41
stack,aligned,5,355,41
stack,aligned,5,356,41
stack,aligned,5,357,41
stack,aligned,5,358,41
stack,aligned,5,359,41
stack,aligned,5,360,41
stack,aligned,5,361,41
stack,aligned,5,362,41
stack,aligned,5,363,41
stack,aligned,5,364,41
stack,aligned,5,365,41
stack,aligned,5,366,41
stack,aligned,5,367,41
stack,aligned,5,368,41
stack,aligned,5,369,41
stack,aligned,5,370,41
stack,aligned,5,371,41
stack,aligned,5,372,41
stack,aligned,5,373,41
stack,aligned,5,374,41
stack,aligned,5,375,41
stack,aligned,5,376,41
stack,aligned,5,377,41
stack,aligned,5,378,41
stack,aligned,5,379,41
stack,aligned,5,380,41
stack,aligned,5,381,41
stack,aligned,5,382,41
stack,aligned,5,383,41
stack,aligned,5,384,41
stack,aligned,5,385,41
stack,aligned,5,386,41
stack,aligned,5,387,41
stack,aligned,5,388,41
stack,aligned,5,389,41
stack,aligned,5,390,41
stack,aligned,5,391,41
stack,aligned,5,392,41
stack,aligned,5,393,41
stack,aligned,5,394,41
stack,aligned,5,395,41
stack,aligned,5,396,41
stack,aligned,5,397,41
stack,aligned,5,398,41
stack,aligned,5,399,41
arena,aligned,5,0,41
arena,aligned,5,1,41
arena,aligned,5,2,41
arena,aligned,5,3,41
arena,aligned,5,4,41
arena,aligned,5,5,41
arena,aligned,5,6,41
arena,aligned,5,7,41
arena,aligned,5,8,41
arena,aligned,5,9,41
arena,aligned,5,10,41
arena,aligned,5,11,41
arena,aligned,5,12,41
arena,aligned,5,13,41
arena,aligned,5,14,41
arena,aligned,5,15,41
arena,aligned,5,16,41
arena,aligned,5,17,41
arena,aligned,5,18,41
arena,aligned,5,19,41
arena,aligned,5,20,41
arena,aligned,5,21,41
arena,aligned,5,22,41
arena,aligned,5,23,41
arena,aligned,5,24,41
arena,aligned,5,25,41
arena,aligned,5,26,41
arena,aligned,5,27,41
arena,aligned,5,28,41
arena,aligned,5,29,41
arena,aligned,5,30,41
arena,aligned,5,31,41
arena,aligned,5,32,41
arena,aligned,5,33,41
arena,aligned,5,34,41
arena,aligned,5,35,100
arena,aligned,5,36,51
arena,aligned,5,37,50
arena,aligned,5,38,50
arena,aligned,5,39,51
arena,aligned,5,40,41
arena,aligned,5,41,41
arena,aligned,5,42,41
arena,aligned,5,43,41
arena,aligned,5,44,41
arena,aligned,5,45,41
arena,aligned,5,46,41
arena,aligned,5,47,41
arena,aligned,5,48,41
arena,aligned,5,49,41
arena,aligned,5,50,41
arena,aligned,5,51,41
arena,aligned,5,52,41
arena,aligned,5,53,41
arena,aligned,5,54,41
arena,aligned,5,55,41
arena,aligned,5,56,41
arena,aligned,5,57,41
arena,aligned,5,58,41
arena,aligned,5,59,41
arena,aligned,5,60,41
arena,aligned,5,61,41
arena,aligned,5,62,41
arena,aligned,5,63,41
arena,aligned,5,64,41
arena,aligned,5,65,41
arena,aligned,5,66,41
arena,aligned,5,67,41
arena,aligned,5,68,41
arena,aligned,5,69,41
arena,aligned,5,70,41
arena,aligned,5,71,41
arena,aligned,5,72,41
arena,aligned,5,73,41
arena,aligned,5,74,41
arena,aligned,5,75,41
arena,aligned,5,76,41
arena,aligned,5,77,41
arena,aligned,5,78,41
arena,aligned,5,79,41
arena,aligned,5,80,41
arena,aligned,5,81,41
arena,aligned,5,82,41
arena,aligned,5,83,41
arena,aligned,5,84,41
arena,aligned,5,85,41
arena,aligned,5,86,51
arena,aligned,5,87,51
arena,aligned,5,88,41
arena,aligned,5,89,60
arena,aligned,5,90,41
arena,aligned,5,91,41
arena,aligned,5,92,41
arena,aligned,5,93,41
arena,aligned,5,94,41
arena,aligned,5,95,41
arena,aligned,5,96,41
arena,aligned,5,97,41
arena,aligned,5,98,41
arena,aligned,5,99,41
arena,aligned,5,100,41
arena,aligned,5,101,42
arena,aligned,5,102,41
arena,aligned,5,103,41
arena,aligned,5,104,41
arena,aligned,5,105,41
arena,aligned,5,106,41
arena,aligned,5,107,41
arena,aligned,5,108,41
arena,aligned,5,109,41
arena,aligned,5,110,41
arena,aligned,5,111,41
arena,aligned,5,112,41
arena,aligned,5,113,41
arena,aligned,5,114,41
arena,aligned,5,115,41
arena,aligned,5,116,41
arena,aligned,5,117,41
arena,aligned,5,118,41
arena,aligned,5,119,41
arena,aligned,5,120,41
arena,aligned,5,121,41
arena,aligned,5,122,41
arena,aligned,5,123,41
arena,aligned,5,124,41
arena,aligned,5,125,41
arena,aligned,5,126,41
arena,aligned,5,127,41
arena,aligned,5,128,41
arena,aligned,5,129,41
arena,aligned,5,130,41
arena,aligned,5,131,41
arena,aligned,5,132,41
arena,aligned,5,133,41
arena,aligned,5,134,41
arena,aligned,5,135,41
arena,aligned,5,136,41
arena,aligned,5,137,41
arena,aligned,5,138,41
arena,aligned,5,139,41
arena,aligned,5,140,41
arena,aligned,5,141,41
arena,aligned,5,142,41
arena,aligned,5,143,50
arena,aligned,5,144,51
arena,aligned,5,145,51
arena,aligned,5,146,41
arena,aligned,5,147,41
arena,aligned,5,148,41
arena,aligned,5,149,41
arena,aligned,5,150,41
arena,aligned,5,151,41
arena,aligned,5,152,41
arena,aligned,5,153,41
arena,aligned,5,154,41
arena,aligned,5,155,41
arena,aligned,5,156,41
arena,aligned,5,157,41
arena,aligned,5,158,41
arena,aligned,5,159,41
arena,aligned,5,160,41
arena,aligned,5,161,41
arena,aligned,5,162,41
arena,aligned,5,163,41
arena,aligned,5,164,41
arena,aligned,5,165,41
arena,aligned,5,166,41
arena,aligned,5,167,41
arena,aligned,5,168,41
arena,aligned,5,169,41
arena,aligned,5,170,41
arena,aligned,5,171,41
arena,aligned,5,172,41
arena,aligned,5,173,41
arena,aligned,5,174,41
arena,aligned,5,175,41
arena,aligned,5,176,41
arena,aligned,5,177,41
arena,aligned,5,178,41
arena,aligned,5,179,41
arena,aligned,5,180,41
arena,aligned,5,181,41
arena,aligned,5,182,41
arena,aligned,5,183,41
arena,aligned,5,184,41
arena,aligned,5,185,41
arena,aligned,5,186,41
arena,aligned,5,187,41
arena,aligned,5,188,41
arena,aligned,5,189,41
arena,aligned,5,190,41
arena,aligned,5,191,41
arena,aligned,5,192,41
arena,aligned,5,193,41
arena,aligned,5,194,41
arena,aligned,5,195,5551
arena,aligned,5,196,41
arena,aligned,5,197,42
arena,aligned,5,198,41
arena,aligned,5,199,41
arena,aligned,5,200,41
arena,aligned,5,201,41
arena,aligned,5,202,41
arena,aligned,5,203,41
arena,aligned,5,204,41
arena,aligned,5,205,41
arena,aligned,5,206,41
arena,aligned,5,207,41
arena,aligned,5,208,41
arena,aligned,5,209,41
arena,aligned,5,210,41
arena,aligned,5,211,41
arena,aligned,5,212,41
arena,aligned,5,213,41
arena,aligned,5,214,41
arena,aligned,5,215,41
arena,aligned,5,216,41
arena,aligned,5,217,42
arena,aligned,5,218,41
arena,aligned,5,219,41
arena,aligned,5,220,41
arena,aligned,5,221,41
arena,aligned,5,222,41
arena,aligned,5,223,41
arena,aligned,5,224,41
arena,aligned,5,225,41
arena,aligned,5,226,41
arena,aligned,5,227,41
arena,aligned,5,228,41
arena,aligned,5,229,41
arena,aligned,5,230,41
arena,aligned,5,231,41
arena,aligned,5,232,41
arena,aligned,5,233,41
arena,aligned,5,234,41
arena,aligned,5,235,41
arena,aligned,5,236,41
arena,aligned,5,237,42
arena,aligned,5,238,41
arena,aligned,5,239,41
arena,aligned,5,240,41
arena,aligned,5,241,41
arena,aligned,5,242,41
arena,aligned,5,243,41
arena,aligned,5,244,41
arena,aligned,5,245,41
arena,aligned,5,246,41
arena,aligned,5,247,50
arena,aligned,5,248,50
arena,aligned,5,249,41
arena,aligned,5,250,41
arena,aligned,5,251,41
arena,aligned,5,252,41
arena,aligned,5,253,41
arena,aligned,5,254,41
arena,aligned,5,255,41
arena,aligned,5,256,41
arena,aligned,5,257,41
arena,aligned,5,258,41
arena,aligned,5,259,41
arena,aligned,5,260,41
arena,aligned,5,261,41
arena,aligned,5,262,41
arena,aligned,5,263,41
arena,aligned,5,264,41
arena,aligned,5,265,41
arena,aligned,5,266,41
arena,aligned,5,267,41
arena,aligned,5,268,41
arena,aligned,5,269,41
arena,aligned,5,270,41
arena,aligned,5,271,41
arena,aligned,5,272,41
arena,aligned,5,273,41
arena,aligned,5,274,41
arena,aligned,5,275,41
arena,aligned,5,276,41
arena,aligned,5,277,41
arena,aligned,5,278,41
arena,aligned,5,279,41
arena,aligned,5,280,41
arena,aligned,5,281,41
arena,aligned,5,282,41
arena,aligned,5,283,41
arena,aligned,5,284,41
arena,aligned,5,285,41
arena,aligned,5,286,41
arena,aligned,5,287,41
arena,aligned,5,288,41
arena,aligned,5,289,41
arena,aligned,5,290,41
arena,aligned,5,291,41
arena,aligned,5,292,41
arena,aligned,5,293,41
arena,aligned,5,294,41
arena,aligned,5,295,41
arena,aligned,5,296,41
arena,aligned,5,297,41
arena,aligned,5,298,41
arena,aligned,5,299,41
arena,aligned,5,300,50
arena,aligned,5,301,41
arena,aligned,5,302,41
arena,aligned,5,303,5901
arena,aligned,5,304,41
arena,aligned,5,305,41
arena,aligned,5,306,41
arena,aligned,5,307,41
arena,aligned,5,308,41
arena,aligned,5,309,41
arena,aligned,5,310,41
arena,aligned,5,311,41
arena,aligned,5,312,41
arena,aligned,5,313,41
arena,aligned,5,314,41
arena,aligned,5,315,41
arena,aligned,5,316,41
arena,aligned,5,317,41
arena,aligned,5,318,41
arena,aligned,5,319,41
arena,aligned,5,320,41
arena,aligned,5,321,41
arena,aligned,5,322,41
arena,aligned,5,323,41
arena,aligned,5,324,41
arena,aligned,5,325,41
arena,aligned,5,326,41
arena,aligned,5,327,41
arena,aligned,5,328,41
arena,aligned,5,329,41
arena,aligned,5,330,41
arena,aligned,5,331,41
arena,aligned,5,332,41
arena,aligned,5,333,41
arena,aligned,5,334,41
arena,aligned,5,335,41
arena,aligned,5,336,41
arena,aligned,5,337,41
arena,aligned,5,338,41
arena,aligned,5,339,41
arena,aligned,5,340,41
arena,aligned,5,341,41
arena,aligned,5,342,41
arena,aligned,5,343,41
arena,aligned,5,344,41
arena,aligned,5,345,41
arena,aligned,5,346,41
arena,aligned,5,347,41
arena,aligned,5,348,41
arena,aligned,5,349,41
arena,aligned,5,350,41
arena,aligned,5,351,41
arena,aligned,5,352,41
arena,aligned,5,353,41
arena,aligned,5,354,41
arena,aligned,5,355,41
arena,aligned,5,356,41
arena,aligned,5,357,41
arena,aligned,5,358,41
arena,aligned,5,359,51
arena,aligned,5,360,50
arena,aligned,5,361,51
arena,aligned,5,362,51
arena,aligned,5,363,41
arena,aligned,5,364,41
arena,aligned,5,365,41
arena,aligned,5,366,41
arena,aligned,5,367,41
arena,aligned,5,368,41
arena,aligned,5,369,41
arena,aligned,5,370,41
arena,aligned,5,371,41
arena,aligned,5,372,41
arena,aligned,5,373,41
arena,aligned,5,374,41
arena,aligned,5,375,41
arena,aligned,5,376,41
arena,aligned,5,377,41
arena,aligned,5,378,41
arena,aligned,5,379,41
arena,aligned,5,380,41
arena,aligned,5,381,41
arena,aligned,5,382,41
arena,aligned,5,383,41
arena,aligned,5,384,41
arena,aligned,5,385,41
arena,aligned,5,386,41
arena,aligned,5,387,41
arena,aligned,5,388,41
arena,aligned,5,389,41
arena,aligned,5,390,41
arena,aligned,5,391,41
arena,aligned,5,392,41
arena,aligned,5,393,41
arena,aligned,5,394,41
arena,aligned,5,395,41
arena,aligned,5,396,41
arena,aligned,5,397,41
arena,aligned,5,398,41
arena,aligned,5,399,41
malloc,aligned,5,0,140
malloc,aligned,5,1,90
malloc,aligned,5,2,70
malloc,aligned,5,3,60
malloc,aligned,5,4,70
malloc,aligned,5,5,70
malloc,aligned,5,6,71
malloc,aligned,5,7,70
malloc,aligned,5,8,70
malloc,aligned,5,9,61
malloc,aligned,5,10,70
malloc,aligned,5,11,60
malloc,aligned,5,12,61
malloc,aligned,5,13,70
malloc,aligned,5,14,60
malloc,aligned,5,15,60
malloc,aligned,5,16,60
malloc,aligned,5,17,61
malloc,aligned,5,18,70
malloc,aligned,5,19,60
malloc,aligned,5,20,71
malloc,aligned,5,21,70
malloc,aligned,5,22,70
malloc,aligned,5,23,71
malloc,aligned,5,24,70
malloc,aligned,5,25,80
malloc,aligned,5,26,70
malloc,aligned,5,27,60
malloc,aligned,5,28,71
malloc,aligned,5,29,60
malloc,aligned,5,30,70
malloc,aligned,5,31,61
malloc,aligned,5,32,61
malloc,aligned,5,33,70
malloc,aligned,5,34,71
malloc,aligned,5,35,70
malloc,aligned,5,36,70
malloc,aligned,5,37,70
malloc,aligned,5,38,70
malloc,aligned,5,39,61
malloc,aligned,5,40,70
malloc,aligned,5,41,71
malloc,aligned,5,42,70
malloc,aligned,5,43,61
malloc,aligned,5,44,70
malloc,aligned,5,45,70
malloc,aligned,5,46,61
malloc,aligned,5,47,71
malloc,aligned,5,48,61
malloc,aligned,5,49,60
malloc,aligned,5,50,71
malloc,aligned,5,51,70
malloc,aligned,5,52,70
malloc,aligned,5,53,70
malloc,aligned,5,54,71
malloc,aligned,5,55,70
malloc,aligned,5,56,70
malloc,aligned,5,57,60
malloc,aligned,5,58,70
malloc,aligned,5,59,61
malloc,aligned,5,60,60
malloc,aligned,5,61,60
malloc,aligned,5,62,61
malloc,aligned,5,63,60
malloc,aligned,5,64,70
malloc,aligned,5,65,60
malloc,aligned,5,66,61
malloc,aligned,5,67,70
malloc,aligned,5,68,61
malloc,aligned,5,69,70
malloc,aligned,5,70,70
malloc,aligned,5,71,70
malloc,aligned,5,72,70
malloc,aligned,5,73,60
malloc,aligned,5,74,70
malloc,aligned,5,75,70
malloc,aligned,5,76,61
malloc,aligned,5,77,70
malloc,aligned,5,78,71
malloc,aligned,5,79,60
malloc,aligned,5,80,61
malloc,aligned,5,81,60
malloc,aligned,5,82,70
malloc,aligned,5,83,60
malloc,aligned,5,84,61
malloc,aligned,5,85,70
malloc,aligned,5,86,60
malloc,aligned,5,87,70
malloc,aligned,5,88,71
malloc,aligned,5,89,70
malloc,aligned,5,90,70
malloc,aligned,5,91,61
malloc,aligned,5,92,70
malloc,aligned,5,93,70
malloc,aligned,5,94,60
malloc,aligned,5,95,70
malloc,aligned,5,96,60
malloc,aligned,5,97,61
malloc,aligned,5,98,60
malloc,aligned,5,99,60
malloc,aligned,5,100,70
malloc,aligned,5,101,71
malloc,aligned,5,102,70
malloc,aligned,5,103,60
malloc,aligned,5,104,70
malloc,aligned,5,105,60
malloc,aligned,5,106,70
malloc,aligned,5,107,70
malloc,aligned,5,108,70
malloc,aligned,5,109,61
malloc,aligned,5,110,70
malloc,aligned,5,111,60
malloc,aligned,5,112,61
malloc,aligned,5,113,60
malloc,aligned,5,114,61
malloc,aligned,5,115,60
malloc,aligned,5,116,70
malloc,aligned,5,117,60
malloc,aligned,5,118,5279
malloc,aligned,5,119,70
malloc,aligned,5,120,70
malloc,aligned,5,121,61
malloc,aligned,5,122,61
malloc,aligned,5,123,60
malloc,aligned,5,124,70
malloc,aligned,5,125,70
malloc,aligned,5,126,61
malloc,aligned,5,127,71
malloc,aligned,5,128,70
malloc,aligned,5,129,60
malloc,aligned,5,130,60
malloc,aligned,5,131,61
malloc,aligned,5,132,60
malloc,aligned,5,133,61
malloc,aligned,5,134,70
malloc,aligned,5,135,71
malloc,aligned,5,136,60
malloc,aligned,5,137,70
malloc,aligned,5,138,70
malloc,aligned,5,139,60
malloc,aligned,5,140,70
malloc,aligned,5,141,60
malloc,aligned,5,142,60
malloc,aligned,5,143,60
malloc,aligned,5,144,70
malloc,aligned,5,145,60
malloc,aligned,5,146,61
malloc,aligned,5,147,70
malloc,aligned,5,148,70
malloc,aligned,5,149,70
malloc,aligned,5,150,70
malloc,aligned,5,151,70
malloc,aligned,5,152,70
malloc,aligned,5,153,61
malloc,aligned,5,154,60
malloc,aligned,5,155,61
malloc,aligned,5,156,70
malloc,aligned,5,157,71
malloc,aligned,5,158,61
malloc,aligned,5,159,61
malloc,aligned,5,160,70
malloc,aligned,5,161,60
malloc,aligned,5,162,70
malloc,aligned,5,163,70
malloc,aligned,5,164,71
malloc,aligned,5,165,5120
malloc,aligned,5,166,70
malloc,aligned,5,167,80
malloc,aligned,5,168,80
malloc,aligned,5,169,80
malloc,aligned,5,170,70
malloc,aligned,5,171,70
malloc,aligned,5,172,60
malloc,aligned,5,173,71
malloc,aligned,5,174,60
malloc,aligned,5,175,61
malloc,aligned,5,176,71
malloc,aligned,5,177,60
malloc,aligned,5,178,70
malloc,aligned,5,179,61
malloc,aligned,5,180,70
malloc,aligned,5,181,70
malloc,aligned,5,182,70
malloc,aligned,5,183,61
malloc,aligned,5,184,70
malloc,aligned,5,185,70
malloc,aligned,5,186,61
malloc,aligned,5,187,70
malloc,aligned,5,188,70
malloc,aligned,5,189,70
malloc,aligned,5,190,61
malloc,aligned,5,191,60
malloc,aligned,5,192,60
malloc,aligned,5,193,60
malloc,aligned,5,194,60
malloc,aligned,5,195,70
malloc,aligned,5,196,70
malloc,aligned,5,197,70
malloc,aligned,5,198,70
malloc,aligned,5,199,71
malloc,aligned,5,200,70
malloc,aligned,5,201,61
malloc,aligned,5,202,60
malloc,aligned,5,203,60
malloc,aligned,5,204,70
malloc,aligned,5,205,61
malloc,aligned,5,206,70
malloc,aligned,5,207,70
malloc,aligned,5,208,71
malloc,aligned,5,209,61
malloc,aligned,5,210,61
malloc,aligned,5,211,80
malloc,aligned,5,212,6091
malloc,aligned,5,213,70
malloc,aligned,5,214,60
malloc,aligned,5,215,71
malloc,aligned,5,216,60
malloc,aligned,5,217,61
malloc,aligned,5,218,70
malloc,aligned,5,219,61
malloc,aligned,5,220,70
malloc,aligned,5,221,70
malloc,aligned,5,222,70
malloc,aligned,5,223,60
malloc,aligned,5,224,70
malloc,aligned,5,225,70
malloc,aligned,5,226,71
malloc,aligned,5,227,60
malloc,aligned,5,228,60
malloc,aligned,5,229,60
malloc,aligned,5,230,70
malloc,aligned,5,231,60
malloc,aligned,5,232,70
malloc,aligned,5,233,70
malloc,aligned,5,234,61
malloc,aligned,5,235,60
malloc,aligned,5,236,70
malloc,aligned,5,237,71
malloc,aligned,5,238,60
malloc,aligned,5,239,60
malloc,aligned,5,240,61
malloc,aligned,5,241,60
malloc,aligned,5,242,61
malloc,aligned,5,243,60
malloc,aligned,5,244,61
malloc,aligned,5,245,60
malloc,aligned,5,246,70
malloc,aligned,5,247,70
malloc,aligned,5,248,61
malloc,aligned,5,249,60
malloc,aligned,5,250,61
malloc,aligned,5,251,61
malloc,aligned,5,252,60
malloc,aligned,5,253,71
malloc,aligned,5,254,70
malloc,aligned,5,255,61
malloc,aligned,5,256,60
malloc,aligned,5,257,61
malloc,aligned,5,258,70
malloc,aligned,5,259,5490
malloc,aligned,5,260,61
malloc,aligned,5,261,70
malloc,aligned,5,262,80
malloc,aligned,5,263,70
malloc,aligned,5,264,80
malloc,aligned,5,265,70
malloc,aligned,5,266,61
malloc,aligned,5,267,60
malloc,aligned,5,268,70
malloc,aligned,5,269,70
malloc,aligned,5,270,70
malloc,aligned,5,271,70
malloc,aligned,5,272,60
malloc,aligned,5,273,70
malloc,aligned,5,274,70
malloc,aligned,5,275,61
malloc,aligned,5,276,60
malloc,aligned,5,277,70
malloc,aligned,5,278,70
malloc,aligned,5,279,60
malloc,aligned,5,280,61
malloc,aligned,5,281,70
malloc,aligned,5,282,60
malloc,aligned,5,283,70
malloc,aligned,5,284,60
malloc,aligned,5,285,60
malloc,aligned,5,286,60
malloc,aligned,5,287,61
malloc,aligned,5,288,70
malloc,aligned,5,289,61
malloc,aligned,5,290,60
malloc,aligned,5,291,70
malloc,aligned,5,292,70
malloc,aligned,5,293,61
malloc,aligned,5,294,60
malloc,aligned,5,295,70
malloc,aligned,5,296,61
malloc,aligned,5,297,60
malloc,aligned,5,298,61
malloc,aligned,5,299,71
malloc,aligned,5,300,61
malloc,aligned,5,301,60
malloc,aligned,5,302,70
malloc,aligned,5,303,71
malloc,aligned,5,304,70
malloc,aligned,5,305,60
malloc,aligned,5,306,5410
malloc,aligned,5,307,60
malloc,aligned,5,308,70
malloc,aligned,5,309,60
malloc,aligned,5,310,70
malloc,aligned,5,311,60
malloc,aligned,5,312,60
malloc,aligned,5,313,70
malloc,aligned,5,314,70
malloc,aligned,5,315,70
malloc,aligned,5,316,70
malloc,aligned,5,317,70
malloc,aligned,5,318,61
malloc,aligned,5,319,61
malloc,aligned,5,320,60
malloc,aligned,5,321,60
malloc,aligned,5,322,71
malloc,aligned,5,323,70
malloc,aligned,5,324,70
malloc,aligned,5,325,61
malloc,aligned,5,326,60
malloc,aligned,5,327,70
malloc,aligned,5,328,70
malloc,aligned,5,329,70
malloc,aligned,5,330,60
malloc,aligned,5,331,61
malloc,aligned,5,332,61
malloc,aligned,5,333,71
malloc,aligned,5,334,70
malloc,aligned,5,335,61
malloc,aligned,5,336,70
malloc,aligned,5,337,70
malloc,aligned,5,338,71
malloc,aligned,5,339,70
malloc,aligned,5,340,70
malloc,aligned,5,341,70
malloc,aligned,5,342,70
malloc,aligned,5,343,61
malloc,aligned,5,344,71
malloc,aligned,5,345,61
malloc,aligned,5,346,70
malloc,aligned,5,347,70
malloc,aligned,5,348,60
malloc,aligned,5,349,70
malloc,aligned,5,350,71
malloc,aligned,5,351,70
malloc,aligned,5,352,80
malloc,aligned,5,353,70
malloc,aligned,5,354,70
malloc,aligned,5,355,61
malloc,aligned,5,356,61
malloc,aligned,5,357,70
malloc,aligned,5,358,71
malloc,aligned,5,359,70
malloc,aligned,5,360,70
malloc,aligned,5,361,60
malloc,aligned,5,362,70
malloc,aligned,5,363,61
malloc,aligned,5,364,70
malloc,aligned,5,365,61
malloc,aligned,5,366,60
malloc,aligned,5,367,70
malloc,aligned,5,368,70
malloc,aligned,5,369,61
malloc,aligned,5,370,70
malloc,aligned,5,371,61
malloc,aligned,5,372,60
malloc,aligned,5,373,70
malloc,aligned,5,374,70
malloc,aligned,5,375,60
malloc,aligned,5,376,60
malloc,aligned,5,377,61
malloc,aligned,5,378,70
malloc,aligned,5,379,61
malloc,aligned,5,380,70
malloc,aligned,5,381,70
malloc,aligned,5,382,61
malloc,aligned,5,383,70
malloc,aligned,5,384,70
malloc,aligned,5,385,60
malloc,aligned,5,386,70
malloc,aligned,5,387,60
malloc,aligned,5,388,61
malloc,aligned,5,389,60
malloc,aligned,5,390,61
malloc,aligned,5,391,70
malloc,aligned,5,392,70
malloc,aligned,5,393,61
malloc,aligned,5,394,70
malloc,aligned,5,395,61
malloc,aligned,5,396,70
malloc,aligned,5,397,61
malloc,aligned,5,398,60
malloc,aligned,5,399,5751
clock_write_control,aligned,5,0,41
clock_write_control,aligned,5,1,41
clock_write_control,aligned,5,2,41
clock_write_control,aligned,5,3,41
clock_write_control,aligned,5,4,41
clock_write_control,aligned,5,5,41
clock_write_control,aligned,5,6,41
clock_write_control,aligned,5,7,41
clock_write_control,aligned,5,8,41
clock_write_control,aligned,5,9,41
clock_write_control,aligned,5,10,41
clock_write_control,aligned,5,11,41
clock_write_control,aligned,5,12,41
clock_write_control,aligned,5,13,41
clock_write_control,aligned,5,14,111
clock_write_control,aligned,5,15,41
clock_write_control,aligned,5,16,41
clock_write_control,aligned,5,17,41
clock_write_control,aligned,5,18,41
clock_write_control,aligned,5,19,41
clock_write_control,aligned,5,20,41
clock_write_control,aligned,5,21,41
clock_write_control,aligned,5,22,41
clock_write_control,aligned,5,23,41
clock_write_control,aligned,5,24,41
clock_write_control,aligned,5,25,41
clock_write_control,aligned,5,26,41
clock_write_control,aligned,5,27,41
clock_write_control,aligned,5,28,41
clock_write_control,aligned,5,29,41
clock_write_control,aligned,5,30,41
clock_write_control,aligned,5,31,41
clock_write_control,aligned,5,32,41
clock_write_control,aligned,5,33,41
clock_write_control,aligned,5,34,41
clock_write_control,aligned,5,35,41
clock_write_control,aligned,5,36,41
clock_write_control,aligned,5,37,41
clock_write_control,aligned,5,38,41
clock_write_control,aligned,5,39,41
clock_write_control,aligned,5,40,41
clock_write_control,aligned,5,41,41
clock_write_control,aligned,5,42,41
clock_write_control,aligned,5,43,41
clock_write_control,aligned,5,44,41
clock_write_control,aligned,5,45,41
clock_write_control,aligned,5,46,41
clock_write_control,aligned,5,47,41
clock_write_control,aligned,5,48,41
clock_write_control,aligned,5,49,41
clock_write_control,aligned,5,50,41
clock_write_control,aligned,5,51,41
clock_write_control,aligned,5,52,41
clock_write_control,aligned,5,53,41
clock_write_control,aligned,5,54,41
clock_write_control,aligned,5,55,41
clock_write_control,aligned,5,56,41
clock_write_control,aligned,5,57,41
clock_write_control,aligned,5,58,41
clock_write_control,aligned,5,59,41
clock_write_control,aligned,5,60,41
clock_write_control,aligned,5,61,41
clock_write_control,aligned,5,62,41
clock_write_control,aligned,5,63,41
clock_write_control,aligned,5,64,41
clock_write_control,aligned,5,65,41
clock_write_control,aligned,5,66,41
clock_write_control,aligned,5,67,41
clock_write_control,aligned,5,68,41
clock_write_control,aligned,5,69,5511
clock_write_control,aligned,5,70,41
clock_write_control,aligned,5,71,41
clock_write_control,aligned,5,72,51
clock_write_control,aligned,5,73,41
clock_write_control,aligned,5,74,51
clock_write_control,aligned,5,75,51
clock_write_control,aligned,5,76,41
clock_write_control,aligned,5,77,41
clock_write_control,aligned,5,78,41
clock_write_control,aligned,5,79,41
clock_write_control,aligned,5,80,41
clock_write_control,aligned,5,81,41
clock_write_control,aligned,5,82,41
clock_write_control,aligned,5,83,41
clock_write_control,aligned,5,84,41
clock_write_control,aligned,5,85,41
clock_write_control,aligned,5,86,41
clock_write_control,aligned,5,87,41
clock_write_control,aligned,5,88,41
clock_write_control,aligned,5,89,41
clock_write_control,aligned,5,90,41
clock_write_control,aligned,5,91,41
clock_write_control,aligned,5,92,41
clock_write_control,aligned,5,93,41
clock_write_control,aligned,5,94,41
clock_write_control,aligned,5,95,41
clock_write_control,aligned,5,96,41
clock_write_control,aligned,5,97,41
clock_write_control,aligned,5,98,41
clock_write_control,aligned,5,99,41
clock_write_control,aligned,5,100,41
clock_write_control,aligned,5,101,41
clock_write_control,aligned,5,102,41
clock_write_control,aligned,5,103,41
clock_write_control,aligned,5,104,41
clock_write_control,aligned,5,105,41
clock_write_control,aligned,5,106,41
clock_write_control,aligned,5,107,41
clock_write_control,aligned,5,108,41
clock_write_control,aligned,5,109,41
clock_write_control,aligned,5,110,41
clock_write_control,aligned,5,111,41
clock_write_control,aligned,5,112,41
clock_write_control,aligned,5,113,41
clock_write_control,aligned,5,114,41
clock_write_control,aligned,5,115,41
clock_write_control,aligned,5,116,41
clock_write_control,aligned,5,117,41
clock_write_control,aligned,5,118,41
clock_write_control,aligned,5,119,41
clock_write_control,aligned,5,120,41
clock_write_control,aligned,5,121,41
clock_write_control,aligned,5,122,41
clock_write_control,aligned,5,123,5831
clock_write_control,aligned,5,124,41
clock_write_control,aligned,5,125,41
clock_write_control,aligned,5,126,41
clock_write_control,aligned,5,127,41
clock_write_control,aligned,5,128,41
clock_write_control,aligned,5,129,41
clock_write_control,aligned,5,130,41
clock_write_control,aligned,5,131,41
clock_write_control,aligned,5,132,41
clock_write_control,aligned,5,133,41
clock_write_control,aligned,5,134,41
clock_write_control,aligned,5,135,41
clock_write_control,aligned,5,136,41
clock_write_control,aligned,5,137,41
clock_write_control,aligned,5,138,41
clock_write_control,aligned,5,139,41
clock_write_control,aligned,5,140,41
clock_write_control,aligned,5,141,41
clock_write_control,aligned,5,142,41
clock_write_control,aligned,5,143,41
clock_write_control,aligned,5,144,41
clock_write_control,aligned,5,145,41
clock_write_control,aligned,5,146,41
clock_write_control,aligned,5,147,41
clock_write_control,aligned,5,148,41
clock_write_control,aligned,5,149,41
clock_write_control,aligned,5,150,41
clock_write_control,aligned,5,151,41
clock_write_control,aligned,5,152,41
clock_write_control,aligned,5,153,41
clock_write_control,aligned,5,154,41
clock_write_control,aligned,5,155,41
clock_write_control,aligned,5,156,41
clock_write_control,aligned,5,157,41
clock_write_control,aligned,5,158,41
clock_write_control,aligned,5,159,41
clock_write_control,aligned,5,160,41
clock_write_control,aligned,5,161,41
clock_write_control,aligned,5,162,41
clock_write_control,aligned,5,163,41
clock_write_control,aligned,5,164,41
clock_write_control,aligned,5,165,41
clock_write_control,aligned,5,166,41
clock_write_control,aligned,5,167,41
clock_write_control,aligned,5,168,41
clock_write_control,aligned,5,169,41
clock_write_control,aligned,5,170,41
clock_write_control,aligned,5,171,41
clock_write_control,aligned,5,172,41
clock_write_control,aligned,5,173,41
clock_write_control,aligned,5,174,51
clock_write_control,aligned,5,175,51
clock_write_control,aligned,5,176,51
clock_write_control,aligned,5,177,80
clock_write_control,aligned,5,178,51
clock_write_control,aligned,5,179,50
clock_write_control,aligned,5,180,51
clock_write_control,aligned,5,181,41
clock_write_control,aligned,5,182,41
clock_write_control,aligned,5,183,41
clock_write_control,aligned,5,184,41
clock_write_control,aligned,5,185,41
clock_write_control,aligned,5,186,41
clock_write_control,aligned,5,187,41
clock_write_control,aligned,5,188,41
clock_write_control,aligned,5,189,41
clock_write_control,aligned,5,190,41
clock_write_control,aligned,5,191,41
clock_write_control,aligned,5,192,41
clock_write_control,aligned,5,193,41
clock_write_control,aligned,5,194,41
clock_write_control,aligned,5,195,41
clock_write_control,aligned,5,196,41
clock_write_control,aligned,5,197,41
clock_write_control,aligned,5,198,41
clock_write_control,aligned,5,199,41
clock_write_control,aligned,5,200,41
clock_write_control,aligned,5,201,41
clock_write_control,aligned,5,202,41
clock_write_control,aligned,5,203,41
clock_write_control,aligned,5,204,41
clock_write_control,aligned,5,205,41
clock_write_control,aligned,5,206,41
clock_write_control,aligned,5,207,41
clock_write_control,aligned,5,208,41
clock_write_control,aligned,5,209,41
clock_write_control,aligned,5,210,41
clock_write_control,aligned,5,211,41
clock_write_control,aligned,5,212,42
clock_write_control,aligned,5,213,41
clock_write_control,aligned,5,214,41
clock_write_control,aligned,5,215,41
clock_write_control,aligned,5,216,41
clock_write_control,aligned,5,217,41
clock_write_control,aligned,5,218,41
clock_write_control,aligned,5,219,41
clock_write_control,aligned,5,220,41
clock_write_control,aligned,5,221,41
clock_write_control,aligned,5,222,41
clock_write_control,aligned,5,223,41
clock_write_control,aligned,5,224,41
clock_write_control,aligned,5,225,41
clock_write_control,aligned,5,226,41
clock_write_control,aligned,5,227,50
clock_write_control,aligned,5,228,41
clock_write_control,aligned,5,229,70
clock_write_control,aligned,5,230,41
clock_write_control,aligned,5,231,41
clock_write_control,aligned,5,232,41
clock_write_control,aligned,5,233,41
clock_write_control,aligned,5,234,41
clock_write_control,aligned,5,235,41
clock_write_control,aligned,5,236,41
clock_write_control,aligned,5,237,41
clock_write_control,aligned,5,238,41
clock_write_control,aligned,5,239,41
clock_write_control,aligned,5,240,41
clock_write_control,aligned,5,241,41
clock_write_control,aligned,5,242,41
clock_write_control,aligned,5,243,41
clock_write_control,aligned,5,244,41
clock_write_control,aligned,5,245,41
clock_write_control,aligned,5,246,41
clock_write_control,aligned,5,247,41
clock_write_control,aligned,5,248,41
clock_write_control,aligned,5,249,41
clock_write_control,aligned,5,250,41
clock_write_control,aligned,5,251,41
clock_write_control,aligned,5,252,41
clock_write_control,aligned,5,253,41
clock_write_control,aligned,5,254,41
clock_write_control,aligned,5,255,41
clock_write_control,aligned,5,256,41
clock_write_control,aligned,5,257,41
clock_write_control,aligned,5,258,41
clock_write_control,aligned,5,259,41
clock_write_control,aligned,5,260,41
clock_write_control,aligned,5,261,41
clock_write_control,aligned,5,262,41
clock_write_control,aligned,5,263,41
clock_write_control,aligned,5,264,41
clock_write_control,aligned,5,265,41
clock_write_control,aligned,5,266,41
clock_write_control,aligned,5,267,41
clock_write_control,aligned,5,268,41
clock_write_control,aligned,5,269,41
clock_write_control,aligned,5,270,41
clock_write_control,aligned,5,271,41
clock_write_control,aligned,5,272,41
clock_write_control,aligned,5,273,41
clock_write_control,aligned,5,274,41
clock_write_control,aligned,5,275,41
clock_write_control,aligned,5,276,41
clock_write_control,aligned,5,277,41
clock_write_control,aligned,5,278,41
clock_write_control,aligned,5,279,41
clock_write_control,aligned,5,280,41
clock_write_control,aligned,5,281,41
clock_write_control,aligned,5,282,41
clock_write_control,aligned,5,283,41
clock_write_control,aligned,5,284,90
clock_write_control,aligned,5,285,41
clock_write_control,aligned,5,286,41
clock_write_control,aligned,5,287,41
clock_write_control,aligned,5,288,41
clock_write_control,aligned,5,289,41
clock_write_control,aligned,5,290,41
clock_write_control,aligned,5,291,41
clock_write_control,aligned,5,292,41
clock_write_control,aligned,5,293,41
clock_write_control,aligned,5,294,41
clock_write_control,aligned,5,295,41
clock_write_control,aligned,5,296,41
clock_write_control,aligned,5,297,41
clock_write_control,aligned,5,298,41
clock_write_control,aligned,5,299,41
clock_write_control,aligned,5,300,41
clock_write_control,aligned,5,301,41
clock_write_control,aligned,5,302,41
clock_write_control,aligned,5,303,41
clock_write_control,aligned,5,304,41
clock_write_control,aligned,5,305,41
clock_write_control,aligned,5,306,41
clock_write_control,aligned,5,307,41
clock_write_control,aligned,5,308,41
clock_write_control,aligned,5,309,41
clock_write_control,aligned,5,310,41
clock_write_control,aligned,5,311,41
clock_write_control,aligned,5,312,41
clock_write_control,aligned,5,313,41
clock_write_control,aligned,5,314,41
clock_write_control,aligned,5,315,41
clock_write_control,aligned,5,316,41
clock_write_control,aligned,5,317,41
clock_write_control,aligned,5,318,41
clock_write_control,aligned,5,319,41
clock_write_control,aligned,5,320,41
clock_write_control,aligned,5,321,41
clock_write_control,aligned,5,322,41
clock_write_control,aligned,5,323,41
clock_write_control,aligned,5,324,41
clock_write_control,aligned,5,325,41
clock_write_control,aligned,5,326,41
clock_write_control,aligned,5,327,41
clock_write_control,aligned,5,328,41
clock_write_control,aligned,5,329,41
clock_write_control,aligned,5,330,41
clock_write_control,aligned,5,331,41
clock_write_control,aligned,5,332,41
clock_write_control,aligned,5,333,41
clock_write_control,aligned,5,334,41
clock_write_control,aligned,5,335,41
clock_write_control,aligned,5,336,41
clock_write_control,aligned,5,337,41
clock_write_control,aligned,5,338,6382
clock_write_control,aligned,5,339,41
clock_write_control,aligned,5,340,41
clock_write_control,aligned,5,341,41
clock_write_control,aligned,5,342,41
clock_write_control,aligned,5,343,41
clock_write_control,aligned,5,344,41
clock_write_control,aligned,5,345,41
clock_write_control,aligned,5,346,41
clock_write_control,aligned,5,347,41
clock_write_control,aligned,5,348,42
clock_write_control,aligned,5,349,41
clock_write_control,aligned,5,350,41
clock_write_control,aligned,5,351,41
clock_write_control,aligned,5,352,41
clock_write_control,aligned,5,353,41
clock_write_control,aligned,5,354,41
clock_write_control,aligned,5,355,41
clock_write_control,aligned,5,356,41
clock_write_control,aligned,5,357,41
clock_write_control,aligned,5,358,41
clock_write_control,aligned,5,359,41
clock_write_control,aligned,5,360,41
clock_write_control,aligned,5,361,41
clock_write_control,aligned,5,362,41
clock_write_control,aligned,5,363,41
clock_write_control,aligned,5,364,41
clock_write_control,aligned,5,365,41
clock_write_control,aligned,5,366,41
clock_write_control,aligned,5,367,41
clock_write_control,aligned,5,368,41
clock_write_control,aligned,5,369,41
clock_write_control,aligned,5,370,41
clock_write_control,aligned,5,371,41
clock_write_control,aligned,5,372,41
clock_write_control,aligned,5,373,41
clock_write_control,aligned,5,374,41
clock_write_control,aligned,5,375,41
clock_write_control,aligned,5,376,41
clock_write_control,aligned,5,377,41
clock_write_control,aligned,5,378,41
clock_write_control,aligned,5,379,41
clock_write_control,aligned,5,380,41
clock_write_control,aligned,5,381,41
clock_write_control,aligned,5,382,41
clock_write_control,aligned,5,383,41
clock_write_control,aligned,5,384,41
clock_write_control,aligned,5,385,41
clock_write_control,aligned,5,386,41
clock_write_control,aligned,5,387,41
clock_write_control,aligned,5,388,41
clock_write_control,aligned,5,389,41
clock_write_control,aligned,5,390,41
clock_write_control,aligned,5,391,41
clock_write_control,aligned,5,392,41
clock_write_control,aligned,5,393,5720
clock_write_control,aligned,5,394,41
clock_write_control,aligned,5,395,41
clock_write_control,aligned,5,396,41
clock_write_control,aligned,5,397,41
clock_write_control,aligned,5,398,41
clock_write_control,aligned,5,399,41
pool,odd,5,0,41
pool,odd,5,1,41
pool,odd,5,2,41
pool,odd,5,3,41
pool,odd,5,4,41
pool,odd,5,5,41
pool,odd,5,6,41
pool,odd,5,7,41
pool,odd,5,8,41
pool,odd,5,9,41
pool,odd,5,10,41
pool,odd,5,11,41
pool,odd,5,12,41
pool,odd,5,13,8255
pool,odd,5,14,41
pool,odd,5,15,41
pool,odd,5,16,41
pool,odd,5,17,41
pool,odd,5,18,41
pool,odd,5,19,41
pool,odd,5,20,41
pool,odd,5,21,41
pool,odd,5,22,41
pool,odd,5,23,41
pool,odd,5,24,41
pool,odd,5,25,41
pool,odd,5,26,41
pool,odd,5,27,41
pool,odd,5,28,41
pool,odd,5,29,41
pool,odd,5,30,41
pool,odd,5,31,41
pool,odd,5,32,521
pool,odd,5,33,41
pool,odd,5,34,41
pool,odd,5,35,41
pool,odd,5,36,41
pool,odd,5,37,41
pool,odd,5,38,41
pool,odd,5,39,41
pool,odd,5,40,41
pool,odd,5,41,41
pool,odd,5,42,41
pool,odd,5,43,41
pool,odd,5,44,41
pool,odd,5,45,41
pool,odd,5,46,41
pool,odd,5,47,41
pool,odd,5,48,41
pool,odd,5,49,41
pool,odd,5,50,41
pool,odd,5,51,41
pool,odd,5,52,41
pool,odd,5,53,41
pool,odd,5,54,41
pool,odd,5,55,41
pool,odd,5,56,41
pool,odd,5,57,41
pool,odd,5,58,41
pool,odd,5,59,41
pool,odd,5,60,41
pool,odd,5,61,41
pool,odd,5,62,41
pool,odd,5,63,41
pool,odd,5,64,50
pool,odd,5,65,6953
pool,odd,5,66,51
pool,odd,5,67,41
pool,odd,5,68,41
pool,odd,5,69,41
pool,odd,5,70,41
pool,odd,5,71,41
pool,odd,5,72,41
pool,odd,5,73,41
pool,odd,5,74,41
pool,odd,5,75,41
pool,odd,5,76,41
pool,odd,5,77,41
pool,odd,5,78,41
pool,odd,5,79,41
pool,odd,5,80,41
pool,odd,5,81,41
pool,odd,5,82,41
pool,odd,5,83,41
pool,odd,5,84,41
pool,odd,5,85,41
pool,odd,5,86,41
pool,odd,5,87,41
pool,odd,5,88,41
pool,odd,5,89,41
pool,odd,5,90,41
pool,odd,5,91,41
pool,odd,5,92,41
pool,odd,5,93,41
pool,odd,5,94,41
pool,odd,5,95,41
pool,odd,5,96,41
pool,odd,5,97,41
pool,odd,5,98,41
pool,odd,5,99,41
pool,odd,5,100,41
pool,odd,5,101,41
pool,odd,5,102,41
pool,odd,5,103,41
pool,odd,5,104,41
pool,odd,5,105,41
pool,odd,5,106,41
pool,odd,5,107,41
pool,odd,5,108,41
pool,odd,5,109,41
pool,odd,5,110,41
pool,odd,5,111,41
pool,odd,5,112,41
pool,odd,5,113,41
pool,odd,5,114,41
pool,odd,5,115,41
pool,odd,5,116,7294
pool,odd,5,117,41
pool,odd,5,118,41
pool,odd,5,119,41
pool,odd,5,120,41
pool,odd,5,121,41
pool,odd,5,122,41
pool,odd,5,123,41
pool,odd,5,124,41
pool,odd,5,125,41
pool,odd,5,126,41
pool,odd,5,127,41
pool,odd,5,128,41
pool,odd,5,129,41
pool,odd,5,130,41
pool,odd,5,131,41
pool,odd,5,132,41
pool,odd,5,133,41
pool,odd,5,134,41
pool,odd,5,135,41
pool,odd,5,136,41
pool,odd,5,137,41
pool,odd,5,138,41
pool,odd,5,139,41
pool,odd,5,140,41
pool,odd,5,141,41
pool,odd,5,142,41
pool,odd,5,143,41
pool,odd,5,144,41
pool,odd,5,145,41
pool,odd,5,146,41
pool,odd,5,147,41
pool,odd,5,148,41
pool,odd,5,149,41
pool,odd,5,150,41
pool,odd,5,151,41
pool,odd,5,152,41
pool,odd,5,153,41
pool,odd,5,154,41
pool,odd,5,155,41
pool,odd,5,156,41
pool,odd,5,157,41
pool,odd,5,158,41
pool,odd,5,159,41
pool,odd,5,160,41
pool,odd,5,161,41
pool,odd,5,162,41
pool,odd,5,163,41
pool,odd,5,164,41
pool,odd,5,165,41
pool,odd,5,166,41
pool,odd,5,167,41
pool,odd,5,168,41
pool,odd,5,169,70
pool,odd,5,170,50
pool,odd,5,171,41
pool,odd,5,172,41
pool,odd,5,173,41
pool,odd,5,174,41
pool,odd,5,175,41
pool,odd,5,176,41
pool,odd,5,177,41
pool,odd,5,178,41
pool,odd,5,179,41
pool,odd,5,180,41
pool,odd,5,181,41
pool,odd,5,182,41
pool,odd,5,183,41
pool,odd,5,184,41
pool,odd,5,185,41
pool,odd,5,186,41
pool,odd,5,187,41
pool,odd,5,188,41
pool,odd,5,189,41
pool,odd,5,190,41
pool,odd,5,191,41
pool,odd,5,192,41
pool,odd,5,193,41
pool,odd,5,194,41
pool,odd,5,195,41
pool,odd,5,196,41
pool,odd,5,197,41
pool,odd,5,198,41
pool,odd,5,199,41
pool,odd,5,200,41
pool,odd,5,201,41
pool,odd,5,202,41
pool,odd,5,203,41
pool,odd,5,204,41
pool,odd,5,205,41
pool,odd,5,206,41
pool,odd,5,207,41
pool,odd,5,208,41
pool,odd,5,209,41
pool,odd,5,210,41
pool,odd,5,211,41
pool,odd,5,212,41
pool,odd,5,213,41
pool,odd,5,214,41
pool,odd,5,215,41
pool,odd,5,216,41
pool,odd,5,217,41
pool,odd,5,218,41
pool,odd,5,219,41
pool,odd,5,220,41
pool,odd,5,221,41
pool,odd,5,222,60
pool,odd,5,223,41
pool,odd,5,224,41
pool,odd,5,225,41
pool,odd,5,226,41
pool,odd,5,227,41
pool,odd,5,228,41
pool,odd,5,229,41
pool,odd,5,230,41
pool,odd,5,231,41
pool,odd,5,232,41
pool,odd,5,233,41
pool,odd,5,234,41
pool,odd,5,235,41
pool,odd,5,236,41
pool,odd,5,237,41
pool,odd,5,238,41
pool,odd,5,239,41
pool,odd,5,240,41
pool,odd,5,241,41
pool,odd,5,242,41
pool,odd,5,243,41
pool,odd,5,244,41
pool,odd,5,245,41
pool,odd,5,246,41
pool,odd,5,247,41
pool,odd,5,248,41
pool,odd,5,249,41
pool,odd,5,250,41
pool,odd,5,251,41
pool,odd,5,252,41
pool,odd,5,253,41
pool,odd,5,254,41
pool,odd,5,255,41
pool,odd,5,256,41
pool,odd,5,257,41
pool,odd,5,258,41
pool,odd,5,259,41
pool,odd,5,260,41
pool,odd,5,261,41
pool,odd,5,262,41
pool,odd,5,263,41
pool,odd,5,264,41
pool,odd,5,265,41
pool,odd,5,266,41
pool,odd,5,267,41
pool,odd,5,268,41
pool,odd,5,269,41
pool,odd,5,270,41
pool,odd,5,271,41
pool,odd,5,272,41
pool,odd,5,273,41
pool,odd,5,274,41
pool,odd,5,275,41
pool,odd,5,276,41
pool,odd,5,277,41
pool,odd,5,278,41
pool,odd,5,279,41
pool,odd,5,280,51
pool,odd,5,281,50
pool,odd,5,282,51
pool,odd,5,283,51
pool,odd,5,284,41
pool,odd,5,285,41
pool,odd,5,286,41
pool,odd,5,287,41
pool,odd,5,288,41
pool,odd,5,289,41
pool,odd,5,290,41
pool,odd,5,291,41
pool,odd,5,292,41
pool,odd,5,293,41
pool,odd,5,294,41
pool,odd,5,295,41
pool,odd,5,296,41
pool,odd,5,297,41
pool,odd,5,298,41
pool,odd,5,299,41
pool,odd,5,300,41
pool,odd,5,301,41
pool,odd,5,302,41
pool,odd,5,303,41
pool,odd,5,304,41
pool,odd,5,305,41
pool,odd,5,306,41
pool,odd,5,307,41
pool,odd,5,308,41
pool,odd,5,309,41
pool,odd,5,310,41
pool,odd,5,311,41
pool,odd,5,312,41
pool,odd,5,313,41
pool,odd,5,314,41
pool,odd,5,315,41
pool,odd,5,316,41
pool,odd,5,317,41
pool,odd,5,318,41
pool,odd,5,319,41
pool,odd,5,320,41
pool,odd,5,321,41
pool,odd,5,322,41
pool,odd,5,323,41
pool,odd,5,324,41
pool,odd,5,325,41
pool,odd,5,326,41
pool,odd,5,327,41
pool,odd,5,328,4860
pool,odd,5,329,41
pool,odd,5,330,41
pool,odd,5,331,41
pool,odd,5,332,41
pool,odd,5,333,51
pool,odd,5,334,51
pool,odd,5,335,41
pool,odd,5,336,41
pool,odd,5,337,41
pool,odd,5,338,41
pool,odd,5,339,41
pool,odd,5,340,41
pool,odd,5,341,41
pool,odd,5,342,41
pool,odd,5,343,41
pool,odd,5,344,41
pool,odd,5,345,41
pool,odd,5,346,41
pool,odd,5,347,41
pool,odd,5,348,41
pool,odd,5,349,41
pool,odd,5,350,41
pool,odd,5,351,41
pool,odd,5,352,41
pool,odd,5,353,41
pool,odd,5,354,41
pool,odd,5,355,41
pool,odd,5,356,41
pool,odd,5,357,41
pool,odd,5,358,41
pool,odd,5,359,41
pool,odd,5,360,41
pool,odd,5,361,41
pool,odd,5,362,41
pool,odd,5,363,41
pool,odd,5,364,41
pool,odd,5,365,41
pool,odd,5,366,41
pool,odd,5,367,41
pool,odd,5,368,41
pool,odd,5,369,41
pool,odd,5,370,41
pool,odd,5,371,41
pool,odd,5,372,41
pool,odd,5,373,41
pool,odd,5,374,41
pool,odd,5,375,41
pool,odd,5,376,41
pool,odd,5,377,41
pool,odd,5,378,51
pool,odd,5,379,41
pool,odd,5,380,6713
pool,odd,5,381,51
pool,odd,5,382,51
pool,odd,5,383,51
pool,odd,5,384,51
pool,odd,5,385,50
pool,odd,5,386,41
pool,odd,5,387,41
pool,odd,5,388,41
pool,odd,5,389,41
pool,odd,5,390,41
pool,odd,5,391,41
pool,odd,5,392,41
pool,odd,5,393,41
pool,odd,5,394,41
pool,odd,5,395,41
pool,odd,5,396,41
pool,odd,5,397,41
pool,odd,5,398,41
pool,odd,5,399,41
stack,odd,5,0,41
stack,odd,5,1,41
stack,odd,5,2,41
stack,odd,5,3,60
stack,odd,5,4,41
stack,odd,5,5,41
stack,odd,5,6,41
stack,odd,5,7,41
stack,odd,5,8,51
stack,odd,5,9,51
stack,odd,5,10,41
stack,odd,5,11,41
stack,odd,5,12,41
stack,odd,5,13,41
stack,odd,5,14,41
stack,odd,5,15,41
stack,odd,5,16,41
stack,odd,5,17,41
stack,odd,5,18,41
stack,odd,5,19,41
stack,odd,5,20,41
stack,odd,5,21,41
stack,odd,5,22,41
stack,odd,5,23,41
stack,odd,5,24,41
stack,odd,5,25,41
stack,odd,5,26,41
stack,odd,5,27,41
stack,odd,5,28,41
stack,odd,5,29,41
stack,odd,5,30,41
stack,odd,5,31,41
stack,odd,5,32,41
stack,odd,5,33,41
stack,odd,5,34,41
stack,odd,5,35,41
stack,odd,5,36,41
stack,odd,5,37,41
stack,odd,5,38,41
stack,odd,5,39,41
stack,odd,5,40,41
stack,odd,5,41,41
stack,odd,5,42,41
stack,odd,5,43,41
stack,odd,5,44,41
stack,odd,5,45,41
stack,odd,5,46,41
stack,odd,5,47,41
stack,odd,5,48,41
stack,odd,5,49,41
stack,odd,5,50,41
stack,odd,5,51,41
stack,odd,5,52,41
stack,odd,5,53,41
stack,odd,5,54,41
stack,odd,5,55,41
stack,odd,5,56,41
stack,odd,5,57,41
stack,odd,5,58,41
stack,odd,5,59,41
stack,odd,5,60,41
stack,odd,5,61,41
stack,odd,5,62,41
stack,odd,5,63,41
stack,odd,5,64,41
stack,odd,5,65,41
stack,odd,5,66,41
stack,odd,5,67,41
stack,odd,5,68,41
stack,odd,5,69,41
stack,odd,5,70,41
stack,odd,5,71,41
stack,odd,5,72,41
stack,odd,5,73,41
stack,odd,5,74,41
stack,odd,5,75,41
stack,odd,5,76,41
stack,odd,5,77,41
stack,odd,5,78,41
stack,odd,5,79,41
stack,odd,5,80,41
stack,odd,5,81,41
stack,odd,5,82,41
stack,odd,5,83,41
stack,odd,5,84,41
stack,odd,5,85,41
stack,odd,5,86,41
stack,odd,5,87,41
stack,odd,5,88,41
stack,odd,5,89,41
stack,odd,5,90,41
stack,odd,5,91,41
stack,odd,5,92,41
stack,odd,5,93,41
stack,odd,5,94,41
stack,odd,5,95,41
stack,odd,5,96,41
stack,odd,5,97,41
stack,odd,5,98,41
stack,odd,5,99,41
stack,odd,5,100,41
stack,odd,5,101,41
stack,odd,5,102,41
stack,odd,5,103,41
stack,odd,5,104,41
stack,odd,5,105,41
stack,odd,5,106,41
stack,odd,5,107,41
stack,odd,5,108,41
stack,odd,5,109,41
stack,odd,5,110,41
stack,odd,5,111,41
stack,odd,5,112,41
stack,odd,5,113,41
stack,odd,5,114,41
stack,odd,5,115,41
stack,odd,5,116,41
stack,odd,5,117,41
stack,odd,5,118,41
stack,odd,5,119,41
stack,odd,5,120,41
stack,odd,5,121,41
stack,odd,5,122,41
stack,odd,5,123,41
stack,odd,5,124,41
stack,odd,5,125,41
stack,odd,5,126,41
stack,odd,5,127,41
stack,odd,5,128,41
stack,odd,5,129,41
stack,odd,5,130,41
stack,odd,5,131,41
stack,odd,5,132,41
stack,odd,5,133,41
stack,odd,5,134,41
stack,odd,5,135,41
stack,odd,5,136,41
stack,odd,5,137,41
stack,odd,5,138,41
stack,odd,5,139,41
stack,odd,5,140,41
stack,odd,5,141,41
stack,odd,5,142,41
stack,odd,5,143,41
stack,odd,5,144,41
stack,odd,5,145,41
stack,odd,5,146,41
stack,odd,5,147,41
stack,odd,5,148,41
stack,odd,5,149,41
stack,odd,5,150,41
stack,odd,5,151,41
stack,odd,5,152,41
stack,odd,5,153,41
stack,odd,5,154,41
stack,odd,5,155,41
stack,odd,5,156,41
stack,odd,5,157,41
stack,odd,5,158,41
stack,odd,5,159,41
stack,odd,5,160,41
stack,odd,5,161,41
stack,odd,5,162,41
stack,odd,5,163,41
stack,odd,5,164,41
stack,odd,5,165,6532
stack,odd,5,166,41
stack,odd,5,167,41
stack,odd,5,168,41
stack,odd,5,169,41
stack,odd,5,170,51
stack,odd,5,171,51
stack,odd,5,172,51
stack,odd,5,173,51
stack,odd,5,174,41
stack,odd,5,175,41
stack,odd,5,176,41
stack,odd,5,177,41
stack,odd,5,178,41
stack,odd,5,179,41
stack,odd,5,180,41
stack,odd,5,181,41
stack,odd,5,182,41
stack,odd,5,183,41
stack,odd,5,184,41
stack,odd,5,185,41
stack,odd,5,186,41
stack,odd,5,187,41
stack,odd,5,188,41
stack,odd,5,189,41
stack,odd,5,190,41
stack,odd,5,191,41
stack,odd,5,192,41
stack,odd,5,193,41
stack,odd,5,194,41
stack,odd,5,195,41
stack,odd,5,196,41
stack,odd,5,197,41
stack,odd,5,198,41
stack,odd,5,199,41
stack,odd,5,200,41
stack,odd,5,201,41
stack,odd,5,202,41
stack,odd,5,203,41
stack,odd,5,204,41
stack,odd,5,205,41
stack,odd,5,206,41
stack,odd,5,207,41
stack,odd,5,208,41
stack,odd,5,209,41
stack,odd,5,210,41
stack,odd,5,211,41
stack,odd,5,212,41
stack,odd,5,213,41
stack,odd,5,214,41
stack,odd,5,215,41
stack,odd,5,216,41
stack,odd,5,217,5620
stack,odd,5,218,41
stack,odd,5,219,41
stack,odd,5,220,41
stack,odd,5,221,41
stack,odd,5,222,41
stack,odd,5,223,41
stack,odd,5,224,41
stack,odd,5,225,41
stack,odd,5,226,41
stack,odd,5,227,41
stack,odd,5,228,41
stack,odd,5,229,41
stack,odd,5,230,41
stack,odd,5,231,41
stack,odd,5,232,41
stack,odd,5,233,41
stack,odd,5,234,41
stack,odd,5,235,41
stack,odd,5,236,41
stack,odd,5,237,41
stack,odd,5,238,41
stack,odd,5,239,41
stack,odd,5,240,41
stack,odd,5,241,41
stack,odd,5,242,41
stack,odd,5,243,41
stack,odd,5,244,41
stack,odd,5,245,41
stack,odd,5,246,41
stack,odd,5,247,41
stack,odd,5,248,41
stack,odd,5,249,41
stack,odd,5,250,41
stack,odd,5,251,41
stack,odd,5,252,41
stack,odd,5,253,41
stack,odd,5,254,41
stack,odd,5,255,541
stack,odd,5,256,110
stack,odd,5,257,41
stack,odd,5,258,41
stack,odd,5,259,41
stack,odd,5,260,41
stack,odd,5,261,41
stack,odd,5,262,41
stack,odd,5,263,41
stack,odd,5,264,41
stack,odd,5,265,41
stack,odd,5,266,41
stack,odd,5,267,41
stack,odd,5,268,41
stack,odd,5,269,70
stack,odd,5,270,50
stack,odd,5,271,51
stack,odd,5,272,41
stack,odd,5,273,41
stack,odd,5,274,41
stack,odd,5,275,41
stack,odd,5,276,41
stack,odd,5,277,41
stack,odd,5,278,41
stack,odd,5,279,41
stack,odd,5,280,41
stack,odd,5,281,50
stack,odd,5,282,41
stack,odd,5,283,120
stack,odd,5,284,41
stack,odd,5,285,41
stack,odd,5,286,41
stack,odd,5,287,41
stack,odd,5,288,41
stack,odd,5,289,41
stack,odd,5,290,41
stack,odd,5,291,41
stack,odd,5,292,41
stack,odd,5,293,41
stack,odd,5,294,41
stack,odd,5,295,41
stack,odd,5,296,41
stack,odd,5,297,41
stack,odd,5,298,41
stack,odd,5,299,41
stack,odd,5,300,41
stack,odd,5,301,41
stack,odd,5,302,41
stack,odd,5,303,41
stack,odd,5,304,41
stack,odd,5,305,41
stack,odd,5,306,41
stack,odd,5,307,41
stack,odd,5,308,41
stack,odd,5,309,41
stack,odd,5,310,41
stack,odd,5,311,41
stack,odd,5,312,41
stack,odd,5,313,41
stack,odd,5,314,41
stack,odd,5,315,41
stack,odd,5,316,41
stack,odd,5,317,41
stack,odd,5,318,41
stack,odd,5,319,41
stack,odd,5,320,41
stack,odd,5,321,41
stack,odd,5,322,81
stack,odd,5,323,41
stack,odd,5,324,41
stack,odd,5,325,41
stack,odd,5,326,41
stack,odd,5,327,51
stack,odd,5,328,51
stack,odd,5,329,51
stack,odd,5,330,51
stack,odd,5,331,41
stack,odd,5,332,41
stack,odd,5,333,41
stack,odd,5,334,41
stack,odd,5,335,41
stack,odd,5,336,41
stack,odd,5,337,41
stack,odd,5,338,41
stack,odd,5,339,41
stack,odd,5,340,41
stack,odd,5,341,41
stack,odd,5,342,41
stack,odd,5,343,41
stack,odd,5,344,41
stack,odd,5,345,41
stack,odd,5,346,41
stack,odd,5,347,41
stack,odd,5,348,41
stack,odd,5,349,41
stack,odd,5,350,41
stack,odd,5,351,41
stack,odd,5,352,41
stack,odd,5,353,41
stack,odd,5,354,41
stack,odd,5,355,41
stack,odd,5,356,41
stack,odd,5,357,41
stack,odd,5,358,41
stack,odd,5,359,41
stack,odd,5,360,41
stack,odd,5,361,41
stack,odd,5,362,41
stack,odd,5,363,41
stack,odd,5,364,41
stack,odd,5,365,41
stack,odd,5,366,41
stack,odd,5,367,41
stack,odd,5,368,41
stack,odd,5,369,41
stack,odd,5,370,41
stack,odd,5,371,41
stack,odd,5,372,41
stack,odd,5,373,41
stack,odd,5,374,80
stack,odd,5,375,41
stack,odd,5,376,41
stack,odd,5,377,41
stack,odd,5,378,41
stack,odd,5,379,41
stack,odd,5,380,41
stack,odd,5,381,41
stack,odd,5,382,41
stack,odd,5,383,41
stack,odd,5,384,41
stack,odd,5,385,41
stack,odd,5,386,41
stack,odd,5,387,41
stack,odd,5,388,41
stack,odd,5,389,41
stack,odd,5,390,41
stack,odd,5,391,41
stack,odd,5,392,41
stack,odd,5,393,41
stack,odd,5,394,41
stack,odd,5,395,41
stack,odd,5,396,41
stack,odd,5,397,41
stack,odd,5,398,41
stack,odd,5,399,41
arena,odd,5,0,111
arena,odd,5,1,41
arena,odd,5,2,41
arena,odd,5,3,7143
arena,odd,5,4,41
arena,odd,5,5,41
arena,odd,5,6,41
arena,odd,5,7,41
arena,odd,5,8,41
arena,odd,5,9,41
arena,odd,5,10,41
arena,odd,5,11,41
arena,odd,5,12,41
arena,odd,5,13,41
arena,odd,5,14,41
arena,odd,5,15,41
arena,odd,5,16,41
arena,odd,5,17,41
arena,odd,5,18,41
arena,odd,5,19,41
arena,odd,5,20,41
arena,odd,5,21,41
arena,odd,5,22,41
arena,odd,5,23,41
arena,odd,5,24,41
arena,odd,5,25,41
arena,odd,5,26,41
arena,odd,5,27,41
arena,odd,5,28,41
arena,odd,5,29,41
arena,odd,5,30,50
arena,odd,5,31,120
arena,odd,5,32,41
arena,odd,5,33,41
arena,odd,5,34,41
arena,odd,5,35,41
arena,odd,5,36,41
arena,odd,5,37,41
arena,odd,5,38,41
arena,odd,5,39,41
arena,odd,5,40,41
arena,odd,5,41,521
arena,odd,5,42,671
arena,odd,5,43,41
arena,odd,5,44,41
arena,odd,5,45,41
arena,odd,5,46,41
arena,odd,5,47,41
arena,odd,5,48,41
arena,odd,5,49,41
arena,odd,5,50,41
arena,odd,5,51,41
arena,odd,5,52,41
arena,odd,5,53,41
arena,odd,5,54,41
arena,odd,5,55,41
arena,odd,5,56,41
arena,odd,5,57,80
arena,odd,5,58,41
arena,odd,5,59,41
arena,odd,5,60,41
arena,odd,5,61,41
arena,odd,5,62,41
arena,odd,5,63,51
arena,odd,5,64,51
arena,odd,5,65,51
arena,odd,5,66,41
arena,odd,5,67,41
arena,odd,5,68,41
arena,odd,5,69,41
arena,odd,5,70,41
arena,odd,5,71,41
arena,odd,5,72,41
arena,odd,5,73,41
arena,odd,5,74,41
arena,odd,5,75,41
arena,odd,5,76,41
arena,odd,5,77,41
arena,odd,5,78,41
arena,odd,5,79,41
arena,odd,5,80,41
arena,odd,5,81,41
arena,odd,5,82,41
arena,odd,5,83,41
arena,odd,5,84,41
arena,odd,5,85,41
arena,odd,5,86,41
arena,odd,5,87,41
arena,odd,5,88,41
arena,odd,5,89,41
arena,odd,5,90,41
arena,odd,5,91,41
arena,odd,5,92,41
arena,odd,5,93,41
arena,odd,5,94,41
arena,odd,5,95,41
arena,odd,5,96,41
arena,odd,5,97,41
arena,odd,5,98,41
arena,odd,5,99,41
arena,odd,5,100,41
arena,odd,5,101,41
arena,odd,5,102,41
arena,odd,5,103,41
arena,odd,5,104,41
arena,odd,5,105,41
arena,odd,5,106,41
arena,odd,5,107,41
arena,odd,5,108,41
arena,odd,5,109,41
arena,odd,5,110,80
arena,odd,5,111,41
arena,odd,5,112,41
arena,odd,5,113,41
arena,odd,5,114,41
arena,odd,5,115,41
arena,odd,5,116,51
arena,odd,5,117,51
arena,odd,5,118,41
arena,odd,5,119,41
arena,odd,5,120,41
arena,odd,5,121,41
arena,odd,5,122,41
arena,odd,5,123,41
arena,odd,5,124,41
arena,odd,5,125,41
arena,odd,5,126,41
arena,odd,5,127,41
arena,odd,5,128,41
arena,odd,5,129,41
arena,odd,5,130,41
arena,odd,5,131,41
arena,odd,5,132,41
arena,odd,5,133,41
arena,odd,5,134,41
arena,odd,5,135,41
arena,odd,5,136,41
arena,odd,5,137,41
arena,odd,5,138,41
arena,odd,5,139,41
arena,odd,5,140,41
arena,odd,5,141,41
arena,odd,5,142,41
arena,odd,5,143,41
arena,odd,5,144,41
arena,odd,5,145,41
arena,odd,5,146,41
arena,odd,5,147,41
arena,odd,5,148,41
arena,odd,5,149,41
arena,odd,5,150,41
arena,odd,5,151,41
arena,odd,5,152,41
arena,odd,5,153,41
arena,odd,5,154,41
arena,odd,5,155,41
arena,odd,5,156,41
arena,odd,5,157,41
arena,odd,5,158,41
arena,odd,5,159,41
arena,odd,5,160,41
arena,odd,5,161,41
arena,odd,5,162,41
arena,odd,5,163,41
arena,odd,5,164,5280
arena,odd,5,165,41
arena,odd,5,166,41
arena,odd,5,167,51
arena,odd,5,168,41
arena,odd,5,169,41
arena,odd,5,170,41
arena,odd,5,171,41
arena,odd,5,172,41
arena,odd,5,173,41
arena,odd,5,174,41
arena,odd,5,175,41
arena,odd,5,176,41
arena,odd,5,177,41
arena,odd,5,178,41
arena,odd,5,179,41
arena,odd,5,180,41
arena,odd,5,181,41
arena,odd,5,182,41
arena,odd,5,183,41
arena,odd,5,184,41
arena,odd,5,185,41
arena,odd,5,186,41
arena,odd,5,187,41
arena,odd,5,188,41
arena,odd,5,189,41
arena,odd,5,190,41
arena,odd,5,191,41
arena,odd,5,192,41
arena,odd,5,193,41
arena,odd,5,194,41
arena,odd,5,195,41
arena,odd,5,196,41
arena,odd,5,197,41
arena,odd,5,198,41
arena,odd,5,199,41
arena,odd,5,200,41
arena,odd,5,201,41
arena,odd,5,202,41
arena,odd,5,203,41
arena,odd,5,204,41
arena,odd,5,205,41
arena,odd,5,206,41
arena,odd,5,207,41
arena,odd,5,208,41
arena,odd,5,209,41
arena,odd,5,210,41
arena,odd,5,211,41
arena,odd,5,212,41
arena,odd,5,213,41
arena,odd,5,214,41
arena,odd,5,215,41
arena,odd,5,216,41
arena,odd,5,217,41
arena,odd,5,218,41
arena,odd,5,219,41
arena,odd,5,220,41
arena,odd,5,221,41
arena,odd,5,222,41
arena,odd,5,223,41
arena,odd,5,224,41
arena,odd,5,225,41
arena,odd,5,226,41
arena,odd,5,227,41
arena,odd,5,228,41
arena,odd,5,229,41
arena,odd,5,230,41
arena,odd,5,231,41
arena,odd,5,232,41
arena,odd,5,233,41
arena,odd,5,234,41
arena,odd,5,235,41
arena,odd,5,236,41
arena,odd,5,237,41
arena,odd,5,238,41
arena,odd,5,239,41
arena,odd,5,240,41
arena,odd,5,241,41
arena,odd,5,242,41
arena,odd,5,243,41
arena,odd,5,244,41
arena,odd,5,245,41
arena,odd,5,246,41
arena,odd,5,247,41
arena,odd,5,248,41
arena,odd,5,249,41
arena,odd,5,250,41
arena,odd,5,251,41
arena,odd,5,252,41
arena,odd,5,253,41
arena,odd,5,254,41
arena,odd,5,255,41
arena,odd,5,256,41
arena,odd,5,257,41
arena,odd,5,258,41
arena,odd,5,259,41
arena,odd,5,260,41
arena,odd,5,261,41
arena,odd,5,262,41
arena,odd,5,263,41
arena,odd,5,264,41
arena,odd,5,265,41
arena,odd,5,266,41
arena,odd,5,267,41
arena,odd,5,268,41
arena,odd,5,269,41
arena,odd,5,270,41
arena,odd,5,271,80
arena,odd,5,272,41
arena,odd,5,273,41
arena,odd,5,274,41
arena,odd,5,275,41
arena,odd,5,276,41
arena,odd,5,277,51
arena,odd,5,278,50
arena,odd,5,279,51
arena,odd,5,280,50
arena,odd,5,281,41
arena,odd,5,282,41
arena,odd,5,283,41
arena,odd,5,284,41
arena,odd,5,285,41
arena,odd,5,286,41
arena,odd,5,287,41
arena,odd,5,288,41
arena,odd,5,289,41
arena,odd,5,290,41
arena,odd,5,291,41
arena,odd,5,292,41
arena,odd,5,293,41
arena,odd,5,294,41
arena,odd,5,295,41
arena,odd,5,296,41
arena,odd,5,297,41
arena,odd,5,298,41
arena,odd,5,299,41
arena,odd,5,300,41
arena,odd,5,301,41
arena,odd,5,302,41
arena,odd,5,303,41
arena,odd,5,304,41
arena,odd,5,305,41
arena,odd,5,306,41
arena,odd,5,307,41
arena,odd,5,308,41
arena,odd,5,309,41
arena,odd,5,310,41
arena,odd,5,311,41
arena,odd,5,312,41
arena,odd,5,313,41
arena,odd,5,314,41
arena,odd,5,315,41
arena,odd,5,316,41
arena,odd,5,317,41
arena,odd,5,318,41
arena,odd,5,319,41
arena,odd,5,320,41
arena,odd,5,321,41
arena,odd,5,322,41
arena,odd,5,323,41
arena,odd,5,324,91
arena,odd,5,325,41
arena,odd,5,326,41
arena,odd,5,327,51
arena,odd,5,328,41
arena,odd,5,329,41
arena,odd,5,330,41
arena,odd,5,331,41
arena,odd,5,332,41
arena,odd,5,333,41
arena,odd,5,334,41
arena,odd,5,335,41
arena,odd,5,336,41
arena,odd,5,337,41
arena,odd,5,338,41
arena,odd,5,339,41
arena,odd,5,340,41
arena,odd,5,341,41
arena,odd,5,342,41
arena,odd,5,343,41
arena,odd,5,344,41
arena,odd,5,345,41
arena,odd,5,346,41
arena,odd,5,347,41
arena,odd,5,348,41
arena,odd,5,349,41
arena,odd,5,350,41
arena,odd,5,351,41
arena,odd,5,352,41
arena,odd,5,353,41
arena,odd,5,354,41
arena,odd,5,355,41
arena,odd,5,356,41
arena,odd,5,357,41
arena,odd,5,358,41
arena,odd,5,359,41
arena,odd,5,360,41
arena,odd,5,361,41
arena,odd,5,362,41
arena,odd,5,363,41
arena,odd,5,364,41
arena,odd,5,365,41
arena,odd,5,366,41
arena,odd,5,367,41
arena,odd,5,368,41
arena,odd,5,369,41
arena,odd,5,370,41
arena,odd,5,371,41
arena,odd,5,372,41
arena,odd,5,373,41
arena,odd,5,374,41
arena,odd,5,375,41
arena,odd,5,376,41
arena,odd,5,377,41
arena,odd,5,378,41
arena,odd,5,379,41
arena,odd,5,380,41
arena,odd,5,381,41
arena,odd,5,382,41
arena,odd,5,383,41
arena,odd,5,384,41
arena,odd,5,385,51
arena,odd,5,386,51
arena,odd,5,387,51
arena,odd,5,388,51
arena,odd,5,389,41
arena,odd,5,390,41
arena,odd,5,391,41
arena,odd,5,392,41
arena,odd,5,393,41
arena,odd,5,394,41
arena,odd,5,395,41
arena,odd,5,396,41
arena,odd,5,397,41
arena,odd,5,398,41
arena,odd,5,399,41
malloc,odd,5,0,110
malloc,odd,5,1,91
malloc,odd,5,2,71
malloc,odd,5,3,61
malloc,odd,5,4,70
malloc,odd,5,5,60
malloc,odd,5,6,70
malloc,odd,5,7,61
malloc,odd,5,8,71
malloc,odd,5,9,70
malloc,odd,5,10,61
malloc,odd,5,11,70
malloc,odd,5,12,70
malloc,odd,5,13,70
malloc,odd,5,14,61
malloc,odd,5,15,61
malloc,odd,5,16,61
malloc,odd,5,17,61
malloc,odd,5,18,70
malloc,odd,5,19,60
malloc,odd,5,20,60
malloc,odd,5,21,61
malloc,odd,5,22,61
malloc,odd,5,23,70
malloc,odd,5,24,71
malloc,odd,5,25,60
malloc,odd,5,26,60
malloc,odd,5,27,70
malloc,odd,5,28,61
malloc,odd,5,29,70
malloc,odd,5,30,61
malloc,odd,5,31,61
malloc,odd,5,32,60
malloc,odd,5,33,61
malloc,odd,5,34,61
malloc,odd,5,35,70
malloc,odd,5,36,71
malloc,odd,5,37,70
malloc,odd,5,38,70
malloc,odd,5,39,61
malloc,odd,5,40,70
malloc,odd,5,41,110
malloc,odd,5,42,70
malloc,odd,5,43,70
malloc,odd,5,44,71
malloc,odd,5,45,70
malloc,odd,5,46,61
malloc,odd,5,47,61
malloc,odd,5,48,60
malloc,odd,5,49,61
malloc,odd,5,50,70
malloc,odd,5,51,71
malloc,odd,5,52,61
malloc,odd,5,53,61
malloc,odd,5,54,61
malloc,odd,5,55,61
malloc,odd,5,56,60
malloc,odd,5,57,61
malloc,odd,5,58,61
malloc,odd,5,59,61
malloc,odd,5,60,61
malloc,odd,5,61,60
malloc,odd,5,62,61
malloc,odd,5,63,61
malloc,odd,5,64,60
malloc,odd,5,65,70
malloc,odd,5,66,60
malloc,odd,5,67,70
malloc,odd,5,68,70
malloc,odd,5,69,60
malloc,odd,5,70,61
malloc,odd,5,71,60
malloc,odd,5,72,61
malloc,odd,5,73,70
malloc,odd,5,74,70
malloc,odd,5,75,61
malloc,odd,5,76,60
malloc,odd,5,77,71
malloc,odd,5,78,61
malloc,odd,5,79,61
malloc,odd,5,80,60
malloc,odd,5,81,60
malloc,odd,5,82,70
malloc,odd,5,83,61
malloc,odd,5,84,61
malloc,odd,5,85,70
malloc,odd,5,86,70
malloc,odd,5,87,60
malloc,odd,5,88,60
malloc,odd,5,89,70
malloc,odd,5,90,60
malloc,odd,5,91,80
malloc,odd,5,92,80
malloc,odd,5,93,61
malloc,odd,5,94,60
malloc,odd,5,95,60
malloc,odd,5,96,60
malloc,odd,5,97,60
malloc,odd,5,98,60
malloc,odd,5,99,61
malloc,odd,5,100,60
malloc,odd,5,101,61
malloc,odd,5,102,70
malloc,odd,5,103,61
malloc,odd,5,104,60
malloc,odd,5,105,70
malloc,odd,5,106,61
malloc,odd,5,107,70
malloc,odd,5,108,71
malloc,odd,5,109,61
malloc,odd,5,110,71
malloc,odd,5,111,61
malloc,odd,5,112,61
malloc,odd,5,113,70
malloc,odd,5,114,60
malloc,odd,5,115,61
malloc,odd,5,116,61
malloc,odd,5,117,61
malloc,odd,5,118,70
malloc,odd,5,119,71
malloc,odd,5,120,61
malloc,odd,5,121,61
malloc,odd,5,122,61
malloc,odd,5,123,60
malloc,odd,5,124,60
malloc,odd,5,125,61
malloc,odd,5,126,71
malloc,odd,5,127,60
malloc,odd,5,128,61
malloc,odd,5,129,61
malloc,odd,5,130,70
malloc,odd,5,131,70
malloc,odd,5,132,70
malloc,odd,5,133,70
malloc,odd,5,134,70
malloc,odd,5,135,61
malloc,odd,5,136,71
malloc,odd,5,137,61
malloc,odd,5,138,70
malloc,odd,5,139,61
malloc,odd,5,140,61
malloc,odd,5,141,70
malloc,odd,5,142,61
malloc,odd,5,143,70
malloc,odd,5,144,70
malloc,odd,5,145,70
malloc,odd,5,146,61
malloc,odd,5,147,61
malloc,odd,5,148,61
malloc,odd,5,149,70
malloc,odd,5,150,70
malloc,odd,5,151,60
malloc,odd,5,152,70
malloc,odd,5,153,61
malloc,odd,5,154,70
malloc,odd,5,155,61
malloc,odd,5,156,60
malloc,odd,5,157,61
malloc,odd,5,158,61
malloc,odd,5,159,70
malloc,odd,5,160,70
malloc,odd,5,161,70
malloc,odd,5,162,61
malloc,odd,5,163,61
malloc,odd,5,164,70
malloc,odd,5,165,70
malloc,odd,5,166,60
malloc,odd,5,167,61
malloc,odd,5,168,61
malloc,odd,5,169,71
malloc,odd,5,170,70
malloc,odd,5,171,61
malloc,odd,5,172,70
malloc,odd,5,173,70
malloc,odd,5,174,61
malloc,odd,5,175,61
malloc,odd,5,176,70
malloc,odd,5,177,60
malloc,odd,5,178,71
malloc,odd,5,179,70
malloc,odd,5,180,70
malloc,odd,5,181,61
malloc,odd,5,182,60
malloc,odd,5,183,5481
malloc,odd,5,184,70
malloc,odd,5,185,61
malloc,odd,5,186,61
malloc,odd,5,187,70
malloc,odd,5,188,60
malloc,odd,5,189,70
malloc,odd,5,190,70
malloc,odd,5,191,60
malloc,odd,5,192,61
malloc,odd,5,193,61
malloc,odd,5,194,61
malloc,odd,5,195,70
malloc,odd,5,196,70
malloc,odd,5,197,60
malloc,odd,5,198,61
malloc,odd,5,199,60
malloc,odd,5,200,61
malloc,odd,5,201,60
malloc,odd,5,202,61
malloc,odd,5,203,61
malloc,odd,5,204,70
malloc,odd,5,205,60
malloc,odd,5,206,70
malloc,odd,5,207,70
malloc,odd,5,208,61
malloc,odd,5,209,60
malloc,odd,5,210,60
malloc,odd,5,211,61
malloc,odd,5,212,60
malloc,odd,5,213,61
malloc,odd,5,214,70
malloc,odd,5,215,71
malloc,odd,5,216,70
malloc,odd,5,217,61
malloc,odd,5,218,61
malloc,odd,5,219,61
malloc,odd,5,220,60
malloc,odd,5,221,60
malloc,odd,5,222,61
malloc,odd,5,223,61
malloc,odd,5,224,70
malloc,odd,5,225,61
malloc,odd,5,226,61
malloc,odd,5,227,70
malloc,odd,5,228,71
malloc,odd,5,229,6452
malloc,odd,5,230,70
malloc,odd,5,231,70
malloc,odd,5,232,61
malloc,odd,5,233,70
malloc,odd,5,234,70
malloc,odd,5,235,61
malloc,odd,5,236,61
malloc,odd,5,237,70
malloc,odd,5,238,60
malloc,odd,5,239,61
malloc,odd,5,240,60
malloc,odd,5,241,61
malloc,odd,5,242,61
malloc,odd,5,243,61
malloc,odd,5,244,60
malloc,odd,5,245,61
malloc,odd,5,246,60
malloc,odd,5,247,60
malloc,odd,5,248,70
malloc,odd,5,249,61
malloc,odd,5,250,61
malloc,odd,5,251,70
malloc,odd,5,252,61
malloc,odd,5,253,61
malloc,odd,5,254,61
malloc,odd,5,255,61
malloc,odd,5,256,70
malloc,odd,5,257,60
malloc,odd,5,258,61
malloc,odd,5,259,70
malloc,odd,5,260,70
malloc,odd,5,261,71
malloc,odd,5,262,70
malloc,odd,5,263,61
malloc,odd,5,264,70
malloc,odd,5,265,70
malloc,odd,5,266,61
malloc,odd,5,267,70
malloc,odd,5,268,71
malloc,odd,5,269,61
malloc,odd,5,270,61
malloc,odd,5,271,70
malloc,odd,5,272,61
malloc,odd,5,273,70
malloc,odd,5,274,60
malloc,odd,5,275,60
malloc,odd,5,276,5360
malloc,odd,5,277,70
malloc,odd,5,278,60
malloc,odd,5,279,70
malloc,odd,5,280,60
malloc,odd,5,281,71
malloc,odd,5,282,70
malloc,odd,5,283,60
malloc,odd,5,284,70
malloc,odd,5,285,61
malloc,odd,5,286,70
malloc,odd,5,287,61
malloc,odd,5,288,61
malloc,odd,5,289,60
malloc,odd,5,290,61
malloc,odd,5,291,61
malloc,odd,5,292,71
malloc,odd,5,293,60
malloc,odd,5,294,60
malloc,odd,5,295,61
malloc,odd,5,296,61
malloc,odd,5,297,61
malloc,odd,5,298,70
malloc,odd,5,299,61
malloc,odd,5,300,61
malloc,odd,5,301,61
malloc,odd,5,302,70
malloc,odd,5,303,60
malloc,odd,5,304,60
malloc,odd,5,305,60
malloc,odd,5,306,61
malloc,odd,5,307,60
malloc,odd,5,308,70
malloc,odd,5,309,61
malloc,odd,5,310,61
malloc,odd,5,311,70
malloc,odd,5,312,61
malloc,odd,5,313,70
malloc,odd,5,314,61
malloc,odd,5,315,61
malloc,odd,5,316,70
malloc,odd,5,317,70
malloc,odd,5,318,60
malloc,odd,5,319,61
malloc,odd,5,320,61
malloc,odd,5,321,70
malloc,odd,5,322,61
malloc,odd,5,323,5581
malloc,odd,5,324,60
malloc,odd,5,325,61
malloc,odd,5,326,60
malloc,odd,5,327,61
malloc,odd,5,328,61
malloc,odd,5,329,61
malloc,odd,5,330,61
malloc,odd,5,331,60
malloc,odd,5,332,60
malloc,odd,5,333,61
malloc,odd,5,334,61
malloc,odd,5,335,61
malloc,odd,5,336,61
malloc,odd,5,337,61
malloc,odd,5,338,61
malloc,odd,5,339,61
malloc,odd,5,340,70
malloc,odd,5,341,60
malloc,odd,5,342,61
malloc,odd,5,343,60
malloc,odd,5,344,60
malloc,odd,5,345,70
malloc,odd,5,346,60
malloc,odd,5,347,70
malloc,odd,5,348,61
malloc,odd,5,349,70
malloc,odd,5,350,70
malloc,odd,5,351,71
malloc,odd,5,352,61
malloc,odd,5,353,70
malloc,odd,5,354,60
malloc,odd,5,355,60
malloc,odd,5,356,70
malloc,odd,5,357,60
malloc,odd,5,358,61
malloc,odd,5,359,70
malloc,odd,5,360,61
malloc,odd,5,361,70
malloc,odd,5,362,60
malloc,odd,5,363,70
malloc,odd,5,364,60
malloc,odd,5,365,61
malloc,odd,5,366,60
malloc,odd,5,367,61
malloc,odd,5,368,60
malloc,odd,5,369,60
malloc,odd,5,370,70
malloc,odd,5,371,61
malloc,odd,5,372,60
malloc,odd,5,373,70
malloc,odd,5,374,60
malloc,odd,5,375,61
malloc,odd,5,376,61
malloc,odd,5,377,70
malloc,odd,5,378,61
malloc,odd,5,379,61
malloc,odd,5,380,61
malloc,odd,5,381,70
malloc,odd,5,382,61
malloc,odd,5,383,61
malloc,odd,5,384,61
malloc,odd,5,385,70
malloc,odd,5,386,61
malloc,odd,5,387,70
malloc,odd,5,388,61
malloc,odd,5,389,61
malloc,odd,5,390,61
malloc,odd,5,391,60
malloc,odd,5,392,70
malloc,odd,5,393,70
malloc,odd,5,394,61
malloc,odd,5,395,61
malloc,odd,5,396,60
malloc,odd,5,397,61
malloc,odd,5,398,61
malloc,odd,5,399,61
clock_write_control,odd,5,0,41
clock_write_control,odd,5,1,41
clock_write_control,odd,5,2,41
clock_write_control,odd,5,3,41
clock_write_control,odd,5,4,41
clock_write_control,odd,5,5,41
clock_write_control,odd,5,6,41
clock_write_control,odd,5,7,41
clock_write_control,odd,5,8,41
clock_write_control,odd,5,9,41
clock_write_control,odd,5,10,41
clock_write_control,odd,5,11,41
clock_write_control,odd,5,12,41
clock_write_control,odd,5,13,41
clock_write_control,odd,5,14,41
clock_write_control,odd,5,15,41
clock_write_control,odd,5,16,41
clock_write_control,odd,5,17,41
clock_write_control,odd,5,18,41
clock_write_control,odd,5,19,41
clock_write_control,odd,5,20,41
clock_write_control,odd,5,21,41
clock_write_control,odd,5,22,41
clock_write_control,odd,5,23,41
clock_write_control,odd,5,24,41
clock_write_control,odd,5,25,41
clock_write_control,odd,5,26,41
clock_write_control,odd,5,27,41
clock_write_control,odd,5,28,41
clock_write_control,odd,5,29,41
clock_write_control,odd,5,30,41
clock_write_control,odd,5,31,41
clock_write_control,odd,5,32,41
clock_write_control,odd,5,33,41
clock_write_control,odd,5,34,41
clock_write_control,odd,5,35,41
clock_write_control,odd,5,36,41
clock_write_control,odd,5,37,41
clock_write_control,odd,5,38,41
clock_write_control,odd,5,39,41
clock_write_control,odd,5,40,41
clock_write_control,odd,5,41,41
clock_write_control,odd,5,42,41
clock_write_control,odd,5,43,100
clock_write_control,odd,5,44,41
clock_write_control,odd,5,45,41
clock_write_control,odd,5,46,41
clock_write_control,odd,5,47,41
clock_write_control,odd,5,48,41
clock_write_control,odd,5,49,41
clock_write_control,odd,5,50,41
clock_write_control,odd,5,51,50
clock_write_control,odd,5,52,50
clock_write_control,odd,5,53,51
clock_write_control,odd,5,54,50
clock_write_control,odd,5,55,41
clock_write_control,odd,5,56,41
clock_write_control,odd,5,57,41
clock_write_control,odd,5,58,41
clock_write_control,odd,5,59,41
clock_write_control,odd,5,60,41
clock_write_control,odd,5,61,41
clock_write_control,odd,5,62,41
clock_write_control,odd,5,63,41
clock_write_control,odd,5,64,41
clock_write_control,odd,5,65,41
clock_write_control,odd,5,66,41
clock_write_control,odd,5,67,41
clock_write_control,odd,5,68,41
clock_write_control,odd,5,69,41
clock_write_control,odd,5,70,41
clock_write_control,odd,5,71,41
clock_write_control,odd,5,72,41
clock_write_control,odd,5,73,41
clock_write_control,odd,5,74,41
clock_write_control,odd,5,75,41
clock_write_control,odd,5,76,41
clock_write_control,odd,5,77,41
clock_write_control,odd,5,78,41
clock_write_control,odd,5,79,41
clock_write_control,odd,5,80,41
clock_write_control,odd,5,81,41
clock_write_control,odd,5,82,41
clock_write_control,odd,5,83,41
clock_write_control,odd,5,84,41
clock_write_control,odd,5,85,41
clock_write_control,odd,5,86,41
clock_write_control,odd,5,87,41
clock_write_control,odd,5,88,41
clock_write_control,odd,5,89,41
clock_write_control,odd,5,90,41
clock_write_control,odd,5,91,41
clock_write_control,odd,5,92,41
clock_write_control,odd,5,93,41
clock_write_control,odd,5,94,41
clock_write_control,odd,5,95,41
clock_write_control,odd,5,96,41
clock_write_control,odd,5,97,6272
clock_write_control,odd,5,98,41
clock_write_control,odd,5,99,41
clock_write_control,odd,5,100,41
clock_write_control,odd,5,101,41
clock_write_control,odd,5,102,51
clock_write_control,odd,5,103,42
clock_write_control,odd,5,104,41
clock_write_control,odd,5,105,41
clock_write_control,odd,5,106,41
clock_write_control,odd,5,107,41
clock_write_control,odd,5,108,41
clock_write_control,odd,5,109,41
clock_write_control,odd,5,110,41
clock_write_control,odd,5,111,41
clock_write_control,odd,5,112,41
clock_write_control,odd,5,113,41
clock_write_control,odd,5,114,41
clock_write_control,odd,5,115,41
clock_write_control,odd,5,116,41
clock_write_control,odd,5,117,41
clock_write_control,odd,5,118,41
clock_write_control,odd,5,119,41
clock_write_control,odd,5,120,41
clock_write_control,odd,5,121,41
clock_write_control,odd,5,122,41
clock_write_control,odd,5,123,41
clock_write_control,odd,5,124,41
clock_write_control,odd,5,125,41
clock_write_control,odd,5,126,41
clock_write_control,odd,5,127,41
clock_write_control,odd,5,128,41
clock_write_control,odd,5,129,41
clock_write_control,odd,5,130,41
clock_write_control,odd,5,131,41
clock_write_control,odd,5,132,41
clock_write_control,odd,5,133,41
clock_write_control,odd,5,134,42
clock_write_control,odd,5,135,41
clock_write_control,odd,5,136,41
clock_write_control,odd,5,137,41
clock_write_control,odd,5,138,41
clock_write_control,odd,5,139,41
clock_write_control,odd,5,140,41
clock_write_control,odd,5,141,41
clock_write_control,odd,5,142,41
clock_write_control,odd,5,143,41
clock_write_control,odd,5,144,41
clock_write_control,odd,5,145,41
clock_write_control,odd,5,146,41
clock_write_control,odd,5,147,41
clock_write_control,odd,5,148,41
clock_write_control,odd,5,149,41
clock_write_control,odd,5,150,41
clock_write_control,odd,5,151,80
clock_write_control,odd,5,152,41
clock_write_control,odd,5,153,41
clock_write_control,odd,5,154,41
clock_write_control,odd,5,155,41
clock_write_control,odd,5,156,41
clock_write_control,odd,5,157,41
clock_write_control,odd,5,158,41
clock_write_control,odd,5,159,51
clock_write_control,odd,5,160,50
clock_write_control,odd,5,161,51
clock_write_control,odd,5,162,51
clock_write_control,odd,5,163,41
clock_write_control,odd,5,164,41
clock_write_control,odd,5,165,41
clock_write_control,odd,5,166,41
clock_write_control,odd,5,167,41
clock_write_control,odd,5,168,41
clock_write_control,odd,5,169,41
clock_write_control,odd,5,170,41
clock_write_control,odd,5,171,41
clock_write_control,odd,5,172,41
clock_write_control,odd,5,173,41
clock_write_control,odd,5,174,41
clock_write_control,odd,5,175,41
clock_write_control,odd,5,176,41
clock_write_control,odd,5,177,41
clock_write_control,odd,5,178,41
clock_write_control,odd,5,179,41
clock_write_control,odd,5,180,41
clock_write_control,odd,5,181,41
clock_write_control,odd,5,182,41
clock_write_control,odd,5,183,41
clock_write_control,odd,5,184,41
clock_write_control,odd,5,185,41
clock_write_control,odd,5,186,41
clock_write_control,odd,5,187,41
clock_write_control,odd,5,188,41
clock_write_control,odd,5,189,41
clock_write_control,odd,5,190,41
clock_write_control,odd,5,191,41
clock_write_control,odd,5,192,41
clock_write_control,odd,5,193,41
clock_write_control,odd,5,194,41
clock_write_control,odd,5,195,41
clock_write_control,odd,5,196,41
clock_write_control,odd,5,197,41
clock_write_control,odd,5,198,41
clock_write_control,odd,5,199,41
clock_write_control,odd,5,200,41
clock_write_control,odd,5,201,41
clock_write_control,odd,5,202,41
clock_write_control,odd,5,203,41
clock_write_control,odd,5,204,41
clock_write_control,odd,5,205,5550
clock_write_control,odd,5,206,41
clock_write_control,odd,5,207,41
clock_write_control,odd,5,208,41
clock_write_control,odd,5,209,41
clock_write_control,odd,5,210,41
clock_write_control,odd,5,211,41
clock_write_control,odd,5,212,41
clock_write_control,odd,5,213,41
clock_write_control,odd,5,214,41
clock_write_control,odd,5,215,41
clock_write_control,odd,5,216,41
clock_write_control,odd,5,217,41
clock_write_control,odd,5,218,41
clock_write_control,odd,5,219,41
clock_write_control,odd,5,220,41
clock_write_control,odd,5,221,41
clock_write_control,odd,5,222,41
clock_write_control,odd,5,223,41
clock_write_control,odd,5,224,41
clock_write_control,odd,5,225,41
clock_write_control,odd,5,226,41
clock_write_control,odd,5,227,41
clock_write_control,odd,5,228,41
clock_write_control,odd,5,229,41
clock_write_control,odd,5,230,41
clock_write_control,odd,5,231,41
clock_write_control,odd,5,232,41
clock_write_control,odd,5,233,41
clock_write_control,odd,5,234,41
clock_write_control,odd,5,235,41
clock_write_control,odd,5,236,41
clock_write_control,odd,5,237,41
clock_write_control,odd,5,238,41
clock_write_control,odd,5,239,41
clock_write_control,odd,5,240,41
clock_write_control,odd,5,241,41
clock_write_control,odd,5,242,41
clock_write_control,odd,5,243,41
clock_write_control,odd,5,244,41
clock_write_control,odd,5,245,41
clock_write_control,odd,5,246,41
clock_write_control,odd,5,247,41
clock_write_control,odd,5,248,41
clock_write_control,odd,5,249,41
clock_write_control,odd,5,250,41
clock_write_control,odd,5,251,41
clock_write_control,odd,5,252,41
clock_write_control,odd,5,253,41
clock_write_control,odd,5,254,41
clock_write_control,odd,5,255,41
clock_write_control,odd,5,256,41
clock_write_control,odd,5,257,41
clock_write_control,odd,5,258,41
clock_write_control,odd,5,259,41
clock_write_control,odd,5,260,5070
clock_write_control,odd,5,261,41
clock_write_control,odd,5,262,41
clock_write_control,odd,5,263,41
clock_write_control,odd,5,264,50
clock_write_control,odd,5,265,50
clock_write_control,odd,5,266,41
clock_write_control,odd,5,267,41
clock_write_control,odd,5,268,41
clock_write_control,odd,5,269,41
clock_write_control,odd,5,270,41
clock_write_control,odd,5,271,41
clock_write_control,odd,5,272,41
clock_write_control,odd,5,273,41
clock_write_control,odd,5,274,41
clock_write_control,odd,5,275,41
clock_write_control,odd,5,276,41
clock_write_control,odd,5,277,41
clock_write_control,odd,5,278,41
clock_write_control,odd,5,279,41
clock_write_control,odd,5,280,41
clock_write_control,odd,5,281,41
clock_write_control,odd,5,282,41
clock_write_control,odd,5,283,41
clock_write_control,odd,5,284,41
clock_write_control,odd,5,285,41
clock_write_control,odd,5,286,41
clock_write_control,odd,5,287,41
clock_write_control,odd,5,288,41
clock_write_control,odd,5,289,41
clock_write_control,odd,5,290,41
clock_write_control,odd,5,291,41
clock_write_control,odd,5,292,41
clock_write_control,odd,5,293,41
clock_write_control,odd,5,294,41
clock_write_control,odd,5,295,41
clock_write_control,odd,5,296,41
clock_write_control,odd,5,297,41
clock_write_control,odd,5,298,41
clock_write_control,odd,5,299,41
clock_write_control,odd,5,300,41
clock_write_control,odd,5,301,41
clock_write_control,odd,5,302,41
clock_write_control,odd,5,303,41
clock_write_control,odd,5,304,41
clock_write_control,odd,5,305,41
clock_write_control,odd,5,306,41
clock_write_control,odd,5,307,41
clock_write_control,odd,5,308,41
clock_write_control,odd,5,309,41
clock_write_control,odd,5,310,41
clock_write_control,odd,5,311,41
clock_write_control,odd,5,312,41
clock_write_control,odd,5,313,41
clock_write_control,odd,5,314,5521
clock_write_control,odd,5,315,41
clock_write_control,odd,5,316,41
clock_write_control,odd,5,317,41
clock_write_control,odd,5,318,51
clock_write_control,odd,5,319,41
clock_write_control,odd,5,320,41
clock_write_control,odd,5,321,41
clock_write_control,odd,5,322,41
clock_write_control,odd,5,323,41
clock_write_control,odd,5,324,41
clock_write_control,odd,5,325,41
clock_write_control,odd,5,326,41
clock_write_control,odd,5,327,41
clock_write_control,odd,5,328,41
clock_write_control,odd,5,329,41
clock_write_control,odd,5,330,41
clock_write_control,odd,5,331,41
clock_write_control,odd,5,332,41
clock_write_control,odd,5,333,41
clock_write_control,odd,5,334,41
clock_write_control,odd,5,335,41
clock_write_control,odd,5,336,41
clock_write_control,odd,5,337,41
clock_write_control,odd,5,338,41
clock_write_control,odd,5,339,41
clock_write_control,odd,5,340,41
clock_write_control,odd,5,341,41
clock_write_control,odd,5,342,41
clock_write_control,odd,5,343,41
clock_write_control,odd,5,344,41
clock_write_control,odd,5,345,41
clock_write_control,odd,5,346,41
clock_write_control,odd,5,347,41
clock_write_control,odd,5,348,41
clock_write_control,odd,5,349,41
clock_write_control,odd,5,350,41
clock_write_control,odd,5,351,41
clock_write_control,odd,5,352,41
clock_write_control,odd,5,353,41
clock_write_control,odd,5,354,41
clock_write_control,odd,5,355,41
clock_write_control,odd,5,356,41
clock_write_control,odd,5,357,41
clock_write_control,odd,5,358,41
clock_write_control,odd,5,359,41
clock_write_control,odd,5,360,41
clock_write_control,odd,5,361,41
clock_write_control,odd,5,362,41
clock_write_control,odd,5,363,41
clock_write_control,odd,5,364,41
clock_write_control,odd,5,365,41
clock_write_control,odd,5,366,41
clock_write_control,odd,5,367,41
clock_write_control,odd,5,368,41
clock_write_control,odd,5,369,5831
clock_write_control,odd,5,370,41
clock_write_control,odd,5,371,41
clock_write_control,odd,5,372,41
clock_write_control,odd,5,373,41
clock_write_control,odd,5,374,41
clock_write_control,odd,5,375,41
clock_write_control,odd,5,376,41
clock_write_control,odd,5,377,41
clock_write_control,odd,5,378,51
clock_write_control,odd,5,379,50
clock_write_control,odd,5,380,51
clock_write_control,odd,5,381,50
clock_write_control,odd,5,382,41
clock_write_control,odd,5,383,41
clock_write_control,odd,5,384,41
clock_write_control,odd,5,385,41
clock_write_control,odd,5,386,41
clock_write_control,odd,5,387,41
clock_write_control,odd,5,388,41
clock_write_control,odd,5,389,41
clock_write_control,odd,5,390,41
clock_write_control,odd,5,391,41
clock_write_control,odd,5,392,41
clock_write_control,odd,5,393,41
clock_write_control,odd,5,394,41
clock_write_control,odd,5,395,41
clock_write_control,odd,5,396,41
clock_write_control,odd,5,397,41
clock_write_control,odd,5,398,41
clock_write_control,odd,5,399,41
stack,aligned,6,0,51
stack,aligned,6,1,41
stack,aligned,6,2,41
stack,aligned,6,3,41
stack,aligned,6,4,41
stack,aligned,6,5,41
stack,aligned,6,6,41
stack,aligned,6,7,41
stack,aligned,6,8,41
stack,aligned,6,9,41
stack,aligned,6,10,41
stack,aligned,6,11,41
stack,aligned,6,12,41
stack,aligned,6,13,41
stack,aligned,6,14,41
stack,aligned,6,15,41
stack,aligned,6,16,41
stack,aligned,6,17,41
stack,aligned,6,18,41
stack,aligned,6,19,41
stack,aligned,6,20,41
stack,aligned,6,21,41
stack,aligned,6,22,41
stack,aligned,6,23,41
stack,aligned,6,24,41
stack,aligned,6,25,41
stack,aligned,6,26,41
stack,aligned,6,27,41
stack,aligned,6,28,41
stack,aligned,6,29,41
stack,aligned,6,30,41
stack,aligned,6,31,41
stack,aligned,6,32,41
stack,aligned,6,33,41
stack,aligned,6,34,41
stack,aligned,6,35,41
stack,aligned,6,36,41
stack,aligned,6,37,41
stack,aligned,6,38,41
stack,aligned,6,39,41
stack,aligned,6,40,41
stack,aligned,6,41,41
stack,aligned,6,42,41
stack,aligned,6,43,41
stack,aligned,6,44,41
stack,aligned,6,45,41
stack,aligned,6,46,7003
stack,aligned,6,47,41
stack,aligned,6,48,41
stack,aligned,6,49,41
stack,aligned,6,50,41
stack,aligned,6,51,51
stack,aligned,6,52,51
stack,aligned,6,53,41
stack,aligned,6,54,41
stack,aligned,6,55,41
stack,aligned,6,56,41
stack,aligned,6,57,41
stack,aligned,6,58,41
stack,aligned,6,59,41
stack,aligned,6,60,41
stack,aligned,6,61,41
stack,aligned,6,62,41
stack,aligned,6,63,41
stack,aligned,6,64,41
stack,aligned,6,65,41
stack,aligned,6,66,41
stack,aligned,6,67,41
stack,aligned,6,68,41
stack,aligned,6,69,41
stack,aligned,6,70,41
stack,aligned,6,71,41
stack,aligned,6,72,41
stack,aligned,6,73,41
stack,aligned,6,74,41
stack,aligned,6,75,41
stack,aligned,6,76,41
stack,aligned,6,77,41
stack,aligned,6,78,41
stack,aligned,6,79,41
stack,aligned,6,80,41
stack,aligned,6,81,41
stack,aligned,6,82,41
stack,aligned,6,83,41
stack,aligned,6,84,41
stack,aligned,6,85,41
stack,aligned,6,86,41
stack,aligned,6,87,41
stack,aligned,6,88,41
stack,aligned,6,89,41
stack,aligned,6,90,41
stack,aligned,6,91,41
stack,aligned,6,92,41
stack,aligned,6,93,41
stack,aligned,6,94,41
stack,aligned,6,95,41
stack,aligned,6,96,41
stack,aligned,6,97,41
stack,aligned,6,98,41
stack,aligned,6,99,5690
stack,aligned,6,100,41
stack,aligned,6,101,41
stack,aligned,6,102,50
stack,aligned,6,103,41
stack,aligned,6,104,41
stack,aligned,6,105,41
stack,aligned,6,106,41
stack,aligned,6,107,41
stack,aligned,6,108,41
stack,aligned,6,109,41
stack,aligned,6,110,41
stack,aligned,6,111,41
stack,aligned,6,112,41
stack,aligned,6,113,41
stack,aligned,6,114,41
stack,aligned,6,115,41
stack,aligned,6,116,41
stack,aligned,6,117,41
stack,aligned,6,118,41
stack,aligned,6,119,41
stack,aligned,6,120,41
stack,aligned,6,121,41
stack,aligned,6,122,41
stack,aligned,6,123,41
stack,aligned,6,124,41
stack,aligned,6,125,41
stack,aligned,6,126,41
stack,aligned,6,127,41
stack,aligned,6,128,41
stack,aligned,6,129,41
stack,aligned,6,130,41
stack,aligned,6,131,41
stack,aligned,6,132,41
stack,aligned,6,133,41
stack,aligned,6,134,41
stack,aligned,6,135,41
stack,aligned,6,136,41
stack,aligned,6,137,41
stack,aligned,6,138,41
stack,aligned,6,139,41
stack,aligned,6,140,41
stack,aligned,6,141,41
stack,aligned,6,142,41
stack,aligned,6,143,41
stack,aligned,6,144,41
stack,aligned,6,145,41
stack,aligned,6,146,41
stack,aligned,6,147,41
stack,aligned,6,148,41
stack,aligned,6,149,41
stack,aligned,6,150,41
stack,aligned,6,151,41
stack,aligned,6,152,41
stack,aligned,6,153,41
stack,aligned,6,154,41
stack,aligned,6,155,41
stack,aligned,6,156,41
stack,aligned,6,157,41
stack,aligned,6,158,41
stack,aligned,6,159,41
stack,aligned,6,160,41
stack,aligned,6,161,51
stack,aligned,6,162,50
stack,aligned,6,163,51
stack,aligned,6,164,51
stack,aligned,6,165,41
stack,aligned,6,166,41
stack,aligned,6,167,41
stack,aligned,6,168,41
stack,aligned,6,169,41
stack,aligned,6,170,41
stack,aligned,6,171,41
stack,aligned,6,172,41
stack,aligned,6,173,41
stack,aligned,6,174,41
stack,aligned,6,175,41
stack,aligned,6,176,41
stack,aligned,6,177,41
stack,aligned,6,178,41
stack,aligned,6,179,41
stack,aligned,6,180,41
stack,aligned,6,181,41
stack,aligned,6,182,41
stack,aligned,6,183,41
stack,aligned,6,184,41
stack,aligned,6,185,41
stack,aligned,6,186,41
stack,aligned,6,187,41
stack,aligned,6,188,41
stack,aligned,6,189,41
stack,aligned,6,190,41
stack,aligned,6,191,41
stack,aligned,6,192,41
stack,aligned,6,193,41
stack,aligned,6,194,41
stack,aligned,6,195,41
stack,aligned,6,196,41
stack,aligned,6,197,41
stack,aligned,6,198,41
stack,aligned,6,199,41
stack,aligned,6,200,41
stack,aligned,6,201,41
stack,aligned,6,202,41
stack,aligned,6,203,41
stack,aligned,6,204,90
stack,aligned,6,205,41
stack,aligned,6,206,41
stack,aligned,6,207,41
stack,aligned,6,208,50
stack,aligned,6,209,50
stack,aligned,6,210,51
stack,aligned,6,211,41
stack,aligned,6,212,41
stack,aligned,6,213,41
stack,aligned,6,214,41
stack,aligned,6,215,41
stack,aligned,6,216,41
stack,aligned,6,217,41
stack,aligned,6,218,41
stack,aligned,6,219,41
stack,aligned,6,220,41
stack,aligned,6,221,41
stack,aligned,6,222,41
stack,aligned,6,223,41
stack,aligned,6,224,41
stack,aligned,6,225,41
stack,aligned,6,226,41
stack,aligned,6,227,41
stack,aligned,6,228,41
stack,aligned,6,229,41
stack,aligned,6,230,41
stack,aligned,6,231,41
stack,aligned,6,232,41
stack,aligned,6,233,41
stack,aligned,6,234,41
stack,aligned,6,235,41
stack,aligned,6,236,41
stack,aligned,6,237,41
stack,aligned,6,238,41
stack,aligned,6,239,41
stack,aligned,6,240,41
stack,aligned,6,241,41
stack,aligned,6,242,41
stack,aligned,6,243,41
stack,aligned,6,244,41
stack,aligned,6,245,41
stack,aligned,6,246,41
stack,aligned,6,247,41
stack,aligned,6,248,41
stack,aligned,6,249,41
stack,aligned,6,250,41
stack,aligned,6,251,41
stack,aligned,6,252,41
stack,aligned,6,253,41
stack,aligned,6,254,41
stack,aligned,6,255,41
stack,aligned,6,256,41
stack,aligned,6,257,70
stack,aligned,6,258,41
stack,aligned,6,259,41
stack,aligned,6,260,41
stack,aligned,6,261,41
stack,aligned,6,262,41
stack,aligned,6,263,41
stack,aligned,6,264,41
stack,aligned,6,265,41
stack,aligned,6,266,51
stack,aligned,6,267,51
stack,aligned,6,268,51
stack,aligned,6,269,51
stack,aligned,6,270,41
stack,aligned,6,271,41
stack,aligned,6,272,41
stack,aligned,6,273,41
stack,aligned,6,274,41
stack,aligned,6,275,41
stack,aligned,6,276,41
stack,aligned,6,277,41
stack,aligned,6,278,41
stack,aligned,6,279,41
stack,aligned,6,280,41
stack,aligned,6,281,41
stack,aligned,6,282,41
stack,aligned,6,283,41
stack,aligned,6,284,41
stack,aligned,6,285,41
stack,aligned,6,286,41
stack,aligned,6,287,41
stack,aligned,6,288,41
stack,aligned,6,289,41
stack,aligned,6,290,41
stack,aligned,6,291,41
stack,aligned,6,292,41
stack,aligned,6,293,41
stack,aligned,6,294,41
stack,aligned,6,295,41
stack,aligned,6,296,41
stack,aligned,6,297,41
stack,aligned,6,298,41
stack,aligned,6,299,41
stack,aligned,6,300,41
stack,aligned,6,301,41
stack,aligned,6,302,41
stack,aligned,6,303,41
stack,aligned,6,304,41
stack,aligned,6,305,41
stack,aligned,6,306,41
stack,aligned,6,307,41
stack,aligned,6,308,41
stack,aligned,6,309,9077
stack,aligned,6,310,41
stack,aligned,6,311,41
stack,aligned,6,312,41
stack,aligned,6,313,41
stack,aligned,6,314,41
stack,aligned,6,315,41
stack,aligned,6,316,41
stack,aligned,6,317,41
stack,aligned,6,318,41
stack,aligned,6,319,41
stack,aligned,6,320,41
stack,aligned,6,321,41
stack,aligned,6,322,41
stack,aligned,6,323,41
stack,aligned,6,324,41
stack,aligned,6,325,41
stack,aligned,6,326,41
stack,aligned,6,327,41
stack,aligned,6,328,41
stack,aligned,6,329,41
stack,aligned,6,330,41
stack,aligned,6,331,41
stack,aligned,6,332,41
stack,aligned,6,333,41
stack,aligned,6,334,41
stack,aligned,6,335,41
stack,aligned,6,336,41
stack,aligned,6,337,41
stack,aligned,6,338,41
stack,aligned,6,339,41
stack,aligned,6,340,41
stack,aligned,6,341,41
stack,aligned,6,342,41
stack,aligned,6,343,41
stack,aligned,6,344,41
stack,aligned,6,345,41
stack,aligned,6,346,41
stack,aligned,6,347,41
stack,aligned,6,348,41
stack,aligned,6,349,41
stack,aligned,6,350,41
stack,aligned,6,351,41
stack,aligned,6,352,41
stack,aligned,6,353,41
stack,aligned,6,354,41
stack,aligned,6,355,41
stack,aligned,6,356,41
stack,aligned,6,357,41
stack,aligned,6,358,41
stack,aligned,6,359,41
stack,aligned,6,360,10289
stack,aligned,6,361,41
stack,aligned,6,362,41
stack,aligned,6,363,41
stack,aligned,6,364,41
stack,aligned,6,365,41
stack,aligned,6,366,41
stack,aligned,6,367,41
stack,aligned,6,368,41
stack,aligned,6,369,41
stack,aligned,6,370,41
stack,aligned,6,371,41
stack,aligned,6,372,41
stack,aligned,6,373,41
stack,aligned,6,374,41
stack,aligned,6,375,41
stack,aligned,6,376,41
stack,aligned,6,377,41
stack,aligned,6,378,41
stack,aligned,6,379,41
stack,aligned,6,380,41
stack,aligned,6,381,41
stack,aligned,6,382,41
stack,aligned,6,383,41
stack,aligned,6,384,41
stack,aligned,6,385,41
stack,aligned,6,386,41
stack,aligned,6,387,41
stack,aligned,6,388,41
stack,aligned,6,389,41
stack,aligned,6,390,41
stack,aligned,6,391,41
stack,aligned,6,392,41
stack,aligned,6,393,41
stack,aligned,6,394,41
stack,aligned,6,395,41
stack,aligned,6,396,41
stack,aligned,6,397,41
stack,aligned,6,398,41
stack,aligned,6,399,41
arena,aligned,6,0,141
arena,aligned,6,1,41
arena,aligned,6,2,41
arena,aligned,6,3,41
arena,aligned,6,4,41
arena,aligned,6,5,41
arena,aligned,6,6,41
arena,aligned,6,7,41
arena,aligned,6,8,41
arena,aligned,6,9,41
arena,aligned,6,10,41
arena,aligned,6,11,41
arena,aligned,6,12,41
arena,aligned,6,13,41
arena,aligned,6,14,41
arena,aligned,6,15,41
arena,aligned,6,16,41
arena,aligned,6,17,41
arena,aligned,6,18,41
arena,aligned,6,19,41
arena,aligned,6,20,41
arena,aligned,6,21,41
arena,aligned,6,22,41
arena,aligned,6,23,41
arena,aligned,6,24,41
arena,aligned,6,25,41
arena,aligned,6,26,41
arena,aligned,6,27,41
arena,aligned,6,28,41
arena,aligned,6,29,41
arena,aligned,6,30,41
arena,aligned,6,31,41
arena,aligned,6,32,41
arena,aligned,6,33,41
arena,aligned,6,34,41
arena,aligned,6,35,41
arena,aligned,6,36,41
arena,aligned,6,37,41
arena,aligned,6,38,41
arena,aligned,6,39,41
arena,aligned,6,40,41
arena,aligned,6,41,41
arena,aligned,6,42,41
arena,aligned,6,43,41
arena,aligned,6,44,41
arena,aligned,6,45,41
arena,aligned,6,46,41
arena,aligned,6,47,41
arena,aligned,6,48,41
arena,aligned,6,49,41
arena,aligned,6,50,41
arena,aligned,6,51,41
arena,aligned,6,52,41
arena,aligned,6,53,50
arena,aligned,6,54,50
arena,aligned,6,55,51
arena,aligned,6,56,51
arena,aligned,6,57,41
arena,aligned,6,58,41
arena,aligned,6,59,41
arena,aligned,6,60,41
arena,aligned,6,61,41
arena,aligned,6,62,41
arena,aligned,6,63,41
arena,aligned,6,64,41
arena,aligned,6,65,41
arena,aligned,6,66,41
arena,aligned,6,67,41
arena,aligned,6,68,41
arena,aligned,6,69,41
arena,aligned,6,70,41
arena,aligned,6,71,41
arena,aligned,6,72,41
arena,aligned,6,73,41
arena,aligned,6,74,41
arena,aligned,6,75,41
arena,aligned,6,76,41
arena,aligned,6,77,41
arena,aligned,6,78,41
arena,aligned,6,79,41
arena,aligned,6,80,41
arena,aligned,6,81,41
arena,aligned,6,82,41
arena,aligned,6,83,41
arena,aligned,6,84,41
arena,aligned,6,85,41
arena,aligned,6,86,41
arena,aligned,6,87,41
arena,aligned,6,88,41
arena,aligned,6,89,41
arena,aligned,6,90,41
arena,aligned,6,91,41
arena,aligned,6,92,41
arena,aligned,6,93,41
arena,aligned,6,94,41
arena,aligned,6,95,41
arena,aligned,6,96,41
arena,aligned,6,97,60
arena,aligned,6,98,41
arena,aligned,6,99,41
arena,aligned,6,100,41
arena,aligned,6,101,41
arena,aligned,6,102,41
arena,aligned,6,103,50
arena,aligned,6,104,51
arena,aligned,6,105,41
arena,aligned,6,106,41
arena,aligned,6,107,41
arena,aligned,6,108,41
arena,aligned,6,109,41
arena,aligned,6,110,41
arena,aligned,6,111,41
arena,aligned,6,112,41
arena,aligned,6,113,41
arena,aligned,6,114,41
arena,aligned,6,115,41
arena,aligned,6,116,41
arena,aligned,6,117,41
arena,aligned,6,118,41
arena,aligned,6,119,41
arena,aligned,6,120,551
arena,aligned,6,121,70
arena,aligned,6,122,50
arena,aligned,6,123,41
arena,aligned,6,124,41
arena,aligned,6,125,41
arena,aligned,6,126,41
arena,aligned,6,127,41
arena,aligned,6,128,41
arena,aligned,6,129,41
arena,aligned,6,130,41
arena,aligned,6,131,41
arena,aligned,6,132,41
arena,aligned,6,133,41
arena,aligned,6,134,41
arena,aligned,6,135,41
arena,aligned,6,136,41
arena,aligned,6,137,41
arena,aligned,6,138,41
arena,aligned,6,139,41
arena,aligned,6,140,41
arena,aligned,6,141,41
arena,aligned,6,142,41
arena,aligned,6,143,41
arena,aligned,6,144,41
arena,aligned,6,145,41
arena,aligned,6,146,41
arena,aligned,6,147,41
arena,aligned,6,148,41
arena,aligned,6,149,41
arena,aligned,6,150,41
arena,aligned,6,151,13397
arena,aligned,6,152,41
arena,aligned,6,153,41
arena,aligned,6,154,41
arena,aligned,6,155,41
arena,aligned,6,156,41
arena,aligned,6,157,41
arena,aligned,6,158,41
arena,aligned,6,159,41
arena,aligned,6,160,41
arena,aligned,6,161,50
arena,aligned,6,162,51
arena,aligned,6,163,50
arena,aligned,6,164,41
arena,aligned,6,165,41
arena,aligned,6,166,41
arena,aligned,6,167,41
arena,aligned,6,168,41
arena,aligned,6,169,41
arena,aligned,6,170,531
arena,aligned,6,171,41
arena,aligned,6,172,41
arena,aligned,6,173,41
arena,aligned,6,174,41
arena,aligned,6,175,611
arena,aligned,6,176,130
arena,aligned,6,177,41
arena,aligned,6,178,41
arena,aligned,6,179,41
arena,aligned,6,180,41
arena,aligned,6,181,41
arena,aligned,6,182,41
arena,aligned,6,183,41
arena,aligned,6,184,41
arena,aligned,6,185,41
arena,aligned,6,186,41
arena,aligned,6,187,41
arena,aligned,6,188,41
arena,aligned,6,189,41
arena,aligned,6,190,41
arena,aligned,6,191,41
arena,aligned,6,192,41
arena,aligned,6,193,41
arena,aligned,6,194,41
arena,aligned,6,195,41
arena,aligned,6,196,41
arena,aligned,6,197,41
arena,aligned,6,198,41
arena,aligned,6,199,41
arena,aligned,6,200,41
arena,aligned,6,201,41
arena,aligned,6,202,41
arena,aligned,6,203,41
arena,aligned,6,204,8135
arena,aligned,6,205,41
arena,aligned,6,206,41
arena,aligned,6,207,41
arena,aligned,6,208,41
arena,aligned,6,209,41
arena,aligned,6,210,41
arena,aligned,6,211,41
arena,aligned,6,212,41
arena,aligned,6,213,41
arena,aligned,6,214,41
arena,aligned,6,215,41
arena,aligned,6,216,41
arena,aligned,6,217,41
arena,aligned,6,218,41
arena,aligned,6,219,41
arena,aligned,6,220,41
arena,aligned,6,221,41
arena,aligned,6,222,41
arena,aligned,6,223,41
arena,aligned,6,224,41
arena,aligned,6,225,41
arena,aligned,6,226,41
arena,aligned,6,227,41
arena,aligned,6,228,42
arena,aligned,6,229,521
arena,aligned,6,230,50
arena,aligned,6,231,41
arena,aligned,6,232,41
arena,aligned,6,233,41
arena,aligned,6,234,41
arena,aligned,6,235,41
arena,aligned,6,236,41
arena,aligned,6,237,41
arena,aligned,6,238,41
arena,aligned,6,239,41
arena,aligned,6,240,41
arena,aligned,6,241,41
arena,aligned,6,242,41
arena,aligned,6,243,41
arena,aligned,6,244,41
arena,aligned,6,245,41
arena,aligned,6,246,41
arena,aligned,6,247,41
arena,aligned,6,248,41
arena,aligned,6,249,41
arena,aligned,6,250,41
arena,aligned,6,251,41
arena,aligned,6,252,41
arena,aligned,6,253,41
arena,aligned,6,254,41
arena,aligned,6,255,41
arena,aligned,6,256,41
arena,aligned,6,257,41
arena,aligned,6,258,100
arena,aligned,6,259,41
arena,aligned,6,260,41
arena,aligned,6,261,41
arena,aligned,6,262,41
arena,aligned,6,263,50
arena,aligned,6,264,50
arena,aligned,6,265,51
arena,aligned,6,266,41
arena,aligned,6,267,41
arena,aligned,6,268,41
arena,aligned,6,269,41
arena,aligned,6,270,41
arena,aligned,6,271,41
arena,aligned,6,272,41
arena,aligned,6,273,41
arena,aligned,6,274,41
arena,aligned,6,275,41
arena,aligned,6,276,41
arena,aligned,6,277,41
arena,aligned,6,278,41
arena,aligned,6,279,41
arena,aligned,6,280,41
arena,aligned,6,281,41
arena,aligned,6,282,41
arena,aligned,6,283,41
arena,aligned,6,284,130
arena,aligned,6,285,41
arena,aligned,6,286,41
arena,aligned,6,287,41
arena,aligned,6,288,41
arena,aligned,6,289,41
arena,aligned,6,290,41
arena,aligned,6,291,41
arena,aligned,6,292,41
arena,aligned,6,293,41
arena,aligned,6,294,41
arena,aligned,6,295,41
arena,aligned,6,296,41
arena,aligned,6,297,41
arena,aligned,6,298,41
arena,aligned,6,299,41
arena,aligned,6,300,41
arena,aligned,6,301,41
arena,aligned,6,302,41
arena,aligned,6,303,41
arena,aligned,6,304,41
arena,aligned,6,305,41
arena,aligned,6,306,41
arena,aligned,6,307,41
arena,aligned,6,308,41
arena,aligned,6,309,41
arena,aligned,6,310,41
arena,aligned,6,311,41
arena,aligned,6,312,41
arena,aligned,6,313,41
arena,aligned,6,314,41
arena,aligned,6,315,41
arena,aligned,6,316,41
arena,aligned,6,317,41
arena,aligned,6,318,41
arena,aligned,6,319,41
arena,aligned,6,320,41
arena,aligned,6,321,41
arena,aligned,6,322,41
arena,aligned,6,323,41
arena,aligned,6,324,41
arena,aligned,6,325,41
arena,aligned,6,326,41
arena,aligned,6,327,41
arena,aligned,6,328,41
arena,aligned,6,329,41
arena,aligned,6,330,41
arena,aligned,6,331,41
arena,aligned,6,332,41
arena,aligned,6,333,41
arena,aligned,6,334,41
arena,aligned,6,335,41
arena,aligned,6,336,551
arena,aligned,6,337,41
arena,aligned,6,338,41
arena,aligned,6,339,41
arena,aligned,6,340,41
arena,aligned,6,341,41
arena,aligned,6,342,41
arena,aligned,6,343,41
arena,aligned,6,344,41
arena,aligned,6,345,41
arena,aligned,6,346,41
arena,aligned,6,347,41
arena,aligned,6,348,41
arena,aligned,6,349,41
arena,aligned,6,350,41
arena,aligned,6,351,41
arena,aligned,6,352,41
arena,aligned,6,353,41
arena,aligned,6,354,41
arena,aligned,6,355,41
arena,aligned,6,356,41
arena,aligned,6,357,41
arena,aligned,6,358,41
arena,aligned,6,359,41
arena,aligned,6,360,41
arena,aligned,6,361,41
arena,aligned,6,362,41
arena,aligned,6,363,41
arena,aligned,6,364,6031
arena,aligned,6,365,41
arena,aligned,6,366,41
arena,aligned,6,367,41
arena,aligned,6,368,41
arena,aligned,6,369,41
arena,aligned,6,370,41
arena,aligned,6,371,51
arena,aligned,6,372,51
arena,aligned,6,373,41
arena,aligned,6,374,41
arena,aligned,6,375,41
arena,aligned,6,376,41
arena,aligned,6,377,41
arena,aligned,6,378,41
arena,aligned,6,379,41
arena,aligned,6,380,41
arena,aligned,6,381,41
arena,aligned,6,382,41
arena,aligned,6,383,41
arena,aligned,6,384,41
arena,aligned,6,385,41
arena,aligned,6,386,41
arena,aligned,6,387,41
arena,aligned,6,388,41
arena,aligned,6,389,41
arena,aligned,6,390,41
arena,aligned,6,391,80
arena,aligned,6,392,50
arena,aligned,6,393,60
arena,aligned,6,394,50
arena,aligned,6,395,120
arena,aligned,6,396,41
arena,aligned,6,397,41
arena,aligned,6,398,41
arena,aligned,6,399,41
malloc,aligned,6,0,221
malloc,aligned,6,1,80
malloc,aligned,6,2,70
malloc,aligned,6,3,70
malloc,aligned,6,4,70
malloc,aligned,6,5,61
malloc,aligned,6,6,130
malloc,aligned,6,7,60
malloc,aligned,6,8,71
malloc,aligned,6,9,60
malloc,aligned,6,10,60
malloc,aligned,6,11,70
malloc,aligned,6,12,60
malloc,aligned,6,13,61
malloc,aligned,6,14,60
malloc,aligned,6,15,70
malloc,aligned,6,16,60
malloc,aligned,6,17,60
malloc,aligned,6,18,60
malloc,aligned,6,19,70
malloc,aligned,6,20,61
malloc,aligned,6,21,70
malloc,aligned,6,22,70
malloc,aligned,6,23,70
malloc,aligned,6,24,70
malloc,aligned,6,25,70
malloc,aligned,6,26,70
malloc,aligned,6,27,70
malloc,aligned,6,28,6983
malloc,aligned,6,29,61
malloc,aligned,6,30,70
malloc,aligned,6,31,70
malloc,aligned,6,32,80
malloc,aligned,6,33,70
malloc,aligned,6,34,71
malloc,aligned,6,35,70
malloc,aligned,6,36,70
malloc,aligned,6,37,61
malloc,aligned,6,38,70
malloc,aligned,6,39,70
malloc,aligned,6,40,70
malloc,aligned,6,41,71
malloc,aligned,6,42,70
malloc,aligned,6,43,60
malloc,aligned,6,44,80
malloc,aligned,6,45,61
malloc,aligned,6,46,70
malloc,aligned,6,47,70
malloc,aligned,6,48,71
malloc,aligned,6,49,60
malloc,aligned,6,50,61
malloc,aligned,6,51,70
malloc,aligned,6,52,70
malloc,aligned,6,53,631
malloc,aligned,6,54,100
malloc,aligned,6,55,70
malloc,aligned,6,56,70
malloc,aligned,6,57,70
malloc,aligned,6,58,71
malloc,aligned,6,59,70
malloc,aligned,6,60,70
malloc,aligned,6,61,60
malloc,aligned,6,62,70
malloc,aligned,6,63,70
malloc,aligned,6,64,70
malloc,aligned,6,65,60
malloc,aligned,6,66,61
malloc,aligned,6,67,60
malloc,aligned,6,68,70
malloc,aligned,6,69,70
malloc,aligned,6,70,70
malloc,aligned,6,71,61
malloc,aligned,6,72,60
malloc,aligned,6,73,60
malloc,aligned,6,74,70
malloc,aligned,6,75,100
malloc,aligned,6,76,61
malloc,aligned,6,77,70
malloc,aligned,6,78,60
malloc,aligned,6,79,70
malloc,aligned,6,80,80
malloc,aligned,6,81,71
malloc,aligned,6,82,70
malloc,aligned,6,83,60
malloc,aligned,6,84,70
malloc,aligned,6,85,60
malloc,aligned,6,86,70
malloc,aligned,6,87,70
malloc,aligned,6,88,70
malloc,aligned,6,89,60
malloc,aligned,6,90,70
malloc,aligned,6,91,61
malloc,aligned,6,92,70
malloc,aligned,6,93,60
malloc,aligned,6,94,60
malloc,aligned,6,95,61
malloc,aligned,6,96,70
malloc,aligned,6,97,80
malloc,aligned,6,98,70
malloc,aligned,6,99,61
malloc,aligned,6,100,91
malloc,aligned,6,101,150
malloc,aligned,6,102,100
malloc,aligned,6,103,90
malloc,aligned,6,104,91
malloc,aligned,6,105,70
malloc,aligned,6,106,71
malloc,aligned,6,107,60
malloc,aligned,6,108,70
malloc,aligned,6,109,70
malloc,aligned,6,110,61
malloc,aligned,6,111,60
malloc,aligned,6,112,61
malloc,aligned,6,113,70
malloc,aligned,6,114,60
malloc,aligned,6,115,70
malloc,aligned,6,116,71
malloc,aligned,6,117,70
malloc,aligned,6,118,61
malloc,aligned,6,119,70
malloc,aligned,6,120,70
malloc,aligned,6,121,7053
malloc,aligned,6,122,61
malloc,aligned,6,123,61
malloc,aligned,6,124,71
malloc,aligned,6,125,70
malloc,aligned,6,126,71
malloc,aligned,6,127,70
malloc,aligned,6,128,80
malloc,aligned,6,129,60
malloc,aligned,6,130,70
malloc,aligned,6,131,60
malloc,aligned,6,132,70
malloc,aligned,6,133,71
malloc,aligned,6,134,70
malloc,aligned,6,135,61
malloc,aligned,6,136,60
malloc,aligned,6,137,61
malloc,aligned,6,138,70
malloc,aligned,6,139,70
malloc,aligned,6,140,61
malloc,aligned,6,141,61
malloc,aligned,6,142,60
malloc,aligned,6,143,70
malloc,aligned,6,144,70
malloc,aligned,6,145,61
malloc,aligned,6,146,70
malloc,aligned,6,147,561
malloc,aligned,6,148,140
malloc,aligned,6,149,70
malloc,aligned,6,150,70
malloc,aligned,6,151,61
malloc,aligned,6,152,61
malloc,aligned,6,153,70
malloc,aligned,6,154,71
malloc,aligned,6,155,60
malloc,aligned,6,156,70
malloc,aligned,6,157,70
malloc,aligned,6,158,70
malloc,aligned,6,159,60
malloc,aligned,6,160,60
malloc,aligned,6,161,70
malloc,aligned,6,162,70
malloc,aligned,6,163,61
malloc,aligned,6,164,70
malloc,aligned,6,165,60
malloc,aligned,6,166,71
malloc,aligned,6,167,70
malloc,aligned,6,168,121
malloc,aligned,6,169,60
malloc,aligned,6,170,70
malloc,aligned,6,171,70
malloc,aligned,6,172,70
malloc,aligned,6,173,70
malloc,aligned,6,174,60
malloc,aligned,6,175,61
malloc,aligned,6,176,70
malloc,aligned,6,177,70
malloc,aligned,6,178,70
malloc,aligned,6,179,60
malloc,aligned,6,180,70
malloc,aligned,6,181,70
malloc,aligned,6,182,70
malloc,aligned,6,183,60
malloc,aligned,6,184,60
malloc,aligned,6,185,61
malloc,aligned,6,186,70
malloc,aligned,6,187,70
malloc,aligned,6,188,70
malloc,aligned,6,189,60
malloc,aligned,6,190,60
malloc,aligned,6,191,70
malloc,aligned,6,192,70
malloc,aligned,6,193,71
malloc,aligned,6,194,70
malloc,aligned,6,195,531
malloc,aligned,6,196,91
malloc,aligned,6,197,91
malloc,aligned,6,198,120
malloc,aligned,6,199,70
malloc,aligned,6,200,60
malloc,aligned,6,201,61
malloc,aligned,6,202,70
malloc,aligned,6,203,61
malloc,aligned,6,204,70
malloc,aligned,6,205,70
malloc,aligned,6,206,70
malloc,aligned,6,207,70
malloc,aligned,6,208,61
malloc,aligned,6,209,71
malloc,aligned,6,210,60
malloc,aligned,6,211,71
malloc,aligned,6,212,60
malloc,aligned,6,213,70
malloc,aligned,6,214,60
malloc,aligned,6,215,6524
malloc,aligned,6,216,71
malloc,aligned,6,217,70
malloc,aligned,6,218,60
malloc,aligned,6,219,70
malloc,aligned,6,220,61
malloc,aligned,6,221,60
malloc,aligned,6,222,70
malloc,aligned,6,223,60
malloc,aligned,6,224,70
malloc,aligned,6,225,70
malloc,aligned,6,226,70
malloc,aligned,6,227,60
malloc,aligned,6,228,71
malloc,aligned,6,229,70
malloc,aligned,6,230,61
malloc,aligned,6,231,70
malloc,aligned,6,232,70
malloc,aligned,6,233,70
malloc,aligned,6,234,70
malloc,aligned,6,235,70
malloc,aligned,6,236,70
malloc,aligned,6,237,71
malloc,aligned,6,238,70
malloc,aligned,6,239,61
malloc,aligned,6,240,80
malloc,aligned,6,241,70
malloc,aligned,6,242,511
malloc,aligned,6,243,100
malloc,aligned,6,244,101
malloc,aligned,6,245,130
malloc,aligned,6,246,81
malloc,aligned,6,247,61
malloc,aligned,6,248,70
malloc,aligned,6,249,70
malloc,aligned,6,250,71
malloc,aligned,6,251,70
malloc,aligned,6,252,70
malloc,aligned,6,253,70
malloc,aligned,6,254,70
malloc,aligned,6,255,70
malloc,aligned,6,256,61
malloc,aligned,6,257,60
malloc,aligned,6,258,61
malloc,aligned,6,259,70
malloc,aligned,6,260,7714
malloc,aligned,6,261,70
malloc,aligned,6,262,70
malloc,aligned,6,263,70
malloc,aligned,6,264,71
malloc,aligned,6,265,70
malloc,aligned,6,266,70
malloc,aligned,6,267,61
malloc,aligned,6,268,70
malloc,aligned,6,269,61
malloc,aligned,6,270,71
malloc,aligned,6,271,80
malloc,aligned,6,272,90
malloc,aligned,6,273,70
malloc,aligned,6,274,70
malloc,aligned,6,275,60
malloc,aligned,6,276,70
malloc,aligned,6,277,61
malloc,aligned,6,278,70
malloc,aligned,6,279,70
malloc,aligned,6,280,70
malloc,aligned,6,281,60
malloc,aligned,6,282,61
malloc,aligned,6,283,70
malloc,aligned,6,284,70
malloc,aligned,6,285,70
malloc,aligned,6,286,70
malloc,aligned,6,287,80
malloc,aligned,6,288,110
malloc,aligned,6,289,100
malloc,aligned,6,290,90
malloc,aligned,6,291,70
malloc,aligned,6,292,60
malloc,aligned,6,293,60
malloc,aligned,6,294,70
malloc,aligned,6,295,70
malloc,aligned,6,296,61
malloc,aligned,6,297,70
malloc,aligned,6,298,70
malloc,aligned,6,299,61
malloc,aligned,6,300,70
malloc,aligned,6,301,70
malloc,aligned,6,302,70
malloc,aligned,6,303,70
malloc,aligned,6,304,60
malloc,aligned,6,305,70
malloc,aligned,6,306,110
malloc,aligned,6,307,61
malloc,aligned,6,308,71
malloc,aligned,6,309,70
malloc,aligned,6,310,70
malloc,aligned,6,311,60
malloc,aligned,6,312,61
malloc,aligned,6,313,70
malloc,aligned,6,314,61
malloc,aligned,6,315,70
malloc,aligned,6,316,61
malloc,aligned,6,317,61
malloc,aligned,6,318,61
malloc,aligned,6,319,61
malloc,aligned,6,320,61
malloc,aligned,6,321,60
malloc,aligned,6,322,71
malloc,aligned,6,323,70
malloc,aligned,6,324,71
malloc,aligned,6,325,60
malloc,aligned,6,326,61
malloc,aligned,6,327,70
malloc,aligned,6,328,70
malloc,aligned,6,329,71
malloc,aligned,6,330,60
malloc,aligned,6,331,71
malloc,aligned,6,332,70
malloc,aligned,6,333,61
malloc,aligned,6,334,110
malloc,aligned,6,335,100
malloc,aligned,6,336,101
malloc,aligned,6,337,120
malloc,aligned,6,338,70
malloc,aligned,6,339,70
malloc,aligned,6,340,70
malloc,aligned,6,341,70
malloc,aligned,6,342,60
malloc,aligned,6,343,61
malloc,aligned,6,344,61
malloc,aligned,6,345,70
malloc,aligned,6,346,61
malloc,aligned,6,347,70
malloc,aligned,6,348,70
malloc,aligned,6,349,61
malloc,aligned,6,350,70
malloc,aligned,6,351,71
malloc,aligned,6,352,90
malloc,aligned,6,353,61
malloc,aligned,6,354,61
malloc,aligned,6,355,70
malloc,aligned,6,356,71
malloc,aligned,6,357,61
malloc,aligned,6,358,70
malloc,aligned,6,359,71
malloc,aligned,6,360,70
malloc,aligned,6,361,61
malloc,aligned,6,362,70
malloc,aligned,6,363,70
malloc,aligned,6,364,70
malloc,aligned,6,365,61
malloc,aligned,6,366,71
malloc,aligned,6,367,61
malloc,aligned,6,368,71
malloc,aligned,6,369,70
malloc,aligned,6,370,71
malloc,aligned,6,371,70
malloc,aligned,6,372,61
malloc,aligned,6,373,70
malloc,aligned,6,374,71
malloc,aligned,6,375,70
malloc,aligned,6,376,71
malloc,aligned,6,377,61
malloc,aligned,6,378,61
malloc,aligned,6,379,61
malloc,aligned,6,380,61
malloc,aligned,6,381,121
malloc,aligned,6,382,70
malloc,aligned,6,383,70
malloc,aligned,6,384,70
malloc,aligned,6,385,70
malloc,aligned,6,386,70
malloc,aligned,6,387,70
malloc,aligned,6,388,70
malloc,aligned,6,389,70
malloc,aligned,6,390,70
malloc,aligned,6,391,61
malloc,aligned,6,392,70
malloc,aligned,6,393,70
malloc,aligned,6,394,60
malloc,aligned,6,395,70
malloc,aligned,6,396,71
malloc,aligned,6,397,60
malloc,aligned,6,398,60
malloc,aligned,6,399,6903
clock_write_control,aligned,6,0,70
clock_write_control,aligned,6,1,121
clock_write_control,aligned,6,2,541
clock_write_control,aligned,6,3,120
clock_write_control,aligned,6,4,50
clock_write_control,aligned,6,5,50
clock_write_control,aligned,6,6,41
clock_write_control,aligned,6,7,41
clock_write_control,aligned,6,8,41
clock_write_control,aligned,6,9,41
clock_write_control,aligned,6,10,41
clock_write_control,aligned,6,11,41
clock_write_control,aligned,6,12,41
clock_write_control,aligned,6,13,41
clock_write_control,aligned,6,14,41
clock_write_control,aligned,6,15,12113
clock_write_control,aligned,6,16,50
clock_write_control,aligned,6,17,41
clock_write_control,aligned,6,18,41
clock_write_control,aligned,6,19,110
clock_write_control,aligned,6,20,50
clock_write_control,aligned,6,21,41
clock_write_control,aligned,6,22,41
clock_write_control,aligned,6,23,41
clock_write_control,aligned,6,24,41
clock_write_control,aligned,6,25,41
clock_write_control,aligned,6,26,41
clock_write_control,aligned,6,27,41
clock_write_control,aligned,6,28,41
clock_write_control,aligned,6,29,41
clock_write_control,aligned,6,30,41
clock_write_control,aligned,6,31,41
clock_write_control,aligned,6,32,41
clock_write_control,aligned,6,33,41
clock_write_control,aligned,6,34,41
clock_write_control,aligned,6,35,41
clock_write_control,aligned,6,36,41
clock_write_control,aligned,6,37,41
clock_write_control,aligned,6,38,41
clock_write_control,aligned,6,39,41
clock_write_control,aligned,6,40,41
clock_write_control,aligned,6,41,41
clock_write_control,aligned,6,42,41
clock_write_control,aligned,6,43,41
clock_write_control,aligned,6,44,50
clock_write_control,aligned,6,45,41
clock_write_control,aligned,6,46,41
clock_write_control,aligned,6,47,41
clock_write_control,aligned,6,48,41
clock_write_control,aligned,6,49,41
clock_write_control,aligned,6,50,51
clock_write_control,aligned,6,51,531
clock_write_control,aligned,6,52,160
clock_write_control,aligned,6,53,161
clock_write_control,aligned,6,54,110
clock_write_control,aligned,6,55,41
clock_write_control,aligned,6,56,41
clock_write_control,aligned,6,57,41
clock_write_control,aligned,6,58,41
clock_write_control,aligned,6,59,41
clock_write_control,aligned,6,60,41
clock_write_control,aligned,6,61,41
clock_write_control,aligned,6,62,41
clock_write_control,aligned,6,63,41
clock_write_control,aligned,6,64,41
clock_write_control,aligned,6,65,41
clock_write_control,aligned,6,66,41
clock_write_control,aligned,6,67,41
clock_write_control,aligned,6,68,41
clock_write_control,aligned,6,69,100
clock_write_control,aligned,6,70,41
clock_write_control,aligned,6,71,41
clock_write_control,aligned,6,72,41
clock_write_control,aligned,6,73,41
clock_write_control,aligned,6,74,41
clock_write_control,aligned,6,75,41
clock_write_control,aligned,6,76,51
clock_write_control,aligned,6,77,51
clock_write_control,aligned,6,78,41
clock_write_control,aligned,6,79,41
clock_write_control,aligned,6,80,41
clock_write_control,aligned,6,81,41
clock_write_control,aligned,6,82,41
clock_write_control,aligned,6,83,41
clock_write_control,aligned,6,84,41
clock_write_control,aligned,6,85,41
clock_write_control,aligned,6,86,41
clock_write_control,aligned,6,87,41
clock_write_control,aligned,6,88,41
clock_write_control,aligned,6,89,41
clock_write_control,aligned,6,90,41
clock_write_control,aligned,6,91,41
clock_write_control,aligned,6,92,41
clock_write_control,aligned,6,93,41
clock_write_control,aligned,6,94,41
clock_write_control,aligned,6,95,41
clock_write_control,aligned,6,96,41
clock_write_control,aligned,6,97,41
clock_write_control,aligned,6,98,50
clock_write_control,aligned,6,99,50
clock_write_control,aligned,6,100,41
clock_write_control,aligned,6,101,41
clock_write_control,aligned,6,102,41
clock_write_control,aligned,6,103,41
clock_write_control,aligned,6,104,521
clock_write_control,aligned,6,105,41
clock_write_control,aligned,6,106,41
clock_write_control,aligned,6,107,41
clock_write_control,aligned,6,108,50
clock_write_control,aligned,6,109,41
clock_write_control,aligned,6,110,41
clock_write_control,aligned,6,111,41
clock_write_control,aligned,6,112,41
clock_write_control,aligned,6,113,41
clock_write_control,aligned,6,114,41
clock_write_control,aligned,6,115,41
clock_write_control,aligned,6,116,41
clock_write_control,aligned,6,117,41
clock_write_control,aligned,6,118,41
clock_write_control,aligned,6,119,41
clock_write_control,aligned,6,120,41
clock_write_control,aligned,6,121,41
clock_write_control,aligned,6,122,41
clock_write_control,aligned,6,123,7845
clock_write_control,aligned,6,124,41
clock_write_control,aligned,6,125,41
clock_write_control,aligned,6,126,41
clock_write_control,aligned,6,127,120
clock_write_control,aligned,6,128,41
clock_write_control,aligned,6,129,531
clock_write_control,aligned,6,130,50
clock_write_control,aligned,6,131,41
clock_write_control,aligned,6,132,41
clock_write_control,aligned,6,133,41
clock_write_control,aligned,6,134,41
clock_write_control,aligned,6,135,41
clock_write_control,aligned,6,136,41
clock_write_control,aligned,6,137,41
clock_write_control,aligned,6,138,41
clock_write_control,aligned,6,139,41
clock_write_control,aligned,6,140,41
clock_write_control,aligned,6,141,41
clock_write_control,aligned,6,142,41
clock_write_control,aligned,6,143,41
clock_write_control,aligned,6,144,41
clock_write_control,aligned,6,145,41
clock_write_control,aligned,6,146,41
clock_write_control,aligned,6,147,41
clock_write_control,aligned,6,148,41
clock_write_control,aligned,6,149,41
clock_write_control,aligned,6,150,41
clock_write_control,aligned,6,151,41
clock_write_control,aligned,6,152,41
clock_write_control,aligned,6,153,41
clock_write_control,aligned,6,154,41
clock_write_control,aligned,6,155,60
clock_write_control,aligned,6,156,131
clock_write_control,aligned,6,157,41
clock_write_control,aligned,6,158,531
clock_write_control,aligned,6,159,351
clock_write_control,aligned,6,160,121
clock_write_control,aligned,6,161,80
clock_write_control,aligned,6,162,120
clock_write_control,aligned,6,163,41
clock_write_control,aligned,6,164,41
clock_write_control,aligned,6,165,41
clock_write_control,aligned,6,166,41
clock_write_control,aligned,6,167,41
clock_write_control,aligned,6,168,41
clock_write_control,aligned,6,169,41
clock_write_control,aligned,6,170,41
clock_write_control,aligned,6,171,41
clock_write_control,aligned,6,172,41
clock_write_control,aligned,6,173,41
clock_write_control,aligned,6,174,41
clock_write_control,aligned,6,175,8667
clock_write_control,aligned,6,176,41
clock_write_control,aligned,6,177,41
clock_write_control,aligned,6,178,41
clock_write_control,aligned,6,179,41
clock_write_control,aligned,6,180,41
clock_write_control,aligned,6,181,50
clock_write_control,aligned,6,182,41
clock_write_control,aligned,6,183,41
clock_write_control,aligned,6,184,521
clock_write_control,aligned,6,185,41
clock_write_control,aligned,6,186,41
clock_write_control,aligned,6,187,41
clock_write_control,aligned,6,188,41
clock_write_control,aligned,6,189,41
clock_write_control,aligned,6,190,41
clock_write_control,aligned,6,191,41
clock_write_control,aligned,6,192,41
clock_write_control,aligned,6,193,41
clock_write_control,aligned,6,194,41
clock_write_control,aligned,6,195,41
clock_write_control,aligned,6,196,41
clock_write_control,aligned,6,197,41
clock_write_control,aligned,6,198,41
clock_write_control,aligned,6,199,41
clock_write_control,aligned,6,200,41
clock_write_control,aligned,6,201,41
clock_write_control,aligned,6,202,41
clock_write_control,aligned,6,203,41
clock_write_control,aligned,6,204,41
clock_write_control,aligned,6,205,41
clock_write_control,aligned,6,206,41
clock_write_control,aligned,6,207,41
clock_write_control,aligned,6,208,41
clock_write_control,aligned,6,209,41
clock_write_control,aligned,6,210,41
clock_write_control,aligned,6,211,521
clock_write_control,aligned,6,212,50
clock_write_control,aligned,6,213,41
clock_write_control,aligned,6,214,41
clock_write_control,aligned,6,215,41
clock_write_control,aligned,6,216,51
clock_write_control,aligned,6,217,41
clock_write_control,aligned,6,218,41
clock_write_control,aligned,6,219,41
clock_write_control,aligned,6,220,41
clock_write_control,aligned,6,221,41
clock_write_control,aligned,6,222,41
clock_write_control,aligned,6,223,41
clock_write_control,aligned,6,224,41
clock_write_control,aligned,6,225,41
clock_write_control,aligned,6,226,41
clock_write_control,aligned,6,227,41
clock_write_control,aligned,6,228,41
clock_write_control,aligned,6,229,110
clock_write_control,aligned,6,230,41
clock_write_control,aligned,6,231,41
clock_write_control,aligned,6,232,41
clock_write_control,aligned,6,233,41
clock_write_control,aligned,6,234,41
clock_write_control,aligned,6,235,41
clock_write_control,aligned,6,236,41
clock_write_control,aligned,6,237,41
clock_write_control,aligned,6,238,711
clock_write_control,aligned,6,239,161
clock_write_control,aligned,6,240,140
clock_write_control,aligned,6,241,361
clock_write_control,aligned,6,242,541
clock_write_control,aligned,6,243,171
clock_write_control,aligned,6,244,120
clock_write_control,aligned,6,245,41
clock_write_control,aligned,6,246,41
clock_write_control,aligned,6,247,41
clock_write_control,aligned,6,248,41
clock_write_control,aligned,6,249,41
clock_write_control,aligned,6,250,41
clock_write_control,aligned,6,251,41
clock_write_control,aligned,6,252,41
clock_write_control,aligned,6,253,41
clock_write_control,aligned,6,254,41
clock_write_control,aligned,6,255,41
clock_write_control,aligned,6,256,41
clock_write_control,aligned,6,257,41
clock_write_control,aligned,6,258,41
clock_write_control,aligned,6,259,41
clock_write_control,aligned,6,260,41
clock_write_control,aligned,6,261,41
clock_write_control,aligned,6,262,41
clock_write_control,aligned,6,263,41
clock_write_control,aligned,6,264,41
clock_write_control,aligned,6,265,531
clock_write_control,aligned,6,266,41
clock_write_control,aligned,6,267,752
clock_write_control,aligned,6,268,381
clock_write_control,aligned,6,269,160
clock_write_control,aligned,6,270,120
clock_write_control,aligned,6,271,41
clock_write_control,aligned,6,272,41
clock_write_control,aligned,6,273,41
clock_write_control,aligned,6,274,41
clock_write_control,aligned,6,275,41
clock_write_control,aligned,6,276,41
clock_write_control,aligned,6,277,41
clock_write_control,aligned,6,278,41
clock_write_control,aligned,6,279,41
clock_write_control,aligned,6,280,41
clock_write_control,aligned,6,281,41
clock_write_control,aligned,6,282,13235
clock_write_control,aligned,6,283,41
clock_write_control,aligned,6,284,41
clock_write_control,aligned,6,285,41
clock_write_control,aligned,6,286,41
clock_write_control,aligned,6,287,41
clock_write_control,aligned,6,288,41
clock_write_control,aligned,6,289,50
clock_write_control,aligned,6,290,51
clock_write_control,aligned,6,291,50
clock_write_control,aligned,6,292,41
clock_write_control,aligned,6,293,201
clock_write_control,aligned,6,294,160
clock_write_control,aligned,6,295,60
clock_write_control,aligned,6,296,161
clock_write_control,aligned,6,297,161
clock_write_control,aligned,6,298,140
clock_write_control,aligned,6,299,41
clock_write_control,aligned,6,300,41
clock_write_control,aligned,6,301,41
clock_write_control,aligned,6,302,41
clock_write_control,aligned,6,303,41
clock_write_control,aligned,6,304,41
clock_write_control,aligned,6,305,41
clock_write_control,aligned,6,306,41
clock_write_control,aligned,6,307,41
clock_write_control,aligned,6,308,41
clock_write_control,aligned,6,309,41
clock_write_control,aligned,6,310,41
clock_write_control,aligned,6,311,41
clock_write_control,aligned,6,312,41
clock_write_control,aligned,6,313,41
clock_write_control,aligned,6,314,41
clock_write_control,aligned,6,315,41
clock_write_control,aligned,6,316,41
clock_write_control,aligned,6,317,41
clock_write_control,aligned,6,318,41
clock_write_control,aligned,6,319,541
clock_write_control,aligned,6,320,60
clock_write_control,aligned,6,321,50
clock_write_control,aligned,6,322,110
clock_write_control,aligned,6,323,541
clock_write_control,aligned,6,324,41
clock_write_control,aligned,6,325,41
clock_write_control,aligned,6,326,41
clock_write_control,aligned,6,327,41
clock_write_control,aligned,6,328,70
clock_write_control,aligned,6,329,180
clock_write_control,aligned,6,330,51
clock_write_control,aligned,6,331,50
clock_write_control,aligned,6,332,60
clock_write_control,aligned,6,333,41
clock_write_control,aligned,6,334,41
clock_write_control,aligned,6,335,10820
clock_write_control,aligned,6,336,41
clock_write_control,aligned,6,337,41
clock_write_control,aligned,6,338,41
clock_write_control,aligned,6,339,41
clock_write_control,aligned,6,340,41
clock_write_control,aligned,6,341,41
clock_write_control,aligned,6,342,41
clock_write_control,aligned,6,343,41
clock_write_control,aligned,6,344,41
clock_write_control,aligned,6,345,41
clock_write_control,aligned,6,346,51
clock_write_control,aligned,6,347,50
clock_write_control,aligned,6,348,51
clock_write_control,aligned,6,349,50
clock_write_control,aligned,6,350,41
clock_write_control,aligned,6,351,551
clock_write_control,aligned,6,352,51
clock_write_control,aligned,6,353,130
clock_write_control,aligned,6,354,41
clock_write_control,aligned,6,355,41
clock_write_control,aligned,6,356,41
clock_write_control,aligned,6,357,41
clock_write_control,aligned,6,358,41
clock_write_control,aligned,6,359,41
clock_write_control,aligned,6,360,41
clock_write_control,aligned,6,361,41
clock_write_control,aligned,6,362,41
clock_write_control,aligned,6,363,41
clock_write_control,aligned,6,364,41
clock_write_control,aligned,6,365,41
clock_write_control,aligned,6,366,41
clock_write_control,aligned,6,367,41
clock_write_control,aligned,6,368,41
clock_write_control,aligned,6,369,41
clock_write_control,aligned,6,370,41
clock_write_control,aligned,6,371,541
clock_write_control,aligned,6,372,50
clock_write_control,aligned,6,373,160
clock_write_control,aligned,6,374,120
clock_write_control,aligned,6,375,521
clock_write_control,aligned,6,376,41
clock_write_control,aligned,6,377,520
clock_write_control,aligned,6,378,41
clock_write_control,aligned,6,379,50
clock_write_control,aligned,6,380,41
clock_write_control,aligned,6,381,541
clock_write_control,aligned,6,382,41
clock_write_control,aligned,6,383,41
clock_write_control,aligned,6,384,41
clock_write_control,aligned,6,385,41
clock_write_control,aligned,6,386,11231
clock_write_control,aligned,6,387,41
clock_write_control,aligned,6,388,41
clock_write_control,aligned,6,389,41
clock_write_control,aligned,6,390,41
clock_write_control,aligned,6,391,41
clock_write_control,aligned,6,392,41
clock_write_control,aligned,6,393,41
clock_write_control,aligned,6,394,50
clock_write_control,aligned,6,395,50
clock_write_control,aligned,6,396,41
clock_write_control,aligned,6,397,41
clock_write_control,aligned,6,398,41
clock_write_control,aligned,6,399,41
pool,aligned,6,0,50
pool,aligned,6,1,41
pool,aligned,6,2,41
pool,aligned,6,3,41
pool,aligned,6,4,41
pool,aligned,6,5,41
pool,aligned,6,6,41
pool,aligned,6,7,41
pool,aligned,6,8,41
pool,aligned,6,9,41
pool,aligned,6,10,41
pool,aligned,6,11,51
pool,aligned,6,12,50
pool,aligned,6,13,41
pool,aligned,6,14,41
pool,aligned,6,15,41
pool,aligned,6,16,41
pool,aligned,6,17,41
pool,aligned,6,18,41
pool,aligned,6,19,41
pool,aligned,6,20,41
pool,aligned,6,21,41
pool,aligned,6,22,41
pool,aligned,6,23,41
pool,aligned,6,24,41
pool,aligned,6,25,41
pool,aligned,6,26,41
pool,aligned,6,27,41
pool,aligned,6,28,41
pool,aligned,6,29,41
pool,aligned,6,30,41
pool,aligned,6,31,41
pool,aligned,6,32,41
pool,aligned,6,33,41
pool,aligned,6,34,41
pool,aligned,6,35,41
pool,aligned,6,36,41
pool,aligned,6,37,41
pool,aligned,6,38,60
pool,aligned,6,39,110
pool,aligned,6,40,41
pool,aligned,6,41,541
pool,aligned,6,42,50
pool,aligned,6,43,41
pool,aligned,6,44,41
pool,aligned,6,45,41
pool,aligned,6,46,41
pool,aligned,6,47,41
pool,aligned,6,48,541
pool,aligned,6,49,50
pool,aligned,6,50,41
pool,aligned,6,51,12393
pool,aligned,6,52,41
pool,aligned,6,53,41
pool,aligned,6,54,41
pool,aligned,6,55,41
pool,aligned,6,56,41
pool,aligned,6,57,41
pool,aligned,6,58,50
pool,aligned,6,59,51
pool,aligned,6,60,51
pool,aligned,6,61,41
pool,aligned,6,62,41
pool,aligned,6,63,41
pool,aligned,6,64,41
pool,aligned,6,65,41
pool,aligned,6,66,41
pool,aligned,6,67,41
pool,aligned,6,68,41
pool,aligned,6,69,41
pool,aligned,6,70,50
pool,aligned,6,71,50
pool,aligned,6,72,51
pool,aligned,6,73,41
pool,aligned,6,74,41
pool,aligned,6,75,120
pool,aligned,6,76,41
pool,aligned,6,77,41
pool,aligned,6,78,41
pool,aligned,6,79,41
pool,aligned,6,80,41
pool,aligned,6,81,41
pool,aligned,6,82,41
pool,aligned,6,83,41
pool,aligned,6,84,41
pool,aligned,6,85,41
pool,aligned,6,86,41
pool,aligned,6,87,41
pool,aligned,6,88,41
pool,aligned,6,89,41
pool,aligned,6,90,531
pool,aligned,6,91,121
pool,aligned,6,92,41
pool,aligned,6,93,41
pool,aligned,6,94,521
pool,aligned,6,95,41
pool,aligned,6,96,41
pool,aligned,6,97,41
pool,aligned,6,98,41
pool,aligned,6,99,41
pool,aligned,6,100,41
pool,aligned,6,101,110
pool,aligned,6,102,41
pool,aligned,6,103,41
pool,aligned,6,104,531
pool,aligned,6,105,41
pool,aligned,6,106,41
pool,aligned,6,107,41
pool,aligned,6,108,41
pool,aligned,6,109,41
pool,aligned,6,110,50
pool,aligned,6,111,41
pool,aligned,6,112,41
pool,aligned,6,113,41
pool,aligned,6,114,41
pool,aligned,6,115,41
pool,aligned,6,116,41
pool,aligned,6,117,41
pool,aligned,6,118,41
pool,aligned,6,119,41
pool,aligned,6,120,41
pool,aligned,6,121,41
pool,aligned,6,122,41
pool,aligned,6,123,41
pool,aligned,6,124,41
pool,aligned,6,125,41
pool,aligned,6,126,41
pool,aligned,6,127,41
pool,aligned,6,128,41
pool,aligned,6,129,60
pool,aligned,6,130,131
pool,aligned,6,131,41
pool,aligned,6,132,41
pool,aligned,6,133,41
pool,aligned,6,134,41
pool,aligned,6,135,41
pool,aligned,6,136,41
pool,aligned,6,137,41
pool,aligned,6,138,41
pool,aligned,6,139,41
pool,aligned,6,140,41
pool,aligned,6,141,41
pool,aligned,6,142,41
pool,aligned,6,143,50
pool,aligned,6,144,120
pool,aligned,6,145,41
pool,aligned,6,146,41
pool,aligned,6,147,41
pool,aligned,6,148,41
pool,aligned,6,149,41
pool,aligned,6,150,41
pool,aligned,6,151,41
pool,aligned,6,152,41
pool,aligned,6,153,41
pool,aligned,6,154,41
pool,aligned,6,155,100
pool,aligned,6,156,41
pool,aligned,6,157,41
pool,aligned,6,158,50
pool,aligned,6,159,41
pool,aligned,6,160,41
pool,aligned,6,161,41
pool,aligned,6,162,41
pool,aligned,6,163,41
pool,aligned,6,164,41
pool,aligned,6,165,41
pool,aligned,6,166,41
pool,aligned,6,167,41
pool,aligned,6,168,51
pool,aligned,6,169,50
pool,aligned,6,170,51
pool,aligned,6,171,50
pool,aligned,6,172,41
pool,aligned,6,173,41
pool,aligned,6,174,41
pool,aligned,6,175,41
pool,aligned,6,176,41
pool,aligned,6,177,41
pool,aligned,6,178,41
pool,aligned,6,179,41
pool,aligned,6,180,41
pool,aligned,6,181,41
pool,aligned,6,182,41
pool,aligned,6,183,552
pool,aligned,6,184,50
pool,aligned,6,185,41
pool,aligned,6,186,41
pool,aligned,6,187,41
pool,aligned,6,188,41
pool,aligned,6,189,41
pool,aligned,6,190,41
pool,aligned,6,191,41
pool,aligned,6,192,42
pool,aligned,6,193,41
pool,aligned,6,194,41
pool,aligned,6,195,41
pool,aligned,6,196,681
pool,aligned,6,197,121
pool,aligned,6,198,41
pool,aligned,6,199,531
pool,aligned,6,200,41
pool,aligned,6,201,41
pool,aligned,6,202,41
pool,aligned,6,203,41
pool,aligned,6,204,41
pool,aligned,6,205,41
pool,aligned,6,206,41
pool,aligned,6,207,7755
pool,aligned,6,208,41
pool,aligned,6,209,41
pool,aligned,6,210,41
pool,aligned,6,211,41
pool,aligned,6,212,130
pool,aligned,6,213,41
pool,aligned,6,214,41
pool,aligned,6,215,41
pool,aligned,6,216,41
pool,aligned,6,217,41
pool,aligned,6,218,41
pool,aligned,6,219,41
pool,aligned,6,220,41
pool,aligned,6,221,41
pool,aligned,6,222,41
pool,aligned,6,223,41
pool,aligned,6,224,41
pool,aligned,6,225,41
pool,aligned,6,226,41
pool,aligned,6,227,41
pool,aligned,6,228,41
pool,aligned,6,229,41
pool,aligned,6,230,41
pool,aligned,6,231,41
pool,aligned,6,232,41
pool,aligned,6,233,41
pool,aligned,6,234,41
pool,aligned,6,235,41
pool,aligned,6,236,41
pool,aligned,6,237,531
pool,aligned,6,238,50
pool,aligned,6,239,41
pool,aligned,6,240,41
pool,aligned,6,241,41
pool,aligned,6,242,41
pool,aligned,6,243,41
pool,aligned,6,244,41
pool,aligned,6,245,41
pool,aligned,6,246,41
pool,aligned,6,247,41
pool,aligned,6,248,541
pool,aligned,6,249,131
pool,aligned,6,250,41
pool,aligned,6,251,41
pool,aligned,6,252,110
pool,aligned,6,253,41
pool,aligned,6,254,41
pool,aligned,6,255,41
pool,aligned,6,256,41
pool,aligned,6,257,41
pool,aligned,6,258,41
pool,aligned,6,259,7554
pool,aligned,6,260,41
pool,aligned,6,261,41
pool,aligned,6,262,41
pool,aligned,6,263,41
pool,aligned,6,264,41
pool,aligned,6,265,41
pool,aligned,6,266,50
pool,aligned,6,267,51
pool,aligned,6,268,51
pool,aligned,6,269,50
pool,aligned,6,270,41
pool,aligned,6,271,41
pool,aligned,6,272,41
pool,aligned,6,273,41
pool,aligned,6,274,41
pool,aligned,6,275,41
pool,aligned,6,276,41
pool,aligned,6,277,41
pool,aligned,6,278,41
pool,aligned,6,279,41
pool,aligned,6,280,41
pool,aligned,6,281,41
pool,aligned,6,282,41
pool,aligned,6,283,41
pool,aligned,6,284,41
pool,aligned,6,285,41
pool,aligned,6,286,41
pool,aligned,6,287,40
pool,aligned,6,288,41
pool,aligned,6,289,41
pool,aligned,6,290,80
pool,aligned,6,291,41
pool,aligned,6,292,41
pool,aligned,6,293,41
pool,aligned,6,294,41
pool,aligned,6,295,41
pool,aligned,6,296,41
pool,aligned,6,297,41
pool,aligned,6,298,41
pool,aligned,6,299,41
pool,aligned,6,300,531
pool,aligned,6,301,41
pool,aligned,6,302,41
pool,aligned,6,303,541
pool,aligned,6,304,41
pool,aligned,6,305,41
pool,aligned,6,306,41
pool,aligned,6,307,41
pool,aligned,6,308,41
pool,aligned,6,309,41
pool,aligned,6,310,11933
pool,aligned,6,311,41
pool,aligned,6,312,41
pool,aligned,6,313,41
pool,aligned,6,314,41
pool,aligned,6,315,41
pool,aligned,6,316,41
pool,aligned,6,317,50
pool,aligned,6,318,50
pool,aligned,6,319,41
pool,aligned,6,320,41
pool,aligned,6,321,41
pool,aligned,6,322,41
pool,aligned,6,323,41
pool,aligned,6,324,41
pool,aligned,6,325,41
pool,aligned,6,326,41
pool,aligned,6,327,41
pool,aligned,6,328,41
pool,aligned,6,329,41
pool,aligned,6,330,41
pool,aligned,6,331,41
pool,aligned,6,332,41
pool,aligned,6,333,41
pool,aligned,6,334,41
pool,aligned,6,335,41
pool,aligned,6,336,41
pool,aligned,6,337,41
pool,aligned,6,338,41
pool,aligned,6,339,41
pool,aligned,6,340,41
pool,aligned,6,341,41
pool,aligned,6,342,41
pool,aligned,6,343,50
pool,aligned,6,344,120
pool,aligned,6,345,41
pool,aligned,6,346,41
pool,aligned,6,347,41
pool,aligned,6,348,41
pool,aligned,6,349,41
pool,aligned,6,350,41
pool,aligned,6,351,41
pool,aligned,6,352,41
pool,aligned,6,353,521
pool,aligned,6,354,120
pool,aligned,6,355,41
pool,aligned,6,356,511
pool,aligned,6,357,41
pool,aligned,6,358,41
pool,aligned,6,359,41
pool,aligned,6,360,41
pool,aligned,6,361,41
pool,aligned,6,362,41
pool,aligned,6,363,41
pool,aligned,6,364,41
pool,aligned,6,365,41
pool,aligned,6,366,41
pool,aligned,6,367,41
pool,aligned,6,368,41
pool,aligned,6,369,41
pool,aligned,6,370,41
pool,aligned,6,371,41
pool,aligned,6,372,130
pool,aligned,6,373,41
pool,aligned,6,374,41
pool,aligned,6,375,50
pool,aligned,6,376,51
pool,aligned,6,377,51
pool,aligned,6,378,51
pool,aligned,6,379,41
pool,aligned,6,380,41
pool,aligned,6,381,41
pool,aligned,6,382,41
pool,aligned,6,383,120
pool,aligned,6,384,41
pool,aligned,6,385,41
pool,aligned,6,386,41
pool,aligned,6,387,41
pool,aligned,6,388,41
pool,aligned,6,389,41
pool,aligned,6,390,41
pool,aligned,6,391,41
pool,aligned,6,392,41
pool,aligned,6,393,41
pool,aligned,6,394,41
pool,aligned,6,395,41
pool,aligned,6,396,41
pool,aligned,6,397,50
pool,aligned,6,398,41
pool,aligned,6,399,41
stack,odd,6,0,51
stack,odd,6,1,41
stack,odd,6,2,41
stack,odd,6,3,41
stack,odd,6,4,41
stack,odd,6,5,41
stack,odd,6,6,41
stack,odd,6,7,41
stack,odd,6,8,41
stack,odd,6,9,41
stack,odd,6,10,41
stack,odd,6,11,41
stack,odd,6,12,41
stack,odd,6,13,41
stack,odd,6,14,41
stack,odd,6,15,41
stack,odd,6,16,41
stack,odd,6,17,41
stack,odd,6,18,41
stack,odd,6,19,70
stack,odd,6,20,41
stack,odd,6,21,41
stack,odd,6,22,41
stack,odd,6,23,41
stack,odd,6,24,531
stack,odd,6,25,51
stack,odd,6,26,41
stack,odd,6,27,531
stack,odd,6,28,110
stack,odd,6,29,41
stack,odd,6,30,41
stack,odd,6,31,41
stack,odd,6,32,8136
stack,odd,6,33,41
stack,odd,6,34,41
stack,odd,6,35,41
stack,odd,6,36,41
stack,odd,6,37,41
stack,odd,6,38,41
stack,odd,6,39,41
stack,odd,6,40,41
stack,odd,6,41,41
stack,odd,6,42,41
stack,odd,6,43,41
stack,odd,6,44,41
stack,odd,6,45,51
stack,odd,6,46,51
stack,odd,6,47,60
stack,odd,6,48,150
stack,odd,6,49,41
stack,odd,6,50,41
stack,odd,6,51,42
stack,odd,6,52,41
stack,odd,6,53,41
stack,odd,6,54,41
stack,odd,6,55,41
stack,odd,6,56,41
stack,odd,6,57,41
stack,odd,6,58,41
stack,odd,6,59,41
stack,odd,6,60,41
stack,odd,6,61,41
stack,odd,6,62,41
stack,odd,6,63,41
stack,odd,6,64,41
stack,odd,6,65,41
stack,odd,6,66,41
stack,odd,6,67,41
stack,odd,6,68,41
stack,odd,6,69,41
stack,odd,6,70,42
stack,odd,6,71,41
stack,odd,6,72,80
stack,odd,6,73,51
stack,odd,6,74,41
stack,odd,6,75,41
stack,odd,6,76,50
stack,odd,6,77,50
stack,odd,6,78,41
stack,odd,6,79,551
stack,odd,6,80,50
stack,odd,6,81,41
stack,odd,6,82,41
stack,odd,6,83,41
stack,odd,6,84,101
stack,odd,6,85,41
stack,odd,6,86,41
stack,odd,6,87,41
stack,odd,6,88,41
stack,odd,6,89,41
stack,odd,6,90,41
stack,odd,6,91,41
stack,odd,6,92,41
stack,odd,6,93,41
stack,odd,6,94,41
stack,odd,6,95,41
stack,odd,6,96,41
stack,odd,6,97,41
stack,odd,6,98,41
stack,odd,6,99,41
stack,odd,6,100,41
stack,odd,6,101,80
stack,odd,6,102,120
stack,odd,6,103,41
stack,odd,6,104,41
stack,odd,6,105,41
stack,odd,6,106,41
stack,odd,6,107,41
stack,odd,6,108,41
stack,odd,6,109,41
stack,odd,6,110,41
stack,odd,6,111,41
stack,odd,6,112,41
stack,odd,6,113,41
stack,odd,6,114,41
stack,odd,6,115,41
stack,odd,6,116,41
stack,odd,6,117,41
stack,odd,6,118,41
stack,odd,6,119,41
stack,odd,6,120,41
stack,odd,6,121,41
stack,odd,6,122,41
stack,odd,6,123,41
stack,odd,6,124,41
stack,odd,6,125,41
stack,odd,6,126,50
stack,odd,6,127,50
stack,odd,6,128,41
stack,odd,6,129,50
stack,odd,6,130,50
stack,odd,6,131,521
stack,odd,6,132,130
stack,odd,6,133,41
stack,odd,6,134,41
stack,odd,6,135,41
stack,odd,6,136,41
stack,odd,6,137,41
stack,odd,6,138,41
stack,odd,6,139,41
stack,odd,6,140,41
stack,odd,6,141,41
stack,odd,6,142,41
stack,odd,6,143,41
stack,odd,6,144,41
stack,odd,6,145,50
stack,odd,6,146,51
stack,odd,6,147,41
stack,odd,6,148,41
stack,odd,6,149,41
stack,odd,6,150,41
stack,odd,6,151,41
stack,odd,6,152,41
stack,odd,6,153,531
stack,odd,6,154,721
stack,odd,6,155,80
stack,odd,6,156,161
stack,odd,6,157,41
stack,odd,6,158,41
stack,odd,6,159,41
stack,odd,6,160,41
stack,odd,6,161,41
stack,odd,6,162,41
stack,odd,6,163,41
stack,odd,6,164,41
stack,odd,6,165,41
stack,odd,6,166,41
stack,odd,6,167,41
stack,odd,6,168,41
stack,odd,6,169,41
stack,odd,6,170,41
stack,odd,6,171,41
stack,odd,6,172,41
stack,odd,6,173,41
stack,odd,6,174,41
stack,odd,6,175,41
stack,odd,6,176,41
stack,odd,6,177,41
stack,odd,6,178,541
stack,odd,6,179,60
stack,odd,6,180,41
stack,odd,6,181,50
stack,odd,6,182,51
stack,odd,6,183,531
stack,odd,6,184,121
stack,odd,6,185,41
stack,odd,6,186,41
stack,odd,6,187,100
stack,odd,6,188,41
stack,odd,6,189,41
stack,odd,6,190,41
stack,odd,6,191,41
stack,odd,6,192,41
stack,odd,6,193,41
stack,odd,6,194,41
stack,odd,6,195,41
stack,odd,6,196,41
stack,odd,6,197,41
stack,odd,6,198,41
stack,odd,6,199,41
stack,odd,6,200,41
stack,odd,6,201,41
stack,odd,6,202,41
stack,odd,6,203,41
stack,odd,6,204,41
stack,odd,6,205,41
stack,odd,6,206,41
stack,odd,6,207,511
stack,odd,6,208,120
stack,odd,6,209,41
stack,odd,6,210,41
stack,odd,6,211,41
stack,odd,6,212,41
stack,odd,6,213,41
stack,odd,6,214,41
stack,odd,6,215,41
stack,odd,6,216,41
stack,odd,6,217,41
stack,odd,6,218,41
stack,odd,6,219,41
stack,odd,6,220,41
stack,odd,6,221,41
stack,odd,6,222,41
stack,odd,6,223,41
stack,odd,6,224,41
stack,odd,6,225,41
stack,odd,6,226,41
stack,odd,6,227,41
stack,odd,6,228,41
stack,odd,6,229,41
stack,odd,6,230,41
stack,odd,6,231,41
stack,odd,6,232,41
stack,odd,6,233,120
stack,odd,6,234,50
stack,odd,6,235,110
stack,odd,6,236,51
stack,odd,6,237,50
stack,odd,6,238,41
stack,odd,6,239,41
stack,odd,6,240,7615
stack,odd,6,241,41
stack,odd,6,242,41
stack,odd,6,243,41
stack,odd,6,244,41
stack,odd,6,245,41
stack,odd,6,246,41
stack,odd,6,247,41
stack,odd,6,248,41
stack,odd,6,249,41
stack,odd,6,250,41
stack,odd,6,251,41
stack,odd,6,252,41
stack,odd,6,253,50
stack,odd,6,254,51
stack,odd,6,255,50
stack,odd,6,256,51
stack,odd,6,257,41
stack,odd,6,258,41
stack,odd,6,259,41
stack,odd,6,260,41
stack,odd,6,261,520
stack,odd,6,262,41
stack,odd,6,263,41
stack,odd,6,264,50
stack,odd,6,265,41
stack,odd,6,266,41
stack,odd,6,267,41
stack,odd,6,268,41
stack,odd,6,269,41
stack,odd,6,270,41
stack,odd,6,271,41
stack,odd,6,272,41
stack,odd,6,273,41
stack,odd,6,274,41
stack,odd,6,275,41
stack,odd,6,276,41
stack,odd,6,277,41
stack,odd,6,278,41
stack,odd,6,279,41
stack,odd,6,280,41
stack,odd,6,281,41
stack,odd,6,282,41
stack,odd,6,283,41
stack,odd,6,284,41
stack,odd,6,285,41
stack,odd,6,286,541
stack,odd,6,287,50
stack,odd,6,288,541
stack,odd,6,289,120
stack,odd,6,290,41
stack,odd,6,291,90
stack,odd,6,292,41
stack,odd,6,293,41
stack,odd,6,294,41
stack,odd,6,295,41
stack,odd,6,296,41
stack,odd,6,297,41
stack,odd,6,298,41
stack,odd,6,299,50
stack,odd,6,300,51
stack,odd,6,301,41
stack,odd,6,302,41
stack,odd,6,303,41
stack,odd,6,304,41
stack,odd,6,305,41
stack,odd,6,306,41
stack,odd,6,307,41
stack,odd,6,308,41
stack,odd,6,309,41
stack,odd,6,310,41
stack,odd,6,311,531
stack,odd,6,312,120
stack,odd,6,313,41
stack,odd,6,314,41
stack,odd,6,315,41
stack,odd,6,316,41
stack,odd,6,317,41
stack,odd,6,318,41
stack,odd,6,319,41
stack,odd,6,320,41
stack,odd,6,321,41
stack,odd,6,322,41
stack,odd,6,323,41
stack,odd,6,324,41
stack,odd,6,325,41
stack,odd,6,326,41
stack,odd,6,327,41
stack,odd,6,328,41
stack,odd,6,329,41
stack,odd,6,330,41
stack,odd,6,331,41
stack,odd,6,332,41
stack,odd,6,333,41
stack,odd,6,334,41
stack,odd,6,335,41
stack,odd,6,336,41
stack,odd,6,337,60
stack,odd,6,338,531
stack,odd,6,339,541
stack,odd,6,340,51
stack,odd,6,341,101
stack,odd,6,342,41
stack,odd,6,343,41
stack,odd,6,344,41
stack,odd,6,345,41
stack,odd,6,346,41
stack,odd,6,347,41
stack,odd,6,348,41
stack,odd,6,349,41
stack,odd,6,350,41
stack,odd,6,351,41
stack,odd,6,352,41
stack,odd,6,353,41
stack,odd,6,354,41
stack,odd,6,355,51
stack,odd,6,356,51
stack,odd,6,357,51
stack,odd,6,358,51
stack,odd,6,359,41
stack,odd,6,360,41
stack,odd,6,361,41
stack,odd,6,362,41
stack,odd,6,363,41
stack,odd,6,364,50
stack,odd,6,365,50
stack,odd,6,366,41
stack,odd,6,367,41
stack,odd,6,368,41
stack,odd,6,369,41
stack,odd,6,370,41
stack,odd,6,371,41
stack,odd,6,372,41
stack,odd,6,373,41
stack,odd,6,374,41
stack,odd,6,375,41
stack,odd,6,376,41
stack,odd,6,377,41
stack,odd,6,378,41
stack,odd,6,379,41
stack,odd,6,380,41
stack,odd,6,381,41
stack,odd,6,382,41
stack,odd,6,383,41
stack,odd,6,384,41
stack,odd,6,385,41
stack,odd,6,386,41
stack,odd,6,387,41
stack,odd,6,388,41
stack,odd,6,389,50
stack,odd,6,390,70
stack,odd,6,391,131
stack,odd,6,392,41
stack,odd,6,393,130
stack,odd,6,394,41
stack,odd,6,395,41
stack,odd,6,396,41
stack,odd,6,397,41
stack,odd,6,398,41
stack,odd,6,399,41
arena,odd,6,0,50
arena,odd,6,1,41
arena,odd,6,2,41
arena,odd,6,3,41
arena,odd,6,4,41
arena,odd,6,5,41
arena,odd,6,6,41
arena,odd,6,7,41
arena,odd,6,8,41
arena,odd,6,9,41
arena,odd,6,10,41
arena,odd,6,11,41
arena,odd,6,12,41
arena,odd,6,13,41
arena,odd,6,14,70
arena,odd,6,15,521
arena,odd,6,16,120
arena,odd,6,17,41
arena,odd,6,18,41
arena,odd,6,19,41
arena,odd,6,20,50
arena,odd,6,21,50
arena,odd,6,22,41
arena,odd,6,23,41
arena,odd,6,24,41
arena,odd,6,25,41
arena,odd,6,26,41
arena,odd,6,27,41
arena,odd,6,28,41
arena,odd,6,29,41
arena,odd,6,30,41
arena,odd,6,31,41
arena,odd,6,32,41
arena,odd,6,33,41
arena,odd,6,34,41
arena,odd,6,35,41
arena,odd,6,36,41
arena,odd,6,37,41
arena,odd,6,38,41
arena,odd,6,39,41
arena,odd,6,40,41
arena,odd,6,41,41
arena,odd,6,42,41
arena,odd,6,43,41
arena,odd,6,44,41
arena,odd,6,45,41
arena,odd,6,46,41
arena,odd,6,47,521
arena,odd,6,48,41
arena,odd,6,49,41
arena,odd,6,50,41
arena,odd,6,51,41
arena,odd,6,52,41
arena,odd,6,53,41
arena,odd,6,54,41
arena,odd,6,55,41
arena,odd,6,56,41
arena,odd,6,57,41
arena,odd,6,58,41
arena,odd,6,59,41
arena,odd,6,60,41
arena,odd,6,61,41
arena,odd,6,62,41
arena,odd,6,63,41
arena,odd,6,64,41
arena,odd,6,65,41
arena,odd,6,66,41
arena,odd,6,67,41
arena,odd,6,68,541
arena,odd,6,69,631
arena,odd,6,70,41
arena,odd,6,71,41
arena,odd,6,72,41
arena,odd,6,73,41
arena,odd,6,74,41
arena,odd,6,75,41
arena,odd,6,76,50
arena,odd,6,77,41
arena,odd,6,78,41
arena,odd,6,79,41
arena,odd,6,80,41
arena,odd,6,81,41
arena,odd,6,82,41
arena,odd,6,83,41
arena,odd,6,84,41
arena,odd,6,85,51
arena,odd,6,86,51
arena,odd,6,87,51
arena,odd,6,88,51
arena,odd,6,89,41
arena,odd,6,90,41
arena,odd,6,91,41
arena,odd,6,92,41
arena,odd,6,93,41
arena,odd,6,94,41
arena,odd,6,95,41
arena,odd,6,96,41
arena,odd,6,97,41
arena,odd,6,98,41
arena,odd,6,99,41
arena,odd,6,100,41
arena,odd,6,101,41
arena,odd,6,102,41
arena,odd,6,103,41
arena,odd,6,104,41
arena,odd,6,105,41
arena,odd,6,106,41
arena,odd,6,107,41
arena,odd,6,108,41
arena,odd,6,109,41
arena,odd,6,110,41
arena,odd,6,111,41
arena,odd,6,112,41
arena,odd,6,113,41
arena,odd,6,114,41
arena,odd,6,115,41
arena,odd,6,116,41
arena,odd,6,117,41
arena,odd,6,118,41
arena,odd,6,119,41
arena,odd,6,120,41
arena,odd,6,121,541
arena,odd,6,122,70
arena,odd,6,123,541
arena,odd,6,124,41
arena,odd,6,125,41
arena,odd,6,126,41
arena,odd,6,127,41
arena,odd,6,128,41
arena,odd,6,129,41
arena,odd,6,130,41
arena,odd,6,131,50
arena,odd,6,132,50
arena,odd,6,133,41
arena,odd,6,134,41
arena,odd,6,135,41
arena,odd,6,136,41
arena,odd,6,137,50
arena,odd,6,138,41
arena,odd,6,139,41
arena,odd,6,140,41
arena,odd,6,141,41
arena,odd,6,142,41
arena,odd,6,143,41
arena,odd,6,144,41
arena,odd,6,145,41
arena,odd,6,146,41
arena,odd,6,147,41
arena,odd,6,148,41
arena,odd,6,149,41
arena,odd,6,150,41
arena,odd,6,151,41
arena,odd,6,152,41
arena,odd,6,153,41
arena,odd,6,154,41
arena,odd,6,155,41
arena,odd,6,156,41
arena,odd,6,157,541
arena,odd,6,158,201
arena,odd,6,159,41
arena,odd,6,160,41
arena,odd,6,161,41
arena,odd,6,162,41
arena,odd,6,163,41
arena,odd,6,164,41
arena,odd,6,165,41
arena,odd,6,166,41
arena,odd,6,167,41
arena,odd,6,168,41
arena,odd,6,169,41
arena,odd,6,170,41
arena,odd,6,171,41
arena,odd,6,172,41
arena,odd,6,173,41
arena,odd,6,174,41
arena,odd,6,175,41
arena,odd,6,176,50
arena,odd,6,177,130
arena,odd,6,178,41
arena,odd,6,179,41
arena,odd,6,180,41
arena,odd,6,181,41
arena,odd,6,182,41
arena,odd,6,183,41
arena,odd,6,184,41
arena,odd,6,185,41
arena,odd,6,186,60
arena,odd,6,187,50
arena,odd,6,188,50
arena,odd,6,189,41
arena,odd,6,190,41
arena,odd,6,191,41
arena,odd,6,192,41
arena,odd,6,193,41
arena,odd,6,194,41
arena,odd,6,195,41
arena,odd,6,196,41
arena,odd,6,197,41
arena,odd,6,198,41
arena,odd,6,199,41
arena,odd,6,200,41
arena,odd,6,201,41
arena,odd,6,202,41
arena,odd,6,203,41
arena,odd,6,204,41
arena,odd,6,205,41
arena,odd,6,206,41
arena,odd,6,207,41
arena,odd,6,208,41
arena,odd,6,209,41
arena,odd,6,210,41
arena,odd,6,211,41
arena,odd,6,212,41
arena,odd,6,213,50
arena,odd,6,214,41
arena,odd,6,215,41
arena,odd,6,216,41
arena,odd,6,217,41
arena,odd,6,218,41
arena,odd,6,219,41
arena,odd,6,220,41
arena,odd,6,221,41
arena,odd,6,222,41
arena,odd,6,223,41
arena,odd,6,224,41
arena,odd,6,225,41
arena,odd,6,226,41
arena,odd,6,227,41
arena,odd,6,228,41
arena,odd,6,229,521
arena,odd,6,230,9067
arena,odd,6,231,41
arena,odd,6,232,41
arena,odd,6,233,41
arena,odd,6,234,41
arena,odd,6,235,41
arena,odd,6,236,41
arena,odd,6,237,41
arena,odd,6,238,41
arena,odd,6,239,41
arena,odd,6,240,531
arena,odd,6,241,120
arena,odd,6,242,41
arena,odd,6,243,41
arena,odd,6,244,531
arena,odd,6,245,41
arena,odd,6,246,41
arena,odd,6,247,41
arena,odd,6,248,41
arena,odd,6,249,41
arena,odd,6,250,41
arena,odd,6,251,41
arena,odd,6,252,41
arena,odd,6,253,41
arena,odd,6,254,41
arena,odd,6,255,41
arena,odd,6,256,41
arena,odd,6,257,41
arena,odd,6,258,41
arena,odd,6,259,41
arena,odd,6,260,41
arena,odd,6,261,41
arena,odd,6,262,41
arena,odd,6,263,41
arena,odd,6,264,41
arena,odd,6,265,41
arena,odd,6,266,41
arena,odd,6,267,41
arena,odd,6,268,41
arena,odd,6,269,60
arena,odd,6,270,41
arena,odd,6,271,41
arena,odd,6,272,41
arena,odd,6,273,41
arena,odd,6,274,41
arena,odd,6,275,41
arena,odd,6,276,41
arena,odd,6,277,41
arena,odd,6,278,41
arena,odd,6,279,41
arena,odd,6,280,41
arena,odd,6,281,41
arena,odd,6,282,41
arena,odd,6,283,41
arena,odd,6,284,9618
arena,odd,6,285,120
arena,odd,6,286,41
arena,odd,6,287,41
arena,odd,6,288,41
arena,odd,6,289,41
arena,odd,6,290,41
arena,odd,6,291,41
arena,odd,6,292,41
arena,odd,6,293,41
arena,odd,6,294,50
arena,odd,6,295,50
arena,odd,6,296,41
arena,odd,6,297,521
arena,odd,6,298,130
arena,odd,6,299,51
arena,odd,6,300,51
arena,odd,6,301,50
arena,odd,6,302,41
arena,odd,6,303,41
arena,odd,6,304,41
arena,odd,6,305,41
arena,odd,6,306,41
arena,odd,6,307,41
arena,odd,6,308,41
arena,odd,6,309,70
arena,odd,6,310,41
arena,odd,6,311,41
arena,odd,6,312,41
arena,odd,6,313,41
arena,odd,6,314,41
arena,odd,6,315,41
arena,odd,6,316,41
arena,odd,6,317,41
arena,odd,6,318,41
arena,odd,6,319,41
arena,odd,6,320,41
arena,odd,6,321,41
arena,odd,6,322,541
arena,odd,6,323,41
arena,odd,6,324,41
arena,odd,6,325,41
arena,odd,6,326,41
arena,odd,6,327,41
arena,odd,6,328,41
arena,odd,6,329,41
arena,odd,6,330,41
arena,odd,6,331,41
arena,odd,6,332,41
arena,odd,6,333,41
arena,odd,6,334,41
arena,odd,6,335,10620
arena,odd,6,336,131
arena,odd,6,337,41
arena,odd,6,338,41
arena,odd,6,339,41
arena,odd,6,340,41
arena,odd,6,341,41
arena,odd,6,342,41
arena,odd,6,343,41
arena,odd,6,344,41
arena,odd,6,345,51
arena,odd,6,346,120
arena,odd,6,347,41
arena,odd,6,348,41
arena,odd,6,349,41
arena,odd,6,350,41
arena,odd,6,351,41
arena,odd,6,352,41
arena,odd,6,353,41
arena,odd,6,354,41
arena,odd,6,355,41
arena,odd,6,356,41
arena,odd,6,357,41
arena,odd,6,358,41
arena,odd,6,359,41
arena,odd,6,360,41
arena,odd,6,361,41
arena,odd,6,362,41
arena,odd,6,363,41
arena,odd,6,364,41
arena,odd,6,365,41
arena,odd,6,366,41
arena,odd,6,367,41
arena,odd,6,368,41
arena,odd,6,369,41
arena,odd,6,370,41
arena,odd,6,371,41
arena,odd,6,372,50
arena,odd,6,373,130
arena,odd,6,374,41
arena,odd,6,375,41
arena,odd,6,376,41
arena,odd,6,377,41
arena,odd,6,378,41
arena,odd,6,379,41
arena,odd,6,380,41
arena,odd,6,381,41
arena,odd,6,382,41
arena,odd,6,383,41
arena,odd,6,384,41
arena,odd,6,385,41
arena,odd,6,386,41
arena,odd,6,387,41
arena,odd,6,388,7845
arena,odd,6,389,531
arena,odd,6,390,130
arena,odd,6,391,41
arena,odd,6,392,41
arena,odd,6,393,41
arena,odd,6,394,41
arena,odd,6,395,41
arena,odd,6,396,41
arena,odd,6,397,41
arena,odd,6,398,41
arena,odd,6,399,41
malloc,odd,6,0,150
malloc,odd,6,1,80
malloc,odd,6,2,150
malloc,odd,6,3,60
malloc,odd,6,4,61
malloc,odd,6,5,60
malloc,odd,6,6,61
malloc,odd,6,7,70
malloc,odd,6,8,70
malloc,odd,6,9,61
malloc,odd,6,10,70
malloc,odd,6,11,80
malloc,odd,6,12,61
malloc,odd,6,13,60
malloc,odd,6,14,71
malloc,odd,6,15,60
malloc,odd,6,16,60
malloc,odd,6,17,70
malloc,odd,6,18,60
malloc,odd,6,19,61
malloc,odd,6,20,60
malloc,odd,6,21,61
malloc,odd,6,22,60
malloc,odd,6,23,60
malloc,odd,6,24,61
malloc,odd,6,25,61
malloc,odd,6,26,60
malloc,odd,6,27,71
malloc,odd,6,28,60
malloc,odd,6,29,60
malloc,odd,6,30,60
malloc,odd,6,31,61
malloc,odd,6,32,60
malloc,odd,6,33,61
malloc,odd,6,34,61
malloc,odd,6,35,60
malloc,odd,6,36,60
malloc,odd,6,37,60
malloc,odd,6,38,61
malloc,odd,6,39,70
malloc,odd,6,40,61
malloc,odd,6,41,61
malloc,odd,6,42,60
malloc,odd,6,43,61
malloc,odd,6,44,60
malloc,odd,6,45,61
malloc,odd,6,46,61
malloc,odd,6,47,120
malloc,odd,6,48,60
malloc,odd,6,49,662
malloc,odd,6,50,120
malloc,odd,6,51,61
malloc,odd,6,52,60
malloc,odd,6,53,61
malloc,odd,6,54,61
malloc,odd,6,55,60
malloc,odd,6,56,71
malloc,odd,6,57,60
malloc,odd,6,58,60
malloc,odd,6,59,60
malloc,odd,6,60,61
malloc,odd,6,61,60
malloc,odd,6,62,61
malloc,odd,6,63,60
malloc,odd,6,64,61
malloc,odd,6,65,61
malloc,odd,6,66,70
malloc,odd,6,67,60
malloc,odd,6,68,61
malloc,odd,6,69,61
malloc,odd,6,70,61
malloc,odd,6,71,60
malloc,odd,6,72,71
malloc,odd,6,73,70
malloc,odd,6,74,70
malloc,odd,6,75,60
malloc,odd,6,76,61
malloc,odd,6,77,61
malloc,odd,6,78,60
malloc,odd,6,79,60
malloc,odd,6,80,61
malloc,odd,6,81,61
malloc,odd,6,82,61
malloc,odd,6,83,60
malloc,odd,6,84,70
malloc,odd,6,85,61
malloc,odd,6,86,60
malloc,odd,6,87,70
malloc,odd,6,88,70
malloc,odd,6,89,60
malloc,odd,6,90,71
malloc,odd,6,91,61
malloc,odd,6,92,60
malloc,odd,6,93,61
malloc,odd,6,94,6442
malloc,odd,6,95,60
malloc,odd,6,96,61
malloc,odd,6,97,100
malloc,odd,6,98,150
malloc,odd,6,99,70
malloc,odd,6,100,61
malloc,odd,6,101,60
malloc,odd,6,102,61
malloc,odd,6,103,61
malloc,odd,6,104,60
malloc,odd,6,105,70
malloc,odd,6,106,61
malloc,odd,6,107,70
malloc,odd,6,108,80
malloc,odd,6,109,71
malloc,odd,6,110,81
malloc,odd,6,111,60
malloc,odd,6,112,61
malloc,odd,6,113,60
malloc,odd,6,114,61
malloc,odd,6,115,61
malloc,odd,6,116,60
malloc,odd,6,117,70
malloc,odd,6,118,61
malloc,odd,6,119,70
malloc,odd,6,120,60
malloc,odd,6,121,60
malloc,odd,6,122,61
malloc,odd,6,123,60
malloc,odd,6,124,60
malloc,odd,6,125,70
malloc,odd,6,126,61
malloc,odd,6,127,70
malloc,odd,6,128,70
malloc,odd,6,129,90
malloc,odd,6,130,60
malloc,odd,6,131,61
malloc,odd,6,132,60
malloc,odd,6,133,61
malloc,odd,6,134,61
malloc,odd,6,135,60
malloc,odd,6,136,61
malloc,odd,6,137,70
malloc,odd,6,138,60
malloc,odd,6,139,60
malloc,odd,6,140,8346
malloc,odd,6,141,70
malloc,odd,6,142,61
malloc,odd,6,143,80
malloc,odd,6,144,110
malloc,odd,6,145,91
malloc,odd,6,146,91
malloc,odd,6,147,130
malloc,odd,6,148,70
malloc,odd,6,149,61
malloc,odd,6,150,60
malloc,odd,6,151,61
malloc,odd,6,152,60
malloc,odd,6,153,61
malloc,odd,6,154,61
malloc,odd,6,155,70
malloc,odd,6,156,60
malloc,odd,6,157,61
malloc,odd,6,158,61
malloc,odd,6,159,61
malloc,odd,6,160,62
malloc,odd,6,161,61
malloc,odd,6,162,70
malloc,odd,6,163,60
malloc,odd,6,164,61
malloc,odd,6,165,61
malloc,odd,6,166,61
malloc,odd,6,167,70
malloc,odd,6,168,70
malloc,odd,6,169,61
malloc,odd,6,170,70
malloc,odd,6,171,60
malloc,odd,6,172,70
malloc,odd,6,173,70
malloc,odd,6,174,70
malloc,odd,6,175,60
malloc,odd,6,176,60
malloc,odd,6,177,70
malloc,odd,6,178,60
malloc,odd,6,179,61
malloc,odd,6,180,60
malloc,odd,6,181,61
malloc,odd,6,182,61
malloc,odd,6,183,60
malloc,odd,6,184,61
malloc,odd,6,185,70
malloc,odd,6,186,7774
malloc,odd,6,187,70
malloc,odd,6,188,60
malloc,odd,6,189,60
malloc,odd,6,190,100
malloc,odd,6,191,111
malloc,odd,6,192,91
malloc,odd,6,193,130
malloc,odd,6,194,60
malloc,odd,6,195,61
malloc,odd,6,196,60
malloc,odd,6,197,70
malloc,odd,6,198,61
malloc,odd,6,199,70
malloc,odd,6,200,70
malloc,odd,6,201,61
malloc,odd,6,202,60
malloc,odd,6,203,60
malloc,odd,6,204,70
malloc,odd,6,205,70
malloc,odd,6,206,60
malloc,odd,6,207,60
malloc,odd,6,208,71
malloc,odd,6,209,61
malloc,odd,6,210,70
malloc,odd,6,211,60
malloc,odd,6,212,70
malloc,odd,6,213,61
malloc,odd,6,214,61
malloc,odd,6,215,61
malloc,odd,6,216,61
malloc,odd,6,217,70
malloc,odd,6,218,70
malloc,odd,6,219,61
malloc,odd,6,220,70
malloc,odd,6,221,61
malloc,odd,6,222,70
malloc,odd,6,223,60
malloc,odd,6,224,71
malloc,odd,6,225,60
malloc,odd,6,226,60
malloc,odd,6,227,61
malloc,odd,6,228,61
malloc,odd,6,229,70
malloc,odd,6,230,61
malloc,odd,6,231,60
malloc,odd,6,232,61
malloc,odd,6,233,6372
malloc,odd,6,234,70
malloc,odd,6,235,61
malloc,odd,6,236,61
malloc,odd,6,237,110
malloc,odd,6,238,90
malloc,odd,6,239,90
malloc,odd,6,240,121
malloc,odd,6,241,61
malloc,odd,6,242,70
malloc,odd,6,243,71
malloc,odd,6,244,71
malloc,odd,6,245,60
malloc,odd,6,246,61
malloc,odd,6,247,61
malloc,odd,6,248,60
malloc,odd,6,249,61
malloc,odd,6,250,60
malloc,odd,6,251,70
malloc,odd,6,252,71
malloc,odd,6,253,60
malloc,odd,6,254,61
malloc,odd,6,255,61
malloc,odd,6,256,60
malloc,odd,6,257,61
malloc,odd,6,258,61
malloc,odd,6,259,61
malloc,odd,6,260,60
malloc,odd,6,261,61
malloc,odd,6,262,61
malloc,odd,6,263,61
malloc,odd,6,264,70
malloc,odd,6,265,61
malloc,odd,6,266,61
malloc,odd,6,267,71
malloc,odd,6,268,60
malloc,odd,6,269,61
malloc,odd,6,270,70
malloc,odd,6,271,60
malloc,odd,6,272,61
malloc,odd,6,273,61
malloc,odd,6,274,61
malloc,odd,6,275,60
malloc,odd,6,276,61
malloc,odd,6,277,60
malloc,odd,6,278,60
malloc,odd,6,279,71
malloc,odd,6,280,70
malloc,odd,6,281,60
malloc,odd,6,282,70
malloc,odd,6,283,60
malloc,odd,6,284,531
malloc,odd,6,285,100
malloc,odd,6,286,90
malloc,odd,6,287,130
malloc,odd,6,288,60
malloc,odd,6,289,61
malloc,odd,6,290,61
malloc,odd,6,291,60
malloc,odd,6,292,61
malloc,odd,6,293,80
malloc,odd,6,294,71
malloc,odd,6,295,71
malloc,odd,6,296,70
malloc,odd,6,297,61
malloc,odd,6,298,60
malloc,odd,6,299,70
malloc,odd,6,300,60
malloc,odd,6,301,61
malloc,odd,6,302,60
malloc,odd,6,303,60
malloc,odd,6,304,60
malloc,odd,6,305,61
malloc,odd,6,306,60
malloc,odd,6,307,61
malloc,odd,6,308,60
malloc,odd,6,309,61
malloc,odd,6,310,61
malloc,odd,6,311,70
malloc,odd,6,312,70
malloc,odd,6,313,70
malloc,odd,6,314,61
malloc,odd,6,315,70
malloc,odd,6,316,60
malloc,odd,6,317,61
malloc,odd,6,318,61
malloc,odd,6,319,60
malloc,odd,6,320,60
malloc,odd,6,321,60
malloc,odd,6,322,61
malloc,odd,6,323,60
malloc,odd,6,324,60
malloc,odd,6,325,80
malloc,odd,6,326,70
malloc,odd,6,327,60
malloc,odd,6,328,70
malloc,odd,6,329,70
malloc,odd,6,330,80
malloc,odd,6,331,111
malloc,odd,6,332,91
malloc,odd,6,333,91
malloc,odd,6,334,91
malloc,odd,6,335,61
malloc,odd,6,336,60
malloc,odd,6,337,60
malloc,odd,6,338,61
malloc,odd,6,339,60
malloc,odd,6,340,70
malloc,odd,6,341,61
malloc,odd,6,342,60
malloc,odd,6,343,61
malloc,odd,6,344,60
malloc,odd,6,345,61
malloc,odd,6,346,61
malloc,odd,6,347,70
malloc,odd,6,348,61
malloc,odd,6,349,60
malloc,odd,6,350,70
malloc,odd,6,351,60
malloc,odd,6,352,61
malloc,odd,6,353,61
malloc,odd,6,354,60
malloc,odd,6,355,61
malloc,odd,6,356,61
malloc,odd,6,357,60
malloc,odd,6,358,61
malloc,odd,6,359,70
malloc,odd,6,360,61
malloc,odd,6,361,61
malloc,odd,6,362,61
malloc,odd,6,363,61
malloc,odd,6,364,60
malloc,odd,6,365,61
malloc,odd,6,366,60
malloc,odd,6,367,61
malloc,odd,6,368,61
malloc,odd,6,369,100
malloc,odd,6,370,61
malloc,odd,6,371,70
malloc,odd,6,372,61
malloc,odd,6,373,70
malloc,odd,6,374,60
malloc,odd,6,375,100
malloc,odd,6,376,110
malloc,odd,6,377,110
malloc,odd,6,378,120
malloc,odd,6,379,70
malloc,odd,6,380,70
malloc,odd,6,381,60
malloc,odd,6,382,60
malloc,odd,6,383,60
malloc,odd,6,384,70
malloc,odd,6,385,61
malloc,odd,6,386,130
malloc,odd,6,387,61
malloc,odd,6,388,61
malloc,odd,6,389,61
malloc,odd,6,390,60
malloc,odd,6,391,61
malloc,odd,6,392,70
malloc,odd,6,393,60
malloc,odd,6,394,60
malloc,odd,6,395,70
malloc,odd,6,396,60
malloc,odd,6,397,61
malloc,odd,6,398,60
malloc,odd,6,399,60
clock_write_control,odd,6,0,41
clock_write_control,odd,6,1,41
clock_write_control,odd,6,2,41
clock_write_control,odd,6,3,41
clock_write_control,odd,6,4,41
clock_write_control,odd,6,5,41
clock_write_control,odd,6,6,41
clock_write_control,odd,6,7,41
clock_write_control,odd,6,8,41
clock_write_control,odd,6,9,41
clock_write_control,odd,6,10,41
clock_write_control,odd,6,11,41
clock_write_control,odd,6,12,41
clock_write_control,odd,6,13,41
clock_write_control,odd,6,14,41
clock_write_control,odd,6,15,41
clock_write_control,odd,6,16,41
clock_write_control,odd,6,17,41
clock_write_control,odd,6,18,41
clock_write_control,odd,6,19,41
clock_write_control,odd,6,20,41
clock_write_control,odd,6,21,41
clock_write_control,odd,6,22,41
clock_write_control,odd,6,23,41
clock_write_control,odd,6,24,41
clock_write_control,odd,6,25,41
clock_write_control,odd,6,26,41
clock_write_control,odd,6,27,41
clock_write_control,odd,6,28,41
clock_write_control,odd,6,29,41
clock_write_control,odd,6,30,41
clock_write_control,odd,6,31,41
clock_write_control,odd,6,32,41
clock_write_control,odd,6,33,41
clock_write_control,odd,6,34,41
clock_write_control,odd,6,35,41
clock_write_control,odd,6,36,41
clock_write_control,odd,6,37,210
clock_write_control,odd,6,38,41
clock_write_control,odd,6,39,41
clock_write_control,odd,6,40,50
clock_write_control,odd,6,41,50
clock_write_control,odd,6,42,41
clock_write_control,odd,6,43,41
clock_write_control,odd,6,44,41
clock_write_control,odd,6,45,41
clock_write_control,odd,6,46,41
clock_write_control,odd,6,47,41
clock_write_control,odd,6,48,41
clock_write_control,odd,6,49,41
clock_write_control,odd,6,50,41
clock_write_control,odd,6,51,41
clock_write_control,odd,6,52,41
clock_write_control,odd,6,53,41
clock_write_control,odd,6,54,41
clock_write_control,odd,6,55,41
clock_write_control,odd,6,56,41
clock_write_control,odd,6,57,41
clock_write_control,odd,6,58,41
clock_write_control,odd,6,59,41
clock_write_control,odd,6,60,41
clock_write_control,odd,6,61,41
clock_write_control,odd,6,62,41
clock_write_control,odd,6,63,41
clock_write_control,odd,6,64,41
clock_write_control,odd,6,65,41
clock_write_control,odd,6,66,41
clock_write_control,odd,6,67,41
clock_write_control,odd,6,68,41
clock_write_control,odd,6,69,41
clock_write_control,odd,6,70,41
clock_write_control,odd,6,71,41
clock_write_control,odd,6,72,41
clock_write_control,odd,6,73,41
clock_write_control,odd,6,74,41
clock_write_control,odd,6,75,41
clock_write_control,odd,6,76,41
clock_write_control,odd,6,77,41
clock_write_control,odd,6,78,41
clock_write_control,odd,6,79,41
clock_write_control,odd,6,80,41
clock_write_control,odd,6,81,41
clock_write_control,odd,6,82,41
clock_write_control,odd,6,83,6873
clock_write_control,odd,6,84,41
clock_write_control,odd,6,85,41
clock_write_control,odd,6,86,41
clock_write_control,odd,6,87,41
clock_write_control,odd,6,88,41
clock_write_control,odd,6,89,41
clock_write_control,odd,6,90,41
clock_write_control,odd,6,91,41
clock_write_control,odd,6,92,130
clock_write_control,odd,6,93,41
clock_write_control,odd,6,94,50
clock_write_control,odd,6,95,51
clock_write_control,odd,6,96,50
clock_write_control,odd,6,97,41
clock_write_control,odd,6,98,41
clock_write_control,odd,6,99,41
clock_write_control,odd,6,100,41
clock_write_control,odd,6,101,41
clock_write_control,odd,6,102,41
clock_write_control,odd,6,103,41
clock_write_control,odd,6,104,41
clock_write_control,odd,6,105,41
clock_write_control,odd,6,106,41
clock_write_control,odd,6,107,41
clock_write_control,odd,6,108,41
clock_write_control,odd,6,109,41
clock_write_control,odd,6,110,41
clock_write_control,odd,6,111,41
clock_write_control,odd,6,112,41
clock_write_control,odd,6,113,41
clock_write_control,odd,6,114,41
clock_write_control,odd,6,115,41
clock_write_control,odd,6,116,41
clock_write_control,odd,6,117,41
clock_write_control,odd,6,118,41
clock_write_control,odd,6,119,41
clock_write_control,odd,6,120,41
clock_write_control,odd,6,121,41
clock_write_control,odd,6,122,41
clock_write_control,odd,6,123,41
clock_write_control,odd,6,124,41
clock_write_control,odd,6,125,41
clock_write_control,odd,6,126,41
clock_write_control,odd,6,127,41
clock_write_control,odd,6,128,41
clock_write_control,odd,6,129,41
clock_write_control,odd,6,130,41
clock_write_control,odd,6,131,41
clock_write_control,odd,6,132,41
clock_write_control,odd,6,133,41
clock_write_control,odd,6,134,41
clock_write_control,odd,6,135,41
clock_write_control,odd,6,136,41
clock_write_control,odd,6,137,6132
clock_write_control,odd,6,138,41
clock_write_control,odd,6,139,41
clock_write_control,odd,6,140,41
clock_write_control,odd,6,141,41
clock_write_control,odd,6,142,41
clock_write_control,odd,6,143,41
clock_write_control,odd,6,144,41
clock_write_control,odd,6,145,41
clock_write_control,odd,6,146,41
clock_write_control,odd,6,147,541
clock_write_control,odd,6,148,41
clock_write_control,odd,6,149,41
clock_write_control,odd,6,150,41
clock_write_control,odd,6,151,41
clock_write_control,odd,6,152,41
clock_write_control,odd,6,153,41
clock_write_control,odd,6,154,50
clock_write_control,odd,6,155,41
clock_write_control,odd,6,156,51
clock_write_control,odd,6,157,50
clock_write_control,odd,6,158,41
clock_write_control,odd,6,159,41
clock_write_control,odd,6,160,41
clock_write_control,odd,6,161,41
clock_write_control,odd,6,162,41
clock_write_control,odd,6,163,41
clock_write_control,odd,6,164,41
clock_write_control,odd,6,165,41
clock_write_control,odd,6,166,41
clock_write_control,odd,6,167,41
clock_write_control,odd,6,168,41
clock_write_control,odd,6,169,41
clock_write_control,odd,6,170,41
clock_write_control,odd,6,171,41
clock_write_control,odd,6,172,41
clock_write_control,odd,6,173,41
clock_write_control,odd,6,174,41
clock_write_control,odd,6,175,41
clock_write_control,odd,6,176,41
clock_write_control,odd,6,177,41
clock_write_control,odd,6,178,41
clock_write_control,odd,6,179,41
clock_write_control,odd,6,180,41
clock_write_control,odd,6,181,41
clock_write_control,odd,6,182,41
clock_write_control,odd,6,183,41
clock_write_control,odd,6,184,41
clock_write_control,odd,6,185,41
clock_write_control,odd,6,186,41
clock_write_control,odd,6,187,41
clock_write_control,odd,6,188,41
clock_write_control,odd,6,189,41
clock_write_control,odd,6,190,41
clock_write_control,odd,6,191,41
clock_write_control,odd,6,192,41
clock_write_control,odd,6,193,41
clock_write_control,odd,6,194,41
clock_write_control,odd,6,195,41
clock_write_control,odd,6,196,41
clock_write_control,odd,6,197,41
clock_write_control,odd,6,198,41
clock_write_control,odd,6,199,41
clock_write_control,odd,6,200,41
clock_write_control,odd,6,201,511
clock_write_control,odd,6,202,41
clock_write_control,odd,6,203,41
clock_write_control,odd,6,204,41
clock_write_control,odd,6,205,41
clock_write_control,odd,6,206,41
clock_write_control,odd,6,207,41
clock_write_control,odd,6,208,41
clock_write_control,odd,6,209,41
clock_write_control,odd,6,210,41
clock_write_control,odd,6,211,41
clock_write_control,odd,6,212,41
clock_write_control,odd,6,213,41
clock_write_control,odd,6,214,41
clock_write_control,odd,6,215,41
clock_write_control,odd,6,216,41
clock_write_control,odd,6,217,41
clock_write_control,odd,6,218,41
clock_write_control,odd,6,219,41
clock_write_control,odd,6,220,41
clock_write_control,odd,6,221,41
clock_write_control,odd,6,222,41
clock_write_control,odd,6,223,41
clock_write_control,odd,6,224,41
clock_write_control,odd,6,225,41
clock_write_control,odd,6,226,41
clock_write_control,odd,6,227,41
clock_write_control,odd,6,228,41
clock_write_control,odd,6,229,41
clock_write_control,odd,6,230,41
clock_write_control,odd,6,231,41
clock_write_control,odd,6,232,41
clock_write_control,odd,6,233,41
clock_write_control,odd,6,234,41
clock_write_control,odd,6,235,41
clock_write_control,odd,6,236,41
clock_write_control,odd,6,237,41
clock_write_control,odd,6,238,41
clock_write_control,odd,6,239,41
clock_write_control,odd,6,240,41
clock_write_control,odd,6,241,41
clock_write_control,odd,6,242,41
clock_write_control,odd,6,243,41
clock_write_control,odd,6,244,100
clock_write_control,odd,6,245,41
clock_write_control,odd,6,246,41
clock_write_control,odd,6,247,41
clock_write_control,odd,6,248,41
clock_write_control,odd,6,249,41
clock_write_control,odd,6,250,41
clock_write_control,odd,6,251,41
clock_write_control,odd,6,252,41
clock_write_control,odd,6,253,41
clock_write_control,odd,6,254,41
clock_write_control,odd,6,255,50
clock_write_control,odd,6,256,51
clock_write_control,odd,6,257,51
clock_write_control,odd,6,258,51
clock_write_control,odd,6,259,41
clock_write_control,odd,6,260,41
clock_write_control,odd,6,261,41
clock_write_control,odd,6,262,41
clock_write_control,odd,6,263,41
clock_write_control,odd,6,264,41
clock_write_control,odd,6,265,41
clock_write_control,odd,6,266,41
clock_write_control,odd,6,267,41
clock_write_control,odd,6,268,41
clock_write_control,odd,6,269,41
clock_write_control,odd,6,270,41
clock_write_control,odd,6,271,41
clock_write_control,odd,6,272,41
clock_write_control,odd,6,273,41
clock_write_control,odd,6,274,41
clock_write_control,odd,6,275,41
clock_write_control,odd,6,276,41
clock_write_control,odd,6,277,41
clock_write_control,odd,6,278,41
clock_write_control,odd,6,279,41
clock_write_control,odd,6,280,41
clock_write_control,odd,6,281,41
clock_write_control,odd,6,282,41
clock_write_control,odd,6,283,41
clock_write_control,odd,6,284,41
clock_write_control,odd,6,285,41
clock_write_control,odd,6,286,41
clock_write_control,odd,6,287,41
clock_write_control,odd,6,288,41
clock_write_control,odd,6,289,41
clock_write_control,odd,6,290,41
clock_write_control,odd,6,291,41
clock_write_control,odd,6,292,41
clock_write_control,odd,6,293,41
clock_write_control,odd,6,294,41
clock_write_control,odd,6,295,41
clock_write_control,odd,6,296,41
clock_write_control,odd,6,297,41
clock_write_control,odd,6,298,6603
clock_write_control,odd,6,299,41
clock_write_control,odd,6,300,41
clock_write_control,odd,6,301,41
clock_write_control,odd,6,302,41
clock_write_control,odd,6,303,41
clock_write_control,odd,6,304,41
clock_write_control,odd,6,305,41
clock_write_control,odd,6,306,41
clock_write_control,odd,6,307,41
clock_write_control,odd,6,308,41
clock_write_control,odd,6,309,542
clock_write_control,odd,6,310,120
clock_write_control,odd,6,311,41
clock_write_control,odd,6,312,41
clock_write_control,odd,6,313,41
clock_write_control,odd,6,314,41
clock_write_control,odd,6,315,41
clock_write_control,odd,6,316,51
clock_write_control,odd,6,317,50
clock_write_control,odd,6,318,51
clock_write_control,odd,6,319,41
clock_write_control,odd,6,320,41
clock_write_control,odd,6,321,41
clock_write_control,odd,6,322,41
clock_write_control,odd,6,323,41
clock_write_control,odd,6,324,41
clock_write_control,odd,6,325,41
clock_write_control,odd,6,326,41
clock_write_control,odd,6,327,41
clock_write_control,odd,6,328,41
clock_write_control,odd,6,329,41
clock_write_control,odd,6,330,41
clock_write_control,odd,6,331,41
clock_write_control,odd,6,332,41
clock_write_control,odd,6,333,41
clock_write_control,odd,6,334,41
clock_write_control,odd,6,335,41
clock_write_control,odd,6,336,41
clock_write_control,odd,6,337,41
clock_write_control,odd,6,338,41
clock_write_control,odd,6,339,41
clock_write_control,odd,6,340,41
clock_write_control,odd,6,341,41
clock_write_control,odd,6,342,41
clock_write_control,odd,6,343,41
clock_write_control,odd,6,344,41
clock_write_control,odd,6,345,41
clock_write_control,odd,6,346,41
clock_write_control,odd,6,347,41
clock_write_control,odd,6,348,41
clock_write_control,odd,6,349,41
clock_write_control,odd,6,350,41
clock_write_control,odd,6,351,41
clock_write_control,odd,6,352,91
clock_write_control,odd,6,353,41
clock_write_control,odd,6,354,41
clock_write_control,odd,6,355,41
clock_write_control,odd,6,356,41
clock_write_control,odd,6,357,41
clock_write_control,odd,6,358,41
clock_write_control,odd,6,359,41
clock_write_control,odd,6,360,41
clock_write_control,odd,6,361,41
clock_write_control,odd,6,362,41
clock_write_control,odd,6,363,41
clock_write_control,odd,6,364,60
clock_write_control,odd,6,365,120
clock_write_control,odd,6,366,41
clock_write_control,odd,6,367,41
clock_write_control,odd,6,368,41
clock_write_control,odd,6,369,41
clock_write_control,odd,6,370,41
clock_write_control,odd,6,371,41
clock_write_control,odd,6,372,41
clock_write_control,odd,6,373,41
clock_write_control,odd,6,374,41
clock_write_control,odd,6,375,41
clock_write_control,odd,6,376,41
clock_write_control,odd,6,377,41
clock_write_control,odd,6,378,41
clock_write_control,odd,6,379,41
clock_write_control,odd,6,380,41
clock_write_control,odd,6,381,41
clock_write_control,odd,6,382,41
clock_write_control,odd,6,383,41
clock_write_control,odd,6,384,41
clock_write_control,odd,6,385,41
clock_write_control,odd,6,386,41
clock_write_control,odd,6,387,41
clock_write_control,odd,6,388,41
clock_write_control,odd,6,389,41
clock_write_control,odd,6,390,41
clock_write_control,odd,6,391,41
clock_write_control,odd,6,392,41
clock_write_control,odd,6,393,41
clock_write_control,odd,6,394,41
clock_write_control,odd,6,395,41
clock_write_control,odd,6,396,41
clock_write_control,odd,6,397,41
clock_write_control,odd,6,398,41
clock_write_control,odd,6,399,41
pool,odd,6,0,41
pool,odd,6,1,41
pool,odd,6,2,41
pool,odd,6,3,41
pool,odd,6,4,41
pool,odd,6,5,41
pool,odd,6,6,41
pool,odd,6,7,41
pool,odd,6,8,41
pool,odd,6,9,41
pool,odd,6,10,41
pool,odd,6,11,41
pool,odd,6,12,41
pool,odd,6,13,41
pool,odd,6,14,41
pool,odd,6,15,41
pool,odd,6,16,41
pool,odd,6,17,41
pool,odd,6,18,41
pool,odd,6,19,41
pool,odd,6,20,41
pool,odd,6,21,41
pool,odd,6,22,41
pool,odd,6,23,41
pool,odd,6,24,41
pool,odd,6,25,41
pool,odd,6,26,41
pool,odd,6,27,41
pool,odd,6,28,41
pool,odd,6,29,41
pool,odd,6,30,41
pool,odd,6,31,41
pool,odd,6,32,41
pool,odd,6,33,7344
pool,odd,6,34,41
pool,odd,6,35,41
pool,odd,6,36,41
pool,odd,6,37,41
pool,odd,6,38,41
pool,odd,6,39,41
pool,odd,6,40,41
pool,odd,6,41,41
pool,odd,6,42,41
pool,odd,6,43,41
pool,odd,6,44,41
pool,odd,6,45,41
pool,odd,6,46,531
pool,odd,6,47,120
pool,odd,6,48,41
pool,odd,6,49,41
pool,odd,6,50,51
pool,odd,6,51,51
pool,odd,6,52,51
pool,odd,6,53,51
pool,odd,6,54,41
pool,odd,6,55,41
pool,odd,6,56,41
pool,odd,6,57,41
pool,odd,6,58,41
pool,odd,6,59,41
pool,odd,6,60,41
pool,odd,6,61,41
pool,odd,6,62,41
pool,odd,6,63,41
pool,odd,6,64,41
pool,odd,6,65,41
pool,odd,6,66,41
pool,odd,6,67,41
pool,odd,6,68,41
pool,odd,6,69,41
pool,odd,6,70,41
pool,odd,6,71,41
pool,odd,6,72,41
pool,odd,6,73,41
pool,odd,6,74,41
pool,odd,6,75,41
pool,odd,6,76,41
pool,odd,6,77,41
pool,odd,6,78,41
pool,odd,6,79,41
pool,odd,6,80,41
pool,odd,6,81,41
pool,odd,6,82,41
pool,odd,6,83,41
pool,odd,6,84,41
pool,odd,6,85,80
pool,odd,6,86,41
pool,odd,6,87,41
pool,odd,6,88,41
pool,odd,6,89,41
pool,odd,6,90,41
pool,odd,6,91,41
pool,odd,6,92,41
pool,odd,6,93,41
pool,odd,6,94,41
pool,odd,6,95,41
pool,odd,6,96,41
pool,odd,6,97,41
pool,odd,6,98,41
pool,odd,6,99,521
pool,odd,6,100,50
pool,odd,6,101,51
pool,odd,6,102,51
pool,odd,6,103,60
pool,odd,6,104,41
pool,odd,6,105,41
pool,odd,6,106,41
pool,odd,6,107,41
pool,odd,6,108,41
pool,odd,6,109,41
pool,odd,6,110,41
pool,odd,6,111,41
pool,odd,6,112,41
pool,odd,6,113,41
pool,odd,6,114,41
pool,odd,6,115,41
pool,odd,6,116,41
pool,odd,6,117,41
pool,odd,6,118,41
pool,odd,6,119,41
pool,odd,6,120,41
pool,odd,6,121,41
pool,odd,6,122,41
pool,odd,6,123,41
pool,odd,6,124,41
pool,odd,6,125,41
pool,odd,6,126,41
pool,odd,6,127,41
pool,odd,6,128,41
pool,odd,6,129,41
pool,odd,6,130,41
pool,odd,6,131,41
pool,odd,6,132,41
pool,odd,6,133,41
pool,odd,6,134,41
pool,odd,6,135,41
pool,odd,6,136,70
pool,odd,6,137,41
pool,odd,6,138,41
pool,odd,6,139,41
pool,odd,6,140,41
pool,odd,6,141,41
pool,odd,6,142,41
pool,odd,6,143,41
pool,odd,6,144,41
pool,odd,6,145,41
pool,odd,6,146,41
pool,odd,6,147,41
pool,odd,6,148,41
pool,odd,6,149,50
pool,odd,6,150,671
pool,odd,6,151,60
pool,odd,6,152,50
pool,odd,6,153,51
pool,odd,6,154,51
pool,odd,6,155,41
pool,odd,6,156,41
pool,odd,6,157,41
pool,odd,6,158,41
pool,odd,6,159,41
pool,odd,6,160,41
pool,odd,6,161,41
pool,odd,6,162,41
pool,odd,6,163,41
pool,odd,6,164,41
pool,odd,6,165,41
pool,odd,6,166,41
pool,odd,6,167,41
pool,odd,6,168,41
pool,odd,6,169,41
pool,odd,6,170,41
pool,odd,6,171,41
pool,odd,6,172,41
pool,odd,6,173,41
pool,odd,6,174,41
pool,odd,6,175,41
pool,odd,6,176,41
pool,odd,6,177,41
pool,odd,6,178,41
pool,odd,6,179,41
pool,odd,6,180,41
pool,odd,6,181,41
pool,odd,6,182,41
pool,odd,6,183,41
pool,odd,6,184,41
pool,odd,6,185,41
pool,odd,6,186,41
pool,odd,6,187,41
pool,odd,6,188,41
pool,odd,6,189,6022
pool,odd,6,190,41
pool,odd,6,191,41
pool,odd,6,192,41
pool,odd,6,193,41
pool,odd,6,194,41
pool,odd,6,195,41
pool,odd,6,196,41
pool,odd,6,197,41
pool,odd,6,198,41
pool,odd,6,199,41
pool,odd,6,200,41
pool,odd,6,201,41
pool,odd,6,202,41
pool,odd,6,203,41
pool,odd,6,204,551
pool,odd,6,205,50
pool,odd,6,206,50
pool,odd,6,207,50
pool,odd,6,208,130
pool,odd,6,209,41
pool,odd,6,210,41
pool,odd,6,211,41
pool,odd,6,212,41
pool,odd,6,213,41
pool,odd,6,214,41
pool,odd,6,215,41
pool,odd,6,216,41
pool,odd,6,217,41
pool,odd,6,218,41
pool,odd,6,219,41
pool,odd,6,220,41
pool,odd,6,221,41
pool,odd,6,222,41
pool,odd,6,223,41
pool,odd,6,224,41
pool,odd,6,225,41
pool,odd,6,226,41
pool,odd,6,227,41
pool,odd,6,228,41
pool,odd,6,229,41
pool,odd,6,230,41
pool,odd,6,231,41
pool,odd,6,232,41
pool,odd,6,233,41
pool,odd,6,234,41
pool,odd,6,235,41
pool,odd,6,236,41
pool,odd,6,237,41
pool,odd,6,238,41
pool,odd,6,239,41
pool,odd,6,240,41
pool,odd,6,241,6212
pool,odd,6,242,41
pool,odd,6,243,41
pool,odd,6,244,41
pool,odd,6,245,41
pool,odd,6,246,41
pool,odd,6,247,41
pool,odd,6,248,41
pool,odd,6,249,41
pool,odd,6,250,41
pool,odd,6,251,41
pool,odd,6,252,41
pool,odd,6,253,41
pool,odd,6,254,41
pool,odd,6,255,51
pool,odd,6,256,51
pool,odd,6,257,70
pool,odd,6,258,50
pool,odd,6,259,41
pool,odd,6,260,41
pool,odd,6,261,41
pool,odd,6,262,41
pool,odd,6,263,41
pool,odd,6,264,41
pool,odd,6,265,41
pool,odd,6,266,41
pool,odd,6,267,41
pool,odd,6,268,41
pool,odd,6,269,41
pool,odd,6,270,41
pool,odd,6,271,41
pool,odd,6,272,41
pool,odd,6,273,41
pool,odd,6,274,41
pool,odd,6,275,41
pool,odd,6,276,41
pool,odd,6,277,41
pool,odd,6,278,541
pool,odd,6,279,41
pool,odd,6,280,41
pool,odd,6,281,41
pool,odd,6,282,41
pool,odd,6,283,41
pool,odd,6,284,41
pool,odd,6,285,41
pool,odd,6,286,41
pool,odd,6,287,41
pool,odd,6,288,41
pool,odd,6,289,41
pool,odd,6,290,41
pool,odd,6,291,41
pool,odd,6,292,41
pool,odd,6,293,41
pool,odd,6,294,6101
pool,odd,6,295,41
pool,odd,6,296,41
pool,odd,6,297,41
pool,odd,6,298,41
pool,odd,6,299,41
pool,odd,6,300,41
pool,odd,6,301,41
pool,odd,6,302,41
pool,odd,6,303,41
pool,odd,6,304,41
pool,odd,6,305,41
pool,odd,6,306,41
pool,odd,6,307,41
pool,odd,6,308,41
pool,odd,6,309,41
pool,odd,6,310,41
pool,odd,6,311,541
pool,odd,6,312,41
pool,odd,6,313,41
pool,odd,6,314,41
pool,odd,6,315,41
pool,odd,6,316,41
pool,odd,6,317,41
pool,odd,6,318,41
pool,odd,6,319,41
pool,odd,6,320,41
pool,odd,6,321,41
pool,odd,6,322,41
pool,odd,6,323,41
pool,odd,6,324,41
pool,odd,6,325,45054
pool,odd,6,326,41
pool,odd,6,327,41
pool,odd,6,328,41
pool,odd,6,329,41
pool,odd,6,330,41
pool,odd,6,331,41
pool,odd,6,332,41
pool,odd,6,333,41
pool,odd,6,334,41
pool,odd,6,335,41
pool,odd,6,336,41
pool,odd,6,337,41
pool,odd,6,338,41
pool,odd,6,339,41
pool,odd,6,340,41
pool,odd,6,341,41
pool,odd,6,342,41
pool,odd,6,343,41
pool,odd,6,344,41
pool,odd,6,345,70
pool,odd,6,346,41
pool,odd,6,347,41
pool,odd,6,348,41
pool,odd,6,349,41
pool,odd,6,350,41
pool,odd,6,351,41
pool,odd,6,352,41
pool,odd,6,353,41
pool,odd,6,354,41
pool,odd,6,355,41
pool,odd,6,356,41
pool,odd,6,357,41
pool,odd,6,358,41
pool,odd,6,359,41
pool,odd,6,360,41
pool,odd,6,361,41
pool,odd,6,362,50
pool,odd,6,363,41
pool,odd,6,364,41
pool,odd,6,365,41
pool,odd,6,366,41
pool,odd,6,367,41
pool,odd,6,368,41
pool,odd,6,369,41
pool,odd,6,370,41
pool,odd,6,371,41
pool,odd,6,372,41
pool,odd,6,373,41
pool,odd,6,374,41
pool,odd,6,375,41
pool,odd,6,376,41
pool,odd,6,377,41
pool,odd,6,378,41
pool,odd,6,379,41
pool,odd,6,380,41
pool,odd,6,381,41
pool,odd,6,382,41
pool,odd,6,383,41
pool,odd,6,384,41
pool,odd,6,385,41
pool,odd,6,386,41
pool,odd,6,387,41
pool,odd,6,388,41
pool,odd,6,389,41
pool,odd,6,390,41
pool,odd,6,391,41
pool,odd,6,392,41
pool,odd,6,393,41
pool,odd,6,394,41
pool,odd,6,395,41
pool,odd,6,396,41
pool,odd,6,397,41
pool,odd,6,398,6994
pool,odd,6,399,41
arena,aligned,7,0,41
arena,aligned,7,1,41
arena,aligned,7,2,41
arena,aligned,7,3,41
arena,aligned,7,4,41
arena,aligned,7,5,41
arena,aligned,7,6,41
arena,aligned,7,7,41
arena,aligned,7,8,41
arena,aligned,7,9,41
arena,aligned,7,10,41
arena,aligned,7,11,41
arena,aligned,7,12,41
arena,aligned,7,13,41
arena,aligned,7,14,41
arena,aligned,7,15,41
arena,aligned,7,16,41
arena,aligned,7,17,41
arena,aligned,7,18,41
arena,aligned,7,19,8205
arena,aligned,7,20,41
arena,aligned,7,21,41
arena,aligned,7,22,41
arena,aligned,7,23,41
arena,aligned,7,24,41
arena,aligned,7,25,41
arena,aligned,7,26,41
arena,aligned,7,27,41
arena,aligned,7,28,41
arena,aligned,7,29,41
arena,aligned,7,30,41
arena,aligned,7,31,41
arena,aligned,7,32,41
arena,aligned,7,33,41
arena,aligned,7,34,531
arena,aligned,7,35,60
arena,aligned,7,36,50
arena,aligned,7,37,50
arena,aligned,7,38,51
arena,aligned,7,39,60
arena,aligned,7,40,60
arena,aligned,7,41,41
arena,aligned,7,42,50
arena,aligned,7,43,722
arena,aligned,7,44,51
arena,aligned,7,45,51
arena,aligned,7,46,51
arena,aligned,7,47,50
arena,aligned,7,48,50
arena,aligned,7,49,60
arena,aligned,7,50,41
arena,aligned,7,51,70
arena,aligned,7,52,50
arena,aligned,7,53,51
arena,aligned,7,54,50
arena,aligned,7,55,50
arena,aligned,7,56,50
arena,aligned,7,57,131
arena,aligned,7,58,41
arena,aligned,7,59,520
arena,aligned,7,60,41
arena,aligned,7,61,41
arena,aligned,7,62,41
arena,aligned,7,63,50
arena,aligned,7,64,50
arena,aligned,7,65,131
arena,aligned,7,66,41
arena,aligned,7,67,541
arena,aligned,7,68,110
arena,aligned,7,69,41
arena,aligned,7,70,110
arena,aligned,7,71,70
arena,aligned,7,72,111
arena,aligned,7,73,41
arena,aligned,7,74,41
arena,aligned,7,75,101
arena,aligned,7,76,41
arena,aligned,7,77,541
arena,aligned,7,78,41
arena,aligned,7,79,121
arena,aligned,7,80,41
arena,aligned,7,81,41
arena,aligned,7,82,50
arena,aligned,7,83,81
arena,aligned,7,84,41
arena,aligned,7,85,41
arena,aligned,7,86,51
arena,aligned,7,87,130
arena,aligned,7,88,41
arena,aligned,7,89,531
arena,aligned,7,90,50
arena,aligned,7,91,100
arena,aligned,7,92,41
arena,aligned,7,93,41
arena,aligned,7,94,41
arena,aligned,7,95,41
arena,aligned,7,96,41
arena,aligned,7,97,41
arena,aligned,7,98,41
arena,aligned,7,99,41
arena,aligned,7,100,41
arena,aligned,7,101,41
arena,aligned,7,102,41
arena,aligned,7,103,41
arena,aligned,7,104,41
arena,aligned,7,105,41
arena,aligned,7,106,41
arena,aligned,7,107,41
arena,aligned,7,108,41
arena,aligned,7,109,41
arena,aligned,7,110,41
arena,aligned,7,111,41
arena,aligned,7,112,41
arena,aligned,7,113,41
arena,aligned,7,114,41
arena,aligned,7,115,41
arena,aligned,7,116,41
arena,aligned,7,117,41
arena,aligned,7,118,41
arena,aligned,7,119,41
arena,aligned,7,120,41
arena,aligned,7,121,41
arena,aligned,7,122,90
arena,aligned,7,123,41
arena,aligned,7,124,41
arena,aligned,7,125,41
arena,aligned,7,126,41
arena,aligned,7,127,41
arena,aligned,7,128,41
arena,aligned,7,129,41
arena,aligned,7,130,41
arena,aligned,7,131,41
arena,aligned,7,132,41
arena,aligned,7,133,41
arena,aligned,7,134,41
arena,aligned,7,135,41
arena,aligned,7,136,50
arena,aligned,7,137,51
arena,aligned,7,138,50
arena,aligned,7,139,41
arena,aligned,7,140,41
arena,aligned,7,141,41
arena,aligned,7,142,41
arena,aligned,7,143,41
arena,aligned,7,144,661
arena,aligned,7,145,130
arena,aligned,7,146,41
arena,aligned,7,147,41
arena,aligned,7,148,41
arena,aligned,7,149,41
arena,aligned,7,150,41
arena,aligned,7,151,41
arena,aligned,7,152,41
arena,aligned,7,153,41
arena,aligned,7,154,41
arena,aligned,7,155,41
arena,aligned,7,156,41
arena,aligned,7,157,41
arena,aligned,7,158,41
arena,aligned,7,159,41
arena,aligned,7,160,41
arena,aligned,7,161,41
arena,aligned,7,162,41
arena,aligned,7,163,41
arena,aligned,7,164,41
arena,aligned,7,165,41
arena,aligned,7,166,41
arena,aligned,7,167,41
arena,aligned,7,168,41
arena,aligned,7,169,41
arena,aligned,7,170,41
arena,aligned,7,171,41
arena,aligned,7,172,41
arena,aligned,7,173,41
arena,aligned,7,174,90
arena,aligned,7,175,41
arena,aligned,7,176,41
arena,aligned,7,177,41
arena,aligned,7,178,41
arena,aligned,7,179,41
arena,aligned,7,180,41
arena,aligned,7,181,41
arena,aligned,7,182,41
arena,aligned,7,183,41
arena,aligned,7,184,41
arena,aligned,7,185,41
arena,aligned,7,186,41
arena,aligned,7,187,41
arena,aligned,7,188,41
arena,aligned,7,189,41
arena,aligned,7,190,41
arena,aligned,7,191,41
arena,aligned,7,192,41
arena,aligned,7,193,41
arena,aligned,7,194,41
arena,aligned,7,195,41
arena,aligned,7,196,531
arena,aligned,7,197,71
arena,aligned,7,198,41
arena,aligned,7,199,41
arena,aligned,7,200,41
arena,aligned,7,201,41
arena,aligned,7,202,41
arena,aligned,7,203,41
arena,aligned,7,204,41
arena,aligned,7,205,41
arena,aligned,7,206,41
arena,aligned,7,207,41
arena,aligned,7,208,41
arena,aligned,7,209,41
arena,aligned,7,210,41
arena,aligned,7,211,41
arena,aligned,7,212,41
arena,aligned,7,213,41
arena,aligned,7,214,41
arena,aligned,7,215,41
arena,aligned,7,216,41
arena,aligned,7,217,41
arena,aligned,7,218,41
arena,aligned,7,219,41
arena,aligned,7,220,41
arena,aligned,7,221,41
arena,aligned,7,222,41
arena,aligned,7,223,41
arena,aligned,7,224,41
arena,aligned,7,225,41
arena,aligned,7,226,41
arena,aligned,7,227,41
arena,aligned,7,228,7734
arena,aligned,7,229,41
arena,aligned,7,230,41
arena,aligned,7,231,41
arena,aligned,7,232,41
arena,aligned,7,233,41
arena,aligned,7,234,41
arena,aligned,7,235,41
arena,aligned,7,236,41
arena,aligned,7,237,41
arena,aligned,7,238,41
arena,aligned,7,239,41
arena,aligned,7,240,41
arena,aligned,7,241,41
arena,aligned,7,242,41
arena,aligned,7,243,41
arena,aligned,7,244,41
arena,aligned,7,245,41
arena,aligned,7,246,41
arena,aligned,7,247,51
arena,aligned,7,248,50
arena,aligned,7,249,51
arena,aligned,7,250,50
arena,aligned,7,251,50
arena,aligned,7,252,51
arena,aligned,7,253,51
arena,aligned,7,254,50
arena,aligned,7,255,110
arena,aligned,7,256,41
arena,aligned,7,257,41
arena,aligned,7,258,41
arena,aligned,7,259,41
arena,aligned,7,260,41
arena,aligned,7,261,41
arena,aligned,7,262,41
arena,aligned,7,263,41
arena,aligned,7,264,41
arena,aligned,7,265,41
arena,aligned,7,266,41
arena,aligned,7,267,41
arena,aligned,7,268,41
arena,aligned,7,269,41
arena,aligned,7,270,41
arena,aligned,7,271,41
arena,aligned,7,272,41
arena,aligned,7,273,41
arena,aligned,7,274,41
arena,aligned,7,275,41
arena,aligned,7,276,41
arena,aligned,7,277,41
arena,aligned,7,278,41
arena,aligned,7,279,41
arena,aligned,7,280,41
arena,aligned,7,281,100
arena,aligned,7,282,41
arena,aligned,7,283,41
arena,aligned,7,284,41
arena,aligned,7,285,41
arena,aligned,7,286,41
arena,aligned,7,287,41
arena,aligned,7,288,41
arena,aligned,7,289,41
arena,aligned,7,290,41
arena,aligned,7,291,41
arena,aligned,7,292,41
arena,aligned,7,293,41
arena,aligned,7,294,41
arena,aligned,7,295,41
arena,aligned,7,296,41
arena,aligned,7,297,41
arena,aligned,7,298,41
arena,aligned,7,299,41
arena,aligned,7,300,51
arena,aligned,7,301,41
arena,aligned,7,302,41
arena,aligned,7,303,41
arena,aligned,7,304,41
arena,aligned,7,305,50
arena,aligned,7,306,41
arena,aligned,7,307,41
arena,aligned,7,308,41
arena,aligned,7,309,41
arena,aligned,7,310,41
arena,aligned,7,311,41
arena,aligned,7,312,41
arena,aligned,7,313,41
arena,aligned,7,314,41
arena,aligned,7,315,41
arena,aligned,7,316,41
arena,aligned,7,317,41
arena,aligned,7,318,41
arena,aligned,7,319,41
arena,aligned,7,320,41
arena,aligned,7,321,41
arena,aligned,7,322,41
arena,aligned,7,323,41
arena,aligned,7,324,41
arena,aligned,7,325,41
arena,aligned,7,326,41
arena,aligned,7,327,41
arena,aligned,7,328,41
arena,aligned,7,329,41
arena,aligned,7,330,41
arena,aligned,7,331,41
arena,aligned,7,332,41
arena,aligned,7,333,41
arena,aligned,7,334,41
arena,aligned,7,335,6863
arena,aligned,7,336,41
arena,aligned,7,337,41
arena,aligned,7,338,41
arena,aligned,7,339,41
arena,aligned,7,340,41
arena,aligned,7,341,41
arena,aligned,7,342,41
arena,aligned,7,343,41
arena,aligned,7,344,41
arena,aligned,7,345,41
arena,aligned,7,346,41
arena,aligned,7,347,41
arena,aligned,7,348,41
arena,aligned,7,349,50
arena,aligned,7,350,51
arena,aligned,7,351,50
arena,aligned,7,352,41
arena,aligned,7,353,41
arena,aligned,7,354,41
arena,aligned,7,355,41
arena,aligned,7,356,41
arena,aligned,7,357,41
arena,aligned,7,358,41
arena,aligned,7,359,521
arena,aligned,7,360,51
arena,aligned,7,361,50
arena,aligned,7,362,51
arena,aligned,7,363,110
arena,aligned,7,364,41
arena,aligned,7,365,41
arena,aligned,7,366,41
arena,aligned,7,367,41
arena,aligned,7,368,41
arena,aligned,7,369,41
arena,aligned,7,370,41
arena,aligned,7,371,41
arena,aligned,7,372,41
arena,aligned,7,373,41
arena,aligned,7,374,41
arena,aligned,7,375,41
arena,aligned,7,376,41
arena,aligned,7,377,41
arena,aligned,7,378,41
arena,aligned,7,379,41
arena,aligned,7,380,41
arena,aligned,7,381,41
arena,aligned,7,382,41
arena,aligned,7,383,41
arena,aligned,7,384,41
arena,aligned,7,385,41
arena,aligned,7,386,41
arena,aligned,7,387,41
arena,aligned,7,388,80
arena,aligned,7,389,41
arena,aligned,7,390,41
arena,aligned,7,391,41
arena,aligned,7,392,41
arena,aligned,7,393,41
arena,aligned,7,394,41
arena,aligned,7,395,41
arena,aligned,7,396,41
arena,aligned,7,397,41
arena,aligned,7,398,41
arena,aligned,7,399,41
malloc,aligned,7,0,160
malloc,aligned,7,1,70
malloc,aligned,7,2,60
malloc,aligned,7,3,70
malloc,aligned,7,4,60
malloc,aligned,7,5,71
malloc,aligned,7,6,61
malloc,aligned,7,7,71
malloc,aligned,7,8,70
malloc,aligned,7,9,70
malloc,aligned,7,10,70
malloc,aligned,7,11,70
malloc,aligned,7,12,71
malloc,aligned,7,13,70
malloc,aligned,7,14,60
malloc,aligned,7,15,61
malloc,aligned,7,16,70
malloc,aligned,7,17,60
malloc,aligned,7,18,70
malloc,aligned,7,19,70
malloc,aligned,7,20,71
malloc,aligned,7,21,60
malloc,aligned,7,22,70
malloc,aligned,7,23,101
malloc,aligned,7,24,100
malloc,aligned,7,25,100
malloc,aligned,7,26,80
malloc,aligned,7,27,61
malloc,aligned,7,28,70
malloc,aligned,7,29,61
malloc,aligned,7,30,61
malloc,aligned,7,31,60
malloc,aligned,7,32,70
malloc,aligned,7,33,61
malloc,aligned,7,34,61
malloc,aligned,7,35,60
malloc,aligned,7,36,70
malloc,aligned,7,37,60
malloc,aligned,7,38,71
malloc,aligned,7,39,60
malloc,aligned,7,40,70
malloc,aligned,7,41,61
malloc,aligned,7,42,70
malloc,aligned,7,43,71
malloc,aligned,7,44,60
malloc,aligned,7,45,61
malloc,aligned,7,46,7324
malloc,aligned,7,47,71
malloc,aligned,7,48,70
malloc,aligned,7,49,60
malloc,aligned,7,50,70
malloc,aligned,7,51,60
malloc,aligned,7,52,61
malloc,aligned,7,53,71
malloc,aligned,7,54,70
malloc,aligned,7,55,60
malloc,aligned,7,56,61
malloc,aligned,7,57,70
malloc,aligned,7,58,70
malloc,aligned,7,59,61
malloc,aligned,7,60,71
malloc,aligned,7,61,60
malloc,aligned,7,62,70
malloc,aligned,7,63,80
malloc,aligned,7,64,80
malloc,aligned,7,65,81
malloc,aligned,7,66,80
malloc,aligned,7,67,61
malloc,aligned,7,68,60
malloc,aligned,7,69,521
malloc,aligned,7,70,101
malloc,aligned,7,71,101
malloc,aligned,7,72,90
malloc,aligned,7,73,70
malloc,aligned,7,74,61
malloc,aligned,7,75,60
malloc,aligned,7,76,60
malloc,aligned,7,77,70
malloc,aligned,7,78,71
malloc,aligned,7,79,61
malloc,aligned,7,80,60
malloc,aligned,7,81,70
malloc,aligned,7,82,70
malloc,aligned,7,83,70
malloc,aligned,7,84,61
malloc,aligned,7,85,60
malloc,aligned,7,86,60
malloc,aligned,7,87,70
malloc,aligned,7,88,70
malloc,aligned,7,89,61
malloc,aligned,7,90,70
malloc,aligned,7,91,70
malloc,aligned,7,92,100
malloc,aligned,7,93,61
malloc,aligned,7,94,70
malloc,aligned,7,95,70
malloc,aligned,7,96,70
malloc,aligned,7,97,70
malloc,aligned,7,98,70
malloc,aligned,7,99,70
malloc,aligned,7,100,70
malloc,aligned,7,101,61
malloc,aligned,7,102,70
malloc,aligned,7,103,70
malloc,aligned,7,104,70
malloc,aligned,7,105,80
malloc,aligned,7,106,70
malloc,aligned,7,107,60
malloc,aligned,7,108,71
malloc,aligned,7,109,60
malloc,aligned,7,110,70
malloc,aligned,7,111,70
malloc,aligned,7,112,70
malloc,aligned,7,113,60
malloc,aligned,7,114,531
malloc,aligned,7,115,130
malloc,aligned,7,116,70
malloc,aligned,7,117,70
malloc,aligned,7,118,70
malloc,aligned,7,119,70
malloc,aligned,7,120,70
malloc,aligned,7,121,70
malloc,aligned,7,122,61
malloc,aligned,7,123,70
malloc,aligned,7,124,60
malloc,aligned,7,125,70
malloc,aligned,7,126,70
malloc,aligned,7,127,61
malloc,aligned,7,128,70
malloc,aligned,7,129,70
malloc,aligned,7,130,70
malloc,aligned,7,131,60
malloc,aligned,7,132,60
malloc,aligned,7,133,61
malloc,aligned,7,134,70
malloc,aligned,7,135,70
malloc,aligned,7,136,61
malloc,aligned,7,137,70
malloc,aligned,7,138,70
malloc,aligned,7,139,61
malloc,aligned,7,140,70
malloc,aligned,7,141,71
malloc,aligned,7,142,60
malloc,aligned,7,143,70
malloc,aligned,7,144,70
malloc,aligned,7,145,70
malloc,aligned,7,146,71
malloc,aligned,7,147,60
malloc,aligned,7,148,60
malloc,aligned,7,149,61
malloc,aligned,7,150,70
malloc,aligned,7,151,60
malloc,aligned,7,152,60
malloc,aligned,7,153,60
malloc,aligned,7,154,80
malloc,aligned,7,155,81
malloc,aligned,7,156,90
malloc,aligned,7,157,80
malloc,aligned,7,158,90
malloc,aligned,7,159,80
malloc,aligned,7,160,120
malloc,aligned,7,161,130
malloc,aligned,7,162,101
malloc,aligned,7,163,121
malloc,aligned,7,164,70
malloc,aligned,7,165,70
malloc,aligned,7,166,70
malloc,aligned,7,167,61
malloc,aligned,7,168,70
malloc,aligned,7,169,60
malloc,aligned,7,170,71
malloc,aligned,7,171,61
malloc,aligned,7,172,60
malloc,aligned,7,173,70
malloc,aligned,7,174,70
malloc,aligned,7,175,61
malloc,aligned,7,176,80
malloc,aligned,7,177,70
malloc,aligned,7,178,61
malloc,aligned,7,179,61
malloc,aligned,7,180,70
malloc,aligned,7,181,70
malloc,aligned,7,182,110
malloc,aligned,7,183,61
malloc,aligned,7,184,60
malloc,aligned,7,185,70
malloc,aligned,7,186,70
malloc,aligned,7,187,71
malloc,aligned,7,188,70
malloc,aligned,7,189,71
malloc,aligned,7,190,70
malloc,aligned,7,191,60
malloc,aligned,7,192,70
malloc,aligned,7,193,60
malloc,aligned,7,194,70
malloc,aligned,7,195,61
malloc,aligned,7,196,61
malloc,aligned,7,197,70
malloc,aligned,7,198,61
malloc,aligned,7,199,61
malloc,aligned,7,200,70
malloc,aligned,7,201,70
malloc,aligned,7,202,61
malloc,aligned,7,203,61
malloc,aligned,7,204,70
malloc,aligned,7,205,70
malloc,aligned,7,206,541
malloc,aligned,7,207,101
malloc,aligned,7,208,70
malloc,aligned,7,209,71
malloc,aligned,7,210,60
malloc,aligned,7,211,60
malloc,aligned,7,212,71
malloc,aligned,7,213,70
malloc,aligned,7,214,70
malloc,aligned,7,215,70
malloc,aligned,7,216,70
malloc,aligned,7,217,61
malloc,aligned,7,218,70
malloc,aligned,7,219,61
malloc,aligned,7,220,60
malloc,aligned,7,221,60
malloc,aligned,7,222,80
malloc,aligned,7,223,60
malloc,aligned,7,224,70
malloc,aligned,7,225,70
malloc,aligned,7,226,70
malloc,aligned,7,227,61
malloc,aligned,7,228,111
malloc,aligned,7,229,60
malloc,aligned,7,230,70
malloc,aligned,7,231,70
malloc,aligned,7,232,70
malloc,aligned,7,233,70
malloc,aligned,7,234,70
malloc,aligned,7,235,61
malloc,aligned,7,236,70
malloc,aligned,7,237,60
malloc,aligned,7,238,70
malloc,aligned,7,239,60
malloc,aligned,7,240,71
malloc,aligned,7,241,70
malloc,aligned,7,242,71
malloc,aligned,7,243,80
malloc,aligned,7,244,61
malloc,aligned,7,245,70
malloc,aligned,7,246,60
malloc,aligned,7,247,60
malloc,aligned,7,248,71
malloc,aligned,7,249,60
malloc,aligned,7,250,70
malloc,aligned,7,251,60
malloc,aligned,7,252,60
malloc,aligned,7,253,511
malloc,aligned,7,254,110
malloc,aligned,7,255,100
malloc,aligned,7,256,100
malloc,aligned,7,257,111
malloc,aligned,7,258,71
malloc,aligned,7,259,60
malloc,aligned,7,260,70
malloc,aligned,7,261,61
malloc,aligned,7,262,60
malloc,aligned,7,263,70
malloc,aligned,7,264,70
malloc,aligned,7,265,60
malloc,aligned,7,266,71
malloc,aligned,7,267,61
malloc,aligned,7,268,70
malloc,aligned,7,269,70
malloc,aligned,7,270,70
malloc,aligned,7,271,61
malloc,aligned,7,272,70
malloc,aligned,7,273,60
malloc,aligned,7,274,70
malloc,aligned,7,275,70
malloc,aligned,7,276,71
malloc,aligned,7,277,60
malloc,aligned,7,278,60
malloc,aligned,7,279,70
malloc,aligned,7,280,60
malloc,aligned,7,281,61
malloc,aligned,7,282,70
malloc,aligned,7,283,61
malloc,aligned,7,284,60
malloc,aligned,7,285,70
malloc,aligned,7,286,61
malloc,aligned,7,287,61
malloc,aligned,7,288,70
malloc,aligned,7,289,71
malloc,aligned,7,290,81
malloc,aligned,7,291,60
malloc,aligned,7,292,70
malloc,aligned,7,293,60
malloc,aligned,7,294,541
malloc,aligned,7,295,100
malloc,aligned,7,296,70
malloc,aligned,7,297,70
malloc,aligned,7,298,71
malloc,aligned,7,299,61
malloc,aligned,7,300,91
malloc,aligned,7,301,101
malloc,aligned,7,302,100
malloc,aligned,7,303,100
malloc,aligned,7,304,130
malloc,aligned,7,305,70
malloc,aligned,7,306,61
malloc,aligned,7,307,61
malloc,aligned,7,308,61
malloc,aligned,7,309,60
malloc,aligned,7,310,71
malloc,aligned,7,311,70
malloc,aligned,7,312,71
malloc,aligned,7,313,61
malloc,aligned,7,314,70
malloc,aligned,7,315,71
malloc,aligned,7,316,70
malloc,aligned,7,317,70
malloc,aligned,7,318,70
malloc,aligned,7,319,70
malloc,aligned,7,320,101
malloc,aligned,7,321,71
malloc,aligned,7,322,70
malloc,aligned,7,323,61
malloc,aligned,7,324,70
malloc,aligned,7,325,71
malloc,aligned,7,326,70
malloc,aligned,7,327,61
malloc,aligned,7,328,70
malloc,aligned,7,329,61
malloc,aligned,7,330,70
malloc,aligned,7,331,60
malloc,aligned,7,332,61
malloc,aligned,7,333,61
malloc,aligned,7,334,70
malloc,aligned,7,335,60
malloc,aligned,7,336,70
malloc,aligned,7,337,80
malloc,aligned,7,338,80
malloc,aligned,7,339,71
malloc,aligned,7,340,80
malloc,aligned,7,341,70
malloc,aligned,7,342,70
malloc,aligned,7,343,71
malloc,aligned,7,344,70
malloc,aligned,7,345,70
malloc,aligned,7,346,651
malloc,aligned,7,347,120
malloc,aligned,7,348,70
malloc,aligned,7,349,60
malloc,aligned,7,350,70
malloc,aligned,7,351,61
malloc,aligned,7,352,60
malloc,aligned,7,353,60
malloc,aligned,7,354,61
malloc,aligned,7,355,70
malloc,aligned,7,356,70
malloc,aligned,7,357,70
malloc,aligned,7,358,71
malloc,aligned,7,359,61
malloc,aligned,7,360,70
malloc,aligned,7,361,80
malloc,aligned,7,362,70
malloc,aligned,7,363,70
malloc,aligned,7,364,70
malloc,aligned,7,365,61
malloc,aligned,7,366,7314
malloc,aligned,7,367,71
malloc,aligned,7,368,70
malloc,aligned,7,369,70
malloc,aligned,7,370,70
malloc,aligned,7,371,61
malloc,aligned,7,372,70
malloc,aligned,7,373,61
malloc,aligned,7,374,70
malloc,aligned,7,375,61
malloc,aligned,7,376,70
malloc,aligned,7,377,61
malloc,aligned,7,378,70
malloc,aligned,7,379,61
malloc,aligned,7,380,61
malloc,aligned,7,381,61
malloc,aligned,7,382,71
malloc,aligned,7,383,70
malloc,aligned,7,384,61
malloc,aligned,7,385,60
malloc,aligned,7,386,80
malloc,aligned,7,387,70
malloc,aligned,7,388,70
malloc,aligned,7,389,61
malloc,aligned,7,390,70
malloc,aligned,7,391,70
malloc,aligned,7,392,71
malloc,aligned,7,393,531
malloc,aligned,7,394,110
malloc,aligned,7,395,100
malloc,aligned,7,396,91
malloc,aligned,7,397,91
malloc,aligned,7,398,120
malloc,aligned,7,399,101
clock_write_control,aligned,7,0,51
clock_write_control,aligned,7,1,41
clock_write_control,aligned,7,2,41
clock_write_control,aligned,7,3,41
clock_write_control,aligned,7,4,41
clock_write_control,aligned,7,5,51
clock_write_control,aligned,7,6,60
clock_write_control,aligned,7,7,41
clock_write_control,aligned,7,8,41
clock_write_control,aligned,7,9,131
clock_write_control,aligned,7,10,41
clock_write_control,aligned,7,11,41
clock_write_control,aligned,7,12,41
clock_write_control,aligned,7,13,41
clock_write_control,aligned,7,14,41
clock_write_control,aligned,7,15,41
clock_write_control,aligned,7,16,41
clock_write_control,aligned,7,17,41
clock_write_control,aligned,7,18,41
clock_write_control,aligned,7,19,41
clock_write_control,aligned,7,20,41
clock_write_control,aligned,7,21,41
clock_write_control,aligned,7,22,41
clock_write_control,aligned,7,23,41
clock_write_control,aligned,7,24,41
clock_write_control,aligned,7,25,41
clock_write_control,aligned,7,26,8235
clock_write_control,aligned,7,27,41
clock_write_control,aligned,7,28,41
clock_write_control,aligned,7,29,41
clock_write_control,aligned,7,30,41
clock_write_control,aligned,7,31,41
clock_write_control,aligned,7,32,41
clock_write_control,aligned,7,33,41
clock_write_control,aligned,7,34,41
clock_write_control,aligned,7,35,41
clock_write_control,aligned,7,36,41
clock_write_control,aligned,7,37,41
clock_write_control,aligned,7,38,41
clock_write_control,aligned,7,39,41
clock_write_control,aligned,7,40,41
clock_write_control,aligned,7,41,41
clock_write_control,aligned,7,42,521
clock_write_control,aligned,7,43,60
clock_write_control,aligned,7,44,60
clock_write_control,aligned,7,45,51
clock_write_control,aligned,7,46,51
clock_write_control,aligned,7,47,51
clock_write_control,aligned,7,48,41
clock_write_control,aligned,7,49,41
clock_write_control,aligned,7,50,41
clock_write_control,aligned,7,51,41
clock_write_control,aligned,7,52,41
clock_write_control,aligned,7,53,41
clock_write_control,aligned,7,54,41
clock_write_control,aligned,7,55,41
clock_write_control,aligned,7,56,761
clock_write_control,aligned,7,57,50
clock_write_control,aligned,7,58,41
clock_write_control,aligned,7,59,60
clock_write_control,aligned,7,60,41
clock_write_control,aligned,7,61,41
clock_write_control,aligned,7,62,50
clock_write_control,aligned,7,63,41
clock_write_control,aligned,7,64,41
clock_write_control,aligned,7,65,41
clock_write_control,aligned,7,66,41
clock_write_control,aligned,7,67,41
clock_write_control,aligned,7,68,41
clock_write_control,aligned,7,69,41
clock_write_control,aligned,7,70,41
clock_write_control,aligned,7,71,41
clock_write_control,aligned,7,72,41
clock_write_control,aligned,7,73,41
clock_write_control,aligned,7,74,41
clock_write_control,aligned,7,75,41
clock_write_control,aligned,7,76,41
clock_write_control,aligned,7,77,9949
clock_write_control,aligned,7,78,41
clock_write_control,aligned,7,79,41
clock_write_control,aligned,7,80,41
clock_write_control,aligned,7,81,41
clock_write_control,aligned,7,82,41
clock_write_control,aligned,7,83,41
clock_write_control,aligned,7,84,41
clock_write_control,aligned,7,85,41
clock_write_control,aligned,7,86,41
clock_write_control,aligned,7,87,41
clock_write_control,aligned,7,88,41
clock_write_control,aligned,7,89,41
clock_write_control,aligned,7,90,41
clock_write_control,aligned,7,91,41
clock_write_control,aligned,7,92,41
clock_write_control,aligned,7,93,50
clock_write_control,aligned,7,94,50
clock_write_control,aligned,7,95,41
clock_write_control,aligned,7,96,41
clock_write_control,aligned,7,97,41
clock_write_control,aligned,7,98,41
clock_write_control,aligned,7,99,41
clock_write_control,aligned,7,100,41
clock_write_control,aligned,7,101,41
clock_write_control,aligned,7,102,41
clock_write_control,aligned,7,103,41
clock_write_control,aligned,7,104,41
clock_write_control,aligned,7,105,41
clock_write_control,aligned,7,106,41
clock_write_control,aligned,7,107,41
clock_write_control,aligned,7,108,41
clock_write_control,aligned,7,109,41
clock_write_control,aligned,7,110,41
clock_write_control,aligned,7,111,551
clock_write_control,aligned,7,112,121
clock_write_control,aligned,7,113,41
clock_write_control,aligned,7,114,41
clock_write_control,aligned,7,115,41
clock_write_control,aligned,7,116,41
clock_write_control,aligned,7,117,41
clock_write_control,aligned,7,118,41
clock_write_control,aligned,7,119,41
clock_write_control,aligned,7,120,41
clock_write_control,aligned,7,121,41
clock_write_control,aligned,7,122,41
clock_write_control,aligned,7,123,41
clock_write_control,aligned,7,124,41
clock_write_control,aligned,7,125,41
clock_write_control,aligned,7,126,41
clock_write_control,aligned,7,127,41
clock_write_control,aligned,7,128,41
clock_write_control,aligned,7,129,41
clock_write_control,aligned,7,130,41
clock_write_control,aligned,7,131,60
clock_write_control,aligned,7,132,41
clock_write_control,aligned,7,133,41
clock_write_control,aligned,7,134,41
clock_write_control,aligned,7,135,41
clock_write_control,aligned,7,136,41
clock_write_control,aligned,7,137,41
clock_write_control,aligned,7,138,41
clock_write_control,aligned,7,139,41
clock_write_control,aligned,7,140,41
clock_write_control,aligned,7,141,41
clock_write_control,aligned,7,142,41
clock_write_control,aligned,7,143,41
clock_write_control,aligned,7,144,41
clock_write_control,aligned,7,145,41
clock_write_control,aligned,7,146,41
clock_write_control,aligned,7,147,41
clock_write_control,aligned,7,148,41
clock_write_control,aligned,7,149,41
clock_write_control,aligned,7,150,41
clock_write_control,aligned,7,151,41
clock_write_control,aligned,7,152,51
clock_write_control,aligned,7,153,51
clock_write_control,aligned,7,154,51
clock_write_control,aligned,7,155,51
clock_write_control,aligned,7,156,41
clock_write_control,aligned,7,157,41
clock_write_control,aligned,7,158,41
clock_write_control,aligned,7,159,41
clock_write_control,aligned,7,160,41
clock_write_control,aligned,7,161,41
clock_write_control,aligned,7,162,41
clock_write_control,aligned,7,163,41
clock_write_control,aligned,7,164,41
clock_write_control,aligned,7,165,41
clock_write_control,aligned,7,166,50
clock_write_control,aligned,7,167,41
clock_write_control,aligned,7,168,41
clock_write_control,aligned,7,169,41
clock_write_control,aligned,7,170,41
clock_write_control,aligned,7,171,41
clock_write_control,aligned,7,172,41
clock_write_control,aligned,7,173,41
clock_write_control,aligned,7,174,41
clock_write_control,aligned,7,175,41
clock_write_control,aligned,7,176,41
clock_write_control,aligned,7,177,41
clock_write_control,aligned,7,178,41
clock_write_control,aligned,7,179,41
clock_write_control,aligned,7,180,41
clock_write_control,aligned,7,181,41
clock_write_control,aligned,7,182,41
clock_write_control,aligned,7,183,41
clock_write_control,aligned,7,184,41
clock_write_control,aligned,7,185,6864
clock_write_control,aligned,7,186,41
clock_write_control,aligned,7,187,41
clock_write_control,aligned,7,188,41
clock_write_control,aligned,7,189,41
clock_write_control,aligned,7,190,41
clock_write_control,aligned,7,191,41
clock_write_control,aligned,7,192,41
clock_write_control,aligned,7,193,41
clock_write_control,aligned,7,194,41
clock_write_control,aligned,7,195,41
clock_write_control,aligned,7,196,41
clock_write_control,aligned,7,197,41
clock_write_control,aligned,7,198,41
clock_write_control,aligned,7,199,41
clock_write_control,aligned,7,200,41
clock_write_control,aligned,7,201,41
clock_write_control,aligned,7,202,41
clock_write_control,aligned,7,203,41
clock_write_control,aligned,7,204,41
clock_write_control,aligned,7,205,41
clock_write_control,aligned,7,206,41
clock_write_control,aligned,7,207,41
clock_write_control,aligned,7,208,41
clock_write_control,aligned,7,209,41
clock_write_control,aligned,7,210,41
clock_write_control,aligned,7,211,41
clock_write_control,aligned,7,212,41
clock_write_control,aligned,7,213,41
clock_write_control,aligned,7,214,41
clock_write_control,aligned,7,215,41
clock_write_control,aligned,7,216,41
clock_write_control,aligned,7,217,41
clock_write_control,aligned,7,218,41
clock_write_control,aligned,7,219,41
clock_write_control,aligned,7,220,521
clock_write_control,aligned,7,221,60
clock_write_control,aligned,7,222,50
clock_write_control,aligned,7,223,41
clock_write_control,aligned,7,224,41
clock_write_control,aligned,7,225,41
clock_write_control,aligned,7,226,41
clock_write_control,aligned,7,227,41
clock_write_control,aligned,7,228,41
clock_write_control,aligned,7,229,41
clock_write_control,aligned,7,230,41
clock_write_control,aligned,7,231,41
clock_write_control,aligned,7,232,41
clock_write_control,aligned,7,233,41
clock_write_control,aligned,7,234,41
clock_write_control,aligned,7,235,41
clock_write_control,aligned,7,236,41
clock_write_control,aligned,7,237,41
clock_write_control,aligned,7,238,41
clock_write_control,aligned,7,239,13476
clock_write_control,aligned,7,240,41
clock_write_control,aligned,7,241,41
clock_write_control,aligned,7,242,41
clock_write_control,aligned,7,243,111
clock_write_control,aligned,7,244,41
clock_write_control,aligned,7,245,41
clock_write_control,aligned,7,246,41
clock_write_control,aligned,7,247,41
clock_write_control,aligned,7,248,41
clock_write_control,aligned,7,249,41
clock_write_control,aligned,7,250,41
clock_write_control,aligned,7,251,41
clock_write_control,aligned,7,252,41
clock_write_control,aligned,7,253,41
clock_write_control,aligned,7,254,50
clock_write_control,aligned,7,255,661
clock_write_control,aligned,7,256,51
clock_write_control,aligned,7,257,50
clock_write_control,aligned,7,258,50
clock_write_control,aligned,7,259,50
clock_write_control,aligned,7,260,51
clock_write_control,aligned,7,261,41
clock_write_control,aligned,7,262,120
clock_write_control,aligned,7,263,41
clock_write_control,aligned,7,264,41
clock_write_control,aligned,7,265,41
clock_write_control,aligned,7,266,41
clock_write_control,aligned,7,267,41
clock_write_control,aligned,7,268,41
clock_write_control,aligned,7,269,41
clock_write_control,aligned,7,270,41
clock_write_control,aligned,7,271,41
clock_write_control,aligned,7,272,521
clock_write_control,aligned,7,273,50
clock_write_control,aligned,7,274,130
clock_write_control,aligned,7,275,41
clock_write_control,aligned,7,276,41
clock_write_control,aligned,7,277,41
clock_write_control,aligned,7,278,41
clock_write_control,aligned,7,279,41
clock_write_control,aligned,7,280,41
clock_write_control,aligned,7,281,41
clock_write_control,aligned,7,282,41
clock_write_control,aligned,7,283,41
clock_write_control,aligned,7,284,41
clock_write_control,aligned,7,285,41
clock_write_control,aligned,7,286,41
clock_write_control,aligned,7,287,41
clock_write_control,aligned,7,288,41
clock_write_control,aligned,7,289,41
clock_write_control,aligned,7,290,41
clock_write_control,aligned,7,291,100
clock_write_control,aligned,7,292,41
clock_write_control,aligned,7,293,41
clock_write_control,aligned,7,294,41
clock_write_control,aligned,7,295,41
clock_write_control,aligned,7,296,41
clock_write_control,aligned,7,297,41
clock_write_control,aligned,7,298,41
clock_write_control,aligned,7,299,41
clock_write_control,aligned,7,300,41
clock_write_control,aligned,7,301,41
clock_write_control,aligned,7,302,41
clock_write_control,aligned,7,303,41
clock_write_control,aligned,7,304,41
clock_write_control,aligned,7,305,41
clock_write_control,aligned,7,306,41
clock_write_control,aligned,7,307,41
clock_write_control,aligned,7,308,41
clock_write_control,aligned,7,309,41
clock_write_control,aligned,7,310,41
clock_write_control,aligned,7,311,41
clock_write_control,aligned,7,312,51
clock_write_control,aligned,7,313,51
clock_write_control,aligned,7,314,51
clock_write_control,aligned,7,315,50
clock_write_control,aligned,7,316,41
clock_write_control,aligned,7,317,41
clock_write_control,aligned,7,318,41
clock_write_control,aligned,7,319,41
clock_write_control,aligned,7,320,41
clock_write_control,aligned,7,321,41
clock_write_control,aligned,7,322,41
clock_write_control,aligned,7,323,41
clock_write_control,aligned,7,324,41
clock_write_control,aligned,7,325,41
clock_write_control,aligned,7,326,41
clock_write_control,aligned,7,327,561
clock_write_control,aligned,7,328,41
clock_write_control,aligned,7,329,41
clock_write_control,aligned,7,330,41
clock_write_control,aligned,7,331,41
clock_write_control,aligned,7,332,41
clock_write_control,aligned,7,333,41
clock_write_control,aligned,7,334,41
clock_write_control,aligned,7,335,41
clock_write_control,aligned,7,336,41
clock_write_control,aligned,7,337,41
clock_write_control,aligned,7,338,41
clock_write_control,aligned,7,339,41
clock_write_control,aligned,7,340,41
clock_write_control,aligned,7,341,41
clock_write_control,aligned,7,342,41
clock_write_control,aligned,7,343,41
clock_write_control,aligned,7,344,41
clock_write_control,aligned,7,345,41
clock_write_control,aligned,7,346,41
clock_write_control,aligned,7,347,41
clock_write_control,aligned,7,348,41
clock_write_control,aligned,7,349,41
clock_write_control,aligned,7,350,41
clock_write_control,aligned,7,351,41
clock_write_control,aligned,7,352,41
clock_write_control,aligned,7,353,41
clock_write_control,aligned,7,354,41
clock_write_control,aligned,7,355,41
clock_write_control,aligned,7,356,41
clock_write_control,aligned,7,357,41
clock_write_control,aligned,7,358,41
clock_write_control,aligned,7,359,41
clock_write_control,aligned,7,360,41
clock_write_control,aligned,7,361,41
clock_write_control,aligned,7,362,41
clock_write_control,aligned,7,363,41
clock_write_control,aligned,7,364,41
clock_write_control,aligned,7,365,41
clock_write_control,aligned,7,366,41
clock_write_control,aligned,7,367,41
clock_write_control,aligned,7,368,41
clock_write_control,aligned,7,369,41
clock_write_control,aligned,7,370,41
clock_write_control,aligned,7,371,41
clock_write_control,aligned,7,372,41
clock_write_control,aligned,7,373,41
clock_write_control,aligned,7,374,41
clock_write_control,aligned,7,375,41
clock_write_control,aligned,7,376,41
clock_write_control,aligned,7,377,41
clock_write_control,aligned,7,378,41
clock_write_control,aligned,7,379,41
clock_write_control,aligned,7,380,41
clock_write_control,aligned,7,381,41
clock_write_control,aligned,7,382,531
clock_write_control,aligned,7,383,120
clock_write_control,aligned,7,384,41
clock_write_control,aligned,7,385,41
clock_write_control,aligned,7,386,41
clock_write_control,aligned,7,387,41
clock_write_control,aligned,7,388,41
clock_write_control,aligned,7,389,41
clock_write_control,aligned,7,390,41
clock_write_control,aligned,7,391,41
clock_write_control,aligned,7,392,41
clock_write_control,aligned,7,393,41
clock_write_control,aligned,7,394,41
clock_write_control,aligned,7,395,41
clock_write_control,aligned,7,396,41
clock_write_control,aligned,7,397,41
clock_write_control,aligned,7,398,41
clock_write_control,aligned,7,399,80
pool,aligned,7,0,41
pool,aligned,7,1,41
pool,aligned,7,2,41
pool,aligned,7,3,41
pool,aligned,7,4,41
pool,aligned,7,5,551
pool,aligned,7,6,50
pool,aligned,7,7,41
pool,aligned,7,8,41
pool,aligned,7,9,41
pool,aligned,7,10,41
pool,aligned,7,11,50
pool,aligned,7,12,60
pool,aligned,7,13,50
pool,aligned,7,14,61
pool,aligned,7,15,50
pool,aligned,7,16,51
pool,aligned,7,17,51
pool,aligned,7,18,41
pool,aligned,7,19,41
pool,aligned,7,20,100
pool,aligned,7,21,41
pool,aligned,7,22,41
pool,aligned,7,23,41
pool,aligned,7,24,41
pool,aligned,7,25,41
pool,aligned,7,26,41
pool,aligned,7,27,41
pool,aligned,7,28,41
pool,aligned,7,29,41
pool,aligned,7,30,41
pool,aligned,7,31,41
pool,aligned,7,32,41
pool,aligned,7,33,41
pool,aligned,7,34,41
pool,aligned,7,35,41
pool,aligned,7,36,41
pool,aligned,7,37,41
pool,aligned,7,38,41
pool,aligned,7,39,41
pool,aligned,7,40,41
pool,aligned,7,41,51
pool,aligned,7,42,51
pool,aligned,7,43,41
pool,aligned,7,44,41
pool,aligned,7,45,41
pool,aligned,7,46,41
pool,aligned,7,47,41
pool,aligned,7,48,41
pool,aligned,7,49,41
pool,aligned,7,50,41
pool,aligned,7,51,41
pool,aligned,7,52,41
pool,aligned,7,53,41
pool,aligned,7,54,41
pool,aligned,7,55,41
pool,aligned,7,56,41
pool,aligned,7,57,41
pool,aligned,7,58,541
pool,aligned,7,59,131
pool,aligned,7,60,41
pool,aligned,7,61,41
pool,aligned,7,62,41
pool,aligned,7,63,41
pool,aligned,7,64,41
pool,aligned,7,65,41
pool,aligned,7,66,41
pool,aligned,7,67,41
pool,aligned,7,68,41
pool,aligned,7,69,41
pool,aligned,7,70,41
pool,aligned,7,71,41
pool,aligned,7,72,230
pool,aligned,7,73,41
pool,aligned,7,74,41
pool,aligned,7,75,41
pool,aligned,7,76,41
pool,aligned,7,77,41
pool,aligned,7,78,41
pool,aligned,7,79,41
pool,aligned,7,80,41
pool,aligned,7,81,41
pool,aligned,7,82,41
pool,aligned,7,83,41
pool,aligned,7,84,41
pool,aligned,7,85,41
pool,aligned,7,86,41
pool,aligned,7,87,41
pool,aligned,7,88,41
pool,aligned,7,89,50
pool,aligned,7,90,50
pool,aligned,7,91,41
pool,aligned,7,92,41
pool,aligned,7,93,41
pool,aligned,7,94,41
pool,aligned,7,95,41
pool,aligned,7,96,41
pool,aligned,7,97,41
pool,aligned,7,98,41
pool,aligned,7,99,41
pool,aligned,7,100,41
pool,aligned,7,101,41
pool,aligned,7,102,41
pool,aligned,7,103,41
pool,aligned,7,104,41
pool,aligned,7,105,41
pool,aligned,7,106,41
pool,aligned,7,107,41
pool,aligned,7,108,41
pool,aligned,7,109,41
pool,aligned,7,110,41
pool,aligned,7,111,50
pool,aligned,7,112,50
pool,aligned,7,113,50
pool,aligned,7,114,51
pool,aligned,7,115,50
pool,aligned,7,116,41
pool,aligned,7,117,41
pool,aligned,7,118,41
pool,aligned,7,119,41
pool,aligned,7,120,41
pool,aligned,7,121,41
pool,aligned,7,122,41
pool,aligned,7,123,41
pool,aligned,7,124,41
pool,aligned,7,125,6883
pool,aligned,7,126,41
pool,aligned,7,127,41
pool,aligned,7,128,41
pool,aligned,7,129,41
pool,aligned,7,130,41
pool,aligned,7,131,41
pool,aligned,7,132,41
pool,aligned,7,133,41
pool,aligned,7,134,41
pool,aligned,7,135,41
pool,aligned,7,136,41
pool,aligned,7,137,41
pool,aligned,7,138,41
pool,aligned,7,139,41
pool,aligned,7,140,41
pool,aligned,7,141,41
pool,aligned,7,142,41
pool,aligned,7,143,41
pool,aligned,7,144,41
pool,aligned,7,145,41
pool,aligned,7,146,41
pool,aligned,7,147,41
pool,aligned,7,148,41
pool,aligned,7,149,41
pool,aligned,7,150,41
pool,aligned,7,151,41
pool,aligned,7,152,41
pool,aligned,7,153,41
pool,aligned,7,154,41
pool,aligned,7,155,41
pool,aligned,7,156,41
pool,aligned,7,157,41
pool,aligned,7,158,41
pool,aligned,7,159,41
pool,aligned,7,160,41
pool,aligned,7,161,41
pool,aligned,7,162,531
pool,aligned,7,163,41
pool,aligned,7,164,41
pool,aligned,7,165,41
pool,aligned,7,166,41
pool,aligned,7,167,41
pool,aligned,7,168,41
pool,aligned,7,169,41
pool,aligned,7,170,41
pool,aligned,7,171,41
pool,aligned,7,172,41
pool,aligned,7,173,41
pool,aligned,7,174,41
pool,aligned,7,175,41
pool,aligned,7,176,9968
pool,aligned,7,177,41
pool,aligned,7,178,41
pool,aligned,7,179,41
pool,aligned,7,180,41
pool,aligned,7,181,41
pool,aligned,7,182,41
pool,aligned,7,183,41
pool,aligned,7,184,41
pool,aligned,7,185,41
pool,aligned,7,186,41
pool,aligned,7,187,41
pool,aligned,7,188,41
pool,aligned,7,189,41
pool,aligned,7,190,41
pool,aligned,7,191,41
pool,aligned,7,192,41
pool,aligned,7,193,41
pool,aligned,7,194,41
pool,aligned,7,195,41
pool,aligned,7,196,41
pool,aligned,7,197,51
pool,aligned,7,198,50
pool,aligned,7,199,51
pool,aligned,7,200,50
pool,aligned,7,201,41
pool,aligned,7,202,41
pool,aligned,7,203,41
pool,aligned,7,204,41
pool,aligned,7,205,41
pool,aligned,7,206,41
pool,aligned,7,207,41
pool,aligned,7,208,41
pool,aligned,7,209,41
pool,aligned,7,210,41
pool,aligned,7,211,41
pool,aligned,7,212,41
pool,aligned,7,213,41
pool,aligned,7,214,41
pool,aligned,7,215,732
pool,aligned,7,216,50
pool,aligned,7,217,50
pool,aligned,7,218,50
pool,aligned,7,219,110
pool,aligned,7,220,41
pool,aligned,7,221,41
pool,aligned,7,222,41
pool,aligned,7,223,41
pool,aligned,7,224,41
pool,aligned,7,225,41
pool,aligned,7,226,41
pool,aligned,7,227,7925
pool,aligned,7,228,41
pool,aligned,7,229,41
pool,aligned,7,230,41
pool,aligned,7,231,41
pool,aligned,7,232,41
pool,aligned,7,233,41
pool,aligned,7,234,41
pool,aligned,7,235,41
pool,aligned,7,236,41
pool,aligned,7,237,41
pool,aligned,7,238,41
pool,aligned,7,239,41
pool,aligned,7,240,41
pool,aligned,7,241,41
pool,aligned,7,242,41
pool,aligned,7,243,41
pool,aligned,7,244,41
pool,aligned,7,245,41
pool,aligned,7,246,41
pool,aligned,7,247,41
pool,aligned,7,248,50
pool,aligned,7,249,51
pool,aligned,7,250,51
pool,aligned,7,251,41
pool,aligned,7,252,41
pool,aligned,7,253,41
pool,aligned,7,254,41
pool,aligned,7,255,41
pool,aligned,7,256,41
pool,aligned,7,257,41
pool,aligned,7,258,41
pool,aligned,7,259,41
pool,aligned,7,260,41
pool,aligned,7,261,41
pool,aligned,7,262,41
pool,aligned,7,263,41
pool,aligned,7,264,41
pool,aligned,7,265,41
pool,aligned,7,266,41
pool,aligned,7,267,41
pool,aligned,7,268,50
pool,aligned,7,269,50
pool,aligned,7,270,50
pool,aligned,7,271,50
pool,aligned,7,272,41
pool,aligned,7,273,41
pool,aligned,7,274,41
pool,aligned,7,275,41
pool,aligned,7,276,41
pool,aligned,7,277,41
pool,aligned,7,278,41
pool,aligned,7,279,6362
pool,aligned,7,280,41
pool,aligned,7,281,41
pool,aligned,7,282,41
pool,aligned,7,283,41
pool,aligned,7,284,41
pool,aligned,7,285,41
pool,aligned,7,286,41
pool,aligned,7,287,41
pool,aligned,7,288,41
pool,aligned,7,289,41
pool,aligned,7,290,41
pool,aligned,7,291,41
pool,aligned,7,292,41
pool,aligned,7,293,41
pool,aligned,7,294,41
pool,aligned,7,295,41
pool,aligned,7,296,41
pool,aligned,7,297,51
pool,aligned,7,298,51
pool,aligned,7,299,41
pool,aligned,7,300,41
pool,aligned,7,301,41
pool,aligned,7,302,41
pool,aligned,7,303,41
pool,aligned,7,304,41
pool,aligned,7,305,41
pool,aligned,7,306,41
pool,aligned,7,307,41
pool,aligned,7,308,41
pool,aligned,7,309,41
pool,aligned,7,310,41
pool,aligned,7,311,41
pool,aligned,7,312,41
pool,aligned,7,313,41
pool,aligned,7,314,41
pool,aligned,7,315,41
pool,aligned,7,316,41
pool,aligned,7,317,41
pool,aligned,7,318,41
pool,aligned,7,319,41
pool,aligned,7,320,41
pool,aligned,7,321,51
pool,aligned,7,322,50
pool,aligned,7,323,51
pool,aligned,7,324,100
pool,aligned,7,325,41
pool,aligned,7,326,41
pool,aligned,7,327,41
pool,aligned,7,328,41
pool,aligned,7,329,41
pool,aligned,7,330,41
pool,aligned,7,331,41
pool,aligned,7,332,6182
pool,aligned,7,333,41
pool,aligned,7,334,41
pool,aligned,7,335,41
pool,aligned,7,336,41
pool,aligned,7,337,41
pool,aligned,7,338,41
pool,aligned,7,339,41
pool,aligned,7,340,41
pool,aligned,7,341,41
pool,aligned,7,342,41
pool,aligned,7,343,41
pool,aligned,7,344,41
pool,aligned,7,345,41
pool,aligned,7,346,41
pool,aligned,7,347,41
pool,aligned,7,348,41
pool,aligned,7,349,41
pool,aligned,7,350,41
pool,aligned,7,351,41
pool,aligned,7,352,41
pool,aligned,7,353,41
pool,aligned,7,354,41
pool,aligned,7,355,41
pool,aligned,7,356,41
pool,aligned,7,357,41
pool,aligned,7,358,41
pool,aligned,7,359,41
pool,aligned,7,360,41
pool,aligned,7,361,41
pool,aligned,7,362,41
pool,aligned,7,363,41
pool,aligned,7,364,41
pool,aligned,7,365,41
pool,aligned,7,366,41
pool,aligned,7,367,50
pool,aligned,7,368,41
pool,aligned,7,369,41
pool,aligned,7,370,41
pool,aligned,7,371,41
pool,aligned,7,372,41
pool,aligned,7,373,41
pool,aligned,7,374,130
pool,aligned,7,375,41
pool,aligned,7,376,41
pool,aligned,7,377,41
pool,aligned,7,378,41
pool,aligned,7,379,41
pool,aligned,7,380,41
pool,aligned,7,381,41
pool,aligned,7,382,41
pool,aligned,7,383,41
pool,aligned,7,384,41
pool,aligned,7,385,100
pool,aligned,7,386,41
pool,aligned,7,387,41
pool,aligned,7,388,41
pool,aligned,7,389,41
pool,aligned,7,390,41
pool,aligned,7,391,41
pool,aligned,7,392,41
pool,aligned,7,393,41
pool,aligned,7,394,41
pool,aligned,7,395,41
pool,aligned,7,396,41
pool,aligned,7,397,41
pool,aligned,7,398,41
pool,aligned,7,399,41
stack,aligned,7,0,110
stack,aligned,7,1,41
stack,aligned,7,2,41
stack,aligned,7,3,41
stack,aligned,7,4,41
stack,aligned,7,5,41
stack,aligned,7,6,41
stack,aligned,7,7,41
stack,aligned,7,8,41
stack,aligned,7,9,41
stack,aligned,7,10,41
stack,aligned,7,11,41
stack,aligned,7,12,41
stack,aligned,7,13,41
stack,aligned,7,14,41
stack,aligned,7,15,41
stack,aligned,7,16,41
stack,aligned,7,17,41
stack,aligned,7,18,50
stack,aligned,7,19,50
stack,aligned,7,20,51
stack,aligned,7,21,41
stack,aligned,7,22,41
stack,aligned,7,23,41
stack,aligned,7,24,41
stack,aligned,7,25,41
stack,aligned,7,26,41
stack,aligned,7,27,41
stack,aligned,7,28,41
stack,aligned,7,29,41
stack,aligned,7,30,41
stack,aligned,7,31,41
stack,aligned,7,32,41
stack,aligned,7,33,41
stack,aligned,7,34,41
stack,aligned,7,35,41
stack,aligned,7,36,41
stack,aligned,7,37,41
stack,aligned,7,38,41
stack,aligned,7,39,41
stack,aligned,7,40,41
stack,aligned,7,41,41
stack,aligned,7,42,41
stack,aligned,7,43,41
stack,aligned,7,44,41
stack,aligned,7,45,551
stack,aligned,7,46,51
stack,aligned,7,47,50
stack,aligned,7,48,51
stack,aligned,7,49,601
stack,aligned,7,50,71
stack,aligned,7,51,50
stack,aligned,7,52,41
stack,aligned,7,53,100
stack,aligned,7,54,41
stack,aligned,7,55,41
stack,aligned,7,56,41
stack,aligned,7,57,41
stack,aligned,7,58,41
stack,aligned,7,59,41
stack,aligned,7,60,41
stack,aligned,7,61,41
stack,aligned,7,62,41
stack,aligned,7,63,41
stack,aligned,7,64,41
stack,aligned,7,65,41
stack,aligned,7,66,41
stack,aligned,7,67,41
stack,aligned,7,68,41
stack,aligned,7,69,41
stack,aligned,7,70,51
stack,aligned,7,71,51
stack,aligned,7,72,531
stack,aligned,7,73,51
stack,aligned,7,74,50
stack,aligned,7,75,120
stack,aligned,7,76,41
stack,aligned,7,77,41
stack,aligned,7,78,41
stack,aligned,7,79,41
stack,aligned,7,80,41
stack,aligned,7,81,41
stack,aligned,7,82,41
stack,aligned,7,83,41
stack,aligned,7,84,41
stack,aligned,7,85,41
stack,aligned,7,86,41
stack,aligned,7,87,41
stack,aligned,7,88,41
stack,aligned,7,89,41
stack,aligned,7,90,41
stack,aligned,7,91,41
stack,aligned,7,92,41
stack,aligned,7,93,41
stack,aligned,7,94,41
stack,aligned,7,95,41
stack,aligned,7,96,41
stack,aligned,7,97,60
stack,aligned,7,98,121
stack,aligned,7,99,41
stack,aligned,7,100,41
stack,aligned,7,101,41
stack,aligned,7,102,41
stack,aligned,7,103,231
stack,aligned,7,104,41
stack,aligned,7,105,41
stack,aligned,7,106,41
stack,aligned,7,107,41
stack,aligned,7,108,41
stack,aligned,7,109,41
stack,aligned,7,110,41
stack,aligned,7,111,41
stack,aligned,7,112,41
stack,aligned,7,113,41
stack,aligned,7,114,41
stack,aligned,7,115,41
stack,aligned,7,116,41
stack,aligned,7,117,41
stack,aligned,7,118,41
stack,aligned,7,119,41
stack,aligned,7,120,41
stack,aligned,7,121,41
stack,aligned,7,122,41
stack,aligned,7,123,41
stack,aligned,7,124,41
stack,aligned,7,125,51
stack,aligned,7,126,50
stack,aligned,7,127,51
stack,aligned,7,128,51
stack,aligned,7,129,41
stack,aligned,7,130,41
stack,aligned,7,131,41
stack,aligned,7,132,41
stack,aligned,7,133,41
stack,aligned,7,134,60
stack,aligned,7,135,120
stack,aligned,7,136,110
stack,aligned,7,137,41
stack,aligned,7,138,41
stack,aligned,7,139,41
stack,aligned,7,140,41
stack,aligned,7,141,41
stack,aligned,7,142,41
stack,aligned,7,143,41
stack,aligned,7,144,41
stack,aligned,7,145,41
stack,aligned,7,146,41
stack,aligned,7,147,561
stack,aligned,7,148,51
stack,aligned,7,149,41
stack,aligned,7,150,41
stack,aligned,7,151,41
stack,aligned,7,152,41
stack,aligned,7,153,41
stack,aligned,7,154,41
stack,aligned,7,155,90
stack,aligned,7,156,41
stack,aligned,7,157,41
stack,aligned,7,158,41
stack,aligned,7,159,41
stack,aligned,7,160,41
stack,aligned,7,161,41
stack,aligned,7,162,41
stack,aligned,7,163,41
stack,aligned,7,164,41
stack,aligned,7,165,41
stack,aligned,7,166,41
stack,aligned,7,167,41
stack,aligned,7,168,41
stack,aligned,7,169,41
stack,aligned,7,170,41
stack,aligned,7,171,41
stack,aligned,7,172,41
stack,aligned,7,173,41
stack,aligned,7,174,41
stack,aligned,7,175,41
stack,aligned,7,176,41
stack,aligned,7,177,41
stack,aligned,7,178,41
stack,aligned,7,179,41
stack,aligned,7,180,41
stack,aligned,7,181,41
stack,aligned,7,182,41
stack,aligned,7,183,41
stack,aligned,7,184,41
stack,aligned,7,185,41
stack,aligned,7,186,41
stack,aligned,7,187,41
stack,aligned,7,188,41
stack,aligned,7,189,41
stack,aligned,7,190,41
stack,aligned,7,191,41
stack,aligned,7,192,41
stack,aligned,7,193,42
stack,aligned,7,194,41
stack,aligned,7,195,41
stack,aligned,7,196,41
stack,aligned,7,197,41
stack,aligned,7,198,41
stack,aligned,7,199,41
stack,aligned,7,200,551
stack,aligned,7,201,111
stack,aligned,7,202,51
stack,aligned,7,203,51
stack,aligned,7,204,50
stack,aligned,7,205,41
stack,aligned,7,206,41
stack,aligned,7,207,80
stack,aligned,7,208,41
stack,aligned,7,209,41
stack,aligned,7,210,41
stack,aligned,7,211,41
stack,aligned,7,212,41
stack,aligned,7,213,41
stack,aligned,7,214,41
stack,aligned,7,215,41
stack,aligned,7,216,41
stack,aligned,7,217,41
stack,aligned,7,218,41
stack,aligned,7,219,41
stack,aligned,7,220,41
stack,aligned,7,221,41
stack,aligned,7,222,41
stack,aligned,7,223,41
stack,aligned,7,224,51
stack,aligned,7,225,50
stack,aligned,7,226,50
stack,aligned,7,227,41
stack,aligned,7,228,41
stack,aligned,7,229,41
stack,aligned,7,230,41
stack,aligned,7,231,41
stack,aligned,7,232,41
stack,aligned,7,233,41
stack,aligned,7,234,41
stack,aligned,7,235,41
stack,aligned,7,236,41
stack,aligned,7,237,41
stack,aligned,7,238,41
stack,aligned,7,239,41
stack,aligned,7,240,41
stack,aligned,7,241,41
stack,aligned,7,242,41
stack,aligned,7,243,41
stack,aligned,7,244,41
stack,aligned,7,245,41
stack,aligned,7,246,41
stack,aligned,7,247,41
stack,aligned,7,248,41
stack,aligned,7,249,41
stack,aligned,7,250,41
stack,aligned,7,251,41
stack,aligned,7,252,41
stack,aligned,7,253,110
stack,aligned,7,254,41
stack,aligned,7,255,41
stack,aligned,7,256,41
stack,aligned,7,257,41
stack,aligned,7,258,41
stack,aligned,7,259,90
stack,aligned,7,260,41
stack,aligned,7,261,41
stack,aligned,7,262,41
stack,aligned,7,263,41
stack,aligned,7,264,41
stack,aligned,7,265,41
stack,aligned,7,266,41
stack,aligned,7,267,41
stack,aligned,7,268,41
stack,aligned,7,269,41
stack,aligned,7,270,41
stack,aligned,7,271,41
stack,aligned,7,272,41
stack,aligned,7,273,41
stack,aligned,7,274,41
stack,aligned,7,275,41
stack,aligned,7,276,41
stack,aligned,7,277,51
stack,aligned,7,278,51
stack,aligned,7,279,41
stack,aligned,7,280,41
stack,aligned,7,281,41
stack,aligned,7,282,41
stack,aligned,7,283,41
stack,aligned,7,284,41
stack,aligned,7,285,41
stack,aligned,7,286,41
stack,aligned,7,287,41
stack,aligned,7,288,41
stack,aligned,7,289,41
stack,aligned,7,290,41
stack,aligned,7,291,41
stack,aligned,7,292,41
stack,aligned,7,293,41
stack,aligned,7,294,41
stack,aligned,7,295,41
stack,aligned,7,296,41
stack,aligned,7,297,41
stack,aligned,7,298,41
stack,aligned,7,299,41
stack,aligned,7,300,41
stack,aligned,7,301,41
stack,aligned,7,302,41
stack,aligned,7,303,41
stack,aligned,7,304,41
stack,aligned,7,305,41
stack,aligned,7,306,531
stack,aligned,7,307,41
stack,aligned,7,308,41
stack,aligned,7,309,41
stack,aligned,7,310,41
stack,aligned,7,311,41
stack,aligned,7,312,71
stack,aligned,7,313,41
stack,aligned,7,314,41
stack,aligned,7,315,41
stack,aligned,7,316,41
stack,aligned,7,317,41
stack,aligned,7,318,41
stack,aligned,7,319,41
stack,aligned,7,320,41
stack,aligned,7,321,41
stack,aligned,7,322,41
stack,aligned,7,323,41
stack,aligned,7,324,41
stack,aligned,7,325,41
stack,aligned,7,326,41
stack,aligned,7,327,41
stack,aligned,7,328,41
stack,aligned,7,329,41
stack,aligned,7,330,41
stack,aligned,7,331,41
stack,aligned,7,332,41
stack,aligned,7,333,41
stack,aligned,7,334,51
stack,aligned,7,335,51
stack,aligned,7,336,51
stack,aligned,7,337,51
stack,aligned,7,338,41
stack,aligned,7,339,41
stack,aligned,7,340,41
stack,aligned,7,341,41
stack,aligned,7,342,41
stack,aligned,7,343,41
stack,aligned,7,344,41
stack,aligned,7,345,41
stack,aligned,7,346,41
stack,aligned,7,347,41
stack,aligned,7,348,41
stack,aligned,7,349,41
stack,aligned,7,350,41
stack,aligned,7,351,41
stack,aligned,7,352,41
stack,aligned,7,353,41
stack,aligned,7,354,41
stack,aligned,7,355,41
stack,aligned,7,356,41
stack,aligned,7,357,41
stack,aligned,7,358,551
stack,aligned,7,359,50
stack,aligned,7,360,41
stack,aligned,7,361,41
stack,aligned,7,362,41
stack,aligned,7,363,41
stack,aligned,7,364,41
stack,aligned,7,365,41
stack,aligned,7,366,41
stack,aligned,7,367,41
stack,aligned,7,368,41
stack,aligned,7,369,41
stack,aligned,7,370,41
stack,aligned,7,371,41
stack,aligned,7,372,41
stack,aligned,7,373,41
stack,aligned,7,374,41
stack,aligned,7,375,41
stack,aligned,7,376,41
stack,aligned,7,377,41
stack,aligned,7,378,41
stack,aligned,7,379,41
stack,aligned,7,380,41
stack,aligned,7,381,41
stack,aligned,7,382,41
stack,aligned,7,383,41
stack,aligned,7,384,41
stack,aligned,7,385,41
stack,aligned,7,386,51
stack,aligned,7,387,51
stack,aligned,7,388,41
stack,aligned,7,389,41
stack,aligned,7,390,41
stack,aligned,7,391,41
stack,aligned,7,392,41
stack,aligned,7,393,41
stack,aligned,7,394,41
stack,aligned,7,395,41
stack,aligned,7,396,41
stack,aligned,7,397,41
stack,aligned,7,398,41
stack,aligned,7,399,41
arena,odd,7,0,41
arena,odd,7,1,41
arena,odd,7,2,41
arena,odd,7,3,41
arena,odd,7,4,41
arena,odd,7,5,41
arena,odd,7,6,41
arena,odd,7,7,41
arena,odd,7,8,41
arena,odd,7,9,41
arena,odd,7,10,41
arena,odd,7,11,41
arena,odd,7,12,41
arena,odd,7,13,41
arena,odd,7,14,41
arena,odd,7,15,41
arena,odd,7,16,41
arena,odd,7,17,41
arena,odd,7,18,41
arena,odd,7,19,41
arena,odd,7,20,41
arena,odd,7,21,41
arena,odd,7,22,41
arena,odd,7,23,41
arena,odd,7,24,41
arena,odd,7,25,41
arena,odd,7,26,41
arena,odd,7,27,41
arena,odd,7,28,41
arena,odd,7,29,41
arena,odd,7,30,41
arena,odd,7,31,41
arena,odd,7,32,41
arena,odd,7,33,41
arena,odd,7,34,41
arena,odd,7,35,41
arena,odd,7,36,41
arena,odd,7,37,41
arena,odd,7,38,41
arena,odd,7,39,41
arena,odd,7,40,41
arena,odd,7,41,50
arena,odd,7,42,50
arena,odd,7,43,50
arena,odd,7,44,41
arena,odd,7,45,8776
arena,odd,7,46,41
arena,odd,7,47,41
arena,odd,7,48,41
arena,odd,7,49,41
arena,odd,7,50,41
arena,odd,7,51,41
arena,odd,7,52,41
arena,odd,7,53,41
arena,odd,7,54,41
arena,odd,7,55,41
arena,odd,7,56,41
arena,odd,7,57,41
arena,odd,7,58,41
arena,odd,7,59,41
arena,odd,7,60,41
arena,odd,7,61,41
arena,odd,7,62,41
arena,odd,7,63,41
arena,odd,7,64,41
arena,odd,7,65,41
arena,odd,7,66,41
arena,odd,7,67,41
arena,odd,7,68,50
arena,odd,7,69,50
arena,odd,7,70,51
arena,odd,7,71,50
arena,odd,7,72,41
arena,odd,7,73,41
arena,odd,7,74,41
arena,odd,7,75,41
arena,odd,7,76,41
arena,odd,7,77,41
arena,odd,7,78,41
arena,odd,7,79,41
arena,odd,7,80,41
arena,odd,7,81,41
arena,odd,7,82,41
arena,odd,7,83,41
arena,odd,7,84,41
arena,odd,7,85,41
arena,odd,7,86,41
arena,odd,7,87,41
arena,odd,7,88,41
arena,odd,7,89,41
arena,odd,7,90,41
arena,odd,7,91,41
arena,odd,7,92,41
arena,odd,7,93,531
arena,odd,7,94,50
arena,odd,7,95,50
arena,odd,7,96,8416
arena,odd,7,97,50
arena,odd,7,98,50
arena,odd,7,99,130
arena,odd,7,100,90
arena,odd,7,101,120
arena,odd,7,102,41
arena,odd,7,103,41
arena,odd,7,104,41
arena,odd,7,105,41
arena,odd,7,106,41
arena,odd,7,107,41
arena,odd,7,108,41
arena,odd,7,109,41
arena,odd,7,110,41
arena,odd,7,111,41
arena,odd,7,112,41
arena,odd,7,113,41
arena,odd,7,114,41
arena,odd,7,115,41
arena,odd,7,116,41
arena,odd,7,117,41
arena,odd,7,118,41
arena,odd,7,119,51
arena,odd,7,120,51
arena,odd,7,121,50
arena,odd,7,122,41
arena,odd,7,123,41
arena,odd,7,124,41
arena,odd,7,125,41
arena,odd,7,126,41
arena,odd,7,127,41
arena,odd,7,128,41
arena,odd,7,129,41
arena,odd,7,130,41
arena,odd,7,131,41
arena,odd,7,132,41
arena,odd,7,133,41
arena,odd,7,134,41
arena,odd,7,135,41
arena,odd,7,136,41
arena,odd,7,137,41
arena,odd,7,138,41
arena,odd,7,139,41
arena,odd,7,140,41
arena,odd,7,141,41
arena,odd,7,142,41
arena,odd,7,143,41
arena,odd,7,144,41
arena,odd,7,145,41
arena,odd,7,146,41
arena,odd,7,147,71
arena,odd,7,148,130
arena,odd,7,149,8206
arena,odd,7,150,41
arena,odd,7,151,41
arena,odd,7,152,41
arena,odd,7,153,41
arena,odd,7,154,41
arena,odd,7,155,41
arena,odd,7,156,41
arena,odd,7,157,41
arena,odd,7,158,41
arena,odd,7,159,41
arena,odd,7,160,41
arena,odd,7,161,41
arena,odd,7,162,41
arena,odd,7,163,41
arena,odd,7,164,41
arena,odd,7,165,41
arena,odd,7,166,41
arena,odd,7,167,41
arena,odd,7,168,50
arena,odd,7,169,50
arena,odd,7,170,51
arena,odd,7,171,41
arena,odd,7,172,41
arena,odd,7,173,41
arena,odd,7,174,41
arena,odd,7,175,41
arena,odd,7,176,41
arena,odd,7,177,41
arena,odd,7,178,41
arena,odd,7,179,41
arena,odd,7,180,41
arena,odd,7,181,41
arena,odd,7,182,41
arena,odd,7,183,41
arena,odd,7,184,41
arena,odd,7,185,41
arena,odd,7,186,41
arena,odd,7,187,41
arena,odd,7,188,41
arena,odd,7,189,41
arena,odd,7,190,41
arena,odd,7,191,41
arena,odd,7,192,41
arena,odd,7,193,41
arena,odd,7,194,41
arena,odd,7,195,41
arena,odd,7,196,41
arena,odd,7,197,41
arena,odd,7,198,41
arena,odd,7,199,41
arena,odd,7,200,41
arena,odd,7,201,41
arena,odd,7,202,50
arena,odd,7,203,8906
arena,odd,7,204,50
arena,odd,7,205,50
arena,odd,7,206,41
arena,odd,7,207,41
arena,odd,7,208,41
arena,odd,7,209,41
arena,odd,7,210,41
arena,odd,7,211,41
arena,odd,7,212,41
arena,odd,7,213,41
arena,odd,7,214,41
arena,odd,7,215,41
arena,odd,7,216,41
arena,odd,7,217,41
arena,odd,7,218,41
arena,odd,7,219,41
arena,odd,7,220,41
arena,odd,7,221,41
arena,odd,7,222,51
arena,odd,7,223,51
arena,odd,7,224,41
arena,odd,7,225,41
arena,odd,7,226,41
arena,odd,7,227,41
arena,odd,7,228,41
arena,odd,7,229,41
arena,odd,7,230,41
arena,odd,7,231,41
arena,odd,7,232,41
arena,odd,7,233,41
arena,odd,7,234,41
arena,odd,7,235,41
arena,odd,7,236,41
arena,odd,7,237,41
arena,odd,7,238,41
arena,odd,7,239,41
arena,odd,7,240,41
arena,odd,7,241,41
arena,odd,7,242,41
arena,odd,7,243,41
arena,odd,7,244,41
arena,odd,7,245,41
arena,odd,7,246,41
arena,odd,7,247,41
arena,odd,7,248,41
arena,odd,7,249,41
arena,odd,7,250,41
arena,odd,7,251,41
arena,odd,7,252,41
arena,odd,7,253,41
arena,odd,7,254,41
arena,odd,7,255,551
arena,odd,7,256,110
arena,odd,7,257,41
arena,odd,7,258,41
arena,odd,7,259,41
arena,odd,7,260,41
arena,odd,7,261,41
arena,odd,7,262,41
arena,odd,7,263,41
arena,odd,7,264,41
arena,odd,7,265,41
arena,odd,7,266,41
arena,odd,7,267,41
arena,odd,7,268,41
arena,odd,7,269,41
arena,odd,7,270,41
arena,odd,7,271,41
arena,odd,7,272,41
arena,odd,7,273,41
arena,odd,7,274,41
arena,odd,7,275,41
arena,odd,7,276,41
arena,odd,7,277,41
arena,odd,7,278,41
arena,odd,7,279,41
arena,odd,7,280,41
arena,odd,7,281,51
arena,odd,7,282,51
arena,odd,7,283,51
arena,odd,7,284,41
arena,odd,7,285,41
arena,odd,7,286,41
arena,odd,7,287,41
arena,odd,7,288,41
arena,odd,7,289,41
arena,odd,7,290,41
arena,odd,7,291,41
arena,odd,7,292,41
arena,odd,7,293,41
arena,odd,7,294,41
arena,odd,7,295,41
arena,odd,7,296,41
arena,odd,7,297,41
arena,odd,7,298,41
arena,odd,7,299,41
arena,odd,7,300,41
arena,odd,7,301,41
arena,odd,7,302,41
arena,odd,7,303,41
arena,odd,7,304,41
arena,odd,7,305,41
arena,odd,7,306,41
arena,odd,7,307,41
arena,odd,7,308,41
arena,odd,7,309,531
arena,odd,7,310,8015
arena,odd,7,311,50
arena,odd,7,312,50
arena,odd,7,313,121
arena,odd,7,314,41
arena,odd,7,315,41
arena,odd,7,316,41
arena,odd,7,317,41
arena,odd,7,318,41
arena,odd,7,319,41
arena,odd,7,320,41
arena,odd,7,321,41
arena,odd,7,322,41
arena,odd,7,323,41
arena,odd,7,324,41
arena,odd,7,325,41
arena,odd,7,326,41
arena,odd,7,327,41
arena,odd,7,328,41
arena,odd,7,329,41
arena,odd,7,330,41
arena,odd,7,331,41
arena,odd,7,332,41
arena,odd,7,333,41
arena,odd,7,334,41
arena,odd,7,335,41
arena,odd,7,336,41
arena,odd,7,337,41
arena,odd,7,338,41
arena,odd,7,339,41
arena,odd,7,340,41
arena,odd,7,341,41
arena,odd,7,342,41
arena,odd,7,343,41
arena,odd,7,344,41
arena,odd,7,345,41
arena,odd,7,346,41
arena,odd,7,347,41
arena,odd,7,348,41
arena,odd,7,349,41
arena,odd,7,350,41
arena,odd,7,351,41
arena,odd,7,352,41
arena,odd,7,353,41
arena,odd,7,354,41
arena,odd,7,355,41
arena,odd,7,356,41
arena,odd,7,357,41
arena,odd,7,358,41
arena,odd,7,359,41
arena,odd,7,360,41
arena,odd,7,361,41
arena,odd,7,362,41
arena,odd,7,363,561
arena,odd,7,364,7734
arena,odd,7,365,41
arena,odd,7,366,41
arena,odd,7,367,41
arena,odd,7,368,41
arena,odd,7,369,41
arena,odd,7,370,41
arena,odd,7,371,41
arena,odd,7,372,41
arena,odd,7,373,41
arena,odd,7,374,41
arena,odd,7,375,41
arena,odd,7,376,41
arena,odd,7,377,41
arena,odd,7,378,41
arena,odd,7,379,41
arena,odd,7,380,41
arena,odd,7,381,41
arena,odd,7,382,41
arena,odd,7,383,50
arena,odd,7,384,51
arena,odd,7,385,50
arena,odd,7,386,41
arena,odd,7,387,41
arena,odd,7,388,41
arena,odd,7,389,41
arena,odd,7,390,41
arena,odd,7,391,41
arena,odd,7,392,41
arena,odd,7,393,41
arena,odd,7,394,41
arena,odd,7,395,41
arena,odd,7,396,41
arena,odd,7,397,41
arena,odd,7,398,41
arena,odd,7,399,41
malloc,odd,7,0,151
malloc,odd,7,1,80
malloc,odd,7,2,70
malloc,odd,7,3,60
malloc,odd,7,4,120
malloc,odd,7,5,281
malloc,odd,7,6,110
malloc,odd,7,7,70
malloc,odd,7,8,70
malloc,odd,7,9,70
malloc,odd,7,10,61
malloc,odd,7,11,61
malloc,odd,7,12,90
malloc,odd,7,13,120
malloc,odd,7,14,70
malloc,odd,7,15,60
malloc,odd,7,16,541
malloc,odd,7,17,70
malloc,odd,7,18,61
malloc,odd,7,19,61
malloc,odd,7,20,60
malloc,odd,7,21,200
malloc,odd,7,22,391
malloc,odd,7,23,70
malloc,odd,7,24,61
malloc,odd,7,25,551
malloc,odd,7,26,61
malloc,odd,7,27,70
malloc,odd,7,28,201
malloc,odd,7,29,511
malloc,odd,7,30,131
malloc,odd,7,31,70
malloc,odd,7,32,71
malloc,odd,7,33,61
malloc,odd,7,34,61
malloc,odd,7,35,61
malloc,odd,7,36,61
malloc,odd,7,37,61
malloc,odd,7,38,61
malloc,odd,7,39,61
malloc,odd,7,40,61
malloc,odd,7,41,60
malloc,odd,7,42,61
malloc,odd,7,43,61
malloc,odd,7,44,61
malloc,odd,7,45,61
malloc,odd,7,46,60
malloc,odd,7,47,61
malloc,odd,7,48,60
malloc,odd,7,49,60
malloc,odd,7,50,61
malloc,odd,7,51,60
malloc,odd,7,52,70
malloc,odd,7,53,61
malloc,odd,7,54,61
malloc,odd,7,55,71
malloc,odd,7,56,61
malloc,odd,7,57,61
malloc,odd,7,58,60
malloc,odd,7,59,61
malloc,odd,7,60,71
malloc,odd,7,61,61
malloc,odd,7,62,60
malloc,odd,7,63,70
malloc,odd,7,64,61
malloc,odd,7,65,541
malloc,odd,7,66,70
malloc,odd,7,67,60
malloc,odd,7,68,61
malloc,odd,7,69,61
malloc,odd,7,70,61
malloc,odd,7,71,61
malloc,odd,7,72,61
malloc,odd,7,73,61
malloc,odd,7,74,61
malloc,odd,7,75,7875
malloc,odd,7,76,100
malloc,odd,7,77,130
malloc,odd,7,78,70
malloc,odd,7,79,61
malloc,odd,7,80,60
malloc,odd,7,81,70
malloc,odd,7,82,61
malloc,odd,7,83,61
malloc,odd,7,84,61
malloc,odd,7,85,61
malloc,odd,7,86,60
malloc,odd,7,87,70
malloc,odd,7,88,61
malloc,odd,7,89,61
malloc,odd,7,90,61
malloc,odd,7,91,60
malloc,odd,7,92,70
malloc,odd,7,93,71
malloc,odd,7,94,61
malloc,odd,7,95,61
malloc,odd,7,96,60
malloc,odd,7,97,70
malloc,odd,7,98,60
malloc,odd,7,99,61
malloc,odd,7,100,60
malloc,odd,7,101,60
malloc,odd,7,102,70
malloc,odd,7,103,60
malloc,odd,7,104,61
malloc,odd,7,105,61
malloc,odd,7,106,70
malloc,odd,7,107,61
malloc,odd,7,108,60
malloc,odd,7,109,61
malloc,odd,7,110,60
malloc,odd,7,111,60
malloc,odd,7,112,21481
malloc,odd,7,113,70
malloc,odd,7,114,6673
malloc,odd,7,115,70
malloc,odd,7,116,70
malloc,odd,7,117,61
malloc,odd,7,118,60
malloc,odd,7,119,70
malloc,odd,7,120,60
malloc,odd,7,121,131
malloc,odd,7,122,80
malloc,odd,7,123,150
malloc,odd,7,124,90
malloc,odd,7,125,190
malloc,odd,7,126,81
malloc,odd,7,127,90
malloc,odd,7,128,111
malloc,odd,7,129,100
malloc,odd,7,130,70
malloc,odd,7,131,60
malloc,odd,7,132,61
malloc,odd,7,133,60
malloc,odd,7,134,70
malloc,odd,7,135,70
malloc,odd,7,136,61
malloc,odd,7,137,61
malloc,odd,7,138,61
malloc,odd,7,139,61
malloc,odd,7,140,70
malloc,odd,7,141,61
malloc,odd,7,142,60
malloc,odd,7,143,61
malloc,odd,7,144,61
malloc,odd,7,145,61
malloc,odd,7,146,60
malloc,odd,7,147,60
malloc,odd,7,148,61
malloc,odd,7,149,70
malloc,odd,7,150,61
malloc,odd,7,151,60
malloc,odd,7,152,61
malloc,odd,7,153,71
malloc,odd,7,154,61
malloc,odd,7,155,61
malloc,odd,7,156,61
malloc,odd,7,157,60
malloc,odd,7,158,61
malloc,odd,7,159,70
malloc,odd,7,160,61
malloc,odd,7,161,61
malloc,odd,7,162,60
malloc,odd,7,163,60
malloc,odd,7,164,8636
malloc,odd,7,165,60
malloc,odd,7,166,61
malloc,odd,7,167,131
malloc,odd,7,168,61
malloc,odd,7,169,60
malloc,odd,7,170,61
malloc,odd,7,171,61
malloc,odd,7,172,60
malloc,odd,7,173,60
malloc,odd,7,174,61
malloc,odd,7,175,61
malloc,odd,7,176,61
malloc,odd,7,177,60
malloc,odd,7,178,61
malloc,odd,7,179,61
malloc,odd,7,180,60
malloc,odd,7,181,61
malloc,odd,7,182,60
malloc,odd,7,183,61
malloc,odd,7,184,61
malloc,odd,7,185,71
malloc,odd,7,186,81
malloc,odd,7,187,71
malloc,odd,7,188,70
malloc,odd,7,189,60
malloc,odd,7,190,60
malloc,odd,7,191,61
malloc,odd,7,192,61
malloc,odd,7,193,61
malloc,odd,7,194,61
malloc,odd,7,195,61
malloc,odd,7,196,61
malloc,odd,7,197,60
malloc,odd,7,198,61
malloc,odd,7,199,60
malloc,odd,7,200,60
malloc,odd,7,201,61
malloc,odd,7,202,61
malloc,odd,7,203,60
malloc,odd,7,204,70
malloc,odd,7,205,61
malloc,odd,7,206,60
malloc,odd,7,207,60
malloc,odd,7,208,61
malloc,odd,7,209,70
malloc,odd,7,210,70
malloc,odd,7,211,71
malloc,odd,7,212,60
malloc,odd,7,213,61
malloc,odd,7,214,541
malloc,odd,7,215,70
malloc,odd,7,216,70
malloc,odd,7,217,70
malloc,odd,7,218,61
malloc,odd,7,219,60
malloc,odd,7,220,60
malloc,odd,7,221,61
malloc,odd,7,222,70
malloc,odd,7,223,60
malloc,odd,7,224,61
malloc,odd,7,225,60
malloc,odd,7,226,60
malloc,odd,7,227,60
malloc,odd,7,228,60
malloc,odd,7,229,61
malloc,odd,7,230,61
malloc,odd,7,231,60
malloc,odd,7,232,60
malloc,odd,7,233,60
malloc,odd,7,234,61
malloc,odd,7,235,61
malloc,odd,7,236,60
malloc,odd,7,237,60
malloc,odd,7,238,60
malloc,odd,7,239,61
malloc,odd,7,240,61
malloc,odd,7,241,70
malloc,odd,7,242,61
malloc,odd,7,243,61
malloc,odd,7,244,61
malloc,odd,7,245,61
malloc,odd,7,246,61
malloc,odd,7,247,61
malloc,odd,7,248,61
malloc,odd,7,249,60
malloc,odd,7,250,60
malloc,odd,7,251,61
malloc,odd,7,252,61
malloc,odd,7,253,61
malloc,odd,7,254,61
malloc,odd,7,255,61
malloc,odd,7,256,60
malloc,odd,7,257,90
malloc,odd,7,258,61
malloc,odd,7,259,60
malloc,odd,7,260,60
malloc,odd,7,261,541
malloc,odd,7,262,91
malloc,odd,7,263,91
malloc,odd,7,264,80
malloc,odd,7,265,61
malloc,odd,7,266,60
malloc,odd,7,267,60
malloc,odd,7,268,61
malloc,odd,7,269,71
malloc,odd,7,270,61
malloc,odd,7,271,60
malloc,odd,7,272,61
malloc,odd,7,273,60
malloc,odd,7,274,80
malloc,odd,7,275,70
malloc,odd,7,276,80
malloc,odd,7,277,61
malloc,odd,7,278,60
malloc,odd,7,279,61
malloc,odd,7,280,70
malloc,odd,7,281,60
malloc,odd,7,282,61
malloc,odd,7,283,61
malloc,odd,7,284,61
malloc,odd,7,285,61
malloc,odd,7,286,60
malloc,odd,7,287,61
malloc,odd,7,288,60
malloc,odd,7,289,70
malloc,odd,7,290,60
malloc,odd,7,291,61
malloc,odd,7,292,60
malloc,odd,7,293,61
malloc,odd,7,294,70
malloc,odd,7,295,60
malloc,odd,7,296,61
malloc,odd,7,297,70
malloc,odd,7,298,60
malloc,odd,7,299,60
malloc,odd,7,300,70
malloc,odd,7,301,61
malloc,odd,7,302,61
malloc,odd,7,303,61
malloc,odd,7,304,6953
malloc,odd,7,305,71
malloc,odd,7,306,60
malloc,odd,7,307,61
malloc,odd,7,308,541
malloc,odd,7,309,70
malloc,odd,7,310,61
malloc,odd,7,311,61
malloc,odd,7,312,61
malloc,odd,7,313,61
malloc,odd,7,314,61
malloc,odd,7,315,61
malloc,odd,7,316,61
malloc,odd,7,317,61
malloc,odd,7,318,60
malloc,odd,7,319,61
malloc,odd,7,320,61
malloc,odd,7,321,60
malloc,odd,7,322,61
malloc,odd,7,323,70
malloc,odd,7,324,61
malloc,odd,7,325,60
malloc,odd,7,326,70
malloc,odd,7,327,61
malloc,odd,7,328,61
malloc,odd,7,329,61
malloc,odd,7,330,61
malloc,odd,7,331,60
malloc,odd,7,332,70
malloc,odd,7,333,70
malloc,odd,7,334,61
malloc,odd,7,335,71
malloc,odd,7,336,61
malloc,odd,7,337,61
malloc,odd,7,338,60
malloc,odd,7,339,60
malloc,odd,7,340,60
malloc,odd,7,341,70
malloc,odd,7,342,61
malloc,odd,7,343,61
malloc,odd,7,344,61
malloc,odd,7,345,60
malloc,odd,7,346,71
malloc,odd,7,347,61
malloc,odd,7,348,61
malloc,odd,7,349,61
malloc,odd,7,350,60
malloc,odd,7,351,6562
malloc,odd,7,352,60
malloc,odd,7,353,61
malloc,odd,7,354,60
malloc,odd,7,355,551
malloc,odd,7,356,110
malloc,odd,7,357,90
malloc,odd,7,358,81
malloc,odd,7,359,221
malloc,odd,7,360,60
malloc,odd,7,361,61
malloc,odd,7,362,61
malloc,odd,7,363,70
malloc,odd,7,364,61
malloc,odd,7,365,61
malloc,odd,7,366,71
malloc,odd,7,367,70
malloc,odd,7,368,61
malloc,odd,7,369,61
malloc,odd,7,370,60
malloc,odd,7,371,60
malloc,odd,7,372,80
malloc,odd,7,373,80
malloc,odd,7,374,80
malloc,odd,7,375,60
malloc,odd,7,376,60
malloc,odd,7,377,61
malloc,odd,7,378,70
malloc,odd,7,379,60
malloc,odd,7,380,61
malloc,odd,7,381,61
malloc,odd,7,382,60
malloc,odd,7,383,61
malloc,odd,7,384,60
malloc,odd,7,385,60
malloc,odd,7,386,60
malloc,odd,7,387,60
malloc,odd,7,388,61
malloc,odd,7,389,60
malloc,odd,7,390,60
malloc,odd,7,391,60
malloc,odd,7,392,61
malloc,odd,7,393,70
malloc,odd,7,394,61
malloc,odd,7,395,61
malloc,odd,7,396,61
malloc,odd,7,397,8476
malloc,odd,7,398,70
malloc,odd,7,399,70
clock_write_control,odd,7,0,41
clock_write_control,odd,7,1,41
clock_write_control,odd,7,2,41
clock_write_control,odd,7,3,41
clock_write_control,odd,7,4,41
clock_write_control,odd,7,5,41
clock_write_control,odd,7,6,41
clock_write_control,odd,7,7,41
clock_write_control,odd,7,8,41
clock_write_control,odd,7,9,41
clock_write_control,odd,7,10,80
clock_write_control,odd,7,11,41
clock_write_control,odd,7,12,41
clock_write_control,odd,7,13,41
clock_write_control,odd,7,14,41
clock_write_control,odd,7,15,41
clock_write_control,odd,7,16,41
clock_write_control,odd,7,17,50
clock_write_control,odd,7,18,50
clock_write_control,odd,7,19,41
clock_write_control,odd,7,20,50
clock_write_control,odd,7,21,110
clock_write_control,odd,7,22,41
clock_write_control,odd,7,23,41
clock_write_control,odd,7,24,41
clock_write_control,odd,7,25,41
clock_write_control,odd,7,26,41
clock_write_control,odd,7,27,41
clock_write_control,odd,7,28,41
clock_write_control,odd,7,29,41
clock_write_control,odd,7,30,41
clock_write_control,odd,7,31,41
clock_write_control,odd,7,32,41
clock_write_control,odd,7,33,41
clock_write_control,odd,7,34,41
clock_write_control,odd,7,35,41
clock_write_control,odd,7,36,41
clock_write_control,odd,7,37,41
clock_write_control,odd,7,38,41
clock_write_control,odd,7,39,41
clock_write_control,odd,7,40,41
clock_write_control,odd,7,41,41
clock_write_control,odd,7,42,41
clock_write_control,odd,7,43,41
clock_write_control,odd,7,44,41
clock_write_control,odd,7,45,41
clock_write_control,odd,7,46,41
clock_write_control,odd,7,47,41
clock_write_control,odd,7,48,41
clock_write_control,odd,7,49,41
clock_write_control,odd,7,50,41
clock_write_control,odd,7,51,41
clock_write_control,odd,7,52,41
clock_write_control,odd,7,53,41
clock_write_control,odd,7,54,41
clock_write_control,odd,7,55,41
clock_write_control,odd,7,56,41
clock_write_control,odd,7,57,41
clock_write_control,odd,7,58,41
clock_write_control,odd,7,59,41
clock_write_control,odd,7,60,41
clock_write_control,odd,7,61,41
clock_write_control,odd,7,62,41
clock_write_control,odd,7,63,41
clock_write_control,odd,7,64,100
clock_write_control,odd,7,65,41
clock_write_control,odd,7,66,41
clock_write_control,odd,7,67,41
clock_write_control,odd,7,68,41
clock_write_control,odd,7,69,41
clock_write_control,odd,7,70,41
clock_write_control,odd,7,71,50
clock_write_control,odd,7,72,41
clock_write_control,odd,7,73,41
clock_write_control,odd,7,74,41
clock_write_control,odd,7,75,41
clock_write_control,odd,7,76,41
clock_write_control,odd,7,77,41
clock_write_control,odd,7,78,41
clock_write_control,odd,7,79,41
clock_write_control,odd,7,80,41
clock_write_control,odd,7,81,41
clock_write_control,odd,7,82,41
clock_write_control,odd,7,83,50
clock_write_control,odd,7,84,50
clock_write_control,odd,7,85,41
clock_write_control,odd,7,86,41
clock_write_control,odd,7,87,41
clock_write_control,odd,7,88,41
clock_write_control,odd,7,89,41
clock_write_control,odd,7,90,41
clock_write_control,odd,7,91,41
clock_write_control,odd,7,92,41
clock_write_control,odd,7,93,41
clock_write_control,odd,7,94,41
clock_write_control,odd,7,95,41
clock_write_control,odd,7,96,41
clock_write_control,odd,7,97,41
clock_write_control,odd,7,98,41
clock_write_control,odd,7,99,41
clock_write_control,odd,7,100,41
clock_write_control,odd,7,101,41
clock_write_control,odd,7,102,41
clock_write_control,odd,7,103,41
clock_write_control,odd,7,104,41
clock_write_control,odd,7,105,41
clock_write_control,odd,7,106,41
clock_write_control,odd,7,107,41
clock_write_control,odd,7,108,41
clock_write_control,odd,7,109,41
clock_write_control,odd,7,110,41
clock_write_control,odd,7,111,41
clock_write_control,odd,7,112,41
clock_write_control,odd,7,113,41
clock_write_control,odd,7,114,41
clock_write_control,odd,7,115,41
clock_write_control,odd,7,116,9006
clock_write_control,odd,7,117,41
clock_write_control,odd,7,118,41
clock_write_control,odd,7,119,41
clock_write_control,odd,7,120,41
clock_write_control,odd,7,121,41
clock_write_control,odd,7,122,41
clock_write_control,odd,7,123,41
clock_write_control,odd,7,124,41
clock_write_control,odd,7,125,51
clock_write_control,odd,7,126,111
clock_write_control,odd,7,127,41
clock_write_control,odd,7,128,41
clock_write_control,odd,7,129,41
clock_write_control,odd,7,130,41
clock_write_control,odd,7,131,41
clock_write_control,odd,7,132,41
clock_write_control,odd,7,133,90
clock_write_control,odd,7,134,70
clock_write_control,odd,7,135,60
clock_write_control,odd,7,136,41
clock_write_control,odd,7,137,120
clock_write_control,odd,7,138,41
clock_write_control,odd,7,139,41
clock_write_control,odd,7,140,41
clock_write_control,odd,7,141,41
clock_write_control,odd,7,142,41
clock_write_control,odd,7,143,41
clock_write_control,odd,7,144,41
clock_write_control,odd,7,145,41
clock_write_control,odd,7,146,41
clock_write_control,odd,7,147,41
clock_write_control,odd,7,148,41
clock_write_control,odd,7,149,41
clock_write_control,odd,7,150,41
clock_write_control,odd,7,151,41
clock_write_control,odd,7,152,41
clock_write_control,odd,7,153,41
clock_write_control,odd,7,154,41
clock_write_control,odd,7,155,41
clock_write_control,odd,7,156,41
clock_write_control,odd,7,157,41
clock_write_control,odd,7,158,41
clock_write_control,odd,7,159,41
clock_write_control,odd,7,160,41
clock_write_control,odd,7,161,41
clock_write_control,odd,7,162,41
clock_write_control,odd,7,163,41
clock_write_control,odd,7,164,41
clock_write_control,odd,7,165,41
clock_write_control,odd,7,166,41
clock_write_control,odd,7,167,41
clock_write_control,odd,7,168,41
clock_write_control,odd,7,169,41
clock_write_control,odd,7,170,8746
clock_write_control,odd,7,171,41
clock_write_control,odd,7,172,41
clock_write_control,odd,7,173,41
clock_write_control,odd,7,174,41
clock_write_control,odd,7,175,41
clock_write_control,odd,7,176,41
clock_write_control,odd,7,177,41
clock_write_control,odd,7,178,41
clock_write_control,odd,7,179,41
clock_write_control,odd,7,180,531
clock_write_control,odd,7,181,120
clock_write_control,odd,7,182,41
clock_write_control,odd,7,183,41
clock_write_control,odd,7,184,41
clock_write_control,odd,7,185,41
clock_write_control,odd,7,186,41
clock_write_control,odd,7,187,41
clock_write_control,odd,7,188,41
clock_write_control,odd,7,189,41
clock_write_control,odd,7,190,41
clock_write_control,odd,7,191,41
clock_write_control,odd,7,192,41
clock_write_control,odd,7,193,41
clock_write_control,odd,7,194,41
clock_write_control,odd,7,195,41
clock_write_control,odd,7,196,51
clock_write_control,odd,7,197,50
clock_write_control,odd,7,198,50
clock_write_control,odd,7,199,50
clock_write_control,odd,7,200,41
clock_write_control,odd,7,201,41
clock_write_control,odd,7,202,41
clock_write_control,odd,7,203,41
clock_write_control,odd,7,204,41
clock_write_control,odd,7,205,41
clock_write_control,odd,7,206,41
clock_write_control,odd,7,207,41
clock_write_control,odd,7,208,41
clock_write_control,odd,7,209,41
clock_write_control,odd,7,210,41
clock_write_control,odd,7,211,41
clock_write_control,odd,7,212,41
clock_write_control,odd,7,213,41
clock_write_control,odd,7,214,41
clock_write_control,odd,7,215,41
clock_write_control,odd,7,216,41
clock_write_control,odd,7,217,41
clock_write_control,odd,7,218,41
clock_write_control,odd,7,219,41
clock_write_control,odd,7,220,41
clock_write_control,odd,7,221,41
clock_write_control,odd,7,222,41
clock_write_control,odd,7,223,41
clock_write_control,odd,7,224,6462
clock_write_control,odd,7,225,41
clock_write_control,odd,7,226,41
clock_write_control,odd,7,227,41
clock_write_control,odd,7,228,41
clock_write_control,odd,7,229,41
clock_write_control,odd,7,230,41
clock_write_control,odd,7,231,41
clock_write_control,odd,7,232,41
clock_write_control,odd,7,233,41
clock_write_control,odd,7,234,541
clock_write_control,odd,7,235,50
clock_write_control,odd,7,236,50
clock_write_control,odd,7,237,50
clock_write_control,odd,7,238,41
clock_write_control,odd,7,239,41
clock_write_control,odd,7,240,41
clock_write_control,odd,7,241,41
clock_write_control,odd,7,242,41
clock_write_control,odd,7,243,41
clock_write_control,odd,7,244,41
clock_write_control,odd,7,245,41
clock_write_control,odd,7,246,50
clock_write_control,odd,7,247,50
clock_write_control,odd,7,248,41
clock_write_control,odd,7,249,41
clock_write_control,odd,7,250,41
clock_write_control,odd,7,251,41
clock_write_control,odd,7,252,41
clock_write_control,odd,7,253,41
clock_write_control,odd,7,254,41
clock_write_control,odd,7,255,41
clock_write_control,odd,7,256,41
clock_write_control,odd,7,257,41
clock_write_control,odd,7,258,41
clock_write_control,odd,7,259,41
clock_write_control,odd,7,260,41
clock_write_control,odd,7,261,41
clock_write_control,odd,7,262,41
clock_write_control,odd,7,263,41
clock_write_control,odd,7,264,41
clock_write_control,odd,7,265,41
clock_write_control,odd,7,266,41
clock_write_control,odd,7,267,41
clock_write_control,odd,7,268,41
clock_write_control,odd,7,269,41
clock_write_control,odd,7,270,41
clock_write_control,odd,7,271,41
clock_write_control,odd,7,272,41
clock_write_control,odd,7,273,531
clock_write_control,odd,7,274,41
clock_write_control,odd,7,275,41
clock_write_control,odd,7,276,41
clock_write_control,odd,7,277,41
clock_write_control,odd,7,278,7014
clock_write_control,odd,7,279,41
clock_write_control,odd,7,280,41
clock_write_control,odd,7,281,41
clock_write_control,odd,7,282,41
clock_write_control,odd,7,283,41
clock_write_control,odd,7,284,41
clock_write_control,odd,7,285,41
clock_write_control,odd,7,286,41
clock_write_control,odd,7,287,41
clock_write_control,odd,7,288,41
clock_write_control,odd,7,289,531
clock_write_control,odd,7,290,41
clock_write_control,odd,7,291,41
clock_write_control,odd,7,292,41
clock_write_control,odd,7,293,41
clock_write_control,odd,7,294,50
clock_write_control,odd,7,295,50
clock_write_control,odd,7,296,41
clock_write_control,odd,7,297,121
clock_write_control,odd,7,298,41
clock_write_control,odd,7,299,41
clock_write_control,odd,7,300,41
clock_write_control,odd,7,301,41
clock_write_control,odd,7,302,41
clock_write_control,odd,7,303,41
clock_write_control,odd,7,304,51
clock_write_control,odd,7,305,50
clock_write_control,odd,7,306,50
clock_write_control,odd,7,307,50
clock_write_control,odd,7,308,41
clock_write_control,odd,7,309,41
clock_write_control,odd,7,310,41
clock_write_control,odd,7,311,41
clock_write_control,odd,7,312,41
clock_write_control,odd,7,313,41
clock_write_control,odd,7,314,41
clock_write_control,odd,7,315,41
clock_write_control,odd,7,316,41
clock_write_control,odd,7,317,41
clock_write_control,odd,7,318,41
clock_write_control,odd,7,319,41
clock_write_control,odd,7,320,41
clock_write_control,odd,7,321,41
clock_write_control,odd,7,322,41
clock_write_control,odd,7,323,41
clock_write_control,odd,7,324,41
clock_write_control,odd,7,325,41
clock_write_control,odd,7,326,41
clock_write_control,odd,7,327,41
clock_write_control,odd,7,328,41
clock_write_control,odd,7,329,41
clock_write_control,odd,7,330,8155
clock_write_control,odd,7,331,41
clock_write_control,odd,7,332,41
clock_write_control,odd,7,333,41
clock_write_control,odd,7,334,41
clock_write_control,odd,7,335,41
clock_write_control,odd,7,336,41
clock_write_control,odd,7,337,41
clock_write_control,odd,7,338,41
clock_write_control,odd,7,339,41
clock_write_control,odd,7,340,41
clock_write_control,odd,7,341,41
clock_write_control,odd,7,342,541
clock_write_control,odd,7,343,41
clock_write_control,odd,7,344,41
clock_write_control,odd,7,345,41
clock_write_control,odd,7,346,41
clock_write_control,odd,7,347,41
clock_write_control,odd,7,348,41
clock_write_control,odd,7,349,41
clock_write_control,odd,7,350,41
clock_write_control,odd,7,351,41
clock_write_control,odd,7,352,41
clock_write_control,odd,7,353,41
clock_write_control,odd,7,354,41
clock_write_control,odd,7,355,531
clock_write_control,odd,7,356,60
clock_write_control,odd,7,357,111
clock_write_control,odd,7,358,131
clock_write_control,odd,7,359,41
clock_write_control,odd,7,360,41
clock_write_control,odd,7,361,41
clock_write_control,odd,7,362,41
clock_write_control,odd,7,363,41
clock_write_control,odd,7,364,41
clock_write_control,odd,7,365,41
clock_write_control,odd,7,366,41
clock_write_control,odd,7,367,41
clock_write_control,odd,7,368,41
clock_write_control,odd,7,369,41
clock_write_control,odd,7,370,41
clock_write_control,odd,7,371,41
clock_write_control,odd,7,372,41
clock_write_control,odd,7,373,41
clock_write_control,odd,7,374,41
clock_write_control,odd,7,375,41
clock_write_control,odd,7,376,41
clock_write_control,odd,7,377,41
clock_write_control,odd,7,378,41
clock_write_control,odd,7,379,41
clock_write_control,odd,7,380,41
clock_write_control,odd,7,381,41
clock_write_control,odd,7,382,41
clock_write_control,odd,7,383,41
clock_write_control,odd,7,384,80
clock_write_control,odd,7,385,41
clock_write_control,odd,7,386,41
clock_write_control,odd,7,387,41
clock_write_control,odd,7,388,41
clock_write_control,odd,7,389,41
clock_write_control,odd,7,390,41
clock_write_control,odd,7,391,41
clock_write_control,odd,7,392,41
clock_write_control,odd,7,393,41
clock_write_control,odd,7,394,41
clock_write_control,odd,7,395,41
clock_write_control,odd,7,396,70
clock_write_control,odd,7,397,50
clock_write_control,odd,7,398,41
clock_write_control,odd,7,399,41
pool,odd,7,0,41
pool,odd,7,1,41
pool,odd,7,2,41
pool,odd,7,3,41
pool,odd,7,4,41
pool,odd,7,5,41
pool,odd,7,6,41
pool,odd,7,7,60
pool,odd,7,8,41
pool,odd,7,9,41
pool,odd,7,10,41
pool,odd,7,11,41
pool,odd,7,12,41
pool,odd,7,13,41
pool,odd,7,14,41
pool,odd,7,15,41
pool,odd,7,16,41
pool,odd,7,17,41
pool,odd,7,18,41
pool,odd,7,19,41
pool,odd,7,20,531
pool,odd,7,21,50
pool,odd,7,22,41
pool,odd,7,23,41
pool,odd,7,24,41
pool,odd,7,25,41
pool,odd,7,26,41
pool,odd,7,27,41
pool,odd,7,28,41
pool,odd,7,29,41
pool,odd,7,30,41
pool,odd,7,31,41
pool,odd,7,32,41
pool,odd,7,33,41
pool,odd,7,34,41
pool,odd,7,35,41
pool,odd,7,36,41
pool,odd,7,37,41
pool,odd,7,38,41
pool,odd,7,39,41
pool,odd,7,40,41
pool,odd,7,41,41
pool,odd,7,42,41
pool,odd,7,43,41
pool,odd,7,44,41
pool,odd,7,45,41
pool,odd,7,46,41
pool,odd,7,47,41
pool,odd,7,48,41
pool,odd,7,49,41
pool,odd,7,50,41
pool,odd,7,51,41
pool,odd,7,52,41
pool,odd,7,53,41
pool,odd,7,54,41
pool,odd,7,55,41
pool,odd,7,56,41
pool,odd,7,57,41
pool,odd,7,58,41
pool,odd,7,59,41
pool,odd,7,60,6522
pool,odd,7,61,41
pool,odd,7,62,41
pool,odd,7,63,41
pool,odd,7,64,41
pool,odd,7,65,41
pool,odd,7,66,41
pool,odd,7,67,41
pool,odd,7,68,41
pool,odd,7,69,41
pool,odd,7,70,41
pool,odd,7,71,41
pool,odd,7,72,41
pool,odd,7,73,41
pool,odd,7,74,50
pool,odd,7,75,50
pool,odd,7,76,60
pool,odd,7,77,50
pool,odd,7,78,50
pool,odd,7,79,50
pool,odd,7,80,50
pool,odd,7,81,41
pool,odd,7,82,41
pool,odd,7,83,41
pool,odd,7,84,41
pool,odd,7,85,41
pool,odd,7,86,50
pool,odd,7,87,51
pool,odd,7,88,51
pool,odd,7,89,50
pool,odd,7,90,41
pool,odd,7,91,41
pool,odd,7,92,41
pool,odd,7,93,41
pool,odd,7,94,41
pool,odd,7,95,41
pool,odd,7,96,41
pool,odd,7,97,41
pool,odd,7,98,41
pool,odd,7,99,41
pool,odd,7,100,41
pool,odd,7,101,41
pool,odd,7,102,41
pool,odd,7,103,41
pool,odd,7,104,41
pool,odd,7,105,41
pool,odd,7,106,41
pool,odd,7,107,41
pool,odd,7,108,41
pool,odd,7,109,41
pool,odd,7,110,41
pool,odd,7,111,41
pool,odd,7,112,91
pool,odd,7,113,41
pool,odd,7,114,41
pool,odd,7,115,41
pool,odd,7,116,41
pool,odd,7,117,41
pool,odd,7,118,41
pool,odd,7,119,41
pool,odd,7,120,41
pool,odd,7,121,41
pool,odd,7,122,41
pool,odd,7,123,41
pool,odd,7,124,41
pool,odd,7,125,41
pool,odd,7,126,551
pool,odd,7,127,51
pool,odd,7,128,50
pool,odd,7,129,50
pool,odd,7,130,121
pool,odd,7,131,41
pool,odd,7,132,41
pool,odd,7,133,50
pool,odd,7,134,51
pool,odd,7,135,50
pool,odd,7,136,41
pool,odd,7,137,41
pool,odd,7,138,41
pool,odd,7,139,41
pool,odd,7,140,41
pool,odd,7,141,41
pool,odd,7,142,41
pool,odd,7,143,41
pool,odd,7,144,41
pool,odd,7,145,41
pool,odd,7,146,41
pool,odd,7,147,41
pool,odd,7,148,41
pool,odd,7,149,41
pool,odd,7,150,41
pool,odd,7,151,41
pool,odd,7,152,41
pool,odd,7,153,41
pool,odd,7,154,41
pool,odd,7,155,41
pool,odd,7,156,41
pool,odd,7,157,41
pool,odd,7,158,41
pool,odd,7,159,41
pool,odd,7,160,41
pool,odd,7,161,41
pool,odd,7,162,41
pool,odd,7,163,41
pool,odd,7,164,6642
pool,odd,7,165,41
pool,odd,7,166,41
pool,odd,7,167,41
pool,odd,7,168,41
pool,odd,7,169,41
pool,odd,7,170,41
pool,odd,7,171,41
pool,odd,7,172,41
pool,odd,7,173,41
pool,odd,7,174,41
pool,odd,7,175,41
pool,odd,7,176,41
pool,odd,7,177,41
pool,odd,7,178,41
pool,odd,7,179,531
pool,odd,7,180,120
pool,odd,7,181,41
pool,odd,7,182,41
pool,odd,7,183,41
pool,odd,7,184,41
pool,odd,7,185,41
pool,odd,7,186,41
pool,odd,7,187,41
pool,odd,7,188,541
pool,odd,7,189,50
pool,odd,7,190,51
pool,odd,7,191,51
pool,odd,7,192,51
pool,odd,7,193,50
pool,odd,7,194,41
pool,odd,7,195,41
pool,odd,7,196,41
pool,odd,7,197,41
pool,odd,7,198,41
pool,odd,7,199,41
pool,odd,7,200,41
pool,odd,7,201,41
pool,odd,7,202,41
pool,odd,7,203,41
pool,odd,7,204,41
pool,odd,7,205,41
pool,odd,7,206,41
pool,odd,7,207,41
pool,odd,7,208,41
pool,odd,7,209,41
pool,odd,7,210,41
pool,odd,7,211,41
pool,odd,7,212,41
pool,odd,7,213,41
pool,odd,7,214,41
pool,odd,7,215,41
pool,odd,7,216,41
pool,odd,7,217,8045
pool,odd,7,218,41
pool,odd,7,219,41
pool,odd,7,220,41
pool,odd,7,221,41
pool,odd,7,222,41
pool,odd,7,223,41
pool,odd,7,224,41
pool,odd,7,225,41
pool,odd,7,226,41
pool,odd,7,227,41
pool,odd,7,228,41
pool,odd,7,229,41
pool,odd,7,230,41
pool,odd,7,231,41
pool,odd,7,232,531
pool,odd,7,233,50
pool,odd,7,234,51
pool,odd,7,235,50
pool,odd,7,236,50
pool,odd,7,237,41
pool,odd,7,238,130
pool,odd,7,239,41
pool,odd,7,240,41
pool,odd,7,241,50
pool,odd,7,242,41
pool,odd,7,243,41
pool,odd,7,244,41
pool,odd,7,245,41
pool,odd,7,246,41
pool,odd,7,247,41
pool,odd,7,248,41
pool,odd,7,249,41
pool,odd,7,250,41
pool,odd,7,251,41
pool,odd,7,252,41
pool,odd,7,253,41
pool,odd,7,254,41
pool,odd,7,255,41
pool,odd,7,256,41
pool,odd,7,257,41
pool,odd,7,258,41
pool,odd,7,259,41
pool,odd,7,260,41
pool,odd,7,261,41
pool,odd,7,262,41
pool,odd,7,263,41
pool,odd,7,264,41
pool,odd,7,265,41
pool,odd,7,266,41
pool,odd,7,267,41
pool,odd,7,268,41
pool,odd,7,269,71
pool,odd,7,270,41
pool,odd,7,271,41
pool,odd,7,272,41
pool,odd,7,273,41
pool,odd,7,274,41
pool,odd,7,275,41
pool,odd,7,276,41
pool,odd,7,277,41
pool,odd,7,278,41
pool,odd,7,279,41
pool,odd,7,280,41
pool,odd,7,281,41
pool,odd,7,282,41
pool,odd,7,283,41
pool,odd,7,284,552
pool,odd,7,285,50
pool,odd,7,286,51
pool,odd,7,287,51
pool,odd,7,288,51
pool,odd,7,289,41
pool,odd,7,290,50
pool,odd,7,291,51
pool,odd,7,292,41
pool,odd,7,293,41
pool,odd,7,294,41
pool,odd,7,295,41
pool,odd,7,296,41
pool,odd,7,297,41
pool,odd,7,298,41
pool,odd,7,299,41
pool,odd,7,300,41
pool,odd,7,301,41
pool,odd,7,302,41
pool,odd,7,303,41
pool,odd,7,304,41
pool,odd,7,305,41
pool,odd,7,306,41
pool,odd,7,307,41
pool,odd,7,308,41
pool,odd,7,309,41
pool,odd,7,310,41
pool,odd,7,311,41
pool,odd,7,312,41
pool,odd,7,313,41
pool,odd,7,314,41
pool,odd,7,315,41
pool,odd,7,316,41
pool,odd,7,317,41
pool,odd,7,318,41
pool,odd,7,319,41
pool,odd,7,320,7594
pool,odd,7,321,41
pool,odd,7,322,41
pool,odd,7,323,41
pool,odd,7,324,41
pool,odd,7,325,41
pool,odd,7,326,41
pool,odd,7,327,41
pool,odd,7,328,41
pool,odd,7,329,41
pool,odd,7,330,41
pool,odd,7,331,41
pool,odd,7,332,41
pool,odd,7,333,41
pool,odd,7,334,41
pool,odd,7,335,41
pool,odd,7,336,531
pool,odd,7,337,51
pool,odd,7,338,51
pool,odd,7,339,50
pool,odd,7,340,41
pool,odd,7,341,41
pool,odd,7,342,41
pool,odd,7,343,41
pool,odd,7,344,41
pool,odd,7,345,41
pool,odd,7,346,41
pool,odd,7,347,41
pool,odd,7,348,41
pool,odd,7,349,41
pool,odd,7,350,41
pool,odd,7,351,41
pool,odd,7,352,41
pool,odd,7,353,41
pool,odd,7,354,41
pool,odd,7,355,41
pool,odd,7,356,41
pool,odd,7,357,41
pool,odd,7,358,41
pool,odd,7,359,41
pool,odd,7,360,41
pool,odd,7,361,41
pool,odd,7,362,41
pool,odd,7,363,41
pool,odd,7,364,41
pool,odd,7,365,41
pool,odd,7,366,41
pool,odd,7,367,41
pool,odd,7,368,41
pool,odd,7,369,41
pool,odd,7,370,41
pool,odd,7,371,41
pool,odd,7,372,6702
pool,odd,7,373,41
pool,odd,7,374,41
pool,odd,7,375,41
pool,odd,7,376,41
pool,odd,7,377,41
pool,odd,7,378,41
pool,odd,7,379,41
pool,odd,7,380,41
pool,odd,7,381,41
pool,odd,7,382,41
pool,odd,7,383,41
pool,odd,7,384,41
pool,odd,7,385,41
pool,odd,7,386,41
pool,odd,7,387,41
pool,odd,7,388,41
pool,odd,7,389,541
pool,odd,7,390,50
pool,odd,7,391,50
pool,odd,7,392,50
pool,odd,7,393,51
pool,odd,7,394,41
pool,odd,7,395,41
pool,odd,7,396,41
pool,odd,7,397,41
pool,odd,7,398,41
pool,odd,7,399,41
stack,odd,7,0,41
stack,odd,7,1,41
stack,odd,7,2,41
stack,odd,7,3,41
stack,odd,7,4,41
stack,odd,7,5,41
stack,odd,7,6,41
stack,odd,7,7,41
stack,odd,7,8,41
stack,odd,7,9,41
stack,odd,7,10,41
stack,odd,7,11,60
stack,odd,7,12,50
stack,odd,7,13,121
stack,odd,7,14,41
stack,odd,7,15,41
stack,odd,7,16,41
stack,odd,7,17,41
stack,odd,7,18,41
stack,odd,7,19,41
stack,odd,7,20,41
stack,odd,7,21,41
stack,odd,7,22,41
stack,odd,7,23,41
stack,odd,7,24,41
stack,odd,7,25,41
stack,odd,7,26,41
stack,odd,7,27,41
stack,odd,7,28,41
stack,odd,7,29,41
stack,odd,7,30,41
stack,odd,7,31,41
stack,odd,7,32,41
stack,odd,7,33,41
stack,odd,7,34,41
stack,odd,7,35,41
stack,odd,7,36,41
stack,odd,7,37,41
stack,odd,7,38,41
stack,odd,7,39,41
stack,odd,7,40,41
stack,odd,7,41,41
stack,odd,7,42,41
stack,odd,7,43,41
stack,odd,7,44,41
stack,odd,7,45,41
stack,odd,7,46,91
stack,odd,7,47,41
stack,odd,7,48,41
stack,odd,7,49,41
stack,odd,7,50,41
stack,odd,7,51,41
stack,odd,7,52,41
stack,odd,7,53,41
stack,odd,7,54,41
stack,odd,7,55,41
stack,odd,7,56,41
stack,odd,7,57,41
stack,odd,7,58,41
stack,odd,7,59,41
stack,odd,7,60,41
stack,odd,7,61,41
stack,odd,7,62,41
stack,odd,7,63,41
stack,odd,7,64,50
stack,odd,7,65,50
stack,odd,7,66,130
stack,odd,7,67,41
stack,odd,7,68,41
stack,odd,7,69,41
stack,odd,7,70,41
stack,odd,7,71,41
stack,odd,7,72,51
stack,odd,7,73,50
stack,odd,7,74,51
stack,odd,7,75,51
stack,odd,7,76,41
stack,odd,7,77,41
stack,odd,7,78,41
stack,odd,7,79,41
stack,odd,7,80,41
stack,odd,7,81,41
stack,odd,7,82,41
stack,odd,7,83,41
stack,odd,7,84,41
stack,odd,7,85,41
stack,odd,7,86,41
stack,odd,7,87,41
stack,odd,7,88,41
stack,odd,7,89,41
stack,odd,7,90,41
stack,odd,7,91,41
stack,odd,7,92,41
stack,odd,7,93,41
stack,odd,7,94,41
stack,odd,7,95,41
stack,odd,7,96,41
stack,odd,7,97,41
stack,odd,7,98,6442
stack,odd,7,99,41
stack,odd,7,100,41
stack,odd,7,101,41
stack,odd,7,102,41
stack,odd,7,103,41
stack,odd,7,104,41
stack,odd,7,105,41
stack,odd,7,106,41
stack,odd,7,107,41
stack,odd,7,108,41
stack,odd,7,109,41
stack,odd,7,110,41
stack,odd,7,111,41
stack,odd,7,112,41
stack,odd,7,113,41
stack,odd,7,114,41
stack,odd,7,115,41
stack,odd,7,116,41
stack,odd,7,117,541
stack,odd,7,118,60
stack,odd,7,119,70
stack,odd,7,120,50
stack,odd,7,121,51
stack,odd,7,122,41
stack,odd,7,123,41
stack,odd,7,124,51
stack,odd,7,125,41
stack,odd,7,126,41
stack,odd,7,127,41
stack,odd,7,128,41
stack,odd,7,129,41
stack,odd,7,130,41
stack,odd,7,131,41
stack,odd,7,132,41
stack,odd,7,133,41
stack,odd,7,134,41
stack,odd,7,135,41
stack,odd,7,136,41
stack,odd,7,137,41
stack,odd,7,138,41
stack,odd,7,139,41
stack,odd,7,140,41
stack,odd,7,141,41
stack,odd,7,142,41
stack,odd,7,143,41
stack,odd,7,144,41
stack,odd,7,145,41
stack,odd,7,146,41
stack,odd,7,147,41
stack,odd,7,148,41
stack,odd,7,149,42
stack,odd,7,150,6412
stack,odd,7,151,41
stack,odd,7,152,41
stack,odd,7,153,41
stack,odd,7,154,41
stack,odd,7,155,41
stack,odd,7,156,41
stack,odd,7,157,41
stack,odd,7,158,41
stack,odd,7,159,41
stack,odd,7,160,41
stack,odd,7,161,41
stack,odd,7,162,41
stack,odd,7,163,41
stack,odd,7,164,41
stack,odd,7,165,41
stack,odd,7,166,41
stack,odd,7,167,41
stack,odd,7,168,41
stack,odd,7,169,41
stack,odd,7,170,541
stack,odd,7,171,50
stack,odd,7,172,60
stack,odd,7,173,60
stack,odd,7,174,120
stack,odd,7,175,41
stack,odd,7,176,41
stack,odd,7,177,41
stack,odd,7,178,41
stack,odd,7,179,41
stack,odd,7,180,41
stack,odd,7,181,41
stack,odd,7,182,41
stack,odd,7,183,41
stack,odd,7,184,41
stack,odd,7,185,41
stack,odd,7,186,41
stack,odd,7,187,41
stack,odd,7,188,41
stack,odd,7,189,41
stack,odd,7,190,41
stack,odd,7,191,41
stack,odd,7,192,41
stack,odd,7,193,41
stack,odd,7,194,41
stack,odd,7,195,41
stack,odd,7,196,42
stack,odd,7,197,41
stack,odd,7,198,41
stack,odd,7,199,41
stack,odd,7,200,41
stack,odd,7,201,41
stack,odd,7,202,8305
stack,odd,7,203,41
stack,odd,7,204,41
stack,odd,7,205,41
stack,odd,7,206,41
stack,odd,7,207,41
stack,odd,7,208,41
stack,odd,7,209,41
stack,odd,7,210,41
stack,odd,7,211,41
stack,odd,7,212,41
stack,odd,7,213,41
stack,odd,7,214,41
stack,odd,7,215,41
stack,odd,7,216,41
stack,odd,7,217,41
stack,odd,7,218,41
stack,odd,7,219,41
stack,odd,7,220,41
stack,odd,7,221,41
stack,odd,7,222,41
stack,odd,7,223,541
stack,odd,7,224,50
stack,odd,7,225,51
stack,odd,7,226,50
stack,odd,7,227,51
stack,odd,7,228,41
stack,odd,7,229,50
stack,odd,7,230,71
stack,odd,7,231,41
stack,odd,7,232,110
stack,odd,7,233,41
stack,odd,7,234,41
stack,odd,7,235,41
stack,odd,7,236,41
stack,odd,7,237,41
stack,odd,7,238,41
stack,odd,7,239,41
stack,odd,7,240,41
stack,odd,7,241,41
stack,odd,7,242,41
stack,odd,7,243,41
stack,odd,7,244,41
stack,odd,7,245,41
stack,odd,7,246,41
stack,odd,7,247,41
stack,odd,7,248,41
stack,odd,7,249,41
stack,odd,7,250,41
stack,odd,7,251,41
stack,odd,7,252,41
stack,odd,7,253,41
stack,odd,7,254,41
stack,odd,7,255,41
stack,odd,7,256,41
stack,odd,7,257,41
stack,odd,7,258,41
stack,odd,7,259,41
stack,odd,7,260,41
stack,odd,7,261,41
stack,odd,7,262,41
stack,odd,7,263,41
stack,odd,7,264,41
stack,odd,7,265,41
stack,odd,7,266,41
stack,odd,7,267,41
stack,odd,7,268,41
stack,odd,7,269,41
stack,odd,7,270,41
stack,odd,7,271,41
stack,odd,7,272,41
stack,odd,7,273,41
stack,odd,7,274,41
stack,odd,7,275,80
stack,odd,7,276,161
stack,odd,7,277,70
stack,odd,7,278,50
stack,odd,7,279,51
stack,odd,7,280,51
stack,odd,7,281,60
stack,odd,7,282,50
stack,odd,7,283,51
stack,odd,7,284,41
stack,odd,7,285,41
stack,odd,7,286,41
stack,odd,7,287,41
stack,odd,7,288,41
stack,odd,7,289,41
stack,odd,7,290,41
stack,odd,7,291,41
stack,odd,7,292,41
stack,odd,7,293,41
stack,odd,7,294,41
stack,odd,7,295,41
stack,odd,7,296,41
stack,odd,7,297,41
stack,odd,7,298,41
stack,odd,7,299,41
stack,odd,7,300,41
stack,odd,7,301,41
stack,odd,7,302,41
stack,odd,7,303,41
stack,odd,7,304,41
stack,odd,7,305,41
stack,odd,7,306,13405
stack,odd,7,307,41
stack,odd,7,308,41
stack,odd,7,309,41
stack,odd,7,310,41
stack,odd,7,311,41
stack,odd,7,312,41
stack,odd,7,313,41
stack,odd,7,314,41
stack,odd,7,315,41
stack,odd,7,316,41
stack,odd,7,317,41
stack,odd,7,318,41
stack,odd,7,319,41
stack,odd,7,320,41
stack,odd,7,321,41
stack,odd,7,322,41
stack,odd,7,323,41
stack,odd,7,324,41
stack,odd,7,325,41
stack,odd,7,326,41
stack,odd,7,327,41
stack,odd,7,328,41
stack,odd,7,329,90
stack,odd,7,330,60
stack,odd,7,331,150
stack,odd,7,332,541
stack,odd,7,333,50
stack,odd,7,334,261
stack,odd,7,335,60
stack,odd,7,336,51
stack,odd,7,337,51
stack,odd,7,338,41
stack,odd,7,339,41
stack,odd,7,340,41
stack,odd,7,341,41
stack,odd,7,342,41
stack,odd,7,343,320
stack,odd,7,344,170
stack,odd,7,345,51
stack,odd,7,346,50
stack,odd,7,347,50
stack,odd,7,348,190
stack,odd,7,349,41
stack,odd,7,350,41
stack,odd,7,351,41
stack,odd,7,352,41
stack,odd,7,353,41
stack,odd,7,354,41
stack,odd,7,355,41
stack,odd,7,356,41
stack,odd,7,357,41
stack,odd,7,358,41
stack,odd,7,359,41
stack,odd,7,360,41
stack,odd,7,361,41
stack,odd,7,362,41
stack,odd,7,363,41
stack,odd,7,364,41
stack,odd,7,365,41
stack,odd,7,366,210
stack,odd,7,367,231
stack,odd,7,368,51
stack,odd,7,369,50
stack,odd,7,370,51
stack,odd,7,371,41
stack,odd,7,372,41
stack,odd,7,373,41
stack,odd,7,374,41
stack,odd,7,375,41
stack,odd,7,376,51
stack,odd,7,377,651
stack,odd,7,378,70
stack,odd,7,379,51
stack,odd,7,380,51
stack,odd,7,381,50
stack,odd,7,382,511
stack,odd,7,383,190
stack,odd,7,384,50
stack,odd,7,385,51
stack,odd,7,386,51
stack,odd,7,387,50
stack,odd,7,388,51
stack,odd,7,389,50
stack,odd,7,390,41
stack,odd,7,391,51
stack,odd,7,392,51
stack,odd,7,393,50
stack,odd,7,394,241
stack,odd,7,395,381
stack,odd,7,396,170
stack,odd,7,397,430
stack,odd,7,398,41
stack,odd,7,399,160
malloc,aligned,8,0,160
malloc,aligned,8,1,80
malloc,aligned,8,2,70
malloc,aligned,8,3,80
malloc,aligned,8,4,60
malloc,aligned,8,5,71
malloc,aligned,8,6,70
malloc,aligned,8,7,61
malloc,aligned,8,8,70
malloc,aligned,8,9,14156
malloc,aligned,8,10,70
malloc,aligned,8,11,60
malloc,aligned,8,12,61
malloc,aligned,8,13,70
malloc,aligned,8,14,70
malloc,aligned,8,15,70
malloc,aligned,8,16,321
malloc,aligned,8,17,140
malloc,aligned,8,18,70
malloc,aligned,8,19,70
malloc,aligned,8,20,61
malloc,aligned,8,21,61
malloc,aligned,8,22,71
malloc,aligned,8,23,70
malloc,aligned,8,24,60
malloc,aligned,8,25,70
malloc,aligned,8,26,61
malloc,aligned,8,27,61
malloc,aligned,8,28,70
malloc,aligned,8,29,71
malloc,aligned,8,30,71
malloc,aligned,8,31,70
malloc,aligned,8,32,91
malloc,aligned,8,33,110
malloc,aligned,8,34,60
malloc,aligned,8,35,70
malloc,aligned,8,36,70
malloc,aligned,8,37,71
malloc,aligned,8,38,541
malloc,aligned,8,39,250
malloc,aligned,8,40,150
malloc,aligned,8,41,71
malloc,aligned,8,42,70
malloc,aligned,8,43,70
malloc,aligned,8,44,70
malloc,aligned,8,45,70
malloc,aligned,8,46,70
malloc,aligned,8,47,60
malloc,aligned,8,48,70
malloc,aligned,8,49,71
malloc,aligned,8,50,70
malloc,aligned,8,51,70
malloc,aligned,8,52,60
malloc,aligned,8,53,70
malloc,aligned,8,54,11150
malloc,aligned,8,55,70
malloc,aligned,8,56,60
malloc,aligned,8,57,70
malloc,aligned,8,58,70
malloc,aligned,8,59,70
malloc,aligned,8,60,140
malloc,aligned,8,61,211
malloc,aligned,8,62,210
malloc,aligned,8,63,230
malloc,aligned,8,64,211
malloc,aligned,8,65,90
malloc,aligned,8,66,320
malloc,aligned,8,67,220
malloc,aligned,8,68,70
malloc,aligned,8,69,70
malloc,aligned,8,70,70
malloc,aligned,8,71,60
malloc,aligned,8,72,70
malloc,aligned,8,73,61
malloc,aligned,8,74,70
malloc,aligned,8,75,60
malloc,aligned,8,76,70
malloc,aligned,8,77,672
malloc,aligned,8,78,160
malloc,aligned,8,79,80
malloc,aligned,8,80,70
malloc,aligned,8,81,70
malloc,aligned,8,82,70
malloc,aligned,8,83,70
malloc,aligned,8,84,170
malloc,aligned,8,85,170
malloc,aligned,8,86,70
malloc,aligned,8,87,61
malloc,aligned,8,88,61
malloc,aligned,8,89,61
malloc,aligned,8,90,60
malloc,aligned,8,91,60
malloc,aligned,8,92,10921
malloc,aligned,8,93,61
malloc,aligned,8,94,71
malloc,aligned,8,95,61
malloc,aligned,8,96,60
malloc,aligned,8,97,180
malloc,aligned,8,98,60
malloc,aligned,8,99,70
malloc,aligned,8,100,61
malloc,aligned,8,101,61
malloc,aligned,8,102,60
malloc,aligned,8,103,70
malloc,aligned,8,104,61
malloc,aligned,8,105,201
malloc,aligned,8,106,201
malloc,aligned,8,107,60
malloc,aligned,8,108,681
malloc,aligned,8,109,131
malloc,aligned,8,110,70
malloc,aligned,8,111,70
malloc,aligned,8,112,60
malloc,aligned,8,113,521
malloc,aligned,8,114,130
malloc,aligned,8,115,61
malloc,aligned,8,116,70
malloc,aligned,8,117,70
malloc,aligned,8,118,70
malloc,aligned,8,119,61
malloc,aligned,8,120,61
malloc,aligned,8,121,61
malloc,aligned,8,122,120
malloc,aligned,8,123,210
malloc,aligned,8,124,70
malloc,aligned,8,125,71
malloc,aligned,8,126,61
malloc,aligned,8,127,531
malloc,aligned,8,128,210
malloc,aligned,8,129,70
malloc,aligned,8,130,80
malloc,aligned,8,131,80
malloc,aligned,8,132,71
malloc,aligned,8,133,61
malloc,aligned,8,134,61
malloc,aligned,8,135,61
malloc,aligned,8,136,70
malloc,aligned,8,137,61
malloc,aligned,8,138,60
malloc,aligned,8,139,70
malloc,aligned,8,140,70
malloc,aligned,8,141,61
malloc,aligned,8,142,11913
malloc,aligned,8,143,81
malloc,aligned,8,144,70
malloc,aligned,8,145,61
malloc,aligned,8,146,70
malloc,aligned,8,147,70
malloc,aligned,8,148,70
malloc,aligned,8,149,591
malloc,aligned,8,150,170
malloc,aligned,8,151,70
malloc,aligned,8,152,60
malloc,aligned,8,153,60
malloc,aligned,8,154,70
malloc,aligned,8,155,60
malloc,aligned,8,156,70
malloc,aligned,8,157,571
malloc,aligned,8,158,70
malloc,aligned,8,159,71
malloc,aligned,8,160,80
malloc,aligned,8,161,61
malloc,aligned,8,162,80
malloc,aligned,8,163,81
malloc,aligned,8,164,70
malloc,aligned,8,165,70
malloc,aligned,8,166,61
malloc,aligned,8,167,531
malloc,aligned,8,168,100
malloc,aligned,8,169,70
malloc,aligned,8,170,551
malloc,aligned,8,171,210
malloc,aligned,8,172,90
malloc,aligned,8,173,61
malloc,aligned,8,174,61
malloc,aligned,8,175,70
malloc,aligned,8,176,61
malloc,aligned,8,177,61
malloc,aligned,8,178,70
malloc,aligned,8,179,70
malloc,aligned,8,180,60
malloc,aligned,8,181,60
malloc,aligned,8,182,70
malloc,aligned,8,183,61
malloc,aligned,8,184,61
malloc,aligned,8,185,61
malloc,aligned,8,186,60
malloc,aligned,8,187,12273
malloc,aligned,8,188,61
malloc,aligned,8,189,70
malloc,aligned,8,190,60
malloc,aligned,8,191,70
malloc,aligned,8,192,301
malloc,aligned,8,193,230
malloc,aligned,8,194,70
malloc,aligned,8,195,60
malloc,aligned,8,196,61
malloc,aligned,8,197,61
malloc,aligned,8,198,70
malloc,aligned,8,199,61
malloc,aligned,8,200,70
malloc,aligned,8,201,60
malloc,aligned,8,202,61
malloc,aligned,8,203,60
malloc,aligned,8,204,61
malloc,aligned,8,205,581
malloc,aligned,8,206,150
malloc,aligned,8,207,61
malloc,aligned,8,208,61
malloc,aligned,8,209,61
malloc,aligned,8,210,70
malloc,aligned,8,211,70
malloc,aligned,8,212,70
malloc,aligned,8,213,541
malloc,aligned,8,214,561
malloc,aligned,8,215,171
malloc,aligned,8,216,702
malloc,aligned,8,217,100
malloc,aligned,8,218,100
malloc,aligned,8,219,110
malloc,aligned,8,220,90
malloc,aligned,8,221,70
malloc,aligned,8,222,60
malloc,aligned,8,223,60
malloc,aligned,8,224,70
malloc,aligned,8,225,71
malloc,aligned,8,226,61
malloc,aligned,8,227,61
malloc,aligned,8,228,70
malloc,aligned,8,229,61
malloc,aligned,8,230,61
malloc,aligned,8,231,61
malloc,aligned,8,232,91
malloc,aligned,8,233,61
malloc,aligned,8,234,70
malloc,aligned,8,235,61
malloc,aligned,8,236,761
malloc,aligned,8,237,190
malloc,aligned,8,238,131
malloc,aligned,8,239,61
malloc,aligned,8,240,71
malloc,aligned,8,241,70
malloc,aligned,8,242,70
malloc,aligned,8,243,70
malloc,aligned,8,244,61
malloc,aligned,8,245,70
malloc,aligned,8,246,70
malloc,aligned,8,247,70
malloc,aligned,8,248,61
malloc,aligned,8,249,70
malloc,aligned,8,250,61
malloc,aligned,8,251,70
malloc,aligned,8,252,60
malloc,aligned,8,253,70
malloc,aligned,8,254,70
malloc,aligned,8,255,61
malloc,aligned,8,256,80
malloc,aligned,8,257,80
malloc,aligned,8,258,200
malloc,aligned,8,259,370
malloc,aligned,8,260,70
malloc,aligned,8,261,70
malloc,aligned,8,262,61
malloc,aligned,8,263,61
malloc,aligned,8,264,70
malloc,aligned,8,265,70
malloc,aligned,8,266,70
malloc,aligned,8,267,70
malloc,aligned,8,268,541
malloc,aligned,8,269,90
malloc,aligned,8,270,70
malloc,aligned,8,271,541
malloc,aligned,8,272,211
malloc,aligned,8,273,170
malloc,aligned,8,274,100
malloc,aligned,8,275,100
malloc,aligned,8,276,14958
malloc,aligned,8,277,180
malloc,aligned,8,278,121
malloc,aligned,8,279,110
malloc,aligned,8,280,191
malloc,aligned,8,281,170
malloc,aligned,8,282,170
malloc,aligned,8,283,70
malloc,aligned,8,284,70
malloc,aligned,8,285,61
malloc,aligned,8,286,70
malloc,aligned,8,287,60
malloc,aligned,8,288,70
malloc,aligned,8,289,80
malloc,aligned,8,290,71
malloc,aligned,8,291,60
malloc,aligned,8,292,561
malloc,aligned,8,293,141
malloc,aligned,8,294,70
malloc,aligned,8,295,70
malloc,aligned,8,296,551
malloc,aligned,8,297,170
malloc,aligned,8,298,190
malloc,aligned,8,299,161
malloc,aligned,8,300,81
malloc,aligned,8,301,70
malloc,aligned,8,302,541
malloc,aligned,8,303,120
malloc,aligned,8,304,150
malloc,aligned,8,305,70
malloc,aligned,8,306,80
malloc,aligned,8,307,561
malloc,aligned,8,308,91
malloc,aligned,8,309,171
malloc,aligned,8,310,81
malloc,aligned,8,311,461
malloc,aligned,8,312,90
malloc,aligned,8,313,90
malloc,aligned,8,314,61
malloc,aligned,8,315,70
malloc,aligned,8,316,70
malloc,aligned,8,317,26181
malloc,aligned,8,318,70
malloc,aligned,8,319,70
malloc,aligned,8,320,70
malloc,aligned,8,321,70
malloc,aligned,8,322,70
malloc,aligned,8,323,61
malloc,aligned,8,324,70
malloc,aligned,8,325,70
malloc,aligned,8,326,61
malloc,aligned,8,327,61
malloc,aligned,8,328,70
malloc,aligned,8,329,551
malloc,aligned,8,330,181
malloc,aligned,8,331,70
malloc,aligned,8,332,70
malloc,aligned,8,333,70
malloc,aligned,8,334,61
malloc,aligned,8,335,70
malloc,aligned,8,336,71
malloc,aligned,8,337,60
malloc,aligned,8,338,71
malloc,aligned,8,339,61
malloc,aligned,8,340,71
malloc,aligned,8,341,71
malloc,aligned,8,342,90
malloc,aligned,8,343,80
malloc,aligned,8,344,60
malloc,aligned,8,345,70
malloc,aligned,8,346,61
malloc,aligned,8,347,61
malloc,aligned,8,348,60
malloc,aligned,8,349,60
malloc,aligned,8,350,71
malloc,aligned,8,351,70
malloc,aligned,8,352,70
malloc,aligned,8,353,70
malloc,aligned,8,354,70
malloc,aligned,8,355,61
malloc,aligned,8,356,70
malloc,aligned,8,357,70
malloc,aligned,8,358,61
malloc,aligned,8,359,70
malloc,aligned,8,360,61
malloc,aligned,8,361,61
malloc,aligned,8,362,140
malloc,aligned,8,363,60
malloc,aligned,8,364,71
malloc,aligned,8,365,801
malloc,aligned,8,366,210
malloc,aligned,8,367,181
malloc,aligned,8,368,150
malloc,aligned,8,369,100
malloc,aligned,8,370,101
malloc,aligned,8,371,220
malloc,aligned,8,372,311
malloc,aligned,8,373,381
malloc,aligned,8,374,171
malloc,aligned,8,375,110
malloc,aligned,8,376,191
malloc,aligned,8,377,101
malloc,aligned,8,378,200
malloc,aligned,8,379,291
malloc,aligned,8,380,180
malloc,aligned,8,381,70
malloc,aligned,8,382,70
malloc,aligned,8,383,70
malloc,aligned,8,384,70
malloc,aligned,8,385,70
malloc,aligned,8,386,61
malloc,aligned,8,387,70
malloc,aligned,8,388,61
malloc,aligned,8,389,70
malloc,aligned,8,390,61
malloc,aligned,8,391,61
malloc,aligned,8,392,61
malloc,aligned,8,393,70
malloc,aligned,8,394,71
malloc,aligned,8,395,60
malloc,aligned,8,396,70
malloc,aligned,8,397,591
malloc,aligned,8,398,190
malloc,aligned,8,399,551
clock_write_control,aligned,8,0,50
clock_write_control,aligned,8,1,41
clock_write_control,aligned,8,2,41
clock_write_control,aligned,8,3,200
clock_write_control,aligned,8,4,170
clock_write_control,aligned,8,5,161
clock_write_control,aligned,8,6,161
clock_write_control,aligned,8,7,41
clock_write_control,aligned,8,8,41
clock_write_control,aligned,8,9,80
clock_write_control,aligned,8,10,41
clock_write_control,aligned,8,11,41
clock_write_control,aligned,8,12,41
clock_write_control,aligned,8,13,41
clock_write_control,aligned,8,14,41
clock_write_control,aligned,8,15,41
clock_write_control,aligned,8,16,41
clock_write_control,aligned,8,17,41
clock_write_control,aligned,8,18,41
clock_write_control,aligned,8,19,41
clock_write_control,aligned,8,20,41
clock_write_control,aligned,8,21,41
clock_write_control,aligned,8,22,41
clock_write_control,aligned,8,23,41
clock_write_control,aligned,8,24,41
clock_write_control,aligned,8,25,41
clock_write_control,aligned,8,26,41
clock_write_control,aligned,8,27,41
clock_write_control,aligned,8,28,41
clock_write_control,aligned,8,29,41
clock_write_control,aligned,8,30,41
clock_write_control,aligned,8,31,541
clock_write_control,aligned,8,32,141
clock_write_control,aligned,8,33,41
clock_write_control,aligned,8,34,41
clock_write_control,aligned,8,35,41
clock_write_control,aligned,8,36,41
clock_write_control,aligned,8,37,41
clock_write_control,aligned,8,38,41
clock_write_control,aligned,8,39,51
clock_write_control,aligned,8,40,41
clock_write_control,aligned,8,41,51
clock_write_control,aligned,8,42,51
clock_write_control,aligned,8,43,41
clock_write_control,aligned,8,44,41
clock_write_control,aligned,8,45,41
clock_write_control,aligned,8,46,41
clock_write_control,aligned,8,47,41
clock_write_control,aligned,8,48,41
clock_write_control,aligned,8,49,41
clock_write_control,aligned,8,50,41
clock_write_control,aligned,8,51,41
clock_write_control,aligned,8,52,41
clock_write_control,aligned,8,53,41
clock_write_control,aligned,8,54,41
clock_write_control,aligned,8,55,41
clock_write_control,aligned,8,56,551
clock_write_control,aligned,8,57,200
clock_write_control,aligned,8,58,150
clock_write_control,aligned,8,59,551
clock_write_control,aligned,8,60,170
clock_write_control,aligned,8,61,41
clock_write_control,aligned,8,62,201
clock_write_control,aligned,8,63,170
clock_write_control,aligned,8,64,41
clock_write_control,aligned,8,65,41
clock_write_control,aligned,8,66,41
clock_write_control,aligned,8,67,41
clock_write_control,aligned,8,68,41
clock_write_control,aligned,8,69,41
clock_write_control,aligned,8,70,41
clock_write_control,aligned,8,71,41
clock_write_control,aligned,8,72,41
clock_write_control,aligned,8,73,41
clock_write_control,aligned,8,74,41
clock_write_control,aligned,8,75,42
clock_write_control,aligned,8,76,41
clock_write_control,aligned,8,77,41
clock_write_control,aligned,8,78,41
clock_write_control,aligned,8,79,41
clock_write_control,aligned,8,80,41
clock_write_control,aligned,8,81,41
clock_write_control,aligned,8,82,41
clock_write_control,aligned,8,83,41
clock_write_control,aligned,8,84,41
clock_write_control,aligned,8,85,541
clock_write_control,aligned,8,86,190
clock_write_control,aligned,8,87,160
clock_write_control,aligned,8,88,50
clock_write_control,aligned,8,89,41
clock_write_control,aligned,8,90,41
clock_write_control,aligned,8,91,41
clock_write_control,aligned,8,92,41
clock_write_control,aligned,8,93,41
clock_write_control,aligned,8,94,41
clock_write_control,aligned,8,95,41
clock_write_control,aligned,8,96,41
clock_write_control,aligned,8,97,41
clock_write_control,aligned,8,98,41
clock_write_control,aligned,8,99,41
clock_write_control,aligned,8,100,41
clock_write_control,aligned,8,101,41
clock_write_control,aligned,8,102,41
clock_write_control,aligned,8,103,41
clock_write_control,aligned,8,104,41
clock_write_control,aligned,8,105,41
clock_write_control,aligned,8,106,41
clock_write_control,aligned,8,107,41
clock_write_control,aligned,8,108,41
clock_write_control,aligned,8,109,41
clock_write_control,aligned,8,110,41
clock_write_control,aligned,8,111,41
clock_write_control,aligned,8,112,551
clock_write_control,aligned,8,113,170
clock_write_control,aligned,8,114,161
clock_write_control,aligned,8,115,521
clock_write_control,aligned,8,116,130
clock_write_control,aligned,8,117,41
clock_write_control,aligned,8,118,41
clock_write_control,aligned,8,119,41
clock_write_control,aligned,8,120,41
clock_write_control,aligned,8,121,201
clock_write_control,aligned,8,122,180
clock_write_control,aligned,8,123,431
clock_write_control,aligned,8,124,722
clock_write_control,aligned,8,125,160
clock_write_control,aligned,8,126,70
clock_write_control,aligned,8,127,531
clock_write_control,aligned,8,128,51
clock_write_control,aligned,8,129,51
clock_write_control,aligned,8,130,50
clock_write_control,aligned,8,131,50
clock_write_control,aligned,8,132,61
clock_write_control,aligned,8,133,160
clock_write_control,aligned,8,134,160
clock_write_control,aligned,8,135,141
clock_write_control,aligned,8,136,70
clock_write_control,aligned,8,137,60
clock_write_control,aligned,8,138,41
clock_write_control,aligned,8,139,180
clock_write_control,aligned,8,140,171
clock_write_control,aligned,8,141,171
clock_write_control,aligned,8,142,51
clock_write_control,aligned,8,143,60
clock_write_control,aligned,8,144,60
clock_write_control,aligned,8,145,61
clock_write_control,aligned,8,146,50
clock_write_control,aligned,8,147,50
clock_write_control,aligned,8,148,51
clock_write_control,aligned,8,149,161
clock_write_control,aligned,8,150,240
clock_write_control,aligned,8,151,211
clock_write_control,aligned,8,152,541
clock_write_control,aligned,8,153,210
clock_write_control,aligned,8,154,180
clock_write_control,aligned,8,155,211
clock_write_control,aligned,8,156,732
clock_write_control,aligned,8,157,170
clock_write_control,aligned,8,158,70
clock_write_control,aligned,8,159,50
clock_write_control,aligned,8,160,140
clock_write_control,aligned,8,161,541
clock_write_control,aligned,8,162,561
clock_write_control,aligned,8,163,702
clock_write_control,aligned,8,164,491
clock_write_control,aligned,8,165,501
clock_write_control,aligned,8,166,50
clock_write_control,aligned,8,167,50
clock_write_control,aligned,8,168,541
clock_write_control,aligned,8,169,80
clock_write_control,aligned,8,170,41
clock_write_control,aligned,8,171,41
clock_write_control,aligned,8,172,41
clock_write_control,aligned,8,173,41
clock_write_control,aligned,8,174,41
clock_write_control,aligned,8,175,41
clock_write_control,aligned,8,176,41
clock_write_control,aligned,8,177,41
clock_write_control,aligned,8,178,41
clock_write_control,aligned,8,179,41
clock_write_control,aligned,8,180,81
clock_write_control,aligned,8,181,41
clock_write_control,aligned,8,182,41
clock_write_control,aligned,8,183,41
clock_write_control,aligned,8,184,41
clock_write_control,aligned,8,185,41
clock_write_control,aligned,8,186,41
clock_write_control,aligned,8,187,220
clock_write_control,aligned,8,188,201
clock_write_control,aligned,8,189,200
clock_write_control,aligned,8,190,180
clock_write_control,aligned,8,191,721
clock_write_control,aligned,8,192,110
clock_write_control,aligned,8,193,41
clock_write_control,aligned,8,194,41
clock_write_control,aligned,8,195,41
clock_write_control,aligned,8,196,41
clock_write_control,aligned,8,197,41
clock_write_control,aligned,8,198,41
clock_write_control,aligned,8,199,41
clock_write_control,aligned,8,200,942
clock_write_control,aligned,8,201,70
clock_write_control,aligned,8,202,41
clock_write_control,aligned,8,203,120
clock_write_control,aligned,8,204,41
clock_write_control,aligned,8,205,41
clock_write_control,aligned,8,206,41
clock_write_control,aligned,8,207,41
clock_write_control,aligned,8,208,41
clock_write_control,aligned,8,209,41
clock_write_control,aligned,8,210,41
clock_write_control,aligned,8,211,12754
clock_write_control,aligned,8,212,41
clock_write_control,aligned,8,213,41
clock_write_control,aligned,8,214,60
clock_write_control,aligned,8,215,151
clock_write_control,aligned,8,216,160
clock_write_control,aligned,8,217,120
clock_write_control,aligned,8,218,41
clock_write_control,aligned,8,219,41
clock_write_control,aligned,8,220,41
clock_write_control,aligned,8,221,41
clock_write_control,aligned,8,222,41
clock_write_control,aligned,8,223,41
clock_write_control,aligned,8,224,41
clock_write_control,aligned,8,225,41
clock_write_control,aligned,8,226,41
clock_write_control,aligned,8,227,41
clock_write_control,aligned,8,228,41
clock_write_control,aligned,8,229,41
clock_write_control,aligned,8,230,41
clock_write_control,aligned,8,231,41
clock_write_control,aligned,8,232,41
clock_write_control,aligned,8,233,41
clock_write_control,aligned,8,234,41
clock_write_control,aligned,8,235,41
clock_write_control,aligned,8,236,41
clock_write_control,aligned,8,237,41
clock_write_control,aligned,8,238,41
clock_write_control,aligned,8,239,41
clock_write_control,aligned,8,240,41
clock_write_control,aligned,8,241,171
clock_write_control,aligned,8,242,170
clock_write_control,aligned,8,243,161
clock_write_control,aligned,8,244,531
clock_write_control,aligned,8,245,701
clock_write_control,aligned,8,246,491
clock_write_control,aligned,8,247,41
clock_write_control,aligned,8,248,41
clock_write_control,aligned,8,249,41
clock_write_control,aligned,8,250,41
clock_write_control,aligned,8,251,41
clock_write_control,aligned,8,252,41
clock_write_control,aligned,8,253,41
clock_write_control,aligned,8,254,41
clock_write_control,aligned,8,255,41
clock_write_control,aligned,8,256,41
clock_write_control,aligned,8,257,41
clock_write_control,aligned,8,258,41
clock_write_control,aligned,8,259,41
clock_write_control,aligned,8,260,41
clock_write_control,aligned,8,261,41
clock_write_control,aligned,8,262,41
clock_write_control,aligned,8,263,11181
clock_write_control,aligned,8,264,42
clock_write_control,aligned,8,265,41
clock_write_control,aligned,8,266,41
clock_write_control,aligned,8,267,41
clock_write_control,aligned,8,268,41
clock_write_control,aligned,8,269,200
clock_write_control,aligned,8,270,170
clock_write_control,aligned,8,271,121
clock_write_control,aligned,8,272,41
clock_write_control,aligned,8,273,41
clock_write_control,aligned,8,274,41
clock_write_control,aligned,8,275,41
clock_write_control,aligned,8,276,41
clock_write_control,aligned,8,277,41
clock_write_control,aligned,8,278,41
clock_write_control,aligned,8,279,41
clock_write_control,aligned,8,280,41
clock_write_control,aligned,8,281,41
clock_write_control,aligned,8,282,41
clock_write_control,aligned,8,283,41
clock_write_control,aligned,8,284,41
clock_write_control,aligned,8,285,41
clock_write_control,aligned,8,286,41
clock_write_control,aligned,8,287,41
clock_write_control,aligned,8,288,51
clock_write_control,aligned,8,289,51
clock_write_control,aligned,8,290,50
clock_write_control,aligned,8,291,41
clock_write_control,aligned,8,292,41
clock_write_control,aligned,8,293,41
clock_write_control,aligned,8,294,41
clock_write_control,aligned,8,295,41
clock_write_control,aligned,8,296,541
clock_write_control,aligned,8,297,160
clock_write_control,aligned,8,298,160
clock_write_control,aligned,8,299,140
clock_write_control,aligned,8,300,220
clock_write_control,aligned,8,301,531
clock_write_control,aligned,8,302,41
clock_write_control,aligned,8,303,41
clock_write_control,aligned,8,304,41
clock_write_control,aligned,8,305,41
clock_write_control,aligned,8,306,41
clock_write_control,aligned,8,307,41
clock_write_control,aligned,8,308,41
clock_write_control,aligned,8,309,41
clock_write_control,aligned,8,310,41
clock_write_control,aligned,8,311,41
clock_write_control,aligned,8,312,41
clock_write_control,aligned,8,313,41
clock_write_control,aligned,8,314,41
clock_write_control,aligned,8,315,41
clock_write_control,aligned,8,316,12123
clock_write_control,aligned,8,317,41
clock_write_control,aligned,8,318,41
clock_write_control,aligned,8,319,41
clock_write_control,aligned,8,320,41
clock_write_control,aligned,8,321,41
clock_write_control,aligned,8,322,41
clock_write_control,aligned,8,323,41
clock_write_control,aligned,8,324,41
clock_write_control,aligned,8,325,41
clock_write_control,aligned,8,326,41
clock_write_control,aligned,8,327,41
clock_write_control,aligned,8,328,41
clock_write_control,aligned,8,329,531
clock_write_control,aligned,8,330,160
clock_write_control,aligned,8,331,150
clock_write_control,aligned,8,332,41
clock_write_control,aligned,8,333,41
clock_write_control,aligned,8,334,41
clock_write_control,aligned,8,335,41
clock_write_control,aligned,8,336,41
clock_write_control,aligned,8,337,41
clock_write_control,aligned,8,338,41
clock_write_control,aligned,8,339,41
clock_write_control,aligned,8,340,50
clock_write_control,aligned,8,341,51
clock_write_control,aligned,8,342,51
clock_write_control,aligned,8,343,41
clock_write_control,aligned,8,344,41
clock_write_control,aligned,8,345,41
clock_write_control,aligned,8,346,41
clock_write_control,aligned,8,347,41
clock_write_control,aligned,8,348,41
clock_write_control,aligned,8,349,41
clock_write_control,aligned,8,350,41
clock_write_control,aligned,8,351,561
clock_write_control,aligned,8,352,160
clock_write_control,aligned,8,353,41
clock_write_control,aligned,8,354,140
clock_write_control,aligned,8,355,521
clock_write_control,aligned,8,356,311
clock_write_control,aligned,8,357,541
clock_write_control,aligned,8,358,41
clock_write_control,aligned,8,359,41
clock_write_control,aligned,8,360,41
clock_write_control,aligned,8,361,41
clock_write_control,aligned,8,362,41
clock_write_control,aligned,8,363,41
clock_write_control,aligned,8,364,41
clock_write_control,aligned,8,365,41
clock_write_control,aligned,8,366,41
clock_write_control,aligned,8,367,41
clock_write_control,aligned,8,368,41
clock_write_control,aligned,8,369,12744
clock_write_control,aligned,8,370,53390
clock_write_control,aligned,8,371,41
clock_write_control,aligned,8,372,41
clock_write_control,aligned,8,373,41
clock_write_control,aligned,8,374,41
clock_write_control,aligned,8,375,41
clock_write_control,aligned,8,376,581
clock_write_control,aligned,8,377,161
clock_write_control,aligned,8,378,41
clock_write_control,aligned,8,379,41
clock_write_control,aligned,8,380,41
clock_write_control,aligned,8,381,41
clock_write_control,aligned,8,382,41
clock_write_control,aligned,8,383,41
clock_write_control,aligned,8,384,41
clock_write_control,aligned,8,385,41
clock_write_control,aligned,8,386,41
clock_write_control,aligned,8,387,41
clock_write_control,aligned,8,388,41
clock_write_control,aligned,8,389,41
clock_write_control,aligned,8,390,41
clock_write_control,aligned,8,391,41
clock_write_control,aligned,8,392,41
clock_write_control,aligned,8,393,41
clock_write_control,aligned,8,394,50
clock_write_control,aligned,8,395,50
clock_write_control,aligned,8,396,51
clock_write_control,aligned,8,397,50
clock_write_control,aligned,8,398,41
clock_write_control,aligned,8,399,41
pool,aligned,8,0,60
pool,aligned,8,1,41
pool,aligned,8,2,41
pool,aligned,8,3,41
pool,aligned,8,4,41
pool,aligned,8,5,41
pool,aligned,8,6,41
pool,aligned,8,7,41
pool,aligned,8,8,41
pool,aligned,8,9,41
pool,aligned,8,10,41
pool,aligned,8,11,751
pool,aligned,8,12,161
pool,aligned,8,13,170
pool,aligned,8,14,160
pool,aligned,8,15,170
pool,aligned,8,16,41
pool,aligned,8,17,41
pool,aligned,8,18,41
pool,aligned,8,19,41
pool,aligned,8,20,41
pool,aligned,8,21,41
pool,aligned,8,22,41
pool,aligned,8,23,41
pool,aligned,8,24,41
pool,aligned,8,25,41
pool,aligned,8,26,41
pool,aligned,8,27,41
pool,aligned,8,28,41
pool,aligned,8,29,41
pool,aligned,8,30,41
pool,aligned,8,31,41
pool,aligned,8,32,41
pool,aligned,8,33,41
pool,aligned,8,34,41
pool,aligned,8,35,41
pool,aligned,8,36,41
pool,aligned,8,37,41
pool,aligned,8,38,41
pool,aligned,8,39,41
pool,aligned,8,40,211
pool,aligned,8,41,161
pool,aligned,8,42,41
pool,aligned,8,43,41
pool,aligned,8,44,41
pool,aligned,8,45,41
pool,aligned,8,46,41
pool,aligned,8,47,41
pool,aligned,8,48,41
pool,aligned,8,49,50
pool,aligned,8,50,50
pool,aligned,8,51,50
pool,aligned,8,52,41
pool,aligned,8,53,41
pool,aligned,8,54,41
pool,aligned,8,55,41
pool,aligned,8,56,41
pool,aligned,8,57,41
pool,aligned,8,58,41
pool,aligned,8,59,41
pool,aligned,8,60,41
pool,aligned,8,61,41
pool,aligned,8,62,41
pool,aligned,8,63,41
pool,aligned,8,64,200
pool,aligned,8,65,161
pool,aligned,8,66,170
pool,aligned,8,67,161
pool,aligned,8,68,160
pool,aligned,8,69,531
pool,aligned,8,70,170
pool,aligned,8,71,181
pool,aligned,8,72,161
pool,aligned,8,73,191
pool,aligned,8,74,51
pool,aligned,8,75,20960
pool,aligned,8,76,151
pool,aligned,8,77,161
pool,aligned,8,78,170
pool,aligned,8,79,61
pool,aligned,8,80,160
pool,aligned,8,81,60
pool,aligned,8,82,171
pool,aligned,8,83,161
pool,aligned,8,84,170
pool,aligned,8,85,41
pool,aligned,8,86,41
pool,aligned,8,87,41
pool,aligned,8,88,41
pool,aligned,8,89,160
pool,aligned,8,90,200
pool,aligned,8,91,170
pool,aligned,8,92,41
pool,aligned,8,93,41
pool,aligned,8,94,41
pool,aligned,8,95,541
pool,aligned,8,96,190
pool,aligned,8,97,200
pool,aligned,8,98,181
pool,aligned,8,99,160
pool,aligned,8,100,160
pool,aligned,8,101,191
pool,aligned,8,102,201
pool,aligned,8,103,201
pool,aligned,8,104,211
pool,aligned,8,105,161
pool,aligned,8,106,161
pool,aligned,8,107,41
pool,aligned,8,108,41
pool,aligned,8,109,41
pool,aligned,8,110,41
pool,aligned,8,111,41
pool,aligned,8,112,41
pool,aligned,8,113,160
pool,aligned,8,114,140
pool,aligned,8,115,41
pool,aligned,8,116,41
pool,aligned,8,117,41
pool,aligned,8,118,41
pool,aligned,8,119,41
pool,aligned,8,120,41
pool,aligned,8,121,41
pool,aligned,8,122,41
pool,aligned,8,123,110
pool,aligned,8,124,41
pool,aligned,8,125,41
pool,aligned,8,126,41
pool,aligned,8,127,41
pool,aligned,8,128,41
pool,aligned,8,129,41
pool,aligned,8,130,41
pool,aligned,8,131,41
pool,aligned,8,132,41
pool,aligned,8,133,41
pool,aligned,8,134,41
pool,aligned,8,135,41
pool,aligned,8,136,41
pool,aligned,8,137,41
pool,aligned,8,138,200
pool,aligned,8,139,161
pool,aligned,8,140,161
pool,aligned,8,141,161
pool,aligned,8,142,170
pool,aligned,8,143,41
pool,aligned,8,144,41
pool,aligned,8,145,41
pool,aligned,8,146,41
pool,aligned,8,147,41
pool,aligned,8,148,41
pool,aligned,8,149,41
pool,aligned,8,150,41
pool,aligned,8,151,41
pool,aligned,8,152,51
pool,aligned,8,153,51
pool,aligned,8,154,41
pool,aligned,8,155,41
pool,aligned,8,156,41
pool,aligned,8,157,41
pool,aligned,8,158,41
pool,aligned,8,159,41
pool,aligned,8,160,41
pool,aligned,8,161,41
pool,aligned,8,162,41
pool,aligned,8,163,41
pool,aligned,8,164,41
pool,aligned,8,165,551
pool,aligned,8,166,160
pool,aligned,8,167,140
pool,aligned,8,168,170
pool,aligned,8,169,160
pool,aligned,8,170,41
pool,aligned,8,171,41
pool,aligned,8,172,41
pool,aligned,8,173,41
pool,aligned,8,174,8957
pool,aligned,8,175,41
pool,aligned,8,176,41
pool,aligned,8,177,541
pool,aligned,8,178,61
pool,aligned,8,179,41
pool,aligned,8,180,41
pool,aligned,8,181,41
pool,aligned,8,182,41
pool,aligned,8,183,41
pool,aligned,8,184,50
pool,aligned,8,185,50
pool,aligned,8,186,371
pool,aligned,8,187,41
pool,aligned,8,188,41
pool,aligned,8,189,41
pool,aligned,8,190,41
pool,aligned,8,191,41
pool,aligned,8,192,200
pool,aligned,8,193,171
pool,aligned,8,194,170
pool,aligned,8,195,41
pool,aligned,8,196,51
pool,aligned,8,197,51
pool,aligned,8,198,51
pool,aligned,8,199,51
pool,aligned,8,200,51
pool,aligned,8,201,51
pool,aligned,8,202,51
pool,aligned,8,203,50
pool,aligned,8,204,41
pool,aligned,8,205,41
pool,aligned,8,206,41
pool,aligned,8,207,41
pool,aligned,8,208,41
pool,aligned,8,209,41
pool,aligned,8,210,41
pool,aligned,8,211,41
pool,aligned,8,212,41
pool,aligned,8,213,41
pool,aligned,8,214,41
pool,aligned,8,215,41
pool,aligned,8,216,200
pool,aligned,8,217,161
pool,aligned,8,218,531
pool,aligned,8,219,1263
pool,aligned,8,220,70
pool,aligned,8,221,50
pool,aligned,8,222,50
pool,aligned,8,223,15378
pool,aligned,8,224,171
pool,aligned,8,225,41
pool,aligned,8,226,41
pool,aligned,8,227,41
pool,aligned,8,228,41
pool,aligned,8,229,41
pool,aligned,8,230,41
pool,aligned,8,231,41
pool,aligned,8,232,41
pool,aligned,8,233,41
pool,aligned,8,234,41
pool,aligned,8,235,41
pool,aligned,8,236,41
pool,aligned,8,237,41
pool,aligned,8,238,41
pool,aligned,8,239,41
pool,aligned,8,240,41
pool,aligned,8,241,41
pool,aligned,8,242,41
pool,aligned,8,243,571
pool,aligned,8,244,171
pool,aligned,8,245,41
pool,aligned,8,246,41
pool,aligned,8,247,41
pool,aligned,8,248,41
pool,aligned,8,249,41
pool,aligned,8,250,41
pool,aligned,8,251,41
pool,aligned,8,252,41
pool,aligned,8,253,51
pool,aligned,8,254,51
pool,aligned,8,255,51
pool,aligned,8,256,41
pool,aligned,8,257,41
pool,aligned,8,258,41
pool,aligned,8,259,41
pool,aligned,8,260,41
pool,aligned,8,261,41
pool,aligned,8,262,41
pool,aligned,8,263,41
pool,aligned,8,264,41
pool,aligned,8,265,41
pool,aligned,8,266,41
pool,aligned,8,267,541
pool,aligned,8,268,180
pool,aligned,8,269,161
pool,aligned,8,270,541
pool,aligned,8,271,160
pool,aligned,8,272,41
pool,aligned,8,273,41
pool,aligned,8,274,100
pool,aligned,8,275,41
pool,aligned,8,276,41
pool,aligned,8,277,41
pool,aligned,8,278,41
pool,aligned,8,279,41
pool,aligned,8,280,41
pool,aligned,8,281,41
pool,aligned,8,282,41
pool,aligned,8,283,41
pool,aligned,8,284,41
pool,aligned,8,285,41
pool,aligned,8,286,41
pool,aligned,8,287,41
pool,aligned,8,288,41
pool,aligned,8,289,41
pool,aligned,8,290,41
pool,aligned,8,291,41
pool,aligned,8,292,41
pool,aligned,8,293,41
pool,aligned,8,294,41
pool,aligned,8,295,541
pool,aligned,8,296,171
pool,aligned,8,297,41
pool,aligned,8,298,41
pool,aligned,8,299,41
pool,aligned,8,300,41
pool,aligned,8,301,41
pool,aligned,8,302,41
pool,aligned,8,303,50
pool,aligned,8,304,41
pool,aligned,8,305,41
pool,aligned,8,306,41
pool,aligned,8,307,41
pool,aligned,8,308,41
pool,aligned,8,309,41
pool,aligned,8,310,41
pool,aligned,8,311,41
pool,aligned,8,312,41
pool,aligned,8,313,41
pool,aligned,8,314,41
pool,aligned,8,315,41
pool,aligned,8,316,41
pool,aligned,8,317,41
pool,aligned,8,318,41
pool,aligned,8,319,41
pool,aligned,8,320,50
pool,aligned,8,321,170
pool,aligned,8,322,161
pool,aligned,8,323,240
pool,aligned,8,324,180
pool,aligned,8,325,41
pool,aligned,8,326,41
pool,aligned,8,327,41
pool,aligned,8,328,41
pool,aligned,8,329,41
pool,aligned,8,330,41
pool,aligned,8,331,41
pool,aligned,8,332,41
pool,aligned,8,333,41
pool,aligned,8,334,41
pool,aligned,8,335,41
pool,aligned,8,336,41
pool,aligned,8,337,41
pool,aligned,8,338,41
pool,aligned,8,339,41
pool,aligned,8,340,41
pool,aligned,8,341,41
pool,aligned,8,342,41
pool,aligned,8,343,41
pool,aligned,8,344,41
pool,aligned,8,345,41
pool,aligned,8,346,41
pool,aligned,8,347,541
pool,aligned,8,348,161
pool,aligned,8,349,41
pool,aligned,8,350,51
pool,aligned,8,351,50
pool,aligned,8,352,41
pool,aligned,8,353,41
pool,aligned,8,354,41
pool,aligned,8,355,41
pool,aligned,8,356,41
pool,aligned,8,357,41
pool,aligned,8,358,41
pool,aligned,8,359,41
pool,aligned,8,360,41
pool,aligned,8,361,41
pool,aligned,8,362,41
pool,aligned,8,363,41
pool,aligned,8,364,41
pool,aligned,8,365,41
pool,aligned,8,366,41
pool,aligned,8,367,41
pool,aligned,8,368,41
pool,aligned,8,369,41
pool,aligned,8,370,41
pool,aligned,8,371,41
pool,aligned,8,372,211
pool,aligned,8,373,160
pool,aligned,8,374,611
pool,aligned,8,375,10900
pool,aligned,8,376,50
pool,aligned,8,377,41
pool,aligned,8,378,41
pool,aligned,8,379,41
pool,aligned,8,380,41
pool,aligned,8,381,41
pool,aligned,8,382,41
pool,aligned,8,383,41
pool,aligned,8,384,41
pool,aligned,8,385,41
pool,aligned,8,386,41
pool,aligned,8,387,41
pool,aligned,8,388,41
pool,aligned,8,389,41
pool,aligned,8,390,41
pool,aligned,8,391,41
pool,aligned,8,392,41
pool,aligned,8,393,41
pool,aligned,8,394,41
pool,aligned,8,395,41
pool,aligned,8,396,41
pool,aligned,8,397,41
pool,aligned,8,398,41
pool,aligned,8,399,161
stack,aligned,8,0,80
stack,aligned,8,1,51
stack,aligned,8,2,41
stack,aligned,8,3,41
stack,aligned,8,4,41
stack,aligned,8,5,41
stack,aligned,8,6,41
stack,aligned,8,7,41
stack,aligned,8,8,41
stack,aligned,8,9,41
stack,aligned,8,10,41
stack,aligned,8,11,50
stack,aligned,8,12,41
stack,aligned,8,13,41
stack,aligned,8,14,41
stack,aligned,8,15,41
stack,aligned,8,16,41
stack,aligned,8,17,41
stack,aligned,8,18,41
stack,aligned,8,19,41
stack,aligned,8,20,41
stack,aligned,8,21,41
stack,aligned,8,22,41
stack,aligned,8,23,41
stack,aligned,8,24,41
stack,aligned,8,25,100
stack,aligned,8,26,171
stack,aligned,8,27,41
stack,aligned,8,28,41
stack,aligned,8,29,41
stack,aligned,8,30,41
stack,aligned,8,31,41
stack,aligned,8,32,41
stack,aligned,8,33,41
stack,aligned,8,34,41
stack,aligned,8,35,41
stack,aligned,8,36,41
stack,aligned,8,37,41
stack,aligned,8,38,41
stack,aligned,8,39,41
stack,aligned,8,40,41
stack,aligned,8,41,41
stack,aligned,8,42,41
stack,aligned,8,43,41
stack,aligned,8,44,41
stack,aligned,8,45,41
stack,aligned,8,46,41
stack,aligned,8,47,41
stack,aligned,8,48,41
stack,aligned,8,49,41
stack,aligned,8,50,41
stack,aligned,8,51,41
stack,aligned,8,52,41
stack,aligned,8,53,41
stack,aligned,8,54,51
stack,aligned,8,55,51
stack,aligned,8,56,51
stack,aligned,8,57,41
stack,aligned,8,58,41
stack,aligned,8,59,41
stack,aligned,8,60,41
stack,aligned,8,61,41
stack,aligned,8,62,50
stack,aligned,8,63,41
stack,aligned,8,64,41
stack,aligned,8,65,41
stack,aligned,8,66,41
stack,aligned,8,67,41
stack,aligned,8,68,41
stack,aligned,8,69,41
stack,aligned,8,70,41
stack,aligned,8,71,41
stack,aligned,8,72,41
stack,aligned,8,73,41
stack,aligned,8,74,7454
stack,aligned,8,75,41
stack,aligned,8,76,41
stack,aligned,8,77,41
stack,aligned,8,78,41
stack,aligned,8,79,41
stack,aligned,8,80,41
stack,aligned,8,81,50
stack,aligned,8,82,41
stack,aligned,8,83,41
stack,aligned,8,84,41
stack,aligned,8,85,41
stack,aligned,8,86,41
stack,aligned,8,87,41
stack,aligned,8,88,41
stack,aligned,8,89,41
stack,aligned,8,90,41
stack,aligned,8,91,41
stack,aligned,8,92,160
stack,aligned,8,93,42
stack,aligned,8,94,41
stack,aligned,8,95,41
stack,aligned,8,96,41
stack,aligned,8,97,41
stack,aligned,8,98,41
stack,aligned,8,99,41
stack,aligned,8,100,41
stack,aligned,8,101,41
stack,aligned,8,102,41
stack,aligned,8,103,41
stack,aligned,8,104,41
stack,aligned,8,105,41
stack,aligned,8,106,41
stack,aligned,8,107,41
stack,aligned,8,108,41
stack,aligned,8,109,41
stack,aligned,8,110,50
stack,aligned,8,111,50
stack,aligned,8,112,41
stack,aligned,8,113,41
stack,aligned,8,114,41
stack,aligned,8,115,41
stack,aligned,8,116,41
stack,aligned,8,117,41
stack,aligned,8,118,41
stack,aligned,8,119,41
stack,aligned,8,120,41
stack,aligned,8,121,41
stack,aligned,8,122,41
stack,aligned,8,123,100
stack,aligned,8,124,41
stack,aligned,8,125,41
stack,aligned,8,126,41
stack,aligned,8,127,41
stack,aligned,8,128,41
stack,aligned,8,129,41
stack,aligned,8,130,41
stack,aligned,8,131,41
stack,aligned,8,132,41
stack,aligned,8,133,41
stack,aligned,8,134,41
stack,aligned,8,135,41
stack,aligned,8,136,41
stack,aligned,8,137,41
stack,aligned,8,138,41
stack,aligned,8,139,41
stack,aligned,8,140,41
stack,aligned,8,141,151
stack,aligned,8,142,41
stack,aligned,8,143,41
stack,aligned,8,144,50
stack,aligned,8,145,41
stack,aligned,8,146,41
stack,aligned,8,147,41
stack,aligned,8,148,50
stack,aligned,8,149,51
stack,aligned,8,150,41
stack,aligned,8,151,41
stack,aligned,8,152,41
stack,aligned,8,153,41
stack,aligned,8,154,41
stack,aligned,8,155,41
stack,aligned,8,156,41
stack,aligned,8,157,41
stack,aligned,8,158,41
stack,aligned,8,159,41
stack,aligned,8,160,41
stack,aligned,8,161,41
stack,aligned,8,162,41
stack,aligned,8,163,41
stack,aligned,8,164,41
stack,aligned,8,165,41
stack,aligned,8,166,50
stack,aligned,8,167,41
stack,aligned,8,168,41
stack,aligned,8,169,41
stack,aligned,8,170,41
stack,aligned,8,171,41
stack,aligned,8,172,41
stack,aligned,8,173,110
stack,aligned,8,174,50
stack,aligned,8,175,41
stack,aligned,8,176,41
stack,aligned,8,177,41
stack,aligned,8,178,41
stack,aligned,8,179,41
stack,aligned,8,180,41
stack,aligned,8,181,41
stack,aligned,8,182,41
stack,aligned,8,183,41
stack,aligned,8,184,41
stack,aligned,8,185,41
stack,aligned,8,186,41
stack,aligned,8,187,41
stack,aligned,8,188,41
stack,aligned,8,189,41
stack,aligned,8,190,41
stack,aligned,8,191,261
stack,aligned,8,192,41
stack,aligned,8,193,41
stack,aligned,8,194,41
stack,aligned,8,195,41
stack,aligned,8,196,41
stack,aligned,8,197,41
stack,aligned,8,198,41
stack,aligned,8,199,41
stack,aligned,8,200,41
stack,aligned,8,201,41
stack,aligned,8,202,41
stack,aligned,8,203,41
stack,aligned,8,204,41
stack,aligned,8,205,41
stack,aligned,8,206,41
stack,aligned,8,207,41
stack,aligned,8,208,41
stack,aligned,8,209,41
stack,aligned,8,210,41
stack,aligned,8,211,41
stack,aligned,8,212,41
stack,aligned,8,213,41
stack,aligned,8,214,41
stack,aligned,8,215,41
stack,aligned,8,216,41
stack,aligned,8,217,41
stack,aligned,8,218,41
stack,aligned,8,219,41
stack,aligned,8,220,41
stack,aligned,8,221,41
stack,aligned,8,222,80
stack,aligned,8,223,60
stack,aligned,8,224,1232
stack,aligned,8,225,80
stack,aligned,8,226,50
stack,aligned,8,227,50
stack,aligned,8,228,551
stack,aligned,8,229,41
stack,aligned,8,230,41
stack,aligned,8,231,41
stack,aligned,8,232,41
stack,aligned,8,233,41
stack,aligned,8,234,170
stack,aligned,8,235,41
stack,aligned,8,236,41
stack,aligned,8,237,41
stack,aligned,8,238,41
stack,aligned,8,239,41
stack,aligned,8,240,171
stack,aligned,8,241,50
stack,aligned,8,242,41
stack,aligned,8,243,41
stack,aligned,8,244,41
stack,aligned,8,245,41
stack,aligned,8,246,41
stack,aligned,8,247,41
stack,aligned,8,248,41
stack,aligned,8,249,41
stack,aligned,8,250,41
stack,aligned,8,251,51
stack,aligned,8,252,51
stack,aligned,8,253,51
stack,aligned,8,254,51
stack,aligned,8,255,41
stack,aligned,8,256,41
stack,aligned,8,257,41
stack,aligned,8,258,41
stack,aligned,8,259,41
stack,aligned,8,260,41
stack,aligned,8,261,41
stack,aligned,8,262,41
stack,aligned,8,263,41
stack,aligned,8,264,170
stack,aligned,8,265,41
stack,aligned,8,266,41
stack,aligned,8,267,41
stack,aligned,8,268,41
stack,aligned,8,269,41
stack,aligned,8,270,41
stack,aligned,8,271,12955
stack,aligned,8,272,41
stack,aligned,8,273,41
stack,aligned,8,274,41
stack,aligned,8,275,41
stack,aligned,8,276,41
stack,aligned,8,277,41
stack,aligned,8,278,41
stack,aligned,8,279,50
stack,aligned,8,280,41
stack,aligned,8,281,41
stack,aligned,8,282,41
stack,aligned,8,283,41
stack,aligned,8,284,41
stack,aligned,8,285,41
stack,aligned,8,286,50
stack,aligned,8,287,41
stack,aligned,8,288,50
stack,aligned,8,289,241
stack,aligned,8,290,41
stack,aligned,8,291,41
stack,aligned,8,292,41
stack,aligned,8,293,41
stack,aligned,8,294,41
stack,aligned,8,295,41
stack,aligned,8,296,41
stack,aligned,8,297,41
stack,aligned,8,298,41
stack,aligned,8,299,41
stack,aligned,8,300,51
stack,aligned,8,301,51
stack,aligned,8,302,41
stack,aligned,8,303,41
stack,aligned,8,304,41
stack,aligned,8,305,41
stack,aligned,8,306,41
stack,aligned,8,307,41
stack,aligned,8,308,41
stack,aligned,8,309,41
stack,aligned,8,310,41
stack,aligned,8,311,41
stack,aligned,8,312,41
stack,aligned,8,313,41
stack,aligned,8,314,41
stack,aligned,8,315,41
stack,aligned,8,316,41
stack,aligned,8,317,41
stack,aligned,8,318,41
stack,aligned,8,319,41
stack,aligned,8,320,41
stack,aligned,8,321,41
stack,aligned,8,322,41
stack,aligned,8,323,41
stack,aligned,8,324,41
stack,aligned,8,325,41
stack,aligned,8,326,41
stack,aligned,8,327,41
stack,aligned,8,328,41
stack,aligned,8,329,50
stack,aligned,8,330,41
stack,aligned,8,331,41
stack,aligned,8,332,41
stack,aligned,8,333,41
stack,aligned,8,334,41
stack,aligned,8,335,41
stack,aligned,8,336,531
stack,aligned,8,337,41
stack,aligned,8,338,41
stack,aligned,8,339,41
stack,aligned,8,340,41
stack,aligned,8,341,41
stack,aligned,8,342,41
stack,aligned,8,343,41
stack,aligned,8,344,50
stack,aligned,8,345,41
stack,aligned,8,346,41
stack,aligned,8,347,41
stack,aligned,8,348,41
stack,aligned,8,349,41
stack,aligned,8,350,41
stack,aligned,8,351,41
stack,aligned,8,352,41
stack,aligned,8,353,41
stack,aligned,8,354,41
stack,aligned,8,355,41
stack,aligned,8,356,41
stack,aligned,8,357,41
stack,aligned,8,358,41
stack,aligned,8,359,51
stack,aligned,8,360,41
stack,aligned,8,361,41
stack,aligned,8,362,41
stack,aligned,8,363,41
stack,aligned,8,364,41
stack,aligned,8,365,41
stack,aligned,8,366,41
stack,aligned,8,367,41
stack,aligned,8,368,41
stack,aligned,8,369,41
stack,aligned,8,370,41
stack,aligned,8,371,41
stack,aligned,8,372,41
stack,aligned,8,373,41
stack,aligned,8,374,41
stack,aligned,8,375,41
stack,aligned,8,376,41
stack,aligned,8,377,41
stack,aligned,8,378,41
stack,aligned,8,379,41
stack,aligned,8,380,50
stack,aligned,8,381,41
stack,aligned,8,382,41
stack,aligned,8,383,41
stack,aligned,8,384,41
stack,aligned,8,385,50
stack,aligned,8,386,41
stack,aligned,8,387,41
stack,aligned,8,388,41
stack,aligned,8,389,41
stack,aligned,8,390,41
stack,aligned,8,391,41
stack,aligned,8,392,51
stack,aligned,8,393,51
stack,aligned,8,394,51
stack,aligned,8,395,41
stack,aligned,8,396,41
stack,aligned,8,397,41
stack,aligned,8,398,41
stack,aligned,8,399,41
arena,aligned,8,0,60
arena,aligned,8,1,41
arena,aligned,8,2,41
arena,aligned,8,3,151
arena,aligned,8,4,41
arena,aligned,8,5,41
arena,aligned,8,6,41
arena,aligned,8,7,41
arena,aligned,8,8,41
arena,aligned,8,9,41
arena,aligned,8,10,91
arena,aligned,8,11,41
arena,aligned,8,12,41
arena,aligned,8,13,41
arena,aligned,8,14,41
arena,aligned,8,15,41
arena,aligned,8,16,41
arena,aligned,8,17,41
arena,aligned,8,18,41
arena,aligned,8,19,41
arena,aligned,8,20,41
arena,aligned,8,21,41
arena,aligned,8,22,41
arena,aligned,8,23,41
arena,aligned,8,24,41
arena,aligned,8,25,41
arena,aligned,8,26,41
arena,aligned,8,27,41
arena,aligned,8,28,161
arena,aligned,8,29,41
arena,aligned,8,30,41
arena,aligned,8,31,41
arena,aligned,8,32,41
arena,aligned,8,33,41
arena,aligned,8,34,41
arena,aligned,8,35,41
arena,aligned,8,36,51
arena,aligned,8,37,60
arena,aligned,8,38,51
arena,aligned,8,39,50
arena,aligned,8,40,41
arena,aligned,8,41,50
arena,aligned,8,42,41
arena,aligned,8,43,41
arena,aligned,8,44,41
arena,aligned,8,45,41
arena,aligned,8,46,41
arena,aligned,8,47,41
arena,aligned,8,48,41
arena,aligned,8,49,41
arena,aligned,8,50,41
arena,aligned,8,51,41
arena,aligned,8,52,41
arena,aligned,8,53,41
arena,aligned,8,54,41
arena,aligned,8,55,41
arena,aligned,8,56,50
arena,aligned,8,57,41
arena,aligned,8,58,41
arena,aligned,8,59,41
arena,aligned,8,60,50
arena,aligned,8,61,41
arena,aligned,8,62,41
arena,aligned,8,63,41
arena,aligned,8,64,41
arena,aligned,8,65,41
arena,aligned,8,66,41
arena,aligned,8,67,41
arena,aligned,8,68,41
arena,aligned,8,69,41
arena,aligned,8,70,41
arena,aligned,8,71,41
arena,aligned,8,72,41
arena,aligned,8,73,41
arena,aligned,8,74,41
arena,aligned,8,75,41
arena,aligned,8,76,41
arena,aligned,8,77,41
arena,aligned,8,78,41
arena,aligned,8,79,151
arena,aligned,8,80,161
arena,aligned,8,81,41
arena,aligned,8,82,41
arena,aligned,8,83,50
arena,aligned,8,84,41
arena,aligned,8,85,41
arena,aligned,8,86,41
arena,aligned,8,87,41
arena,aligned,8,88,41
arena,aligned,8,89,51
arena,aligned,8,90,51
arena,aligned,8,91,51
arena,aligned,8,92,51
arena,aligned,8,93,51
arena,aligned,8,94,51
arena,aligned,8,95,51
arena,aligned,8,96,51
arena,aligned,8,97,51
arena,aligned,8,98,51
arena,aligned,8,99,51
arena,aligned,8,100,41
arena,aligned,8,101,41
arena,aligned,8,102,41
arena,aligned,8,103,41
arena,aligned,8,104,41
arena,aligned,8,105,41
arena,aligned,8,106,41
arena,aligned,8,107,41
arena,aligned,8,108,41
arena,aligned,8,109,41
arena,aligned,8,110,100
arena,aligned,8,111,41
arena,aligned,8,112,41
arena,aligned,8,113,41
arena,aligned,8,114,41
arena,aligned,8,115,41
arena,aligned,8,116,41
arena,aligned,8,117,41
arena,aligned,8,118,41
arena,aligned,8,119,50
arena,aligned,8,120,41
arena,aligned,8,121,41
arena,aligned,8,122,41
arena,aligned,8,123,41
arena,aligned,8,124,41
arena,aligned,8,125,41
arena,aligned,8,126,41
arena,aligned,8,127,41
arena,aligned,8,128,41
arena,aligned,8,129,41
arena,aligned,8,130,41
arena,aligned,8,131,41
arena,aligned,8,132,41
arena,aligned,8,133,41
arena,aligned,8,134,41
arena,aligned,8,135,41
arena,aligned,8,136,41
arena,aligned,8,137,41
arena,aligned,8,138,41
arena,aligned,8,139,41
arena,aligned,8,140,51
arena,aligned,8,141,51
arena,aligned,8,142,41
arena,aligned,8,143,41
arena,aligned,8,144,41
arena,aligned,8,145,41
arena,aligned,8,146,41
arena,aligned,8,147,41
arena,aligned,8,148,41
arena,aligned,8,149,41
arena,aligned,8,150,41
arena,aligned,8,151,41
arena,aligned,8,152,41
arena,aligned,8,153,41
arena,aligned,8,154,41
arena,aligned,8,155,41
arena,aligned,8,156,41
arena,aligned,8,157,41
arena,aligned,8,158,41
arena,aligned,8,159,50
arena,aligned,8,160,80
arena,aligned,8,161,41
arena,aligned,8,162,41
arena,aligned,8,163,41
arena,aligned,8,164,41
arena,aligned,8,165,41
arena,aligned,8,166,41
arena,aligned,8,167,41
arena,aligned,8,168,41
arena,aligned,8,169,41
arena,aligned,8,170,41
arena,aligned,8,171,51
arena,aligned,8,172,41
arena,aligned,8,173,41
arena,aligned,8,174,41
arena,aligned,8,175,41
arena,aligned,8,176,41
arena,aligned,8,177,41
arena,aligned,8,178,150
arena,aligned,8,179,50
arena,aligned,8,180,41
arena,aligned,8,181,50
arena,aligned,8,182,41
arena,aligned,8,183,41
arena,aligned,8,184,41
arena,aligned,8,185,41
arena,aligned,8,186,41
arena,aligned,8,187,51
arena,aligned,8,188,51
arena,aligned,8,189,41
arena,aligned,8,190,41
arena,aligned,8,191,41
arena,aligned,8,192,41
arena,aligned,8,193,41
arena,aligned,8,194,41
arena,aligned,8,195,41
arena,aligned,8,196,50
arena,aligned,8,197,41
arena,aligned,8,198,41
arena,aligned,8,199,50
arena,aligned,8,200,41
arena,aligned,8,201,41
arena,aligned,8,202,41
arena,aligned,8,203,41
arena,aligned,8,204,41
arena,aligned,8,205,41
arena,aligned,8,206,41
arena,aligned,8,207,51
arena,aligned,8,208,41
arena,aligned,8,209,41
arena,aligned,8,210,41
arena,aligned,8,211,11321
arena,aligned,8,212,41
arena,aligned,8,213,50
arena,aligned,8,214,41
arena,aligned,8,215,41
arena,aligned,8,216,41
arena,aligned,8,217,41
arena,aligned,8,218,241
arena,aligned,8,219,711
arena,aligned,8,220,41
arena,aligned,8,221,60
arena,aligned,8,222,50
arena,aligned,8,223,170
arena,aligned,8,224,381
arena,aligned,8,225,230
arena,aligned,8,226,210
arena,aligned,8,227,161
arena,aligned,8,228,232
arena,aligned,8,229,171
arena,aligned,8,230,240
arena,aligned,8,231,51
arena,aligned,8,232,60
arena,aligned,8,233,110
arena,aligned,8,234,60
arena,aligned,8,235,70
arena,aligned,8,236,50
arena,aligned,8,237,60
arena,aligned,8,238,60
arena,aligned,8,239,50
arena,aligned,8,240,60
arena,aligned,8,241,161
arena,aligned,8,242,170
arena,aligned,8,243,51
arena,aligned,8,244,511
arena,aligned,8,245,50
arena,aligned,8,246,50
arena,aligned,8,247,61
arena,aligned,8,248,51
arena,aligned,8,249,70
arena,aligned,8,250,60
arena,aligned,8,251,191
arena,aligned,8,252,41
arena,aligned,8,253,161
arena,aligned,8,254,241
arena,aligned,8,255,161
arena,aligned,8,256,60
arena,aligned,8,257,50
arena,aligned,8,258,50
arena,aligned,8,259,190
arena,aligned,8,260,50
arena,aligned,8,261,51
arena,aligned,8,262,51
arena,aligned,8,263,50
arena,aligned,8,264,60
arena,aligned,8,265,51
arena,aligned,8,266,50
arena,aligned,8,267,50
arena,aligned,8,268,51
arena,aligned,8,269,241
arena,aligned,8,270,61
arena,aligned,8,271,60
arena,aligned,8,272,60
arena,aligned,8,273,70
arena,aligned,8,274,250
arena,aligned,8,275,151
arena,aligned,8,276,160
arena,aligned,8,277,161
arena,aligned,8,278,200
arena,aligned,8,279,741
arena,aligned,8,280,231
arena,aligned,8,281,80
arena,aligned,8,282,60
arena,aligned,8,283,51
arena,aligned,8,284,60
arena,aligned,8,285,50
arena,aligned,8,286,50
arena,aligned,8,287,41
arena,aligned,8,288,50
arena,aligned,8,289,41
arena,aligned,8,290,41
arena,aligned,8,291,50
arena,aligned,8,292,41
arena,aligned,8,293,80
arena,aligned,8,294,50
arena,aligned,8,295,41
arena,aligned,8,296,80
arena,aligned,8,297,41
arena,aligned,8,298,41
arena,aligned,8,299,41
arena,aligned,8,300,41
arena,aligned,8,301,250
arena,aligned,8,302,200
arena,aligned,8,303,551
arena,aligned,8,304,230
arena,aligned,8,305,351
arena,aligned,8,306,220
arena,aligned,8,307,210
arena,aligned,8,308,231
arena,aligned,8,309,160
arena,aligned,8,310,221
arena,aligned,8,311,80
arena,aligned,8,312,60
arena,aligned,8,313,50
arena,aligned,8,314,170
arena,aligned,8,315,160
arena,aligned,8,316,170
arena,aligned,8,317,160
arena,aligned,8,318,200
arena,aligned,8,319,70
arena,aligned,8,320,50
arena,aligned,8,321,151
arena,aligned,8,322,161
arena,aligned,8,323,171
arena,aligned,8,324,50
arena,aligned,8,325,221
arena,aligned,8,326,60
arena,aligned,8,327,50
arena,aligned,8,328,210
arena,aligned,8,329,170
arena,aligned,8,330,50
arena,aligned,8,331,161
arena,aligned,8,332,50
arena,aligned,8,333,50
arena,aligned,8,334,161
arena,aligned,8,335,41
arena,aligned,8,336,191
arena,aligned,8,337,50
arena,aligned,8,338,160
arena,aligned,8,339,201
arena,aligned,8,340,80
arena,aligned,8,341,161
arena,aligned,8,342,191
arena,aligned,8,343,51
arena,aligned,8,344,60
arena,aligned,8,345,160
arena,aligned,8,346,201
arena,aligned,8,347,61
arena,aligned,8,348,160
arena,aligned,8,349,191
arena,aligned,8,350,150
arena,aligned,8,351,171
arena,aligned,8,352,401
arena,aligned,8,353,181
arena,aligned,8,354,250
arena,aligned,8,355,401
arena,aligned,8,356,80
arena,aligned,8,357,170
arena,aligned,8,358,171
arena,aligned,8,359,190
arena,aligned,8,360,50
arena,aligned,8,361,191
arena,aligned,8,362,561
arena,aligned,8,363,250
arena,aligned,8,364,80
arena,aligned,8,365,100
arena,aligned,8,366,41
arena,aligned,8,367,41
arena,aligned,8,368,41
arena,aligned,8,369,41
arena,aligned,8,370,71
arena,aligned,8,371,171
arena,aligned,8,372,120
arena,aligned,8,373,170
arena,aligned,8,374,401
arena,aligned,8,375,230
arena,aligned,8,376,70
arena,aligned,8,377,50
arena,aligned,8,378,60
arena,aligned,8,379,501
arena,aligned,8,380,190
arena,aligned,8,381,170
arena,aligned,8,382,140
arena,aligned,8,383,70
arena,aligned,8,384,681
arena,aligned,8,385,160
arena,aligned,8,386,531
arena,aligned,8,387,160
arena,aligned,8,388,160
arena,aligned,8,389,60
arena,aligned,8,390,170
arena,aligned,8,391,41
arena,aligned,8,392,41
arena,aligned,8,393,41
arena,aligned,8,394,41
arena,aligned,8,395,41
arena,aligned,8,396,41
arena,aligned,8,397,41
arena,aligned,8,398,41
arena,aligned,8,399,531
malloc,odd,8,0,150
malloc,odd,8,1,80
malloc,odd,8,2,60
malloc,odd,8,3,61
malloc,odd,8,4,61
malloc,odd,8,5,61
malloc,odd,8,6,61
malloc,odd,8,7,61
malloc,odd,8,8,60
malloc,odd,8,9,70
malloc,odd,8,10,61
malloc,odd,8,11,61
malloc,odd,8,12,61
malloc,odd,8,13,60
malloc,odd,8,14,61
malloc,odd,8,15,551
malloc,odd,8,16,211
malloc,odd,8,17,611
malloc,odd,8,18,230
malloc,odd,8,19,60
malloc,odd,8,20,61
malloc,odd,8,21,61
malloc,odd,8,22,61
malloc,odd,8,23,61
malloc,odd,8,24,61
malloc,odd,8,25,60
malloc,odd,8,26,61
malloc,odd,8,27,61
malloc,odd,8,28,70
malloc,odd,8,29,61
malloc,odd,8,30,61
malloc,odd,8,31,61
malloc,odd,8,32,61
malloc,odd,8,33,130
malloc,odd,8,34,71
malloc,odd,8,35,61
malloc,odd,8,36,60
malloc,odd,8,37,61
malloc,odd,8,38,240
malloc,odd,8,39,321
malloc,odd,8,40,170
malloc,odd,8,41,200
malloc,odd,8,42,70
malloc,odd,8,43,61
malloc,odd,8,44,61
malloc,odd,8,45,60
malloc,odd,8,46,60
malloc,odd,8,47,61
malloc,odd,8,48,61
malloc,odd,8,49,61
malloc,odd,8,50,60
malloc,odd,8,51,61
malloc,odd,8,52,61
malloc,odd,8,53,61
malloc,odd,8,54,61
malloc,odd,8,55,61
malloc,odd,8,56,60
malloc,odd,8,57,81
malloc,odd,8,58,70
malloc,odd,8,59,60
malloc,odd,8,60,61
malloc,odd,8,61,60
malloc,odd,8,62,60
malloc,odd,8,63,61
malloc,odd,8,64,190
malloc,odd,8,65,181
malloc,odd,8,66,60
malloc,odd,8,67,61
malloc,odd,8,68,61
malloc,odd,8,69,60
malloc,odd,8,70,61
malloc,odd,8,71,60
malloc,odd,8,72,60
malloc,odd,8,73,61
malloc,odd,8,74,61
malloc,odd,8,75,61
malloc,odd,8,76,61
malloc,odd,8,77,61
malloc,odd,8,78,8767
malloc,odd,8,79,70
malloc,odd,8,80,71
malloc,odd,8,81,60
malloc,odd,8,82,61
malloc,odd,8,83,61
malloc,odd,8,84,61
malloc,odd,8,85,60
malloc,odd,8,86,200
malloc,odd,8,87,220
malloc,odd,8,88,220
malloc,odd,8,89,70
malloc,odd,8,90,61
malloc,odd,8,91,70
malloc,odd,8,92,61
malloc,odd,8,93,61
malloc,odd,8,94,60
malloc,odd,8,95,61
malloc,odd,8,96,60
malloc,odd,8,97,60
malloc,odd,8,98,70
malloc,odd,8,99,61
malloc,odd,8,100,60
malloc,odd,8,101,70
malloc,odd,8,102,61
malloc,odd,8,103,61
malloc,odd,8,104,61
malloc,odd,8,105,70
malloc,odd,8,106,61
malloc,odd,8,107,61
malloc,odd,8,108,61
malloc,odd,8,109,61
malloc,odd,8,110,61
malloc,odd,8,111,61
malloc,odd,8,112,61
malloc,odd,8,113,551
malloc,odd,8,114,181
malloc,odd,8,115,70
malloc,odd,8,116,70
malloc,odd,8,117,61
malloc,odd,8,118,61
malloc,odd,8,119,60
malloc,odd,8,120,60
malloc,odd,8,121,60
malloc,odd,8,122,60
malloc,odd,8,123,61
malloc,odd,8,124,12994
malloc,odd,8,125,70
malloc,odd,8,126,70
malloc,odd,8,127,60
malloc,odd,8,128,61
malloc,odd,8,129,61
malloc,odd,8,130,70
malloc,odd,8,131,60
malloc,odd,8,132,541
malloc,odd,8,133,160
malloc,odd,8,134,200
malloc,odd,8,135,140
malloc,odd,8,136,61
malloc,odd,8,137,61
malloc,odd,8,138,60
malloc,odd,8,139,61
malloc,odd,8,140,60
malloc,odd,8,141,61
malloc,odd,8,142,61
malloc,odd,8,143,60
malloc,odd,8,144,61
malloc,odd,8,145,71
malloc,odd,8,146,61
malloc,odd,8,147,61
malloc,odd,8,148,60
malloc,odd,8,149,71
malloc,odd,8,150,70
malloc,odd,8,151,70
malloc,odd,8,152,61
malloc,odd,8,153,60
malloc,odd,8,154,61
malloc,odd,8,155,61
malloc,odd,8,156,60
malloc,odd,8,157,611
malloc,odd,8,158,190
malloc,odd,8,159,60
malloc,odd,8,160,61
malloc,odd,8,161,70
malloc,odd,8,162,61
malloc,odd,8,163,61
malloc,odd,8,164,60
malloc,odd,8,165,61
malloc,odd,8,166,61
malloc,odd,8,167,61
malloc,odd,8,168,61
malloc,odd,8,169,70
malloc,odd,8,170,100
malloc,odd,8,171,60
malloc,odd,8,172,61
malloc,odd,8,173,70
malloc,odd,8,174,60
malloc,odd,8,175,60
malloc,odd,8,176,61
malloc,odd,8,177,61
malloc,odd,8,178,61
malloc,odd,8,179,541
malloc,odd,8,180,211
malloc,odd,8,181,201
malloc,odd,8,182,161
malloc,odd,8,183,90
malloc,odd,8,184,101
malloc,odd,8,185,170
malloc,odd,8,186,191
malloc,odd,8,187,90
malloc,odd,8,188,100
malloc,odd,8,189,101
malloc,odd,8,190,140
malloc,odd,8,191,110
malloc,odd,8,192,130
malloc,odd,8,193,110
malloc,odd,8,194,110
malloc,odd,8,195,101
malloc,odd,8,196,110
malloc,odd,8,197,130
malloc,odd,8,198,110
malloc,odd,8,199,151
malloc,odd,8,200,241
malloc,odd,8,201,310
malloc,odd,8,202,170
malloc,odd,8,203,201
malloc,odd,8,204,201
malloc,odd,8,205,230
malloc,odd,8,206,260
malloc,odd,8,207,211
malloc,odd,8,208,371
malloc,odd,8,209,19196
malloc,odd,8,210,70
malloc,odd,8,211,70
malloc,odd,8,212,60
malloc,odd,8,213,60
malloc,odd,8,214,61
malloc,odd,8,215,61
malloc,odd,8,216,61
malloc,odd,8,217,61
malloc,odd,8,218,70
malloc,odd,8,219,61
malloc,odd,8,220,200
malloc,odd,8,221,151
malloc,odd,8,222,70
malloc,odd,8,223,70
malloc,odd,8,224,61
malloc,odd,8,225,60
malloc,odd,8,226,61
malloc,odd,8,227,61
malloc,odd,8,228,60
malloc,odd,8,229,70
malloc,odd,8,230,60
malloc,odd,8,231,61
malloc,odd,8,232,60
malloc,odd,8,233,70
malloc,odd,8,234,60
malloc,odd,8,235,61
malloc,odd,8,236,60
malloc,odd,8,237,61
malloc,odd,8,238,60
malloc,odd,8,239,61
malloc,odd,8,240,60
malloc,odd,8,241,70
malloc,odd,8,242,60
malloc,odd,8,243,551
malloc,odd,8,244,200
malloc,odd,8,245,160
malloc,odd,8,246,180
malloc,odd,8,247,121
malloc,odd,8,248,70
malloc,odd,8,249,71
malloc,odd,8,250,61
malloc,odd,8,251,60
malloc,odd,8,252,60
malloc,odd,8,253,11101
malloc,odd,8,254,61
malloc,odd,8,255,71
malloc,odd,8,256,60
malloc,odd,8,257,70
malloc,odd,8,258,60
malloc,odd,8,259,61
malloc,odd,8,260,61
malloc,odd,8,261,60
malloc,odd,8,262,71
malloc,odd,8,263,60
malloc,odd,8,264,60
malloc,odd,8,265,61
malloc,odd,8,266,511
malloc,odd,8,267,301
malloc,odd,8,268,210
malloc,odd,8,269,25037
malloc,odd,8,270,101
malloc,odd,8,271,180
malloc,odd,8,272,170
malloc,odd,8,273,210
malloc,odd,8,274,180
malloc,odd,8,275,181
malloc,odd,8,276,71
malloc,odd,8,277,61
malloc,odd,8,278,530
malloc,odd,8,279,100
malloc,odd,8,280,100
malloc,odd,8,281,100
malloc,odd,8,282,110
malloc,odd,8,283,100
malloc,odd,8,284,90
malloc,odd,8,285,100
malloc,odd,8,286,281
malloc,odd,8,287,181
malloc,odd,8,288,101
malloc,odd,8,289,100
malloc,odd,8,290,101
malloc,odd,8,291,91
malloc,odd,8,292,111
malloc,odd,8,293,110
malloc,odd,8,294,100
malloc,odd,8,295,111
malloc,odd,8,296,101
malloc,odd,8,297,100
malloc,odd,8,298,100
malloc,odd,8,299,110
malloc,odd,8,300,101
malloc,odd,8,301,100
malloc,odd,8,302,101
malloc,odd,8,303,100
malloc,odd,8,304,161
malloc,odd,8,305,190
malloc,odd,8,306,240
malloc,odd,8,307,171
malloc,odd,8,308,101
malloc,odd,8,309,301
malloc,odd,8,310,70
malloc,odd,8,311,61
malloc,odd,8,312,60
malloc,odd,8,313,70
malloc,odd,8,314,70
malloc,odd,8,315,80
malloc,odd,8,316,61
malloc,odd,8,317,70
malloc,odd,8,318,61
malloc,odd,8,319,61
malloc,odd,8,320,60
malloc,odd,8,321,61
malloc,odd,8,322,61
malloc,odd,8,323,61
malloc,odd,8,324,61
malloc,odd,8,325,61
malloc,odd,8,326,70
malloc,odd,8,327,61
malloc,odd,8,328,61
malloc,odd,8,329,571
malloc,odd,8,330,190
malloc,odd,8,331,70
malloc,odd,8,332,60
malloc,odd,8,333,70
malloc,odd,8,334,13666
malloc,odd,8,335,70
malloc,odd,8,336,70
malloc,odd,8,337,61
malloc,odd,8,338,61
malloc,odd,8,339,70
malloc,odd,8,340,61
malloc,odd,8,341,61
malloc,odd,8,342,60
malloc,odd,8,343,61
malloc,odd,8,344,61
malloc,odd,8,345,61
malloc,odd,8,346,70
malloc,odd,8,347,61
malloc,odd,8,348,61
malloc,odd,8,349,60
malloc,odd,8,350,60
malloc,odd,8,351,91
malloc,odd,8,352,200
malloc,odd,8,353,201
malloc,odd,8,354,210
malloc,odd,8,355,151
malloc,odd,8,356,61
malloc,odd,8,357,70
malloc,odd,8,358,60
malloc,odd,8,359,60
malloc,odd,8,360,61
malloc,odd,8,361,70
malloc,odd,8,362,60
malloc,odd,8,363,70
malloc,odd,8,364,80
malloc,odd,8,365,80
malloc,odd,8,366,80
malloc,odd,8,367,61
malloc,odd,8,368,61
malloc,odd,8,369,71
malloc,odd,8,370,70
malloc,odd,8,371,70
malloc,odd,8,372,61
malloc,odd,8,373,61
malloc,odd,8,374,60
malloc,odd,8,375,551
malloc,odd,8,376,201
malloc,odd,8,377,210
malloc,odd,8,378,130
malloc,odd,8,379,12704
malloc,odd,8,380,140
malloc,odd,8,381,91
malloc,odd,8,382,100
malloc,odd,8,383,131
malloc,odd,8,384,301
malloc,odd,8,385,672
malloc,odd,8,386,101
malloc,odd,8,387,101
malloc,odd,8,388,230
malloc,odd,8,389,101
malloc,odd,8,390,100
malloc,odd,8,391,110
malloc,odd,8,392,101
malloc,odd,8,393,191
malloc,odd,8,394,101
malloc,odd,8,395,110
malloc,odd,8,396,101
malloc,odd,8,397,190
malloc,odd,8,398,170
malloc,odd,8,399,110
clock_write_control,odd,8,0,70
clock_write_control,odd,8,1,190
clock_write_control,odd,8,2,160
clock_write_control,odd,8,3,161
clock_write_control,odd,8,4,170
clock_write_control,odd,8,5,161
clock_write_control,odd,8,6,60
clock_write_control,odd,8,7,60
clock_write_control,odd,8,8,70
clock_write_control,odd,8,9,50
clock_write_control,odd,8,10,61
clock_write_control,odd,8,11,60
clock_write_control,odd,8,12,141
clock_write_control,odd,8,13,61
clock_write_control,odd,8,14,61
clock_write_control,odd,8,15,41
clock_write_control,odd,8,16,51
clock_write_control,odd,8,17,120
clock_write_control,odd,8,18,341
clock_write_control,odd,8,19,70
clock_write_control,odd,8,20,70
clock_write_control,odd,8,21,60
clock_write_control,odd,8,22,80
clock_write_control,odd,8,23,70
clock_write_control,odd,8,24,51
clock_write_control,odd,8,25,70
clock_write_control,odd,8,26,60
clock_write_control,odd,8,27,60
clock_write_control,odd,8,28,60
clock_write_control,odd,8,29,50
clock_write_control,odd,8,30,60
clock_write_control,odd,8,31,241
clock_write_control,odd,8,32,170
clock_write_control,odd,8,33,50
clock_write_control,odd,8,34,51
clock_write_control,odd,8,35,60
clock_write_control,odd,8,36,70
clock_write_control,odd,8,37,60
clock_write_control,odd,8,38,60
clock_write_control,odd,8,39,51
clock_write_control,odd,8,40,50
clock_write_control,odd,8,41,51
clock_write_control,odd,8,42,50
clock_write_control,odd,8,43,60
clock_write_control,odd,8,44,60
clock_write_control,odd,8,45,61
clock_write_control,odd,8,46,360
clock_write_control,odd,8,47,50
clock_write_control,odd,8,48,50
clock_write_control,odd,8,49,60
clock_write_control,odd,8,50,60
clock_write_control,odd,8,51,41
clock_write_control,odd,8,52,60
clock_write_control,odd,8,53,261
clock_write_control,odd,8,54,150
clock_write_control,odd,8,55,160
clock_write_control,odd,8,56,160
clock_write_control,odd,8,57,171
clock_write_control,odd,8,58,60
clock_write_control,odd,8,59,51
clock_write_control,odd,8,60,70
clock_write_control,odd,8,61,171
clock_write_control,odd,8,62,50
clock_write_control,odd,8,63,70
clock_write_control,odd,8,64,60
clock_write_control,odd,8,65,50
clock_write_control,odd,8,66,71
clock_write_control,odd,8,67,70
clock_write_control,odd,8,68,70
clock_write_control,odd,8,69,70
clock_write_control,odd,8,70,70
clock_write_control,odd,8,71,60
clock_write_control,odd,8,72,60
clock_write_control,odd,8,73,70
clock_write_control,odd,8,74,80
clock_write_control,odd,8,75,71
clock_write_control,odd,8,76,80
clock_write_control,odd,8,77,60
clock_write_control,odd,8,78,60
clock_write_control,odd,8,79,451
clock_write_control,odd,8,80,171
clock_write_control,odd,8,81,50
clock_write_control,odd,8,82,50
clock_write_control,odd,8,83,50
clock_write_control,odd,8,84,60
clock_write_control,odd,8,85,60
clock_write_control,odd,8,86,51
clock_write_control,odd,8,87,61
clock_write_control,odd,8,88,60
clock_write_control,odd,8,89,100
clock_write_control,odd,8,90,60
clock_write_control,odd,8,91,81
clock_write_control,odd,8,92,60
clock_write_control,odd,8,93,70
clock_write_control,odd,8,94,20749
clock_write_control,odd,8,95,61
clock_write_control,odd,8,96,50
clock_write_control,odd,8,97,70
clock_write_control,odd,8,98,80
clock_write_control,odd,8,99,60
clock_write_control,odd,8,100,50
clock_write_control,odd,8,101,60
clock_write_control,odd,8,102,250
clock_write_control,odd,8,103,160
clock_write_control,odd,8,104,201
clock_write_control,odd,8,105,260
clock_write_control,odd,8,106,161
clock_write_control,odd,8,107,50
clock_write_control,odd,8,108,70
clock_write_control,odd,8,109,50
clock_write_control,odd,8,110,70
clock_write_control,odd,8,111,230
clock_write_control,odd,8,112,70
clock_write_control,odd,8,113,70
clock_write_control,odd,8,114,50
clock_write_control,odd,8,115,70
clock_write_control,odd,8,116,61
clock_write_control,odd,8,117,61
clock_write_control,odd,8,118,60
clock_write_control,odd,8,119,60
clock_write_control,odd,8,120,70
clock_write_control,odd,8,121,60
clock_write_control,odd,8,122,51
clock_write_control,odd,8,123,50
clock_write_control,odd,8,124,60
clock_write_control,odd,8,125,80
clock_write_control,odd,8,126,70
clock_write_control,odd,8,127,200
clock_write_control,odd,8,128,160
clock_write_control,odd,8,129,151
clock_write_control,odd,8,130,161
clock_write_control,odd,8,131,501
clock_write_control,odd,8,132,191
clock_write_control,odd,8,133,50
clock_write_control,odd,8,134,171
clock_write_control,odd,8,135,341
clock_write_control,odd,8,136,41
clock_write_control,odd,8,137,41
clock_write_control,odd,8,138,41
clock_write_control,odd,8,139,41
clock_write_control,odd,8,140,41
clock_write_control,odd,8,141,41
clock_write_control,odd,8,142,15449
clock_write_control,odd,8,143,41
clock_write_control,odd,8,144,41
clock_write_control,odd,8,145,41
clock_write_control,odd,8,146,41
clock_write_control,odd,8,147,41
clock_write_control,odd,8,148,41
clock_write_control,odd,8,149,41
clock_write_control,odd,8,150,41
clock_write_control,odd,8,151,41
clock_write_control,odd,8,152,41
clock_write_control,odd,8,153,41
clock_write_control,odd,8,154,41
clock_write_control,odd,8,155,161
clock_write_control,odd,8,156,160
clock_write_control,odd,8,157,161
clock_write_control,odd,8,158,160
clock_write_control,odd,8,159,70
clock_write_control,odd,8,160,131
clock_write_control,odd,8,161,41
clock_write_control,odd,8,162,41
clock_write_control,odd,8,163,41
clock_write_control,odd,8,164,41
clock_write_control,odd,8,165,41
clock_write_control,odd,8,166,41
clock_write_control,odd,8,167,41
clock_write_control,odd,8,168,41
clock_write_control,odd,8,169,41
clock_write_control,odd,8,170,41
clock_write_control,odd,8,171,511
clock_write_control,odd,8,172,90
clock_write_control,odd,8,173,41
clock_write_control,odd,8,174,51
clock_write_control,odd,8,175,541
clock_write_control,odd,8,176,41
clock_write_control,odd,8,177,41
clock_write_control,odd,8,178,41
clock_write_control,odd,8,179,41
clock_write_control,odd,8,180,171
clock_write_control,odd,8,181,161
clock_write_control,odd,8,182,160
clock_write_control,odd,8,183,161
clock_write_control,odd,8,184,501
clock_write_control,odd,8,185,150
clock_write_control,odd,8,186,41
clock_write_control,odd,8,187,41
clock_write_control,odd,8,188,41
clock_write_control,odd,8,189,41
clock_write_control,odd,8,190,41
clock_write_control,odd,8,191,12443
clock_write_control,odd,8,192,41
clock_write_control,odd,8,193,41
clock_write_control,odd,8,194,41
clock_write_control,odd,8,195,41
clock_write_control,odd,8,196,41
clock_write_control,odd,8,197,41
clock_write_control,odd,8,198,41
clock_write_control,odd,8,199,41
clock_write_control,odd,8,200,41
clock_write_control,odd,8,201,131
clock_write_control,odd,8,202,41
clock_write_control,odd,8,203,41
clock_write_control,odd,8,204,41
clock_write_control,odd,8,205,41
clock_write_control,odd,8,206,41
clock_write_control,odd,8,207,41
clock_write_control,odd,8,208,41
clock_write_control,odd,8,209,741
clock_write_control,odd,8,210,170
clock_write_control,odd,8,211,201
clock_write_control,odd,8,212,41
clock_write_control,odd,8,213,41
clock_write_control,odd,8,214,41
clock_write_control,odd,8,215,41
clock_write_control,odd,8,216,41
clock_write_control,odd,8,217,41
clock_write_control,odd,8,218,41
clock_write_control,odd,8,219,531
clock_write_control,odd,8,220,130
clock_write_control,odd,8,221,41
clock_write_control,odd,8,222,50
clock_write_control,odd,8,223,50
clock_write_control,odd,8,224,41
clock_write_control,odd,8,225,41
clock_write_control,odd,8,226,41
clock_write_control,odd,8,227,41
clock_write_control,odd,8,228,41
clock_write_control,odd,8,229,41
clock_write_control,odd,8,230,41
clock_write_control,odd,8,231,41
clock_write_control,odd,8,232,41
clock_write_control,odd,8,233,41
clock_write_control,odd,8,234,531
clock_write_control,odd,8,235,160
clock_write_control,odd,8,236,161
clock_write_control,odd,8,237,160
clock_write_control,odd,8,238,161
clock_write_control,odd,8,239,691
clock_write_control,odd,8,240,60
clock_write_control,odd,8,241,41
clock_write_control,odd,8,242,41
clock_write_control,odd,8,243,41
clock_write_control,odd,8,244,11982
clock_write_control,odd,8,245,41
clock_write_control,odd,8,246,41
clock_write_control,odd,8,247,41
clock_write_control,odd,8,248,41
clock_write_control,odd,8,249,41
clock_write_control,odd,8,250,41
clock_write_control,odd,8,251,41
clock_write_control,odd,8,252,41
clock_write_control,odd,8,253,41
clock_write_control,odd,8,254,41
clock_write_control,odd,8,255,41
clock_write_control,odd,8,256,41
clock_write_control,odd,8,257,41
clock_write_control,odd,8,258,41
clock_write_control,odd,8,259,41
clock_write_control,odd,8,260,41
clock_write_control,odd,8,261,541
clock_write_control,odd,8,262,491
clock_write_control,odd,8,263,161
clock_write_control,odd,8,264,170
clock_write_control,odd,8,265,41
clock_write_control,odd,8,266,41
clock_write_control,odd,8,267,41
clock_write_control,odd,8,268,41
clock_write_control,odd,8,269,41
clock_write_control,odd,8,270,41
clock_write_control,odd,8,271,41
clock_write_control,odd,8,272,41
clock_write_control,odd,8,273,41
clock_write_control,odd,8,274,41
clock_write_control,odd,8,275,41
clock_write_control,odd,8,276,41
clock_write_control,odd,8,277,41
clock_write_control,odd,8,278,41
clock_write_control,odd,8,279,41
clock_write_control,odd,8,280,41
clock_write_control,odd,8,281,41
clock_write_control,odd,8,282,41
clock_write_control,odd,8,283,41
clock_write_control,odd,8,284,41
clock_write_control,odd,8,285,41
clock_write_control,odd,8,286,41
clock_write_control,odd,8,287,41
clock_write_control,odd,8,288,190
clock_write_control,odd,8,289,170
clock_write_control,odd,8,290,150
clock_write_control,odd,8,291,161
clock_write_control,odd,8,292,351
clock_write_control,odd,8,293,170
clock_write_control,odd,8,294,161
clock_write_control,odd,8,295,111
clock_write_control,odd,8,296,13285
clock_write_control,odd,8,297,41
clock_write_control,odd,8,298,41
clock_write_control,odd,8,299,41
clock_write_control,odd,8,300,41
clock_write_control,odd,8,301,41
clock_write_control,odd,8,302,41
clock_write_control,odd,8,303,41
clock_write_control,odd,8,304,41
clock_write_control,odd,8,305,41
clock_write_control,odd,8,306,41
clock_write_control,odd,8,307,41
clock_write_control,odd,8,308,41
clock_write_control,odd,8,309,41
clock_write_control,odd,8,310,41
clock_write_control,odd,8,311,41
clock_write_control,odd,8,312,41
clock_write_control,odd,8,313,41
clock_write_control,odd,8,314,41
clock_write_control,odd,8,315,41
clock_write_control,odd,8,316,41
clock_write_control,odd,8,317,531
clock_write_control,odd,8,318,171
clock_write_control,odd,8,319,41
clock_write_control,odd,8,320,41
clock_write_control,odd,8,321,41
clock_write_control,odd,8,322,41
clock_write_control,odd,8,323,41
clock_write_control,odd,8,324,41
clock_write_control,odd,8,325,41
clock_write_control,odd,8,326,41
clock_write_control,odd,8,327,41
clock_write_control,odd,8,328,41
clock_write_control,odd,8,329,41
clock_write_control,odd,8,330,41
clock_write_control,odd,8,331,41
clock_write_control,odd,8,332,51
clock_write_control,odd,8,333,51
clock_write_control,odd,8,334,51
clock_write_control,odd,8,335,50
clock_write_control,odd,8,336,41
clock_write_control,odd,8,337,41
clock_write_control,odd,8,338,41
clock_write_control,odd,8,339,41
clock_write_control,odd,8,340,41
clock_write_control,odd,8,341,41
clock_write_control,odd,8,342,41
clock_write_control,odd,8,343,41
clock_write_control,odd,8,344,41
clock_write_control,odd,8,345,622
clock_write_control,odd,8,346,160
clock_write_control,odd,8,347,161
clock_write_control,odd,8,348,221
clock_write_control,odd,8,349,280
clock_write_control,odd,8,350,151
clock_write_control,odd,8,351,171
clock_write_control,odd,8,352,160
clock_write_control,odd,8,353,50
clock_write_control,odd,8,354,50
clock_write_control,odd,8,355,50
clock_write_control,odd,8,356,51
clock_write_control,odd,8,357,50
clock_write_control,odd,8,358,41
clock_write_control,odd,8,359,61
clock_write_control,odd,8,360,60
clock_write_control,odd,8,361,140
clock_write_control,odd,8,362,61
clock_write_control,odd,8,363,70
clock_write_control,odd,8,364,60
clock_write_control,odd,8,365,50
clock_write_control,odd,8,366,41
clock_write_control,odd,8,367,251
clock_write_control,odd,8,368,181
clock_write_control,odd,8,369,80
clock_write_control,odd,8,370,61
clock_write_control,odd,8,371,41
clock_write_control,odd,8,372,60
clock_write_control,odd,8,373,60
clock_write_control,odd,8,374,70
clock_write_control,odd,8,375,50
clock_write_control,odd,8,376,50
clock_write_control,odd,8,377,50
clock_write_control,odd,8,378,60
clock_write_control,odd,8,379,60
clock_write_control,odd,8,380,60
clock_write_control,odd,8,381,521
clock_write_control,odd,8,382,210
clock_write_control,odd,8,383,161
clock_write_control,odd,8,384,130
clock_write_control,odd,8,385,150
clock_write_control,odd,8,386,61
clock_write_control,odd,8,387,60
clock_write_control,odd,8,388,50
clock_write_control,odd,8,389,70
clock_write_control,odd,8,390,60
clock_write_control,odd,8,391,130
clock_write_control,odd,8,392,60
clock_write_control,odd,8,393,140
clock_write_control,odd,8,394,150
clock_write_control,odd,8,395,140
clock_write_control,odd,8,396,160
clock_write_control,odd,8,397,251
clock_write_control,odd,8,398,491
clock_write_control,odd,8,399,181
pool,odd,8,0,60
pool,odd,8,1,41
pool,odd,8,2,41
pool,odd,8,3,41
pool,odd,8,4,41
pool,odd,8,5,41
pool,odd,8,6,41
pool,odd,8,7,41
pool,odd,8,8,41
pool,odd,8,9,41
pool,odd,8,10,41
pool,odd,8,11,221
pool,odd,8,12,160
pool,odd,8,13,161
pool,odd,8,14,161
pool,odd,8,15,50
pool,odd,8,16,41
pool,odd,8,17,41
pool,odd,8,18,51
pool,odd,8,19,50
pool,odd,8,20,51
pool,odd,8,21,51
pool,odd,8,22,50
pool,odd,8,23,41
pool,odd,8,24,41
pool,odd,8,25,41
pool,odd,8,26,41
pool,odd,8,27,41
pool,odd,8,28,41
pool,odd,8,29,41
pool,odd,8,30,41
pool,odd,8,31,41
pool,odd,8,32,41
pool,odd,8,33,41
pool,odd,8,34,41
pool,odd,8,35,41
pool,odd,8,36,41
pool,odd,8,37,41
pool,odd,8,38,160
pool,odd,8,39,160
pool,odd,8,40,141
pool,odd,8,41,170
pool,odd,8,42,120
pool,odd,8,43,41
pool,odd,8,44,41
pool,odd,8,45,41
pool,odd,8,46,41
pool,odd,8,47,41
pool,odd,8,48,41
pool,odd,8,49,41
pool,odd,8,50,41
pool,odd,8,51,41
pool,odd,8,52,41
pool,odd,8,53,41
pool,odd,8,54,41
pool,odd,8,55,41
pool,odd,8,56,41
pool,odd,8,57,41
pool,odd,8,58,41
pool,odd,8,59,41
pool,odd,8,60,41
pool,odd,8,61,41
pool,odd,8,62,41
pool,odd,8,63,41
pool,odd,8,64,41
pool,odd,8,65,541
pool,odd,8,66,160
pool,odd,8,67,50
pool,odd,8,68,41
pool,odd,8,69,41
pool,odd,8,70,41
pool,odd,8,71,41
pool,odd,8,72,41
pool,odd,8,73,41
pool,odd,8,74,41
pool,odd,8,75,41
pool,odd,8,76,41
pool,odd,8,77,41
pool,odd,8,78,41
pool,odd,8,79,41
pool,odd,8,80,41
pool,odd,8,81,41
pool,odd,8,82,41
pool,odd,8,83,41
pool,odd,8,84,41
pool,odd,8,85,41
pool,odd,8,86,41
pool,odd,8,87,41
pool,odd,8,88,41
pool,odd,8,89,41
pool,odd,8,90,160
pool,odd,8,91,161
pool,odd,8,92,151
pool,odd,8,93,161
pool,odd,8,94,130
pool,odd,8,95,200
pool,odd,8,96,160
pool,odd,8,97,41
pool,odd,8,98,41
pool,odd,8,99,41
pool,odd,8,100,41
pool,odd,8,101,41
pool,odd,8,102,41
pool,odd,8,103,41
pool,odd,8,104,41
pool,odd,8,105,41
pool,odd,8,106,41
pool,odd,8,107,41
pool,odd,8,108,41
pool,odd,8,109,41
pool,odd,8,110,41
pool,odd,8,111,41
pool,odd,8,112,41
pool,odd,8,113,41
pool,odd,8,114,41
pool,odd,8,115,41
pool,odd,8,116,41
pool,odd,8,117,641
pool,odd,8,118,161
pool,odd,8,119,51
pool,odd,8,120,50
pool,odd,8,121,51
pool,odd,8,122,41
pool,odd,8,123,41
pool,odd,8,124,41
pool,odd,8,125,41
pool,odd,8,126,41
pool,odd,8,127,41
pool,odd,8,128,41
pool,odd,8,129,41
pool,odd,8,130,41
pool,odd,8,131,41
pool,odd,8,132,41
pool,odd,8,133,41
pool,odd,8,134,41
pool,odd,8,135,41
pool,odd,8,136,41
pool,odd,8,137,41
pool,odd,8,138,41
pool,odd,8,139,41
pool,odd,8,140,41
pool,odd,8,141,41
pool,odd,8,142,9277
pool,odd,8,143,140
pool,odd,8,144,161
pool,odd,8,145,541
pool,odd,8,146,171
pool,odd,8,147,150
pool,odd,8,148,160
pool,odd,8,149,161
pool,odd,8,150,211
pool,odd,8,151,60
pool,odd,8,152,50
pool,odd,8,153,50
pool,odd,8,154,150
pool,odd,8,155,61
pool,odd,8,156,50
pool,odd,8,157,70
pool,odd,8,158,60
pool,odd,8,159,41
pool,odd,8,160,70
pool,odd,8,161,41
pool,odd,8,162,41
pool,odd,8,163,121
pool,odd,8,164,41
pool,odd,8,165,41
pool,odd,8,166,41
pool,odd,8,167,41
pool,odd,8,168,41
pool,odd,8,169,191
pool,odd,8,170,171
pool,odd,8,171,41
pool,odd,8,172,41
pool,odd,8,173,41
pool,odd,8,174,41
pool,odd,8,175,41
pool,odd,8,176,41
pool,odd,8,177,41
pool,odd,8,178,41
pool,odd,8,179,41
pool,odd,8,180,41
pool,odd,8,181,41
pool,odd,8,182,41
pool,odd,8,183,41
pool,odd,8,184,41
pool,odd,8,185,41
pool,odd,8,186,41
pool,odd,8,187,41
pool,odd,8,188,41
pool,odd,8,189,41
pool,odd,8,190,41
pool,odd,8,191,41
pool,odd,8,192,14137
pool,odd,8,193,41
pool,odd,8,194,531
pool,odd,8,195,160
pool,odd,8,196,170
pool,odd,8,197,161
pool,odd,8,198,60
pool,odd,8,199,60
pool,odd,8,200,110
pool,odd,8,201,41
pool,odd,8,202,41
pool,odd,8,203,41
pool,odd,8,204,41
pool,odd,8,205,41
pool,odd,8,206,41
pool,odd,8,207,41
pool,odd,8,208,41
pool,odd,8,209,41
pool,odd,8,210,41
pool,odd,8,211,41
pool,odd,8,212,41
pool,odd,8,213,41
pool,odd,8,214,41
pool,odd,8,215,41
pool,odd,8,216,41
pool,odd,8,217,41
pool,odd,8,218,41
pool,odd,8,219,41
pool,odd,8,220,41
pool,odd,8,221,551
pool,odd,8,222,170
pool,odd,8,223,41
pool,odd,8,224,41
pool,odd,8,225,41
pool,odd,8,226,41
pool,odd,8,227,41
pool,odd,8,228,41
pool,odd,8,229,41
pool,odd,8,230,41
pool,odd,8,231,41
pool,odd,8,232,41
pool,odd,8,233,41
pool,odd,8,234,41
pool,odd,8,235,41
pool,odd,8,236,41
pool,odd,8,237,41
pool,odd,8,238,41
pool,odd,8,239,41
pool,odd,8,240,41
pool,odd,8,241,41
pool,odd,8,242,41
pool,odd,8,243,8396
pool,odd,8,244,41
pool,odd,8,245,41
pool,odd,8,246,150
pool,odd,8,247,160
pool,odd,8,248,161
pool,odd,8,249,160
pool,odd,8,250,541
pool,odd,8,251,201
pool,odd,8,252,41
pool,odd,8,253,41
pool,odd,8,254,531
pool,odd,8,255,50
pool,odd,8,256,101
pool,odd,8,257,41
pool,odd,8,258,41
pool,odd,8,259,41
pool,odd,8,260,41
pool,odd,8,261,41
pool,odd,8,262,41
pool,odd,8,263,41
pool,odd,8,264,41
pool,odd,8,265,41
pool,odd,8,266,41
pool,odd,8,267,41
pool,odd,8,268,41
pool,odd,8,269,41
pool,odd,8,270,41
pool,odd,8,271,41
pool,odd,8,272,41
pool,odd,8,273,531
pool,odd,8,274,160
pool,odd,8,275,41
pool,odd,8,276,41
pool,odd,8,277,41
pool,odd,8,278,41
pool,odd,8,279,41
pool,odd,8,280,41
pool,odd,8,281,41
pool,odd,8,282,41
pool,odd,8,283,41
pool,odd,8,284,41
pool,odd,8,285,41
pool,odd,8,286,41
pool,odd,8,287,41
pool,odd,8,288,41
pool,odd,8,289,41
pool,odd,8,290,41
pool,odd,8,291,41
pool,odd,8,292,41
pool,odd,8,293,41
pool,odd,8,294,41
pool,odd,8,295,9028
pool,odd,8,296,41
pool,odd,8,297,41
pool,odd,8,298,541
pool,odd,8,299,150
pool,odd,8,300,170
pool,odd,8,301,171
pool,odd,8,302,160
pool,odd,8,303,41
pool,odd,8,304,41
pool,odd,8,305,201
pool,odd,8,306,51
pool,odd,8,307,50
pool,odd,8,308,60
pool,odd,8,309,51
pool,odd,8,310,41
pool,odd,8,311,110
pool,odd,8,312,80
pool,odd,8,313,41
pool,odd,8,314,41
pool,odd,8,315,41
pool,odd,8,316,41
pool,odd,8,317,41
pool,odd,8,318,41
pool,odd,8,319,41
pool,odd,8,320,41
pool,odd,8,321,41
pool,odd,8,322,41
pool,odd,8,323,41
pool,odd,8,324,541
pool,odd,8,325,201
pool,odd,8,326,50
pool,odd,8,327,41
pool,odd,8,328,41
pool,odd,8,329,41
pool,odd,8,330,41
pool,odd,8,331,41
pool,odd,8,332,41
pool,odd,8,333,41
pool,odd,8,334,41
pool,odd,8,335,41
pool,odd,8,336,41
pool,odd,8,337,41
pool,odd,8,338,41
pool,odd,8,339,41
pool,odd,8,340,41
pool,odd,8,341,41
pool,odd,8,342,41
pool,odd,8,343,41
pool,odd,8,344,41
pool,odd,8,345,41
pool,odd,8,346,41
pool,odd,8,347,41
pool,odd,8,348,41
pool,odd,8,349,200
pool,odd,8,350,161
pool,odd,8,351,160
pool,odd,8,352,161
pool,odd,8,353,180
pool,odd,8,354,531
pool,odd,8,355,121
pool,odd,8,356,41
pool,odd,8,357,41
pool,odd,8,358,41
pool,odd,8,359,41
pool,odd,8,360,41
pool,odd,8,361,41
pool,odd,8,362,41
pool,odd,8,363,41
pool,odd,8,364,41
pool,odd,8,365,41
pool,odd,8,366,41
pool,odd,8,367,41
pool,odd,8,368,41
pool,odd,8,369,41
pool,odd,8,370,41
pool,odd,8,371,41
pool,odd,8,372,41
pool,odd,8,373,41
pool,odd,8,374,41
pool,odd,8,375,50
pool,odd,8,376,160
pool,odd,8,377,200
pool,odd,8,378,41
pool,odd,8,379,41
pool,odd,8,380,41
pool,odd,8,381,41
pool,odd,8,382,41
pool,odd,8,383,41
pool,odd,8,384,41
pool,odd,8,385,41
pool,odd,8,386,41
pool,odd,8,387,41
pool,odd,8,388,41
pool,odd,8,389,41
pool,odd,8,390,41
pool,odd,8,391,41
pool,odd,8,392,41
pool,odd,8,393,41
pool,odd,8,394,41
pool,odd,8,395,41
pool,odd,8,396,41
pool,odd,8,397,81
pool,odd,8,398,41
pool,odd,8,399,41
stack,odd,8,0,60
stack,odd,8,1,41
stack,odd,8,2,41
stack,odd,8,3,41
stack,odd,8,4,41
stack,odd,8,5,41
stack,odd,8,6,41
stack,odd,8,7,41
stack,odd,8,8,41
stack,odd,8,9,41
stack,odd,8,10,41
stack,odd,8,11,41
stack,odd,8,12,41
stack,odd,8,13,41
stack,odd,8,14,41
stack,odd,8,15,110
stack,odd,8,16,41
stack,odd,8,17,41
stack,odd,8,18,41
stack,odd,8,19,200
stack,odd,8,20,161
stack,odd,8,21,240
stack,odd,8,22,170
stack,odd,8,23,160
stack,odd,8,24,41
stack,odd,8,25,41
stack,odd,8,26,41
stack,odd,8,27,41
stack,odd,8,28,41
stack,odd,8,29,41
stack,odd,8,30,41
stack,odd,8,31,41
stack,odd,8,32,41
stack,odd,8,33,41
stack,odd,8,34,41
stack,odd,8,35,41
stack,odd,8,36,41
stack,odd,8,37,41
stack,odd,8,38,41
stack,odd,8,39,41
stack,odd,8,40,41
stack,odd,8,41,41
stack,odd,8,42,41
stack,odd,8,43,41
stack,odd,8,44,41
stack,odd,8,45,41
stack,odd,8,46,41
stack,odd,8,47,41
stack,odd,8,48,200
stack,odd,8,49,150
stack,odd,8,50,51
stack,odd,8,51,50
stack,odd,8,52,51
stack,odd,8,53,41
stack,odd,8,54,70
stack,odd,8,55,50
stack,odd,8,56,120
stack,odd,8,57,41
stack,odd,8,58,41
stack,odd,8,59,41
stack,odd,8,60,41
stack,odd,8,61,41
stack,odd,8,62,541
stack,odd,8,63,41
stack,odd,8,64,41
stack,odd,8,65,41
stack,odd,8,66,531
stack,odd,8,67,341
stack,odd,8,68,160
stack,odd,8,69,140
stack,odd,8,70,160
stack,odd,8,71,151
stack,odd,8,72,210
stack,odd,8,73,170
stack,odd,8,74,41
stack,odd,8,75,41
stack,odd,8,76,41
stack,odd,8,77,41
stack,odd,8,78,41
stack,odd,8,79,41
stack,odd,8,80,41
stack,odd,8,81,41
stack,odd,8,82,41
stack,odd,8,83,41
stack,odd,8,84,41
stack,odd,8,85,41
stack,odd,8,86,41
stack,odd,8,87,41
stack,odd,8,88,41
stack,odd,8,89,41
stack,odd,8,90,41
stack,odd,8,91,41
stack,odd,8,92,41
stack,odd,8,93,41
stack,odd,8,94,41
stack,odd,8,95,41
stack,odd,8,96,41
stack,odd,8,97,190
stack,odd,8,98,161
stack,odd,8,99,41
stack,odd,8,100,41
stack,odd,8,101,41
stack,odd,8,102,41
stack,odd,8,103,41
stack,odd,8,104,41
stack,odd,8,105,41
stack,odd,8,106,41
stack,odd,8,107,41
stack,odd,8,108,41
stack,odd,8,109,41
stack,odd,8,110,41
stack,odd,8,111,41
stack,odd,8,112,41
stack,odd,8,113,41
stack,odd,8,114,41
stack,odd,8,115,110
stack,odd,8,116,41
stack,odd,8,117,41
stack,odd,8,118,41
stack,odd,8,119,41
stack,odd,8,120,41
stack,odd,8,121,41
stack,odd,8,122,190
stack,odd,8,123,161
stack,odd,8,124,161
stack,odd,8,125,161
stack,odd,8,126,41
stack,odd,8,127,41
stack,odd,8,128,41
stack,odd,8,129,41
stack,odd,8,130,41
stack,odd,8,131,41
stack,odd,8,132,41
stack,odd,8,133,41
stack,odd,8,134,41
stack,odd,8,135,11552
stack,odd,8,136,41
stack,odd,8,137,41
stack,odd,8,138,41
stack,odd,8,139,41
stack,odd,8,140,41
stack,odd,8,141,41
stack,odd,8,142,41
stack,odd,8,143,51
stack,odd,8,144,51
stack,odd,8,145,50
stack,odd,8,146,531
stack,odd,8,147,200
stack,odd,8,148,161
stack,odd,8,149,171
stack,odd,8,150,120
stack,odd,8,151,41
stack,odd,8,152,41
stack,odd,8,153,41
stack,odd,8,154,41
stack,odd,8,155,41
stack,odd,8,156,41
stack,odd,8,157,41
stack,odd,8,158,41
stack,odd,8,159,41
stack,odd,8,160,41
stack,odd,8,161,41
stack,odd,8,162,41
stack,odd,8,163,41
stack,odd,8,164,41
stack,odd,8,165,41
stack,odd,8,166,41
stack,odd,8,167,41
stack,odd,8,168,41
stack,odd,8,169,41
stack,odd,8,170,41
stack,odd,8,171,41
stack,odd,8,172,41
stack,odd,8,173,541
stack,odd,8,174,160
stack,odd,8,175,41
stack,odd,8,176,41
stack,odd,8,177,41
stack,odd,8,178,41
stack,odd,8,179,41
stack,odd,8,180,41
stack,odd,8,181,41
stack,odd,8,182,41
stack,odd,8,183,41
stack,odd,8,184,41
stack,odd,8,185,41
stack,odd,8,186,41
stack,odd,8,187,41
stack,odd,8,188,41
stack,odd,8,189,41
stack,odd,8,190,41
stack,odd,8,191,41
stack,odd,8,192,41
stack,odd,8,193,41
stack,odd,8,194,50
stack,odd,8,195,41
stack,odd,8,196,41
stack,odd,8,197,41
stack,odd,8,198,531
stack,odd,8,199,161
stack,odd,8,200,241
stack,odd,8,201,160
stack,odd,8,202,161
stack,odd,8,203,41
stack,odd,8,204,41
stack,odd,8,205,41
stack,odd,8,206,41
stack,odd,8,207,41
stack,odd,8,208,41
stack,odd,8,209,41
stack,odd,8,210,41
stack,odd,8,211,41
stack,odd,8,212,41
stack,odd,8,213,41
stack,odd,8,214,41
stack,odd,8,215,100
stack,odd,8,216,41
stack,odd,8,217,41
stack,odd,8,218,41
stack,odd,8,219,41
stack,odd,8,220,41
stack,odd,8,221,41
stack,odd,8,222,41
stack,odd,8,223,41
stack,odd,8,224,41
stack,odd,8,225,200
stack,odd,8,226,160
stack,odd,8,227,41
stack,odd,8,228,41
stack,odd,8,229,41
stack,odd,8,230,41
stack,odd,8,231,41
stack,odd,8,232,41
stack,odd,8,233,41
stack,odd,8,234,41
stack,odd,8,235,41
stack,odd,8,236,41
stack,odd,8,237,41
stack,odd,8,238,41
stack,odd,8,239,41
stack,odd,8,240,41
stack,odd,8,241,41
stack,odd,8,242,41
stack,odd,8,243,41
stack,odd,8,244,41
stack,odd,8,245,41
stack,odd,8,246,41
stack,odd,8,247,41
stack,odd,8,248,41
stack,odd,8,249,41
stack,odd,8,250,561
stack,odd,8,251,200
stack,odd,8,252,201
stack,odd,8,253,181
stack,odd,8,254,181
stack,odd,8,255,41
stack,odd,8,256,41
stack,odd,8,257,41
stack,odd,8,258,41
stack,odd,8,259,41
stack,odd,8,260,41
stack,odd,8,261,41
stack,odd,8,262,41
stack,odd,8,263,41
stack,odd,8,264,41
stack,odd,8,265,41
stack,odd,8,266,41
stack,odd,8,267,90
stack,odd,8,268,41
stack,odd,8,269,41
stack,odd,8,270,41
stack,odd,8,271,41
stack,odd,8,272,41
stack,odd,8,273,41
stack,odd,8,274,41
stack,odd,8,275,41
stack,odd,8,276,541
stack,odd,8,277,261
stack,odd,8,278,50
stack,odd,8,279,41
stack,odd,8,280,41
stack,odd,8,281,41
stack,odd,8,282,41
stack,odd,8,283,41
stack,odd,8,284,41
stack,odd,8,285,41
stack,odd,8,286,41
stack,odd,8,287,41
stack,odd,8,288,41
stack,odd,8,289,41
stack,odd,8,290,41
stack,odd,8,291,41
stack,odd,8,292,41
stack,odd,8,293,41
stack,odd,8,294,41
stack,odd,8,295,41
stack,odd,8,296,41
stack,odd,8,297,41
stack,odd,8,298,41
stack,odd,8,299,41
stack,odd,8,300,41
stack,odd,8,301,41
stack,odd,8,302,551
stack,odd,8,303,270
stack,odd,8,304,160
stack,odd,8,305,241
stack,odd,8,306,150
stack,odd,8,307,41
stack,odd,8,308,41
stack,odd,8,309,41
stack,odd,8,310,41
stack,odd,8,311,41
stack,odd,8,312,41
stack,odd,8,313,41
stack,odd,8,314,41
stack,odd,8,315,41
stack,odd,8,316,41
stack,odd,8,317,41
stack,odd,8,318,11271
stack,odd,8,319,41
stack,odd,8,320,41
stack,odd,8,321,41
stack,odd,8,322,41
stack,odd,8,323,41
stack,odd,8,324,41
stack,odd,8,325,41
stack,odd,8,326,41
stack,odd,8,327,41
stack,odd,8,328,41
stack,odd,8,329,201
stack,odd,8,330,170
stack,odd,8,331,130
stack,odd,8,332,41
stack,odd,8,333,41
stack,odd,8,334,41
stack,odd,8,335,41
stack,odd,8,336,41
stack,odd,8,337,41
stack,odd,8,338,41
stack,odd,8,339,41
stack,odd,8,340,41
stack,odd,8,341,41
stack,odd,8,342,41
stack,odd,8,343,41
stack,odd,8,344,41
stack,odd,8,345,41
stack,odd,8,346,41
stack,odd,8,347,41
stack,odd,8,348,41
stack,odd,8,349,51
stack,odd,8,350,51
stack,odd,8,351,41
stack,odd,8,352,41
stack,odd,8,353,41
stack,odd,8,354,41
stack,odd,8,355,151
stack,odd,8,356,170
stack,odd,8,357,231
stack,odd,8,358,411
stack,odd,8,359,301
stack,odd,8,360,50
stack,odd,8,361,251
stack,odd,8,362,190
stack,odd,8,363,61
stack,odd,8,364,51
stack,odd,8,365,180
stack,odd,8,366,160
stack,odd,8,367,161
stack,odd,8,368,61
stack,odd,8,369,50
stack,odd,8,370,50
stack,odd,8,371,261
stack,odd,8,372,191
stack,odd,8,373,41
stack,odd,8,374,41
stack,odd,8,375,41
stack,odd,8,376,41
stack,odd,8,377,41
stack,odd,8,378,200
stack,odd,8,379,150
stack,odd,8,380,230
stack,odd,8,381,41
stack,odd,8,382,41
stack,odd,8,383,541
stack,odd,8,384,160
stack,odd,8,385,171
stack,odd,8,386,170
stack,odd,8,387,150
stack,odd,8,388,160
stack,odd,8,389,161
stack,odd,8,390,170
stack,odd,8,391,240
stack,odd,8,392,170
stack,odd,8,393,230
stack,odd,8,394,160
stack,odd,8,395,171
stack,odd,8,396,150
stack,odd,8,397,161
stack,odd,8,398,110
stack,odd,8,399,571
arena,odd,8,0,60
arena,odd,8,1,41
arena,odd,8,2,41
arena,odd,8,3,41
arena,odd,8,4,41
arena,odd,8,5,41
arena,odd,8,6,41
arena,odd,8,7,41
arena,odd,8,8,41
arena,odd,8,9,41
arena,odd,8,10,41
arena,odd,8,11,41
arena,odd,8,12,41
arena,odd,8,13,41
arena,odd,8,14,41
arena,odd,8,15,50
arena,odd,8,16,41
arena,odd,8,17,41
arena,odd,8,18,41
arena,odd,8,19,61
arena,odd,8,20,160
arena,odd,8,21,161
arena,odd,8,22,190
arena,odd,8,23,160
arena,odd,8,24,41
arena,odd,8,25,41
arena,odd,8,26,41
arena,odd,8,27,41
arena,odd,8,28,41
arena,odd,8,29,41
arena,odd,8,30,41
arena,odd,8,31,17503
arena,odd,8,32,122
arena,odd,8,33,41
arena,odd,8,34,41
arena,odd,8,35,41
arena,odd,8,36,41
arena,odd,8,37,41
arena,odd,8,38,41
arena,odd,8,39,41
arena,odd,8,40,41
arena,odd,8,41,41
arena,odd,8,42,41
arena,odd,8,43,41
arena,odd,8,44,41
arena,odd,8,45,41
arena,odd,8,46,41
arena,odd,8,47,71
arena,odd,8,48,161
arena,odd,8,49,171
arena,odd,8,50,180
arena,odd,8,51,41
arena,odd,8,52,41
arena,odd,8,53,41
arena,odd,8,54,41
arena,odd,8,55,41
arena,odd,8,56,41
arena,odd,8,57,41
arena,odd,8,58,41
arena,odd,8,59,41
arena,odd,8,60,41
arena,odd,8,61,42
arena,odd,8,62,41
arena,odd,8,63,51
arena,odd,8,64,51
arena,odd,8,65,41
arena,odd,8,66,41
arena,odd,8,67,41
arena,odd,8,68,41
arena,odd,8,69,41
arena,odd,8,70,41
arena,odd,8,71,42
arena,odd,8,72,41
arena,odd,8,73,521
arena,odd,8,74,171
arena,odd,8,75,240
arena,odd,8,76,170
arena,odd,8,77,161
arena,odd,8,78,50
arena,odd,8,79,150
arena,odd,8,80,250
arena,odd,8,81,90
arena,odd,8,82,14387
arena,odd,8,83,41
arena,odd,8,84,41
arena,odd,8,85,41
arena,odd,8,86,41
arena,odd,8,87,41
arena,odd,8,88,41
arena,odd,8,89,41
arena,odd,8,90,41
arena,odd,8,91,41
arena,odd,8,92,41
arena,odd,8,93,41
arena,odd,8,94,41
arena,odd,8,95,41
arena,odd,8,96,41
arena,odd,8,97,41
arena,odd,8,98,41
arena,odd,8,99,190
arena,odd,8,100,160
arena,odd,8,101,41
arena,odd,8,102,41
arena,odd,8,103,41
arena,odd,8,104,41
arena,odd,8,105,41
arena,odd,8,106,41
arena,odd,8,107,41
arena,odd,8,108,41
arena,odd,8,109,41
arena,odd,8,110,41
arena,odd,8,111,41
arena,odd,8,112,41
arena,odd,8,113,41
arena,odd,8,114,41
arena,odd,8,115,41
arena,odd,8,116,41
arena,odd,8,117,41
arena,odd,8,118,41
arena,odd,8,119,41
arena,odd,8,120,41
arena,odd,8,121,41
arena,odd,8,122,41
arena,odd,8,123,41
arena,odd,8,124,41
arena,odd,8,125,551
arena,odd,8,126,41
arena,odd,8,127,141
arena,odd,8,128,160
arena,odd,8,129,160
arena,odd,8,130,181
arena,odd,8,131,260
arena,odd,8,132,15409
arena,odd,8,133,41
arena,odd,8,134,41
arena,odd,8,135,41
arena,odd,8,136,41
arena,odd,8,137,41
arena,odd,8,138,41
arena,odd,8,139,41
arena,odd,8,140,41
arena,odd,8,141,41
arena,odd,8,142,41
arena,odd,8,143,41
arena,odd,8,144,41
arena,odd,8,145,41
arena,odd,8,146,41
arena,odd,8,147,41
arena,odd,8,148,41
arena,odd,8,149,41
arena,odd,8,150,41
arena,odd,8,151,41
arena,odd,8,152,41
arena,odd,8,153,41
arena,odd,8,154,501
arena,odd,8,155,160
arena,odd,8,156,251
arena,odd,8,157,161
arena,odd,8,158,161
arena,odd,8,159,161
arena,odd,8,160,221
arena,odd,8,161,41
arena,odd,8,162,41
arena,odd,8,163,41
arena,odd,8,164,41
arena,odd,8,165,41
arena,odd,8,166,41
arena,odd,8,167,41
arena,odd,8,168,41
arena,odd,8,169,50
arena,odd,8,170,50
arena,odd,8,171,51
arena,odd,8,172,41
arena,odd,8,173,41
arena,odd,8,174,41
arena,odd,8,175,41
arena,odd,8,176,41
arena,odd,8,177,41
arena,odd,8,178,41
arena,odd,8,179,41
arena,odd,8,180,41
arena,odd,8,181,41
arena,odd,8,182,41
arena,odd,8,183,541
arena,odd,8,184,13124
arena,odd,8,185,41
arena,odd,8,186,41
arena,odd,8,187,41
arena,odd,8,188,41
arena,odd,8,189,41
arena,odd,8,190,41
arena,odd,8,191,41
arena,odd,8,192,41
arena,odd,8,193,41
arena,odd,8,194,41
arena,odd,8,195,41
arena,odd,8,196,41
arena,odd,8,197,41
arena,odd,8,198,41
arena,odd,8,199,41
arena,odd,8,200,41
arena,odd,8,201,41
arena,odd,8,202,41
arena,odd,8,203,41
arena,odd,8,204,41
arena,odd,8,205,41
arena,odd,8,206,41
arena,odd,8,207,41
arena,odd,8,208,41
arena,odd,8,209,541
arena,odd,8,210,161
arena,odd,8,211,160
arena,odd,8,212,161
arena,odd,8,213,131
arena,odd,8,214,41
arena,odd,8,215,41
arena,odd,8,216,41
arena,odd,8,217,41
arena,odd,8,218,41
arena,odd,8,219,41
arena,odd,8,220,41
arena,odd,8,221,41
arena,odd,8,222,41
arena,odd,8,223,41
arena,odd,8,224,41
arena,odd,8,225,41
arena,odd,8,226,41
arena,odd,8,227,41
arena,odd,8,228,41
arena,odd,8,229,41
arena,odd,8,230,41
arena,odd,8,231,41
arena,odd,8,232,41
arena,odd,8,233,41
arena,odd,8,234,41
arena,odd,8,235,41
arena,odd,8,236,41
arena,odd,8,237,541
arena,odd,8,238,170
arena,odd,8,239,41
arena,odd,8,240,41
arena,odd,8,241,41
arena,odd,8,242,41
arena,odd,8,243,41
arena,odd,8,244,41
arena,odd,8,245,41
arena,odd,8,246,41
arena,odd,8,247,41
arena,odd,8,248,41
arena,odd,8,249,41
arena,odd,8,250,41
arena,odd,8,251,41
arena,odd,8,252,41
arena,odd,8,253,41
arena,odd,8,254,41
arena,odd,8,255,41
arena,odd,8,256,41
arena,odd,8,257,41
arena,odd,8,258,41
arena,odd,8,259,41
arena,odd,8,260,41
arena,odd,8,261,41
arena,odd,8,262,41
arena,odd,8,263,41
arena,odd,8,264,201
arena,odd,8,265,210
arena,odd,8,266,160
arena,odd,8,267,601
arena,odd,8,268,140
arena,odd,8,269,51
arena,odd,8,270,51
arena,odd,8,271,50
arena,odd,8,272,41
arena,odd,8,273,41
arena,odd,8,274,41
arena,odd,8,275,41
arena,odd,8,276,41
arena,odd,8,277,41
arena,odd,8,278,41
arena,odd,8,279,41
arena,odd,8,280,41
arena,odd,8,281,41
arena,odd,8,282,41
arena,odd,8,283,41
arena,odd,8,284,41
arena,odd,8,285,41
arena,odd,8,286,41
arena,odd,8,287,41
arena,odd,8,288,41
arena,odd,8,289,100
arena,odd,8,290,41
arena,odd,8,291,41
arena,odd,8,292,541
arena,odd,8,293,140
arena,odd,8,294,41
arena,odd,8,295,41
arena,odd,8,296,41
arena,odd,8,297,41
arena,odd,8,298,41
arena,odd,8,299,41
arena,odd,8,300,41
arena,odd,8,301,742
arena,odd,8,302,50
arena,odd,8,303,41
arena,odd,8,304,41
arena,odd,8,305,41
arena,odd,8,306,41
arena,odd,8,307,41
arena,odd,8,308,41
arena,odd,8,309,41
arena,odd,8,310,41
arena,odd,8,311,41
arena,odd,8,312,41
arena,odd,8,313,41
arena,odd,8,314,41
arena,odd,8,315,41
arena,odd,8,316,41
arena,odd,8,317,41
arena,odd,8,318,561
arena,odd,8,319,401
arena,odd,8,320,170
arena,odd,8,321,551
arena,odd,8,322,211
arena,odd,8,323,220
arena,odd,8,324,41
arena,odd,8,325,41
arena,odd,8,326,41
arena,odd,8,327,41
arena,odd,8,328,41
arena,odd,8,329,41
arena,odd,8,330,41
arena,odd,8,331,41
arena,odd,8,332,41
arena,odd,8,333,41
arena,odd,8,334,41
arena,odd,8,335,41
arena,odd,8,336,41
arena,odd,8,337,41
arena,odd,8,338,41
arena,odd,8,339,41
arena,odd,8,340,41
arena,odd,8,341,41
arena,odd,8,342,90
arena,odd,8,343,41
arena,odd,8,344,41
arena,odd,8,345,41
arena,odd,8,346,41
arena,odd,8,347,551
arena,odd,8,348,160
arena,odd,8,349,41
arena,odd,8,350,41
arena,odd,8,351,42
arena,odd,8,352,41
arena,odd,8,353,41
arena,odd,8,354,41
arena,odd,8,355,41
arena,odd,8,356,41
arena,odd,8,357,41
arena,odd,8,358,41
arena,odd,8,359,41
arena,odd,8,360,41
arena,odd,8,361,41
arena,odd,8,362,41
arena,odd,8,363,41
arena,odd,8,364,41
arena,odd,8,365,41
arena,odd,8,366,41
arena,odd,8,367,41
arena,odd,8,368,41
arena,odd,8,369,41
arena,odd,8,370,41
arena,odd,8,371,41
arena,odd,8,372,41
arena,odd,8,373,41
arena,odd,8,374,521
arena,odd,8,375,161
arena,odd,8,376,221
arena,odd,8,377,200
arena,odd,8,378,240
arena,odd,8,379,41
arena,odd,8,380,51
arena,odd,8,381,50
arena,odd,8,382,51
arena,odd,8,383,50
arena,odd,8,384,41
arena,odd,8,385,41
arena,odd,8,386,41
arena,odd,8,387,41
arena,odd,8,388,41
arena,odd,8,389,41
arena,odd,8,390,41
arena,odd,8,391,41
arena,odd,8,392,41
arena,odd,8,393,41
arena,odd,8,394,41
arena,odd,8,395,70
arena,odd,8,396,41
arena,odd,8,397,41
arena,odd,8,398,41
arena,odd,8,399,41
clock_write_control,aligned,9,0,161
clock_write_control,aligned,9,1,50
clock_write_control,aligned,9,2,51
clock_write_control,aligned,9,3,160
clock_write_control,aligned,9,4,150
clock_write_control,aligned,9,5,51
clock_write_control,aligned,9,6,50
clock_write_control,aligned,9,7,60
clock_write_control,aligned,9,8,51
clock_write_control,aligned,9,9,70
clock_write_control,aligned,9,10,60
clock_write_control,aligned,9,11,50
clock_write_control,aligned,9,12,70
clock_write_control,aligned,9,13,50
clock_write_control,aligned,9,14,50
clock_write_control,aligned,9,15,70
clock_write_control,aligned,9,16,51
clock_write_control,aligned,9,17,161
clock_write_control,aligned,9,18,140
clock_write_control,aligned,9,19,41
clock_write_control,aligned,9,20,41
clock_write_control,aligned,9,21,50
clock_write_control,aligned,9,22,51
clock_write_control,aligned,9,23,671
clock_write_control,aligned,9,24,161
clock_write_control,aligned,9,25,150
clock_write_control,aligned,9,26,171
clock_write_control,aligned,9,27,160
clock_write_control,aligned,9,28,41
clock_write_control,aligned,9,29,41
clock_write_control,aligned,9,30,41
clock_write_control,aligned,9,31,41
clock_write_control,aligned,9,32,41
clock_write_control,aligned,9,33,41
clock_write_control,aligned,9,34,41
clock_write_control,aligned,9,35,41
clock_write_control,aligned,9,36,60
clock_write_control,aligned,9,37,41
clock_write_control,aligned,9,38,41
clock_write_control,aligned,9,39,41
clock_write_control,aligned,9,40,41
clock_write_control,aligned,9,41,13625
clock_write_control,aligned,9,42,41
clock_write_control,aligned,9,43,41
clock_write_control,aligned,9,44,41
clock_write_control,aligned,9,45,41
clock_write_control,aligned,9,46,41
clock_write_control,aligned,9,47,41
clock_write_control,aligned,9,48,41
clock_write_control,aligned,9,49,41
clock_write_control,aligned,9,50,41
clock_write_control,aligned,9,51,41
clock_write_control,aligned,9,52,531
clock_write_control,aligned,9,53,150
clock_write_control,aligned,9,54,41
clock_write_control,aligned,9,55,41
clock_write_control,aligned,9,56,41
clock_write_control,aligned,9,57,41
clock_write_control,aligned,9,58,41
clock_write_control,aligned,9,59,41
clock_write_control,aligned,9,60,41
clock_write_control,aligned,9,61,41
clock_write_control,aligned,9,62,41
clock_write_control,aligned,9,63,41
clock_write_control,aligned,9,64,41
clock_write_control,aligned,9,65,41
clock_write_control,aligned,9,66,41
clock_write_control,aligned,9,67,41
clock_write_control,aligned,9,68,41
clock_write_control,aligned,9,69,41
clock_write_control,aligned,9,70,41
clock_write_control,aligned,9,71,41
clock_write_control,aligned,9,72,41
clock_write_control,aligned,9,73,41
clock_write_control,aligned,9,74,41
clock_write_control,aligned,9,75,41
clock_write_control,aligned,9,76,541
clock_write_control,aligned,9,77,190
clock_write_control,aligned,9,78,200
clock_write_control,aligned,9,79,200
clock_write_control,aligned,9,80,190
clock_write_control,aligned,9,81,41
clock_write_control,aligned,9,82,41
clock_write_control,aligned,9,83,41
clock_write_control,aligned,9,84,41
clock_write_control,aligned,9,85,41
clock_write_control,aligned,9,86,41
clock_write_control,aligned,9,87,41
clock_write_control,aligned,9,88,41
clock_write_control,aligned,9,89,41
clock_write_control,aligned,9,90,41
clock_write_control,aligned,9,91,41
clock_write_control,aligned,9,92,9388
clock_write_control,aligned,9,93,41
clock_write_control,aligned,9,94,41
clock_write_control,aligned,9,95,41
clock_write_control,aligned,9,96,41
clock_write_control,aligned,9,97,41
clock_write_control,aligned,9,98,41
clock_write_control,aligned,9,99,41
clock_write_control,aligned,9,100,41
clock_write_control,aligned,9,101,41
clock_write_control,aligned,9,102,41
clock_write_control,aligned,9,103,200
clock_write_control,aligned,9,104,160
clock_write_control,aligned,9,105,160
clock_write_control,aligned,9,106,160
clock_write_control,aligned,9,107,170
clock_write_control,aligned,9,108,41
clock_write_control,aligned,9,109,41
clock_write_control,aligned,9,110,41
clock_write_control,aligned,9,111,41
clock_write_control,aligned,9,112,41
clock_write_control,aligned,9,113,41
clock_write_control,aligned,9,114,41
clock_write_control,aligned,9,115,41
clock_write_control,aligned,9,116,41
clock_write_control,aligned,9,117,41
clock_write_control,aligned,9,118,41
clock_write_control,aligned,9,119,41
clock_write_control,aligned,9,120,41
clock_write_control,aligned,9,121,41
clock_write_control,aligned,9,122,41
clock_write_control,aligned,9,123,41
clock_write_control,aligned,9,124,41
clock_write_control,aligned,9,125,41
clock_write_control,aligned,9,126,41
clock_write_control,aligned,9,127,41
clock_write_control,aligned,9,128,41
clock_write_control,aligned,9,129,41
clock_write_control,aligned,9,130,41
clock_write_control,aligned,9,131,541
clock_write_control,aligned,9,132,161
clock_write_control,aligned,9,133,41
clock_write_control,aligned,9,134,41
clock_write_control,aligned,9,135,41
clock_write_control,aligned,9,136,41
clock_write_control,aligned,9,137,41
clock_write_control,aligned,9,138,41
clock_write_control,aligned,9,139,41
clock_write_control,aligned,9,140,41
clock_write_control,aligned,9,141,41
clock_write_control,aligned,9,142,41
clock_write_control,aligned,9,143,41
clock_write_control,aligned,9,144,41
clock_write_control,aligned,9,145,8035
clock_write_control,aligned,9,146,41
clock_write_control,aligned,9,147,41
clock_write_control,aligned,9,148,41
clock_write_control,aligned,9,149,41
clock_write_control,aligned,9,150,41
clock_write_control,aligned,9,151,41
clock_write_control,aligned,9,152,41
clock_write_control,aligned,9,153,41
clock_write_control,aligned,9,154,41
clock_write_control,aligned,9,155,41
clock_write_control,aligned,9,156,41
clock_write_control,aligned,9,157,521
clock_write_control,aligned,9,158,170
clock_write_control,aligned,9,159,160
clock_write_control,aligned,9,160,161
clock_write_control,aligned,9,161,170
clock_write_control,aligned,9,162,41
clock_write_control,aligned,9,163,41
clock_write_control,aligned,9,164,41
clock_write_control,aligned,9,165,41
clock_write_control,aligned,9,166,41
clock_write_control,aligned,9,167,41
clock_write_control,aligned,9,168,41
clock_write_control,aligned,9,169,41
clock_write_control,aligned,9,170,41
clock_write_control,aligned,9,171,41
clock_write_control,aligned,9,172,41
clock_write_control,aligned,9,173,41
clock_write_control,aligned,9,174,41
clock_write_control,aligned,9,175,41
clock_write_control,aligned,9,176,41
clock_write_control,aligned,9,177,41
clock_write_control,aligned,9,178,41
clock_write_control,aligned,9,179,41
clock_write_control,aligned,9,180,50
clock_write_control,aligned,9,181,50
clock_write_control,aligned,9,182,41
clock_write_control,aligned,9,183,41
clock_write_control,aligned,9,184,41
clock_write_control,aligned,9,185,160
clock_write_control,aligned,9,186,161
clock_write_control,aligned,9,187,41
clock_write_control,aligned,9,188,41
clock_write_control,aligned,9,189,41
clock_write_control,aligned,9,190,41
clock_write_control,aligned,9,191,41
clock_write_control,aligned,9,192,41
clock_write_control,aligned,9,193,41
clock_write_control,aligned,9,194,41
clock_write_control,aligned,9,195,41
clock_write_control,aligned,9,196,41
clock_write_control,aligned,9,197,41
clock_write_control,aligned,9,198,41
clock_write_control,aligned,9,199,90
clock_write_control,aligned,9,200,41
clock_write_control,aligned,9,201,41
clock_write_control,aligned,9,202,41
clock_write_control,aligned,9,203,41
clock_write_control,aligned,9,204,41
clock_write_control,aligned,9,205,41
clock_write_control,aligned,9,206,41
clock_write_control,aligned,9,207,41
clock_write_control,aligned,9,208,41
clock_write_control,aligned,9,209,41
clock_write_control,aligned,9,210,41
clock_write_control,aligned,9,211,541
clock_write_control,aligned,9,212,160
clock_write_control,aligned,9,213,160
clock_write_control,aligned,9,214,161
clock_write_control,aligned,9,215,41
clock_write_control,aligned,9,216,41
clock_write_control,aligned,9,217,200
clock_write_control,aligned,9,218,521
clock_write_control,aligned,9,219,150
clock_write_control,aligned,9,220,160
clock_write_control,aligned,9,221,70
clock_write_control,aligned,9,222,190
clock_write_control,aligned,9,223,170
clock_write_control,aligned,9,224,161
clock_write_control,aligned,9,225,200
clock_write_control,aligned,9,226,41
clock_write_control,aligned,9,227,41
clock_write_control,aligned,9,228,200
clock_write_control,aligned,9,229,130
clock_write_control,aligned,9,230,60
clock_write_control,aligned,9,231,70
clock_write_control,aligned,9,232,60
clock_write_control,aligned,9,233,170
clock_write_control,aligned,9,234,60
clock_write_control,aligned,9,235,70
clock_write_control,aligned,9,236,240
clock_write_control,aligned,9,237,210
clock_write_control,aligned,9,238,210
clock_write_control,aligned,9,239,201
clock_write_control,aligned,9,240,60
clock_write_control,aligned,9,241,201
clock_write_control,aligned,9,242,201
clock_write_control,aligned,9,243,200
clock_write_control,aligned,9,244,161
clock_write_control,aligned,9,245,171
clock_write_control,aligned,9,246,161
clock_write_control,aligned,9,247,200
clock_write_control,aligned,9,248,160
clock_write_control,aligned,9,249,41
clock_write_control,aligned,9,250,41
clock_write_control,aligned,9,251,41
clock_write_control,aligned,9,252,41
clock_write_control,aligned,9,253,41
clock_write_control,aligned,9,254,41
clock_write_control,aligned,9,255,41
clock_write_control,aligned,9,256,41
clock_write_control,aligned,9,257,41
clock_write_control,aligned,9,258,190
clock_write_control,aligned,9,259,161
clock_write_control,aligned,9,260,41
clock_write_control,aligned,9,261,41
clock_write_control,aligned,9,262,41
clock_write_control,aligned,9,263,41
clock_write_control,aligned,9,264,41
clock_write_control,aligned,9,265,41
clock_write_control,aligned,9,266,41
clock_write_control,aligned,9,267,41
clock_write_control,aligned,9,268,41
clock_write_control,aligned,9,269,42
clock_write_control,aligned,9,270,41
clock_write_control,aligned,9,271,41
clock_write_control,aligned,9,272,41
clock_write_control,aligned,9,273,41
clock_write_control,aligned,9,274,41
clock_write_control,aligned,9,275,41
clock_write_control,aligned,9,276,41
clock_write_control,aligned,9,277,41
clock_write_control,aligned,9,278,41
clock_write_control,aligned,9,279,41
clock_write_control,aligned,9,280,41
clock_write_control,aligned,9,281,41
clock_write_control,aligned,9,282,41
clock_write_control,aligned,9,283,41
clock_write_control,aligned,9,284,50
clock_write_control,aligned,9,285,541
clock_write_control,aligned,9,286,201
clock_write_control,aligned,9,287,531
clock_write_control,aligned,9,288,161
clock_write_control,aligned,9,289,41
clock_write_control,aligned,9,290,41
clock_write_control,aligned,9,291,41
clock_write_control,aligned,9,292,41
clock_write_control,aligned,9,293,41
clock_write_control,aligned,9,294,41
clock_write_control,aligned,9,295,41
clock_write_control,aligned,9,296,41
clock_write_control,aligned,9,297,41
clock_write_control,aligned,9,298,9117
clock_write_control,aligned,9,299,41
clock_write_control,aligned,9,300,41
clock_write_control,aligned,9,301,41
clock_write_control,aligned,9,302,41
clock_write_control,aligned,9,303,41
clock_write_control,aligned,9,304,41
clock_write_control,aligned,9,305,41
clock_write_control,aligned,9,306,41
clock_write_control,aligned,9,307,41
clock_write_control,aligned,9,308,41
clock_write_control,aligned,9,309,41
clock_write_control,aligned,9,310,41
clock_write_control,aligned,9,311,161
clock_write_control,aligned,9,312,221
clock_write_control,aligned,9,313,161
clock_write_control,aligned,9,314,200
clock_write_control,aligned,9,315,41
clock_write_control,aligned,9,316,41
clock_write_control,aligned,9,317,41
clock_write_control,aligned,9,318,41
clock_write_control,aligned,9,319,41
clock_write_control,aligned,9,320,41
clock_write_control,aligned,9,321,41
clock_write_control,aligned,9,322,41
clock_write_control,aligned,9,323,41
clock_write_control,aligned,9,324,41
clock_write_control,aligned,9,325,41
clock_write_control,aligned,9,326,41
clock_write_control,aligned,9,327,41
clock_write_control,aligned,9,328,41
clock_write_control,aligned,9,329,41
clock_write_control,aligned,9,330,41
clock_write_control,aligned,9,331,41
clock_write_control,aligned,9,332,50
clock_write_control,aligned,9,333,51
clock_write_control,aligned,9,334,50
clock_write_control,aligned,9,335,41
clock_write_control,aligned,9,336,41
clock_write_control,aligned,9,337,41
clock_write_control,aligned,9,338,190
clock_write_control,aligned,9,339,160
clock_write_control,aligned,9,340,121
clock_write_control,aligned,9,341,41
clock_write_control,aligned,9,342,41
clock_write_control,aligned,9,343,41
clock_write_control,aligned,9,344,41
clock_write_control,aligned,9,345,41
clock_write_control,aligned,9,346,41
clock_write_control,aligned,9,347,41
clock_write_control,aligned,9,348,41
clock_write_control,aligned,9,349,41
clock_write_control,aligned,9,350,41
clock_write_control,aligned,9,351,90
clock_write_control,aligned,9,352,41
clock_write_control,aligned,9,353,41
clock_write_control,aligned,9,354,41
clock_write_control,aligned,9,355,41
clock_write_control,aligned,9,356,41
clock_write_control,aligned,9,357,41
clock_write_control,aligned,9,358,41
clock_write_control,aligned,9,359,41
clock_write_control,aligned,9,360,41
clock_write_control,aligned,9,361,41
clock_write_control,aligned,9,362,41
clock_write_control,aligned,9,363,41
clock_write_control,aligned,9,364,531
clock_write_control,aligned,9,365,150
clock_write_control,aligned,9,366,211
clock_write_control,aligned,9,367,150
clock_write_control,aligned,9,368,170
clock_write_control,aligned,9,369,41
clock_write_control,aligned,9,370,41
clock_write_control,aligned,9,371,41
clock_write_control,aligned,9,372,41
clock_write_control,aligned,9,373,41
clock_write_control,aligned,9,374,41
clock_write_control,aligned,9,375,41
clock_write_control,aligned,9,376,41
clock_write_control,aligned,9,377,41
clock_write_control,aligned,9,378,41
clock_write_control,aligned,9,379,41
clock_write_control,aligned,9,380,41
clock_write_control,aligned,9,381,41
clock_write_control,aligned,9,382,41
clock_write_control,aligned,9,383,41
clock_write_control,aligned,9,384,41
clock_write_control,aligned,9,385,41
clock_write_control,aligned,9,386,41
clock_write_control,aligned,9,387,41
clock_write_control,aligned,9,388,41
clock_write_control,aligned,9,389,41
clock_write_control,aligned,9,390,41
clock_write_control,aligned,9,391,41
clock_write_control,aligned,9,392,541
clock_write_control,aligned,9,393,191
clock_write_control,aligned,9,394,131
clock_write_control,aligned,9,395,41
clock_write_control,aligned,9,396,41
clock_write_control,aligned,9,397,41
clock_write_control,aligned,9,398,41
clock_write_control,aligned,9,399,41
pool,aligned,9,0,50
pool,aligned,9,1,50
pool,aligned,9,2,41
pool,aligned,9,3,41
pool,aligned,9,4,41
pool,aligned,9,5,41
pool,aligned,9,6,541
pool,aligned,9,7,171
pool,aligned,9,8,41
pool,aligned,9,9,41
pool,aligned,9,10,41
pool,aligned,9,11,41
pool,aligned,9,12,41
pool,aligned,9,13,41
pool,aligned,9,14,41
pool,aligned,9,15,41
pool,aligned,9,16,41
pool,aligned,9,17,110
pool,aligned,9,18,41
pool,aligned,9,19,41
pool,aligned,9,20,41
pool,aligned,9,21,41
pool,aligned,9,22,41
pool,aligned,9,23,41
pool,aligned,9,24,41
pool,aligned,9,25,41
pool,aligned,9,26,41
pool,aligned,9,27,41
pool,aligned,9,28,41
pool,aligned,9,29,41
pool,aligned,9,30,41
pool,aligned,9,31,541
pool,aligned,9,32,151
pool,aligned,9,33,160
pool,aligned,9,34,160
pool,aligned,9,35,130
pool,aligned,9,36,41
pool,aligned,9,37,41
pool,aligned,9,38,41
pool,aligned,9,39,41
pool,aligned,9,40,41
pool,aligned,9,41,41
pool,aligned,9,42,41
pool,aligned,9,43,41
pool,aligned,9,44,41
pool,aligned,9,45,41
pool,aligned,9,46,41
pool,aligned,9,47,41
pool,aligned,9,48,41
pool,aligned,9,49,41
pool,aligned,9,50,41
pool,aligned,9,51,41
pool,aligned,9,52,41
pool,aligned,9,53,41
pool,aligned,9,54,41
pool,aligned,9,55,50
pool,aligned,9,56,51
pool,aligned,9,57,50
pool,aligned,9,58,561
pool,aligned,9,59,161
pool,aligned,9,60,41
pool,aligned,9,61,41
pool,aligned,9,62,41
pool,aligned,9,63,41
pool,aligned,9,64,41
pool,aligned,9,65,41
pool,aligned,9,66,41
pool,aligned,9,67,41
pool,aligned,9,68,41
pool,aligned,9,69,91
pool,aligned,9,70,41
pool,aligned,9,71,41
pool,aligned,9,72,41
pool,aligned,9,73,41
pool,aligned,9,74,41
pool,aligned,9,75,41
pool,aligned,9,76,41
pool,aligned,9,77,41
pool,aligned,9,78,41
pool,aligned,9,79,41
pool,aligned,9,80,41
pool,aligned,9,81,41
pool,aligned,9,82,41
pool,aligned,9,83,50
pool,aligned,9,84,160
pool,aligned,9,85,160
pool,aligned,9,86,170
pool,aligned,9,87,41
pool,aligned,9,88,41
pool,aligned,9,89,41
pool,aligned,9,90,41
pool,aligned,9,91,41
pool,aligned,9,92,41
pool,aligned,9,93,41
pool,aligned,9,94,290
pool,aligned,9,95,170
pool,aligned,9,96,170
pool,aligned,9,97,131
pool,aligned,9,98,41
pool,aligned,9,99,41
pool,aligned,9,100,41
pool,aligned,9,101,41
pool,aligned,9,102,41
pool,aligned,9,103,41
pool,aligned,9,104,41
pool,aligned,9,105,41
pool,aligned,9,106,41
pool,aligned,9,107,41
pool,aligned,9,108,41
pool,aligned,9,109,551
pool,aligned,9,110,161
pool,aligned,9,111,41
pool,aligned,9,112,41
pool,aligned,9,113,41
pool,aligned,9,114,41
pool,aligned,9,115,41
pool,aligned,9,116,41
pool,aligned,9,117,41
pool,aligned,9,118,41
pool,aligned,9,119,41
pool,aligned,9,120,100
pool,aligned,9,121,41
pool,aligned,9,122,41
pool,aligned,9,123,41
pool,aligned,9,124,41
pool,aligned,9,125,41
pool,aligned,9,126,41
pool,aligned,9,127,41
pool,aligned,9,128,41
pool,aligned,9,129,41
pool,aligned,9,130,41
pool,aligned,9,131,41
pool,aligned,9,132,41
pool,aligned,9,133,41
pool,aligned,9,134,41
pool,aligned,9,135,190
pool,aligned,9,136,140
pool,aligned,9,137,170
pool,aligned,9,138,160
pool,aligned,9,139,541
pool,aligned,9,140,41
pool,aligned,9,141,51
pool,aligned,9,142,120
pool,aligned,9,143,41
pool,aligned,9,144,41
pool,aligned,9,145,41
pool,aligned,9,146,41
pool,aligned,9,147,41
pool,aligned,9,148,41
pool,aligned,9,149,41
pool,aligned,9,150,41
pool,aligned,9,151,41
pool,aligned,9,152,41
pool,aligned,9,153,51
pool,aligned,9,154,51
pool,aligned,9,155,51
pool,aligned,9,156,41
pool,aligned,9,157,41
pool,aligned,9,158,41
pool,aligned,9,159,41
pool,aligned,9,160,41
pool,aligned,9,161,541
pool,aligned,9,162,161
pool,aligned,9,163,161
pool,aligned,9,164,160
pool,aligned,9,165,130
pool,aligned,9,166,41
pool,aligned,9,167,41
pool,aligned,9,168,41
pool,aligned,9,169,41
pool,aligned,9,170,41
pool,aligned,9,171,8357
pool,aligned,9,172,41
pool,aligned,9,173,41
pool,aligned,9,174,41
pool,aligned,9,175,41
pool,aligned,9,176,41
pool,aligned,9,177,41
pool,aligned,9,178,41
pool,aligned,9,179,41
pool,aligned,9,180,41
pool,aligned,9,181,41
pool,aligned,9,182,41
pool,aligned,9,183,41
pool,aligned,9,184,41
pool,aligned,9,185,41
pool,aligned,9,186,41
pool,aligned,9,187,521
pool,aligned,9,188,50
pool,aligned,9,189,41
pool,aligned,9,190,41
pool,aligned,9,191,41
pool,aligned,9,192,41
pool,aligned,9,193,41
pool,aligned,9,194,41
pool,aligned,9,195,41
pool,aligned,9,196,41
pool,aligned,9,197,41
pool,aligned,9,198,41
pool,aligned,9,199,41
pool,aligned,9,200,41
pool,aligned,9,201,41
pool,aligned,9,202,41
pool,aligned,9,203,41
pool,aligned,9,204,41
pool,aligned,9,205,41
pool,aligned,9,206,41
pool,aligned,9,207,41
pool,aligned,9,208,41
pool,aligned,9,209,41
pool,aligned,9,210,41
pool,aligned,9,211,41
pool,aligned,9,212,140
pool,aligned,9,213,161
pool,aligned,9,214,160
pool,aligned,9,215,541
pool,aligned,9,216,170
pool,aligned,9,217,150
pool,aligned,9,218,41
pool,aligned,9,219,41
pool,aligned,9,220,41
pool,aligned,9,221,41
pool,aligned,9,222,41
pool,aligned,9,223,41
pool,aligned,9,224,41
pool,aligned,9,225,41
pool,aligned,9,226,41
pool,aligned,9,227,41
pool,aligned,9,228,41
pool,aligned,9,229,41
pool,aligned,9,230,41
pool,aligned,9,231,41
pool,aligned,9,232,41
pool,aligned,9,233,41
pool,aligned,9,234,41
pool,aligned,9,235,41
pool,aligned,9,236,41
pool,aligned,9,237,41
pool,aligned,9,238,41
pool,aligned,9,239,160
pool,aligned,9,240,160
pool,aligned,9,241,41
pool,aligned,9,242,41
pool,aligned,9,243,41
pool,aligned,9,244,41
pool,aligned,9,245,41
pool,aligned,9,246,41
pool,aligned,9,247,41
pool,aligned,9,248,41
pool,aligned,9,249,41
pool,aligned,9,250,41
pool,aligned,9,251,41
pool,aligned,9,252,41
pool,aligned,9,253,41
pool,aligned,9,254,41
pool,aligned,9,255,41
pool,aligned,9,256,41
pool,aligned,9,257,41
pool,aligned,9,258,41
pool,aligned,9,259,41
pool,aligned,9,260,41
pool,aligned,9,261,51
pool,aligned,9,262,51
pool,aligned,9,263,51
pool,aligned,9,264,541
pool,aligned,9,265,161
pool,aligned,9,266,151
pool,aligned,9,267,161
pool,aligned,9,268,140
pool,aligned,9,269,41
pool,aligned,9,270,41
pool,aligned,9,271,41
pool,aligned,9,272,41
pool,aligned,9,273,90
pool,aligned,9,274,41
pool,aligned,9,275,41
pool,aligned,9,276,41
pool,aligned,9,277,41
pool,aligned,9,278,41
pool,aligned,9,279,41
pool,aligned,9,280,41
pool,aligned,9,281,41
pool,aligned,9,282,41
pool,aligned,9,283,41
pool,aligned,9,284,41
pool,aligned,9,285,41
pool,aligned,9,286,41
pool,aligned,9,287,41
pool,aligned,9,288,41
pool,aligned,9,289,41
pool,aligned,9,290,41
pool,aligned,9,291,290
pool,aligned,9,292,160
pool,aligned,9,293,41
pool,aligned,9,294,41
pool,aligned,9,295,41
pool,aligned,9,296,41
pool,aligned,9,297,41
pool,aligned,9,298,41
pool,aligned,9,299,41
pool,aligned,9,300,41
pool,aligned,9,301,41
pool,aligned,9,302,41
pool,aligned,9,303,41
pool,aligned,9,304,41
pool,aligned,9,305,41
pool,aligned,9,306,41
pool,aligned,9,307,41
pool,aligned,9,308,41
pool,aligned,9,309,41
pool,aligned,9,310,41
pool,aligned,9,311,41
pool,aligned,9,312,50
pool,aligned,9,313,41
pool,aligned,9,314,41
pool,aligned,9,315,41
pool,aligned,9,316,50
pool,aligned,9,317,161
pool,aligned,9,318,161
pool,aligned,9,319,140
pool,aligned,9,320,171
pool,aligned,9,321,41
pool,aligned,9,322,41
pool,aligned,9,323,41
pool,aligned,9,324,41
pool,aligned,9,325,7705
pool,aligned,9,326,41
pool,aligned,9,327,41
pool,aligned,9,328,41
pool,aligned,9,329,41
pool,aligned,9,330,41
pool,aligned,9,331,41
pool,aligned,9,332,41
pool,aligned,9,333,41
pool,aligned,9,334,41
pool,aligned,9,335,41
pool,aligned,9,336,41
pool,aligned,9,337,41
pool,aligned,9,338,41
pool,aligned,9,339,41
pool,aligned,9,340,41
pool,aligned,9,341,41
pool,aligned,9,342,41
pool,aligned,9,343,41
pool,aligned,9,344,41
pool,aligned,9,345,191
pool,aligned,9,346,160
pool,aligned,9,347,41
pool,aligned,9,348,41
pool,aligned,9,349,41
pool,aligned,9,350,41
pool,aligned,9,351,41
pool,aligned,9,352,41
pool,aligned,9,353,41
pool,aligned,9,354,41
pool,aligned,9,355,41
pool,aligned,9,356,41
pool,aligned,9,357,41
pool,aligned,9,358,41
pool,aligned,9,359,50
pool,aligned,9,360,51
pool,aligned,9,361,50
pool,aligned,9,362,41
pool,aligned,9,363,41
pool,aligned,9,364,41
pool,aligned,9,365,41
pool,aligned,9,366,41
pool,aligned,9,367,41
pool,aligned,9,368,41
pool,aligned,9,369,41
pool,aligned,9,370,521
pool,aligned,9,371,160
pool,aligned,9,372,591
pool,aligned,9,373,171
pool,aligned,9,374,541
pool,aligned,9,375,191
pool,aligned,9,376,90
pool,aligned,9,377,41
pool,aligned,9,378,41
pool,aligned,9,379,41
pool,aligned,9,380,41
pool,aligned,9,381,41
pool,aligned,9,382,41
pool,aligned,9,383,41
pool,aligned,9,384,41
pool,aligned,9,385,41
pool,aligned,9,386,41
pool,aligned,9,387,41
pool,aligned,9,388,41
pool,aligned,9,389,41
pool,aligned,9,390,41
pool,aligned,9,391,41
pool,aligned,9,392,41
pool,aligned,9,393,41
pool,aligned,9,394,41
pool,aligned,9,395,41
pool,aligned,9,396,41
pool,aligned,9,397,161
pool,aligned,9,398,41
pool,aligned,9,399,41
stack,aligned,9,0,60
stack,aligned,9,1,41
stack,aligned,9,2,41
stack,aligned,9,3,41
stack,aligned,9,4,41
stack,aligned,9,5,41
stack,aligned,9,6,41
stack,aligned,9,7,41
stack,aligned,9,8,41
stack,aligned,9,9,41
stack,aligned,9,10,41
stack,aligned,9,11,41
stack,aligned,9,12,541
stack,aligned,9,13,140
stack,aligned,9,14,41
stack,aligned,9,15,41
stack,aligned,9,16,41
stack,aligned,9,17,41
stack,aligned,9,18,41
stack,aligned,9,19,41
stack,aligned,9,20,41
stack,aligned,9,21,41
stack,aligned,9,22,41
stack,aligned,9,23,41
stack,aligned,9,24,41
stack,aligned,9,25,41
stack,aligned,9,26,41
stack,aligned,9,27,41
stack,aligned,9,28,41
stack,aligned,9,29,51
stack,aligned,9,30,41
stack,aligned,9,31,41
stack,aligned,9,32,41
stack,aligned,9,33,41
stack,aligned,9,34,41
stack,aligned,9,35,41
stack,aligned,9,36,41
stack,aligned,9,37,541
stack,aligned,9,38,541
stack,aligned,9,39,160
stack,aligned,9,40,230
stack,aligned,9,41,171
stack,aligned,9,42,50
stack,aligned,9,43,41
stack,aligned,9,44,171
stack,aligned,9,45,241
stack,aligned,9,46,181
stack,aligned,9,47,170
stack,aligned,9,48,541
stack,aligned,9,49,160
stack,aligned,9,50,131
stack,aligned,9,51,201
stack,aligned,9,52,51
stack,aligned,9,53,161
stack,aligned,9,54,170
stack,aligned,9,55,41
stack,aligned,9,56,170
stack,aligned,9,57,190
stack,aligned,9,58,160
stack,aligned,9,59,161
stack,aligned,9,60,41
stack,aligned,9,61,41
stack,aligned,9,62,41
stack,aligned,9,63,161
stack,aligned,9,64,170
stack,aligned,9,65,41
stack,aligned,9,66,41
stack,aligned,9,67,41
stack,aligned,9,68,41
stack,aligned,9,69,41
stack,aligned,9,70,41
stack,aligned,9,71,41
stack,aligned,9,72,41
stack,aligned,9,73,51
stack,aligned,9,74,50
stack,aligned,9,75,51
stack,aligned,9,76,41
stack,aligned,9,77,41
stack,aligned,9,78,41
stack,aligned,9,79,41
stack,aligned,9,80,41
stack,aligned,9,81,41
stack,aligned,9,82,41
stack,aligned,9,83,41
stack,aligned,9,84,41
stack,aligned,9,85,41
stack,aligned,9,86,41
stack,aligned,9,87,41
stack,aligned,9,88,50
stack,aligned,9,89,200
stack,aligned,9,90,161
stack,aligned,9,91,220
stack,aligned,9,92,160
stack,aligned,9,93,201
stack,aligned,9,94,161
stack,aligned,9,95,170
stack,aligned,9,96,240
stack,aligned,9,97,210
stack,aligned,9,98,230
stack,aligned,9,99,170
stack,aligned,9,100,160
stack,aligned,9,101,210
stack,aligned,9,102,60
stack,aligned,9,103,41
stack,aligned,9,104,41
stack,aligned,9,105,41
stack,aligned,9,106,41
stack,aligned,9,107,41
stack,aligned,9,108,200
stack,aligned,9,109,50
stack,aligned,9,110,131
stack,aligned,9,111,41
stack,aligned,9,112,51
stack,aligned,9,113,200
stack,aligned,9,114,171
stack,aligned,9,115,230
stack,aligned,9,116,50
stack,aligned,9,117,41
stack,aligned,9,118,41
stack,aligned,9,119,140
stack,aligned,9,120,50
stack,aligned,9,121,131
stack,aligned,9,122,160
stack,aligned,9,123,160
stack,aligned,9,124,200
stack,aligned,9,125,161
stack,aligned,9,126,210
stack,aligned,9,127,210
stack,aligned,9,128,161
stack,aligned,9,129,171
stack,aligned,9,130,161
stack,aligned,9,131,401
stack,aligned,9,132,41
stack,aligned,9,133,41
stack,aligned,9,134,41
stack,aligned,9,135,41
stack,aligned,9,136,200
stack,aligned,9,137,170
stack,aligned,9,138,120
stack,aligned,9,139,41
stack,aligned,9,140,41
stack,aligned,9,141,41
stack,aligned,9,142,41
stack,aligned,9,143,41
stack,aligned,9,144,41
stack,aligned,9,145,41
stack,aligned,9,146,41
stack,aligned,9,147,41
stack,aligned,9,148,41
stack,aligned,9,149,41
stack,aligned,9,150,41
stack,aligned,9,151,41
stack,aligned,9,152,41
stack,aligned,9,153,41
stack,aligned,9,154,41
stack,aligned,9,155,41
stack,aligned,9,156,41
stack,aligned,9,157,41
stack,aligned,9,158,41
stack,aligned,9,159,200
stack,aligned,9,160,171
stack,aligned,9,161,210
stack,aligned,9,162,251
stack,aligned,9,163,541
stack,aligned,9,164,171
stack,aligned,9,165,41
stack,aligned,9,166,41
stack,aligned,9,167,41
stack,aligned,9,168,41
stack,aligned,9,169,50
stack,aligned,9,170,51
stack,aligned,9,171,51
stack,aligned,9,172,41
stack,aligned,9,173,41
stack,aligned,9,174,41
stack,aligned,9,175,41
stack,aligned,9,176,41
stack,aligned,9,177,41
stack,aligned,9,178,41
stack,aligned,9,179,41
stack,aligned,9,180,41
stack,aligned,9,181,41
stack,aligned,9,182,41
stack,aligned,9,183,551
stack,aligned,9,184,41
stack,aligned,9,185,41
stack,aligned,9,186,140
stack,aligned,9,187,12173
stack,aligned,9,188,160
stack,aligned,9,189,160
stack,aligned,9,190,170
stack,aligned,9,191,41
stack,aligned,9,192,41
stack,aligned,9,193,41
stack,aligned,9,194,41
stack,aligned,9,195,41
stack,aligned,9,196,41
stack,aligned,9,197,41
stack,aligned,9,198,41
stack,aligned,9,199,41
stack,aligned,9,200,41
stack,aligned,9,201,41
stack,aligned,9,202,41
stack,aligned,9,203,41
stack,aligned,9,204,41
stack,aligned,9,205,41
stack,aligned,9,206,41
stack,aligned,9,207,41
stack,aligned,9,208,41
stack,aligned,9,209,41
stack,aligned,9,210,41
stack,aligned,9,211,41
stack,aligned,9,212,50
stack,aligned,9,213,421
stack,aligned,9,214,110
stack,aligned,9,215,41
stack,aligned,9,216,41
stack,aligned,9,217,41
stack,aligned,9,218,51
stack,aligned,9,219,41
stack,aligned,9,220,41
stack,aligned,9,221,41
stack,aligned,9,222,41
stack,aligned,9,223,41
stack,aligned,9,224,41
stack,aligned,9,225,41
stack,aligned,9,226,41
stack,aligned,9,227,41
stack,aligned,9,228,41
stack,aligned,9,229,41
stack,aligned,9,230,41
stack,aligned,9,231,41
stack,aligned,9,232,41
stack,aligned,9,233,41
stack,aligned,9,234,41
stack,aligned,9,235,41
stack,aligned,9,236,41
stack,aligned,9,237,521
stack,aligned,9,238,171
stack,aligned,9,239,491
stack,aligned,9,240,170
stack,aligned,9,241,170
stack,aligned,9,242,161
stack,aligned,9,243,41
stack,aligned,9,244,41
stack,aligned,9,245,41
stack,aligned,9,246,41
stack,aligned,9,247,41
stack,aligned,9,248,41
stack,aligned,9,249,41
stack,aligned,9,250,41
stack,aligned,9,251,41
stack,aligned,9,252,41
stack,aligned,9,253,41
stack,aligned,9,254,41
stack,aligned,9,255,41
stack,aligned,9,256,41
stack,aligned,9,257,41
stack,aligned,9,258,41
stack,aligned,9,259,41
stack,aligned,9,260,41
stack,aligned,9,261,41
stack,aligned,9,262,41
stack,aligned,9,263,541
stack,aligned,9,264,140
stack,aligned,9,265,41
stack,aligned,9,266,41
stack,aligned,9,267,41
stack,aligned,9,268,41
stack,aligned,9,269,41
stack,aligned,9,270,531
stack,aligned,9,271,41
stack,aligned,9,272,41
stack,aligned,9,273,41
stack,aligned,9,274,41
stack,aligned,9,275,41
stack,aligned,9,276,41
stack,aligned,9,277,41
stack,aligned,9,278,41
stack,aligned,9,279,41
stack,aligned,9,280,41
stack,aligned,9,281,41
stack,aligned,9,282,41
stack,aligned,9,283,41
stack,aligned,9,284,41
stack,aligned,9,285,41
stack,aligned,9,286,41
stack,aligned,9,287,41
stack,aligned,9,288,41
stack,aligned,9,289,11201
stack,aligned,9,290,41
stack,aligned,9,291,41
stack,aligned,9,292,41
stack,aligned,9,293,41
stack,aligned,9,294,41
stack,aligned,9,295,521
stack,aligned,9,296,41
stack,aligned,9,297,41
stack,aligned,9,298,41
stack,aligned,9,299,41
stack,aligned,9,300,41
stack,aligned,9,301,41
stack,aligned,9,302,41
stack,aligned,9,303,41
stack,aligned,9,304,41
stack,aligned,9,305,41
stack,aligned,9,306,41
stack,aligned,9,307,41
stack,aligned,9,308,41
stack,aligned,9,309,41
stack,aligned,9,310,41
stack,aligned,9,311,41
stack,aligned,9,312,41
stack,aligned,9,313,41
stack,aligned,9,314,41
stack,aligned,9,315,41
stack,aligned,9,316,41
stack,aligned,9,317,41
stack,aligned,9,318,41
stack,aligned,9,319,41
stack,aligned,9,320,41
stack,aligned,9,321,50
stack,aligned,9,322,41
stack,aligned,9,323,521
stack,aligned,9,324,41
stack,aligned,9,325,41
stack,aligned,9,326,41
stack,aligned,9,327,41
stack,aligned,9,328,41
stack,aligned,9,329,51
stack,aligned,9,330,51
stack,aligned,9,331,51
stack,aligned,9,332,51
stack,aligned,9,333,41
stack,aligned,9,334,41
stack,aligned,9,335,41
stack,aligned,9,336,41
stack,aligned,9,337,41
stack,aligned,9,338,41
stack,aligned,9,339,41
stack,aligned,9,340,41
stack,aligned,9,341,41
stack,aligned,9,342,41
stack,aligned,9,343,41
stack,aligned,9,344,41
stack,aligned,9,345,41
stack,aligned,9,346,541
stack,aligned,9,347,41
stack,aligned,9,348,41
stack,aligned,9,349,41
stack,aligned,9,350,60
stack,aligned,9,351,41
stack,aligned,9,352,41
stack,aligned,9,353,41
stack,aligned,9,354,41
stack,aligned,9,355,41
stack,aligned,9,356,41
stack,aligned,9,357,41
stack,aligned,9,358,41
stack,aligned,9,359,41
stack,aligned,9,360,41
stack,aligned,9,361,41
stack,aligned,9,362,41
stack,aligned,9,363,41
stack,aligned,9,364,41
stack,aligned,9,365,41
stack,aligned,9,366,41
stack,aligned,9,367,41
stack,aligned,9,368,41
stack,aligned,9,369,41
stack,aligned,9,370,41
stack,aligned,9,371,41
stack,aligned,9,372,41
stack,aligned,9,373,41
stack,aligned,9,374,541
stack,aligned,9,375,51
stack,aligned,9,376,41
stack,aligned,9,377,41
stack,aligned,9,378,41
stack,aligned,9,379,41
stack,aligned,9,380,50
stack,aligned,9,381,51
stack,aligned,9,382,51
stack,aligned,9,383,41
stack,aligned,9,384,41
stack,aligned,9,385,41
stack,aligned,9,386,41
stack,aligned,9,387,41
stack,aligned,9,388,41
stack,aligned,9,389,41
stack,aligned,9,390,41
stack,aligned,9,391,41
stack,aligned,9,392,41
stack,aligned,9,393,7824
stack,aligned,9,394,41
stack,aligned,9,395,41
stack,aligned,9,396,41
stack,aligned,9,397,41
stack,aligned,9,398,41
stack,aligned,9,399,41
arena,aligned,9,0,110
arena,aligned,9,1,41
arena,aligned,9,2,541
arena,aligned,9,3,41
arena,aligned,9,4,41
arena,aligned,9,5,41
arena,aligned,9,6,41
arena,aligned,9,7,41
arena,aligned,9,8,41
arena,aligned,9,9,41
arena,aligned,9,10,41
arena,aligned,9,11,41
arena,aligned,9,12,41
arena,aligned,9,13,41
arena,aligned,9,14,100
arena,aligned,9,15,41
arena,aligned,9,16,41
arena,aligned,9,17,41
arena,aligned,9,18,41
arena,aligned,9,19,41
arena,aligned,9,20,41
arena,aligned,9,21,41
arena,aligned,9,22,41
arena,aligned,9,23,41
arena,aligned,9,24,41
arena,aligned,9,25,41
arena,aligned,9,26,41
arena,aligned,9,27,41
arena,aligned,9,28,541
arena,aligned,9,29,130
arena,aligned,9,30,41
arena,aligned,9,31,41
arena,aligned,9,32,41
arena,aligned,9,33,41
arena,aligned,9,34,41
arena,aligned,9,35,41
arena,aligned,9,36,41
arena,aligned,9,37,41
arena,aligned,9,38,41
arena,aligned,9,39,41
arena,aligned,9,40,41
arena,aligned,9,41,41
arena,aligned,9,42,41
arena,aligned,9,43,41
arena,aligned,9,44,41
arena,aligned,9,45,41
arena,aligned,9,46,41
arena,aligned,9,47,41
arena,aligned,9,48,41
arena,aligned,9,49,41
arena,aligned,9,50,521
arena,aligned,9,51,41
arena,aligned,9,52,41
arena,aligned,9,53,41
arena,aligned,9,54,50
arena,aligned,9,55,160
arena,aligned,9,56,50
arena,aligned,9,57,51
arena,aligned,9,58,581
arena,aligned,9,59,41
arena,aligned,9,60,41
arena,aligned,9,61,41
arena,aligned,9,62,41
arena,aligned,9,63,41
arena,aligned,9,64,41
arena,aligned,9,65,41
arena,aligned,9,66,41
arena,aligned,9,67,80
arena,aligned,9,68,41
arena,aligned,9,69,41
arena,aligned,9,70,41
arena,aligned,9,71,41
arena,aligned,9,72,41
arena,aligned,9,73,41
arena,aligned,9,74,41
arena,aligned,9,75,41
arena,aligned,9,76,41
arena,aligned,9,77,41
arena,aligned,9,78,41
arena,aligned,9,79,41
arena,aligned,9,80,41
arena,aligned,9,81,41
arena,aligned,9,82,41
arena,aligned,9,83,551
arena,aligned,9,84,41
arena,aligned,9,85,41
arena,aligned,9,86,41
arena,aligned,9,87,41
arena,aligned,9,88,41
arena,aligned,9,89,41
arena,aligned,9,90,41
arena,aligned,9,91,41
arena,aligned,9,92,41
arena,aligned,9,93,41
arena,aligned,9,94,41
arena,aligned,9,95,41
arena,aligned,9,96,41
arena,aligned,9,97,41
arena,aligned,9,98,41
arena,aligned,9,99,41
arena,aligned,9,100,41
arena,aligned,9,101,41
arena,aligned,9,102,41
arena,aligned,9,103,581
arena,aligned,9,104,51
arena,aligned,9,105,51
arena,aligned,9,106,41
arena,aligned,9,107,41
arena,aligned,9,108,41
arena,aligned,9,109,51
arena,aligned,9,110,41
arena,aligned,9,111,41
arena,aligned,9,112,41
arena,aligned,9,113,41
arena,aligned,9,114,41
arena,aligned,9,115,41
arena,aligned,9,116,41
arena,aligned,9,117,41
arena,aligned,9,118,41
arena,aligned,9,119,41
arena,aligned,9,120,41
arena,aligned,9,121,41
arena,aligned,9,122,41
arena,aligned,9,123,41
arena,aligned,9,124,41
arena,aligned,9,125,41
arena,aligned,9,126,41
arena,aligned,9,127,41
arena,aligned,9,128,41
arena,aligned,9,129,41
arena,aligned,9,130,41
arena,aligned,9,131,41
arena,aligned,9,132,41
arena,aligned,9,133,41
arena,aligned,9,134,41
arena,aligned,9,135,41
arena,aligned,9,136,511
arena,aligned,9,137,41
arena,aligned,9,138,41
arena,aligned,9,139,41
arena,aligned,9,140,41
arena,aligned,9,141,41
arena,aligned,9,142,41
arena,aligned,9,143,41
arena,aligned,9,144,41
arena,aligned,9,145,41
arena,aligned,9,146,41
arena,aligned,9,147,41
arena,aligned,9,148,41
arena,aligned,9,149,41
arena,aligned,9,150,41
arena,aligned,9,151,41
arena,aligned,9,152,41
arena,aligned,9,153,41
arena,aligned,9,154,41
arena,aligned,9,155,50
arena,aligned,9,156,41
arena,aligned,9,157,41
arena,aligned,9,158,41
arena,aligned,9,159,51
arena,aligned,9,160,50
arena,aligned,9,161,51
arena,aligned,9,162,60
arena,aligned,9,163,41
arena,aligned,9,164,41
arena,aligned,9,165,541
arena,aligned,9,166,41
arena,aligned,9,167,41
arena,aligned,9,168,41
arena,aligned,9,169,41
arena,aligned,9,170,41
arena,aligned,9,171,310
arena,aligned,9,172,41
arena,aligned,9,173,41
arena,aligned,9,174,41
arena,aligned,9,175,41
arena,aligned,9,176,41
arena,aligned,9,177,41
arena,aligned,9,178,41
arena,aligned,9,179,41
arena,aligned,9,180,41
arena,aligned,9,181,41
arena,aligned,9,182,41
arena,aligned,9,183,41
arena,aligned,9,184,41
arena,aligned,9,185,41
arena,aligned,9,186,41
arena,aligned,9,187,41
arena,aligned,9,188,41
arena,aligned,9,189,531
arena,aligned,9,190,60
arena,aligned,9,191,41
arena,aligned,9,192,41
arena,aligned,9,193,41
arena,aligned,9,194,41
arena,aligned,9,195,41
arena,aligned,9,196,41
arena,aligned,9,197,41
arena,aligned,9,198,41
arena,aligned,9,199,41
arena,aligned,9,200,41
arena,aligned,9,201,41
arena,aligned,9,202,51
arena,aligned,9,203,51
arena,aligned,9,204,41
arena,aligned,9,205,41
arena,aligned,9,206,41
arena,aligned,9,207,41
arena,aligned,9,208,111
arena,aligned,9,209,41
arena,aligned,9,210,41
arena,aligned,9,211,51
arena,aligned,9,212,50
arena,aligned,9,213,51
arena,aligned,9,214,41
arena,aligned,9,215,50
arena,aligned,9,216,120
arena,aligned,9,217,41
arena,aligned,9,218,50
arena,aligned,9,219,50
arena,aligned,9,220,41
arena,aligned,9,221,41
arena,aligned,9,222,41
arena,aligned,9,223,121
arena,aligned,9,224,41
arena,aligned,9,225,41
arena,aligned,9,226,41
arena,aligned,9,227,41
arena,aligned,9,228,41
arena,aligned,9,229,41
arena,aligned,9,230,41
arena,aligned,9,231,41
arena,aligned,9,232,41
arena,aligned,9,233,41
arena,aligned,9,234,41
arena,aligned,9,235,41
arena,aligned,9,236,41
arena,aligned,9,237,41
arena,aligned,9,238,41
arena,aligned,9,239,41
arena,aligned,9,240,41
arena,aligned,9,241,41
arena,aligned,9,242,41
arena,aligned,9,243,70
arena,aligned,9,244,41
arena,aligned,9,245,41
arena,aligned,9,246,41
arena,aligned,9,247,41
arena,aligned,9,248,41
arena,aligned,9,249,41
arena,aligned,9,250,41
arena,aligned,9,251,41
arena,aligned,9,252,41
arena,aligned,9,253,41
arena,aligned,9,254,41
arena,aligned,9,255,41
arena,aligned,9,256,41
arena,aligned,9,257,41
arena,aligned,9,258,41
arena,aligned,9,259,50
arena,aligned,9,260,551
arena,aligned,9,261,41
arena,aligned,9,262,41
arena,aligned,9,263,41
arena,aligned,9,264,41
arena,aligned,9,265,41
arena,aligned,9,266,41
arena,aligned,9,267,41
arena,aligned,9,268,41
arena,aligned,9,269,131
arena,aligned,9,270,41
arena,aligned,9,271,41
arena,aligned,9,272,541
arena,aligned,9,273,41
arena,aligned,9,274,41
arena,aligned,9,275,8095
arena,aligned,9,276,41
arena,aligned,9,277,41
arena,aligned,9,278,41
arena,aligned,9,279,41
arena,aligned,9,280,41
arena,aligned,9,281,41
arena,aligned,9,282,41
arena,aligned,9,283,41
arena,aligned,9,284,41
arena,aligned,9,285,41
arena,aligned,9,286,41
arena,aligned,9,287,41
arena,aligned,9,288,41
arena,aligned,9,289,41
arena,aligned,9,290,41
arena,aligned,9,291,41
arena,aligned,9,292,41
arena,aligned,9,293,41
arena,aligned,9,294,41
arena,aligned,9,295,41
arena,aligned,9,296,41
arena,aligned,9,297,41
arena,aligned,9,298,50
arena,aligned,9,299,131
arena,aligned,9,300,41
arena,aligned,9,301,41
arena,aligned,9,302,41
arena,aligned,9,303,41
arena,aligned,9,304,41
arena,aligned,9,305,41
arena,aligned,9,306,41
arena,aligned,9,307,41
arena,aligned,9,308,41
arena,aligned,9,309,41
arena,aligned,9,310,41
arena,aligned,9,311,41
arena,aligned,9,312,41
arena,aligned,9,313,41
arena,aligned,9,314,50
arena,aligned,9,315,41
arena,aligned,9,316,41
arena,aligned,9,317,50
arena,aligned,9,318,50
arena,aligned,9,319,51
arena,aligned,9,320,51
arena,aligned,9,321,41
arena,aligned,9,322,41
arena,aligned,9,323,41
arena,aligned,9,324,551
arena,aligned,9,325,41
arena,aligned,9,326,41
arena,aligned,9,327,50
arena,aligned,9,328,100
arena,aligned,9,329,41
arena,aligned,9,330,41
arena,aligned,9,331,41
arena,aligned,9,332,41
arena,aligned,9,333,41
arena,aligned,9,334,41
arena,aligned,9,335,41
arena,aligned,9,336,41
arena,aligned,9,337,41
arena,aligned,9,338,41
arena,aligned,9,339,41
arena,aligned,9,340,41
arena,aligned,9,341,41
arena,aligned,9,342,41
arena,aligned,9,343,41
arena,aligned,9,344,41
arena,aligned,9,345,41
arena,aligned,9,346,41
arena,aligned,9,347,41
arena,aligned,9,348,41
arena,aligned,9,349,41
arena,aligned,9,350,41
arena,aligned,9,351,541
arena,aligned,9,352,131
arena,aligned,9,353,41
arena,aligned,9,354,41
arena,aligned,9,355,41
arena,aligned,9,356,41
arena,aligned,9,357,41
arena,aligned,9,358,41
arena,aligned,9,359,41
arena,aligned,9,360,41
arena,aligned,9,361,41
arena,aligned,9,362,41
arena,aligned,9,363,41
arena,aligned,9,364,41
arena,aligned,9,365,41
arena,aligned,9,366,41
arena,aligned,9,367,541
arena,aligned,9,368,50
arena,aligned,9,369,41
arena,aligned,9,370,41
arena,aligned,9,371,41
arena,aligned,9,372,41
arena,aligned,9,373,41
arena,aligned,9,374,41
arena,aligned,9,375,41
arena,aligned,9,376,41
arena,aligned,9,377,41
arena,aligned,9,378,50
arena,aligned,9,379,41
arena,aligned,9,380,41
arena,aligned,9,381,541
arena,aligned,9,382,7343
arena,aligned,9,383,41
arena,aligned,9,384,41
arena,aligned,9,385,41
arena,aligned,9,386,41
arena,aligned,9,387,41
arena,aligned,9,388,41
arena,aligned,9,389,41
arena,aligned,9,390,41
arena,aligned,9,391,41
arena,aligned,9,392,41
arena,aligned,9,393,41
arena,aligned,9,394,41
arena,aligned,9,395,41
arena,aligned,9,396,41
arena,aligned,9,397,41
arena,aligned,9,398,41
arena,aligned,9,399,41
malloc,aligned,9,0,140
malloc,aligned,9,1,80
malloc,aligned,9,2,70
malloc,aligned,9,3,70
malloc,aligned,9,4,60
malloc,aligned,9,5,70
malloc,aligned,9,6,70
malloc,aligned,9,7,70
malloc,aligned,9,8,60
malloc,aligned,9,9,70
malloc,aligned,9,10,70
malloc,aligned,9,11,70
malloc,aligned,9,12,70
malloc,aligned,9,13,601
malloc,aligned,9,14,541
malloc,aligned,9,15,70
malloc,aligned,9,16,61
malloc,aligned,9,17,70
malloc,aligned,9,18,61
malloc,aligned,9,19,521
malloc,aligned,9,20,70
malloc,aligned,9,21,70
malloc,aligned,9,22,70
malloc,aligned,9,23,61
malloc,aligned,9,24,70
malloc,aligned,9,25,70
malloc,aligned,9,26,70
malloc,aligned,9,27,70
malloc,aligned,9,28,61
malloc,aligned,9,29,100
malloc,aligned,9,30,140
malloc,aligned,9,31,71
malloc,aligned,9,32,150
malloc,aligned,9,33,581
malloc,aligned,9,34,70
malloc,aligned,9,35,70
malloc,aligned,9,36,70
malloc,aligned,9,37,61
malloc,aligned,9,38,80
malloc,aligned,9,39,71
malloc,aligned,9,40,120
malloc,aligned,9,41,712
malloc,aligned,9,42,70
malloc,aligned,9,43,71
malloc,aligned,9,44,70
malloc,aligned,9,45,71
malloc,aligned,9,46,70
malloc,aligned,9,47,70
malloc,aligned,9,48,70
malloc,aligned,9,49,61
malloc,aligned,9,50,70
malloc,aligned,9,51,70
malloc,aligned,9,52,60
malloc,aligned,9,53,541
malloc,aligned,9,54,70
malloc,aligned,9,55,61
malloc,aligned,9,56,61
malloc,aligned,9,57,70
malloc,aligned,9,58,61
malloc,aligned,9,59,71
malloc,aligned,9,60,60
malloc,aligned,9,61,90
malloc,aligned,9,62,21921
malloc,aligned,9,63,120
malloc,aligned,9,64,70
malloc,aligned,9,65,71
malloc,aligned,9,66,70
malloc,aligned,9,67,61
malloc,aligned,9,68,70
malloc,aligned,9,69,70
malloc,aligned,9,70,120
malloc,aligned,9,71,80
malloc,aligned,9,72,81
malloc,aligned,9,73,70
malloc,aligned,9,74,70
malloc,aligned,9,75,70
malloc,aligned,9,76,70
malloc,aligned,9,77,551
malloc,aligned,9,78,70
malloc,aligned,9,79,70
malloc,aligned,9,80,8977
malloc,aligned,9,81,131
malloc,aligned,9,82,61
malloc,aligned,9,83,81
malloc,aligned,9,84,61
malloc,aligned,9,85,70
malloc,aligned,9,86,61
malloc,aligned,9,87,71
malloc,aligned,9,88,70
malloc,aligned,9,89,70
malloc,aligned,9,90,70
malloc,aligned,9,91,70
malloc,aligned,9,92,100
malloc,aligned,9,93,70
malloc,aligned,9,94,61
malloc,aligned,9,95,70
malloc,aligned,9,96,70
malloc,aligned,9,97,70
malloc,aligned,9,98,71
malloc,aligned,9,99,60
malloc,aligned,9,100,61
malloc,aligned,9,101,70
malloc,aligned,9,102,70
malloc,aligned,9,103,110
malloc,aligned,9,104,70
malloc,aligned,9,105,61
malloc,aligned,9,106,71
malloc,aligned,9,107,61
malloc,aligned,9,108,70
malloc,aligned,9,109,71
malloc,aligned,9,110,70
malloc,aligned,9,111,61
malloc,aligned,9,112,70
malloc,aligned,9,113,70
malloc,aligned,9,114,70
malloc,aligned,9,115,541
malloc,aligned,9,116,130
malloc,aligned,9,117,61
malloc,aligned,9,118,70
malloc,aligned,9,119,71
malloc,aligned,9,120,60
malloc,aligned,9,121,71
malloc,aligned,9,122,70
malloc,aligned,9,123,61
malloc,aligned,9,124,60
malloc,aligned,9,125,541
malloc,aligned,9,126,8215
malloc,aligned,9,127,70
malloc,aligned,9,128,61
malloc,aligned,9,129,60
malloc,aligned,9,130,61
malloc,aligned,9,131,61
malloc,aligned,9,132,61
malloc,aligned,9,133,61
malloc,aligned,9,134,61
malloc,aligned,9,135,71
malloc,aligned,9,136,61
malloc,aligned,9,137,802
malloc,aligned,9,138,60
malloc,aligned,9,139,61
malloc,aligned,9,140,70
malloc,aligned,9,141,70
malloc,aligned,9,142,70
malloc,aligned,9,143,61
malloc,aligned,9,144,70
malloc,aligned,9,145,70
malloc,aligned,9,146,70
malloc,aligned,9,147,71
malloc,aligned,9,148,541
malloc,aligned,9,149,70
malloc,aligned,9,150,71
malloc,aligned,9,151,70
malloc,aligned,9,152,70
malloc,aligned,9,153,70
malloc,aligned,9,154,61
malloc,aligned,9,155,70
malloc,aligned,9,156,60
malloc,aligned,9,157,71
malloc,aligned,9,158,60
malloc,aligned,9,159,61
malloc,aligned,9,160,130
malloc,aligned,9,161,70
malloc,aligned,9,162,531
malloc,aligned,9,163,211
malloc,aligned,9,164,70
malloc,aligned,9,165,70
malloc,aligned,9,166,70
malloc,aligned,9,167,60
malloc,aligned,9,168,70
malloc,aligned,9,169,70
malloc,aligned,9,170,541
malloc,aligned,9,171,120
malloc,aligned,9,172,9478
malloc,aligned,9,173,70
malloc,aligned,9,174,70
malloc,aligned,9,175,60
malloc,aligned,9,176,61
malloc,aligned,9,177,70
malloc,aligned,9,178,61
malloc,aligned,9,179,71
malloc,aligned,9,180,70
malloc,aligned,9,181,70
malloc,aligned,9,182,70
malloc,aligned,9,183,70
malloc,aligned,9,184,60
malloc,aligned,9,185,70
malloc,aligned,9,186,70
malloc,aligned,9,187,61
malloc,aligned,9,188,60
malloc,aligned,9,189,70
malloc,aligned,9,190,70
malloc,aligned,9,191,70
malloc,aligned,9,192,70
malloc,aligned,9,193,130
malloc,aligned,9,194,70
malloc,aligned,9,195,61
malloc,aligned,9,196,70
malloc,aligned,9,197,71
malloc,aligned,9,198,70
malloc,aligned,9,199,61
malloc,aligned,9,200,70
malloc,aligned,9,201,61
malloc,aligned,9,202,60
malloc,aligned,9,203,70
malloc,aligned,9,204,60
malloc,aligned,9,205,61
malloc,aligned,9,206,70
malloc,aligned,9,207,130
malloc,aligned,9,208,70
malloc,aligned,9,209,180
malloc,aligned,9,210,71
malloc,aligned,9,211,70
malloc,aligned,9,212,541
malloc,aligned,9,213,71
malloc,aligned,9,214,71
malloc,aligned,9,215,61
malloc,aligned,9,216,70
malloc,aligned,9,217,70
malloc,aligned,9,218,110
malloc,aligned,9,219,100
malloc,aligned,9,220,70
malloc,aligned,9,221,61
malloc,aligned,9,222,70
malloc,aligned,9,223,120
malloc,aligned,9,224,61
malloc,aligned,9,225,60
malloc,aligned,9,226,61
malloc,aligned,9,227,70
malloc,aligned,9,228,61
malloc,aligned,9,229,70
malloc,aligned,9,230,71
malloc,aligned,9,231,60
malloc,aligned,9,232,71
malloc,aligned,9,233,70
malloc,aligned,9,234,61
malloc,aligned,9,235,70
malloc,aligned,9,236,61
malloc,aligned,9,237,70
malloc,aligned,9,238,70
malloc,aligned,9,239,70
malloc,aligned,9,240,70
malloc,aligned,9,241,80
malloc,aligned,9,242,70
malloc,aligned,9,243,70
malloc,aligned,9,244,60
malloc,aligned,9,245,101
malloc,aligned,9,246,80
malloc,aligned,9,247,70
malloc,aligned,9,248,541
malloc,aligned,9,249,151
malloc,aligned,9,250,70
malloc,aligned,9,251,70
malloc,aligned,9,252,70
malloc,aligned,9,253,80
malloc,aligned,9,254,60
malloc,aligned,9,255,662
malloc,aligned,9,256,151
malloc,aligned,9,257,81
malloc,aligned,9,258,61
malloc,aligned,9,259,61
malloc,aligned,9,260,70
malloc,aligned,9,261,70
malloc,aligned,9,262,61
malloc,aligned,9,263,71
malloc,aligned,9,264,8727
malloc,aligned,9,265,70
malloc,aligned,9,266,70
malloc,aligned,9,267,541
malloc,aligned,9,268,130
malloc,aligned,9,269,70
malloc,aligned,9,270,101
malloc,aligned,9,271,210
malloc,aligned,9,272,61
malloc,aligned,9,273,70
malloc,aligned,9,274,70
malloc,aligned,9,275,70
malloc,aligned,9,276,61
malloc,aligned,9,277,70
malloc,aligned,9,278,70
malloc,aligned,9,279,70
malloc,aligned,9,280,70
malloc,aligned,9,281,70
malloc,aligned,9,282,70
malloc,aligned,9,283,70
malloc,aligned,9,284,61
malloc,aligned,9,285,70
malloc,aligned,9,286,61
malloc,aligned,9,287,70
malloc,aligned,9,288,61
malloc,aligned,9,289,70
malloc,aligned,9,290,60
malloc,aligned,9,291,61
malloc,aligned,9,292,60
malloc,aligned,9,293,131
malloc,aligned,9,294,70
malloc,aligned,9,295,70
malloc,aligned,9,296,70
malloc,aligned,9,297,70
malloc,aligned,9,298,71
malloc,aligned,9,299,61
malloc,aligned,9,300,70
malloc,aligned,9,301,61
malloc,aligned,9,302,130
malloc,aligned,9,303,70
malloc,aligned,9,304,70
malloc,aligned,9,305,60
malloc,aligned,9,306,60
malloc,aligned,9,307,61
malloc,aligned,9,308,70
malloc,aligned,9,309,70
malloc,aligned,9,310,90
malloc,aligned,9,311,71
malloc,aligned,9,312,71
malloc,aligned,9,313,71
malloc,aligned,9,314,70
malloc,aligned,9,315,541
malloc,aligned,9,316,60
malloc,aligned,9,317,61
malloc,aligned,9,318,141
malloc,aligned,9,319,71
malloc,aligned,9,320,60
malloc,aligned,9,321,70
malloc,aligned,9,322,70
malloc,aligned,9,323,61
malloc,aligned,9,324,71
malloc,aligned,9,325,70
malloc,aligned,9,326,61
malloc,aligned,9,327,70
malloc,aligned,9,328,61
malloc,aligned,9,329,70
malloc,aligned,9,330,70
malloc,aligned,9,331,70
malloc,aligned,9,332,70
malloc,aligned,9,333,70
malloc,aligned,9,334,60
malloc,aligned,9,335,70
malloc,aligned,9,336,61
malloc,aligned,9,337,80
malloc,aligned,9,338,70
malloc,aligned,9,339,71
malloc,aligned,9,340,91
malloc,aligned,9,341,131
malloc,aligned,9,342,70
malloc,aligned,9,343,70
malloc,aligned,9,344,81
malloc,aligned,9,345,81
malloc,aligned,9,346,70
malloc,aligned,9,347,70
malloc,aligned,9,348,551
malloc,aligned,9,349,80
malloc,aligned,9,350,70
malloc,aligned,9,351,70
malloc,aligned,9,352,61
malloc,aligned,9,353,61
malloc,aligned,9,354,70
malloc,aligned,9,355,70
malloc,aligned,9,356,100
malloc,aligned,9,357,70
malloc,aligned,9,358,70
malloc,aligned,9,359,70
malloc,aligned,9,360,71
malloc,aligned,9,361,70
malloc,aligned,9,362,71
malloc,aligned,9,363,120
malloc,aligned,9,364,70
malloc,aligned,9,365,70
malloc,aligned,9,366,90
malloc,aligned,9,367,61
malloc,aligned,9,368,61
malloc,aligned,9,369,70
malloc,aligned,9,370,70
malloc,aligned,9,371,70
malloc,aligned,9,372,61
malloc,aligned,9,373,61
malloc,aligned,9,374,70
malloc,aligned,9,375,60
malloc,aligned,9,376,61
malloc,aligned,9,377,61
malloc,aligned,9,378,61
malloc,aligned,9,379,61
malloc,aligned,9,380,70
malloc,aligned,9,381,71
malloc,aligned,9,382,61
malloc,aligned,9,383,61
malloc,aligned,9,384,70
malloc,aligned,9,385,61
malloc,aligned,9,386,70
malloc,aligned,9,387,61
malloc,aligned,9,388,571
malloc,aligned,9,389,131
malloc,aligned,9,390,60
malloc,aligned,9,391,70
malloc,aligned,9,392,70
malloc,aligned,9,393,80
malloc,aligned,9,394,80
malloc,aligned,9,395,150
malloc,aligned,9,396,80
malloc,aligned,9,397,60
malloc,aligned,9,398,70
malloc,aligned,9,399,70
clock_write_control,odd,9,0,161
clock_write_control,odd,9,1,171
clock_write_control,odd,9,2,712
clock_write_control,odd,9,3,160
clock_write_control,odd,9,4,41
clock_write_control,odd,9,5,41
clock_write_control,odd,9,6,41
clock_write_control,odd,9,7,41
clock_write_control,odd,9,8,41
clock_write_control,odd,9,9,41
clock_write_control,odd,9,10,41
clock_write_control,odd,9,11,41
clock_write_control,odd,9,12,41
clock_write_control,odd,9,13,41
clock_write_control,odd,9,14,41
clock_write_control,odd,9,15,41
clock_write_control,odd,9,16,41
clock_write_control,odd,9,17,41
clock_write_control,odd,9,18,41
clock_write_control,odd,9,19,41
clock_write_control,odd,9,20,41
clock_write_control,odd,9,21,41
clock_write_control,odd,9,22,50
clock_write_control,odd,9,23,41
clock_write_control,odd,9,24,190
clock_write_control,odd,9,25,150
clock_write_control,odd,9,26,41
clock_write_control,odd,9,27,41
clock_write_control,odd,9,28,41
clock_write_control,odd,9,29,41
clock_write_control,odd,9,30,41
clock_write_control,odd,9,31,41
clock_write_control,odd,9,32,41
clock_write_control,odd,9,33,41
clock_write_control,odd,9,34,41
clock_write_control,odd,9,35,41
clock_write_control,odd,9,36,41
clock_write_control,odd,9,37,41
clock_write_control,odd,9,38,41
clock_write_control,odd,9,39,41
clock_write_control,odd,9,40,41
clock_write_control,odd,9,41,41
clock_write_control,odd,9,42,41
clock_write_control,odd,9,43,41
clock_write_control,odd,9,44,41
clock_write_control,odd,9,45,51
clock_write_control,odd,9,46,41
clock_write_control,odd,9,47,41
clock_write_control,odd,9,48,541
clock_write_control,odd,9,49,191
clock_write_control,odd,9,50,160
clock_write_control,odd,9,51,161
clock_write_control,odd,9,52,160
clock_write_control,odd,9,53,161
clock_write_control,odd,9,54,231
clock_write_control,odd,9,55,151
clock_write_control,odd,9,56,41
clock_write_control,odd,9,57,41
clock_write_control,odd,9,58,110
clock_write_control,odd,9,59,41
clock_write_control,odd,9,60,41
clock_write_control,odd,9,61,41
clock_write_control,odd,9,62,41
clock_write_control,odd,9,63,41
clock_write_control,odd,9,64,41
clock_write_control,odd,9,65,41
clock_write_control,odd,9,66,41
clock_write_control,odd,9,67,41
clock_write_control,odd,9,68,41
clock_write_control,odd,9,69,41
clock_write_control,odd,9,70,41
clock_write_control,odd,9,71,41
clock_write_control,odd,9,72,41
clock_write_control,odd,9,73,41
clock_write_control,odd,9,74,41
clock_write_control,odd,9,75,742
clock_write_control,odd,9,76,41
clock_write_control,odd,9,77,151
clock_write_control,odd,9,78,171
clock_write_control,odd,9,79,120
clock_write_control,odd,9,80,41
clock_write_control,odd,9,81,41
clock_write_control,odd,9,82,41
clock_write_control,odd,9,83,41
clock_write_control,odd,9,84,41
clock_write_control,odd,9,85,41
clock_write_control,odd,9,86,41
clock_write_control,odd,9,87,41
clock_write_control,odd,9,88,41
clock_write_control,odd,9,89,41
clock_write_control,odd,9,90,41
clock_write_control,odd,9,91,41
clock_write_control,odd,9,92,41
clock_write_control,odd,9,93,41
clock_write_control,odd,9,94,41
clock_write_control,odd,9,95,41
clock_write_control,odd,9,96,41
clock_write_control,odd,9,97,41
clock_write_control,odd,9,98,41
clock_write_control,odd,9,99,41
clock_write_control,odd,9,100,41
clock_write_control,odd,9,101,41
clock_write_control,odd,9,102,50
clock_write_control,odd,9,103,41
clock_write_control,odd,9,104,41
clock_write_control,odd,9,105,41
clock_write_control,odd,9,106,121
clock_write_control,odd,9,107,722
clock_write_control,odd,9,108,121
clock_write_control,odd,9,109,41
clock_write_control,odd,9,110,41
clock_write_control,odd,9,111,12003
clock_write_control,odd,9,112,41
clock_write_control,odd,9,113,41
clock_write_control,odd,9,114,41
clock_write_control,odd,9,115,41
clock_write_control,odd,9,116,41
clock_write_control,odd,9,117,41
clock_write_control,odd,9,118,41
clock_write_control,odd,9,119,41
clock_write_control,odd,9,120,41
clock_write_control,odd,9,121,41
clock_write_control,odd,9,122,41
clock_write_control,odd,9,123,41
clock_write_control,odd,9,124,41
clock_write_control,odd,9,125,41
clock_write_control,odd,9,126,41
clock_write_control,odd,9,127,41
clock_write_control,odd,9,128,41
clock_write_control,odd,9,129,41
clock_write_control,odd,9,130,41
clock_write_control,odd,9,131,60
clock_write_control,odd,9,132,60
clock_write_control,odd,9,133,110
clock_write_control,odd,9,134,41
clock_write_control,odd,9,135,41
clock_write_control,odd,9,136,41
clock_write_control,odd,9,137,41
clock_write_control,odd,9,138,41
clock_write_control,odd,9,139,41
clock_write_control,odd,9,140,41
clock_write_control,odd,9,141,41
clock_write_control,odd,9,142,41
clock_write_control,odd,9,143,41
clock_write_control,odd,9,144,41
clock_write_control,odd,9,145,41
clock_write_control,odd,9,146,41
clock_write_control,odd,9,147,41
clock_write_control,odd,9,148,41
clock_write_control,odd,9,149,41
clock_write_control,odd,9,150,41
clock_write_control,odd,9,151,41
clock_write_control,odd,9,152,41
clock_write_control,odd,9,153,41
clock_write_control,odd,9,154,41
clock_write_control,odd,9,155,41
clock_write_control,odd,9,156,51
clock_write_control,odd,9,157,661
clock_write_control,odd,9,158,60
clock_write_control,odd,9,159,531
clock_write_control,odd,9,160,41
clock_write_control,odd,9,161,41
clock_write_control,odd,9,162,41
clock_write_control,odd,9,163,41
clock_write_control,odd,9,164,41
clock_write_control,odd,9,165,110
clock_write_control,odd,9,166,41
clock_write_control,odd,9,167,41
clock_write_control,odd,9,168,41
clock_write_control,odd,9,169,41
clock_write_control,odd,9,170,41
clock_write_control,odd,9,171,531
clock_write_control,odd,9,172,41
clock_write_control,odd,9,173,41
clock_write_control,odd,9,174,41
clock_write_control,odd,9,175,41
clock_write_control,odd,9,176,41
clock_write_control,odd,9,177,41
clock_write_control,odd,9,178,41
clock_write_control,odd,9,179,41
clock_write_control,odd,9,180,41
clock_write_control,odd,9,181,41
clock_write_control,odd,9,182,41
clock_write_control,odd,9,183,41
clock_write_control,odd,9,184,41
clock_write_control,odd,9,185,41
clock_write_control,odd,9,186,41
clock_write_control,odd,9,187,41
clock_write_control,odd,9,188,41
clock_write_control,odd,9,189,41
clock_write_control,odd,9,190,41
clock_write_control,odd,9,191,41
clock_write_control,odd,9,192,41
clock_write_control,odd,9,193,41
clock_write_control,odd,9,194,41
clock_write_control,odd,9,195,41
clock_write_control,odd,9,196,41
clock_write_control,odd,9,197,60
clock_write_control,odd,9,198,120
clock_write_control,odd,9,199,41
clock_write_control,odd,9,200,41
clock_write_control,odd,9,201,41
clock_write_control,odd,9,202,41
clock_write_control,odd,9,203,41
clock_write_control,odd,9,204,41
clock_write_control,odd,9,205,50
clock_write_control,odd,9,206,50
clock_write_control,odd,9,207,41
clock_write_control,odd,9,208,41
clock_write_control,odd,9,209,41
clock_write_control,odd,9,210,531
clock_write_control,odd,9,211,160
clock_write_control,odd,9,212,171
clock_write_control,odd,9,213,220
clock_write_control,odd,9,214,210
clock_write_control,odd,9,215,150
clock_write_control,odd,9,216,161
clock_write_control,odd,9,217,541
clock_write_control,odd,9,218,121
clock_write_control,odd,9,219,70
clock_write_control,odd,9,220,51
clock_write_control,odd,9,221,50
clock_write_control,odd,9,222,271
clock_write_control,odd,9,223,60
clock_write_control,odd,9,224,50
clock_write_control,odd,9,225,50
clock_write_control,odd,9,226,50
clock_write_control,odd,9,227,130
clock_write_control,odd,9,228,41
clock_write_control,odd,9,229,50
clock_write_control,odd,9,230,190
clock_write_control,odd,9,231,50
clock_write_control,odd,9,232,41
clock_write_control,odd,9,233,41
clock_write_control,odd,9,234,50
clock_write_control,odd,9,235,60
clock_write_control,odd,9,236,60
clock_write_control,odd,9,237,51
clock_write_control,odd,9,238,51
clock_write_control,odd,9,239,190
clock_write_control,odd,9,240,160
clock_write_control,odd,9,241,50
clock_write_control,odd,9,242,130
clock_write_control,odd,9,243,180
clock_write_control,odd,9,244,50
clock_write_control,odd,9,245,60
clock_write_control,odd,9,246,160
clock_write_control,odd,9,247,160
clock_write_control,odd,9,248,140
clock_write_control,odd,9,249,160
clock_write_control,odd,9,250,160
clock_write_control,odd,9,251,150
clock_write_control,odd,9,252,200
clock_write_control,odd,9,253,190
clock_write_control,odd,9,254,271
clock_write_control,odd,9,255,81
clock_write_control,odd,9,256,120
clock_write_control,odd,9,257,41
clock_write_control,odd,9,258,50
clock_write_control,odd,9,259,50
clock_write_control,odd,9,260,70
clock_write_control,odd,9,261,200
clock_write_control,odd,9,262,141
clock_write_control,odd,9,263,130
clock_write_control,odd,9,264,41
clock_write_control,odd,9,265,41
clock_write_control,odd,9,266,14097
clock_write_control,odd,9,267,41
clock_write_control,odd,9,268,41
clock_write_control,odd,9,269,41
clock_write_control,odd,9,270,41
clock_write_control,odd,9,271,41
clock_write_control,odd,9,272,41
clock_write_control,odd,9,273,41
clock_write_control,odd,9,274,41
clock_write_control,odd,9,275,41
clock_write_control,odd,9,276,41
clock_write_control,odd,9,277,41
clock_write_control,odd,9,278,41
clock_write_control,odd,9,279,41
clock_write_control,odd,9,280,41
clock_write_control,odd,9,281,41
clock_write_control,odd,9,282,41
clock_write_control,odd,9,283,41
clock_write_control,odd,9,284,41
clock_write_control,odd,9,285,50
clock_write_control,odd,9,286,211
clock_write_control,odd,9,287,231
clock_write_control,odd,9,288,160
clock_write_control,odd,9,289,50
clock_write_control,odd,9,290,161
clock_write_control,odd,9,291,170
clock_write_control,odd,9,292,41
clock_write_control,odd,9,293,160
clock_write_control,odd,9,294,50
clock_write_control,odd,9,295,41
clock_write_control,odd,9,296,41
clock_write_control,odd,9,297,41
clock_write_control,odd,9,298,41
clock_write_control,odd,9,299,41
clock_write_control,odd,9,300,41
clock_write_control,odd,9,301,41
clock_write_control,odd,9,302,41
clock_write_control,odd,9,303,41
clock_write_control,odd,9,304,41
clock_write_control,odd,9,305,41
clock_write_control,odd,9,306,41
clock_write_control,odd,9,307,41
clock_write_control,odd,9,308,41
clock_write_control,odd,9,309,41
clock_write_control,odd,9,310,41
clock_write_control,odd,9,311,41
clock_write_control,odd,9,312,41
clock_write_control,odd,9,313,41
clock_write_control,odd,9,314,531
clock_write_control,odd,9,315,211
clock_write_control,odd,9,316,130
clock_write_control,odd,9,317,41
clock_write_control,odd,9,318,41
clock_write_control,odd,9,319,131
clock_write_control,odd,9,320,41
clock_write_control,odd,9,321,41
clock_write_control,odd,9,322,41
clock_write_control,odd,9,323,41
clock_write_control,odd,9,324,41
clock_write_control,odd,9,325,41
clock_write_control,odd,9,326,41
clock_write_control,odd,9,327,41
clock_write_control,odd,9,328,41
clock_write_control,odd,9,329,41
clock_write_control,odd,9,330,41
clock_write_control,odd,9,331,41
clock_write_control,odd,9,332,41
clock_write_control,odd,9,333,41
clock_write_control,odd,9,334,41
clock_write_control,odd,9,335,41
clock_write_control,odd,9,336,41
clock_write_control,odd,9,337,41
clock_write_control,odd,9,338,41
clock_write_control,odd,9,339,41
clock_write_control,odd,9,340,41
clock_write_control,odd,9,341,41
clock_write_control,odd,9,342,41
clock_write_control,odd,9,343,41
clock_write_control,odd,9,344,41
clock_write_control,odd,9,345,41
clock_write_control,odd,9,346,41
clock_write_control,odd,9,347,41
clock_write_control,odd,9,348,41
clock_write_control,odd,9,349,41
clock_write_control,odd,9,350,41
clock_write_control,odd,9,351,41
clock_write_control,odd,9,352,41
clock_write_control,odd,9,353,41
clock_write_control,odd,9,354,41
clock_write_control,odd,9,355,41
clock_write_control,odd,9,356,41
clock_write_control,odd,9,357,41
clock_write_control,odd,9,358,41
clock_write_control,odd,9,359,41
clock_write_control,odd,9,360,50
clock_write_control,odd,9,361,41
clock_write_control,odd,9,362,41
clock_write_control,odd,9,363,41
clock_write_control,odd,9,364,41
clock_write_control,odd,9,365,41
clock_write_control,odd,9,366,41
clock_write_control,odd,9,367,41
clock_write_control,odd,9,368,41
clock_write_control,odd,9,369,50
clock_write_control,odd,9,370,130
clock_write_control,odd,9,371,511
clock_write_control,odd,9,372,41
clock_write_control,odd,9,373,7744
clock_write_control,odd,9,374,41
clock_write_control,odd,9,375,130
clock_write_control,odd,9,376,41
clock_write_control,odd,9,377,41
clock_write_control,odd,9,378,41
clock_write_control,odd,9,379,41
clock_write_control,odd,9,380,41
clock_write_control,odd,9,381,41
clock_write_control,odd,9,382,41
clock_write_control,odd,9,383,41
clock_write_control,odd,9,384,41
clock_write_control,odd,9,385,41
clock_write_control,odd,9,386,41
clock_write_control,odd,9,387,41
clock_write_control,odd,9,388,41
clock_write_control,odd,9,389,41
clock_write_control,odd,9,390,41
clock_write_control,odd,9,391,41
clock_write_control,odd,9,392,41
clock_write_control,odd,9,393,41
clock_write_control,odd,9,394,41
clock_write_control,odd,9,395,41
clock_write_control,odd,9,396,41
clock_write_control,odd,9,397,41
clock_write_control,odd,9,398,41
clock_write_control,odd,9,399,41
pool,odd,9,0,60
pool,odd,9,1,41
pool,odd,9,2,41
pool,odd,9,3,41
pool,odd,9,4,41
pool,odd,9,5,41
pool,odd,9,6,41
pool,odd,9,7,41
pool,odd,9,8,41
pool,odd,9,9,41
pool,odd,9,10,41
pool,odd,9,11,41
pool,odd,9,12,41
pool,odd,9,13,41
pool,odd,9,14,41
pool,odd,9,15,160
pool,odd,9,16,171
pool,odd,9,17,160
pool,odd,9,18,161
pool,odd,9,19,41
pool,odd,9,20,41
pool,odd,9,21,41
pool,odd,9,22,41
pool,odd,9,23,41
pool,odd,9,24,51
pool,odd,9,25,41
pool,odd,9,26,41
pool,odd,9,27,41
pool,odd,9,28,41
pool,odd,9,29,41
pool,odd,9,30,41
pool,odd,9,31,41
pool,odd,9,32,41
pool,odd,9,33,41
pool,odd,9,34,41
pool,odd,9,35,41
pool,odd,9,36,100
pool,odd,9,37,41
pool,odd,9,38,41
pool,odd,9,39,41
pool,odd,9,40,41
pool,odd,9,41,41
pool,odd,9,42,41
pool,odd,9,43,200
pool,odd,9,44,130
pool,odd,9,45,41
pool,odd,9,46,41
pool,odd,9,47,41
pool,odd,9,48,41
pool,odd,9,49,41
pool,odd,9,50,41
pool,odd,9,51,41
pool,odd,9,52,41
pool,odd,9,53,41
pool,odd,9,54,41
pool,odd,9,55,41
pool,odd,9,56,41
pool,odd,9,57,41
pool,odd,9,58,41
pool,odd,9,59,41
pool,odd,9,60,41
pool,odd,9,61,41
pool,odd,9,62,41
pool,odd,9,63,41
pool,odd,9,64,41
pool,odd,9,65,41
pool,odd,9,66,41
pool,odd,9,67,41
pool,odd,9,68,541
pool,odd,9,69,161
pool,odd,9,70,161
pool,odd,9,71,170
pool,odd,9,72,41
pool,odd,9,73,291
pool,odd,9,74,41
pool,odd,9,75,41
pool,odd,9,76,41
pool,odd,9,77,41
pool,odd,9,78,51
pool,odd,9,79,50
pool,odd,9,80,51
pool,odd,9,81,51
pool,odd,9,82,41
pool,odd,9,83,41
pool,odd,9,84,41
pool,odd,9,85,41
pool,odd,9,86,41
pool,odd,9,87,80
pool,odd,9,88,41
pool,odd,9,89,41
pool,odd,9,90,41
pool,odd,9,91,41
pool,odd,9,92,41
pool,odd,9,93,41
pool,odd,9,94,50
pool,odd,9,95,160
pool,odd,9,96,41
pool,odd,9,97,41
pool,odd,9,98,41
pool,odd,9,99,41
pool,odd,9,100,41
pool,odd,9,101,41
pool,odd,9,102,41
pool,odd,9,103,41
pool,odd,9,104,41
pool,odd,9,105,41
pool,odd,9,106,41
pool,odd,9,107,41
pool,odd,9,108,41
pool,odd,9,109,41
pool,odd,9,110,41
pool,odd,9,111,41
pool,odd,9,112,41
pool,odd,9,113,41
pool,odd,9,114,41
pool,odd,9,115,41
pool,odd,9,116,41
pool,odd,9,117,41
pool,odd,9,118,41
pool,odd,9,119,50
pool,odd,9,120,141
pool,odd,9,121,161
pool,odd,9,122,161
pool,odd,9,123,170
pool,odd,9,124,41
pool,odd,9,125,41
pool,odd,9,126,41
pool,odd,9,127,41
pool,odd,9,128,41
pool,odd,9,129,41
pool,odd,9,130,41
pool,odd,9,131,41
pool,odd,9,132,41
pool,odd,9,133,41
pool,odd,9,134,41
pool,odd,9,135,41
pool,odd,9,136,41
pool,odd,9,137,41
pool,odd,9,138,41
pool,odd,9,139,90
pool,odd,9,140,41
pool,odd,9,141,41
pool,odd,9,142,41
pool,odd,9,143,41
pool,odd,9,144,41
pool,odd,9,145,41
pool,odd,9,146,541
pool,odd,9,147,160
pool,odd,9,148,41
pool,odd,9,149,41
pool,odd,9,150,41
pool,odd,9,151,41
pool,odd,9,152,41
pool,odd,9,153,41
pool,odd,9,154,41
pool,odd,9,155,41
pool,odd,9,156,41
pool,odd,9,157,41
pool,odd,9,158,41
pool,odd,9,159,41
pool,odd,9,160,41
pool,odd,9,161,41
pool,odd,9,162,41
pool,odd,9,163,41
pool,odd,9,164,41
pool,odd,9,165,41
pool,odd,9,166,41
pool,odd,9,167,41
pool,odd,9,168,41
pool,odd,9,169,41
pool,odd,9,170,41
pool,odd,9,171,41
pool,odd,9,172,210
pool,odd,9,173,170
pool,odd,9,174,160
pool,odd,9,175,130
pool,odd,9,176,41
pool,odd,9,177,161
pool,odd,9,178,201
pool,odd,9,179,150
pool,odd,9,180,251
pool,odd,9,181,160
pool,odd,9,182,50
pool,odd,9,183,161
pool,odd,9,184,150
pool,odd,9,185,200
pool,odd,9,186,50
pool,odd,9,187,161
pool,odd,9,188,181
pool,odd,9,189,100
pool,odd,9,190,41
pool,odd,9,191,60
pool,odd,9,192,41
pool,odd,9,193,191
pool,odd,9,194,220
pool,odd,9,195,41
pool,odd,9,196,61
pool,odd,9,197,151
pool,odd,9,198,41
pool,odd,9,199,41
pool,odd,9,200,41
pool,odd,9,201,41
pool,odd,9,202,41
pool,odd,9,203,41
pool,odd,9,204,41
pool,odd,9,205,41
pool,odd,9,206,41
pool,odd,9,207,41
pool,odd,9,208,41
pool,odd,9,209,41
pool,odd,9,210,41
pool,odd,9,211,41
pool,odd,9,212,41
pool,odd,9,213,41
pool,odd,9,214,41
pool,odd,9,215,41
pool,odd,9,216,41
pool,odd,9,217,41
pool,odd,9,218,41
pool,odd,9,219,161
pool,odd,9,220,161
pool,odd,9,221,160
pool,odd,9,222,170
pool,odd,9,223,130
pool,odd,9,224,41
pool,odd,9,225,41
pool,odd,9,226,41
pool,odd,9,227,41
pool,odd,9,228,41
pool,odd,9,229,41
pool,odd,9,230,41
pool,odd,9,231,41
pool,odd,9,232,41
pool,odd,9,233,41
pool,odd,9,234,41
pool,odd,9,235,41
pool,odd,9,236,41
pool,odd,9,237,101
pool,odd,9,238,41
pool,odd,9,239,41
pool,odd,9,240,41
pool,odd,9,241,41
pool,odd,9,242,41
pool,odd,9,243,41
pool,odd,9,244,41
pool,odd,9,245,531
pool,odd,9,246,160
pool,odd,9,247,41
pool,odd,9,248,41
pool,odd,9,249,41
pool,odd,9,250,41
pool,odd,9,251,41
pool,odd,9,252,41
pool,odd,9,253,41
pool,odd,9,254,41
pool,odd,9,255,41
pool,odd,9,256,41
pool,odd,9,257,41
pool,odd,9,258,41
pool,odd,9,259,41
pool,odd,9,260,41
pool,odd,9,261,41
pool,odd,9,262,41
pool,odd,9,263,41
pool,odd,9,264,41
pool,odd,9,265,41
pool,odd,9,266,41
pool,odd,9,267,41
pool,odd,9,268,41
pool,odd,9,269,41
pool,odd,9,270,41
pool,odd,9,271,200
pool,odd,9,272,211
pool,odd,9,273,160
pool,odd,9,274,141
pool,odd,9,275,131
pool,odd,9,276,41
pool,odd,9,277,41
pool,odd,9,278,41
pool,odd,9,279,41
pool,odd,9,280,50
pool,odd,9,281,51
pool,odd,9,282,51
pool,odd,9,283,51
pool,odd,9,284,41
pool,odd,9,285,41
pool,odd,9,286,41
pool,odd,9,287,41
pool,odd,9,288,41
pool,odd,9,289,41
pool,odd,9,290,41
pool,odd,9,291,41
pool,odd,9,292,41
pool,odd,9,293,41
pool,odd,9,294,41
pool,odd,9,295,41
pool,odd,9,296,41
pool,odd,9,297,41
pool,odd,9,298,41
pool,odd,9,299,161
pool,odd,9,300,210
pool,odd,9,301,41
pool,odd,9,302,41
pool,odd,9,303,41
pool,odd,9,304,41
pool,odd,9,305,41
pool,odd,9,306,41
pool,odd,9,307,41
pool,odd,9,308,41
pool,odd,9,309,41
pool,odd,9,310,41
pool,odd,9,311,41
pool,odd,9,312,41
pool,odd,9,313,41
pool,odd,9,314,41
pool,odd,9,315,41
pool,odd,9,316,41
pool,odd,9,317,41
pool,odd,9,318,41
pool,odd,9,319,41
pool,odd,9,320,41
pool,odd,9,321,41
pool,odd,9,322,41
pool,odd,9,323,41
pool,odd,9,324,531
pool,odd,9,325,161
pool,odd,9,326,170
pool,odd,9,327,161
pool,odd,9,328,170
pool,odd,9,329,41
pool,odd,9,330,41
pool,odd,9,331,41
pool,odd,9,332,41
pool,odd,9,333,41
pool,odd,9,334,41
pool,odd,9,335,41
pool,odd,9,336,41
pool,odd,9,337,41
pool,odd,9,338,41
pool,odd,9,339,41
pool,odd,9,340,8957
pool,odd,9,341,41
pool,odd,9,342,41
pool,odd,9,343,41
pool,odd,9,344,41
pool,odd,9,345,41
pool,odd,9,346,41
pool,odd,9,347,41
pool,odd,9,348,41
pool,odd,9,349,41
pool,odd,9,350,41
pool,odd,9,351,41
pool,odd,9,352,41
pool,odd,9,353,140
pool,odd,9,354,140
pool,odd,9,355,41
pool,odd,9,356,41
pool,odd,9,357,41
pool,odd,9,358,41
pool,odd,9,359,41
pool,odd,9,360,41
pool,odd,9,361,41
pool,odd,9,362,41
pool,odd,9,363,41
pool,odd,9,364,41
pool,odd,9,365,41
pool,odd,9,366,41
pool,odd,9,367,41
pool,odd,9,368,41
pool,odd,9,369,41
pool,odd,9,370,41
pool,odd,9,371,41
pool,odd,9,372,41
pool,odd,9,373,41
pool,odd,9,374,41
pool,odd,9,375,41
pool,odd,9,376,41
pool,odd,9,377,41
pool,odd,9,378,551
pool,odd,9,379,161
pool,odd,9,380,190
pool,odd,9,381,201
pool,odd,9,382,551
pool,odd,9,383,50
pool,odd,9,384,41
pool,odd,9,385,41
pool,odd,9,386,70
pool,odd,9,387,41
pool,odd,9,388,60
pool,odd,9,389,41
pool,odd,9,390,41
pool,odd,9,391,241
pool,odd,9,392,41
pool,odd,9,393,41
pool,odd,9,394,41
pool,odd,9,395,41
pool,odd,9,396,40
pool,odd,9,397,40
pool,odd,9,398,40
pool,odd,9,399,41
stack,odd,9,0,171
stack,odd,9,1,41
stack,odd,9,2,41
stack,odd,9,3,41
stack,odd,9,4,41
stack,odd,9,5,41
stack,odd,9,6,41
stack,odd,9,7,41
stack,odd,9,8,8516
stack,odd,9,9,41
stack,odd,9,10,41
stack,odd,9,11,41
stack,odd,9,12,41
stack,odd,9,13,41
stack,odd,9,14,41
stack,odd,9,15,41
stack,odd,9,16,41
stack,odd,9,17,41
stack,odd,9,18,41
stack,odd,9,19,41
stack,odd,9,20,41
stack,odd,9,21,41
stack,odd,9,22,41
stack,odd,9,23,211
stack,odd,9,24,171
stack,odd,9,25,41
stack,odd,9,26,41
stack,odd,9,27,41
stack,odd,9,28,41
stack,odd,9,29,41
stack,odd,9,30,41
stack,odd,9,31,41
stack,odd,9,32,41
stack,odd,9,33,41
stack,odd,9,34,41
stack,odd,9,35,41
stack,odd,9,36,41
stack,odd,9,37,41
stack,odd,9,38,41
stack,odd,9,39,41
stack,odd,9,40,41
stack,odd,9,41,41
stack,odd,9,42,41
stack,odd,9,43,41
stack,odd,9,44,41
stack,odd,9,45,41
stack,odd,9,46,41
stack,odd,9,47,41
stack,odd,9,48,41
stack,odd,9,49,541
stack,odd,9,50,160
stack,odd,9,51,161
stack,odd,9,52,171
stack,odd,9,53,41
stack,odd,9,54,41
stack,odd,9,55,41
stack,odd,9,56,41
stack,odd,9,57,41
stack,odd,9,58,41
stack,odd,9,59,41
stack,odd,9,60,7685
stack,odd,9,61,41
stack,odd,9,62,41
stack,odd,9,63,41
stack,odd,9,64,41
stack,odd,9,65,41
stack,odd,9,66,41
stack,odd,9,67,41
stack,odd,9,68,41
stack,odd,9,69,41
stack,odd,9,70,41
stack,odd,9,71,41
stack,odd,9,72,41
stack,odd,9,73,41
stack,odd,9,74,41
stack,odd,9,75,41
stack,odd,9,76,220
stack,odd,9,77,131
stack,odd,9,78,41
stack,odd,9,79,41
stack,odd,9,80,41
stack,odd,9,81,41
stack,odd,9,82,41
stack,odd,9,83,41
stack,odd,9,84,41
stack,odd,9,85,41
stack,odd,9,86,41
stack,odd,9,87,41
stack,odd,9,88,41
stack,odd,9,89,41
stack,odd,9,90,41
stack,odd,9,91,41
stack,odd,9,92,41
stack,odd,9,93,41
stack,odd,9,94,41
stack,odd,9,95,41
stack,odd,9,96,41
stack,odd,9,97,41
stack,odd,9,98,41
stack,odd,9,99,41
stack,odd,9,100,41
stack,odd,9,101,41
stack,odd,9,102,160
stack,odd,9,103,161
stack,odd,9,104,180
stack,odd,9,105,200
stack,odd,9,106,61
stack,odd,9,107,210
stack,odd,9,108,161
stack,odd,9,109,201
stack,odd,9,110,170
stack,odd,9,111,260
stack,odd,9,112,171
stack,odd,9,113,240
stack,odd,9,114,120
stack,odd,9,115,41
stack,odd,9,116,541
stack,odd,9,117,50
stack,odd,9,118,100
stack,odd,9,119,50
stack,odd,9,120,60
stack,odd,9,121,70
stack,odd,9,122,160
stack,odd,9,123,50
stack,odd,9,124,41
stack,odd,9,125,191
stack,odd,9,126,170
stack,odd,9,127,170
stack,odd,9,128,51
stack,odd,9,129,50
stack,odd,9,130,541
stack,odd,9,131,161
stack,odd,9,132,241
stack,odd,9,133,200
stack,odd,9,134,220
stack,odd,9,135,180
stack,odd,9,136,181
stack,odd,9,137,170
stack,odd,9,138,220
stack,odd,9,139,151
stack,odd,9,140,41
stack,odd,9,141,41
stack,odd,9,142,41
stack,odd,9,143,41
stack,odd,9,144,41
stack,odd,9,145,41
stack,odd,9,146,41
stack,odd,9,147,41
stack,odd,9,148,50
stack,odd,9,149,201
stack,odd,9,150,120
stack,odd,9,151,41
stack,odd,9,152,41
stack,odd,9,153,41
stack,odd,9,154,41
stack,odd,9,155,41
stack,odd,9,156,41
stack,odd,9,157,41
stack,odd,9,158,41
stack,odd,9,159,11161
stack,odd,9,160,41
stack,odd,9,161,41
stack,odd,9,162,41
stack,odd,9,163,41
stack,odd,9,164,41
stack,odd,9,165,41
stack,odd,9,166,41
stack,odd,9,167,41
stack,odd,9,168,41
stack,odd,9,169,41
stack,odd,9,170,41
stack,odd,9,171,41
stack,odd,9,172,41
stack,odd,9,173,160
stack,odd,9,174,220
stack,odd,9,175,171
stack,odd,9,176,171
stack,odd,9,177,41
stack,odd,9,178,60
stack,odd,9,179,160
stack,odd,9,180,41
stack,odd,9,181,41
stack,odd,9,182,41
stack,odd,9,183,41
stack,odd,9,184,41
stack,odd,9,185,41
stack,odd,9,186,41
stack,odd,9,187,41
stack,odd,9,188,41
stack,odd,9,189,41
stack,odd,9,190,41
stack,odd,9,191,41
stack,odd,9,192,41
stack,odd,9,193,41
stack,odd,9,194,41
stack,odd,9,195,41
stack,odd,9,196,41
stack,odd,9,197,41
stack,odd,9,198,41
stack,odd,9,199,41
stack,odd,9,200,531
stack,odd,9,201,161
stack,odd,9,202,170
stack,odd,9,203,251
stack,odd,9,204,41
stack,odd,9,205,41
stack,odd,9,206,41
stack,odd,9,207,41
stack,odd,9,208,41
stack,odd,9,209,41
stack,odd,9,210,8816
stack,odd,9,211,41
stack,odd,9,212,41
stack,odd,9,213,41
stack,odd,9,214,41
stack,odd,9,215,41
stack,odd,9,216,41
stack,odd,9,217,41
stack,odd,9,218,41
stack,odd,9,219,41
stack,odd,9,220,41
stack,odd,9,221,41
stack,odd,9,222,41
stack,odd,9,223,41
stack,odd,9,224,41
stack,odd,9,225,41
stack,odd,9,226,521
stack,odd,9,227,160
stack,odd,9,228,110
stack,odd,9,229,41
stack,odd,9,230,41
stack,odd,9,231,41
stack,odd,9,232,41
stack,odd,9,233,41
stack,odd,9,234,41
stack,odd,9,235,41
stack,odd,9,236,41
stack,odd,9,237,41
stack,odd,9,238,41
stack,odd,9,239,41
stack,odd,9,240,41
stack,odd,9,241,41
stack,odd,9,242,41
stack,odd,9,243,41
stack,odd,9,244,41
stack,odd,9,245,41
stack,odd,9,246,41
stack,odd,9,247,41
stack,odd,9,248,50
stack,odd,9,249,51
stack,odd,9,250,541
stack,odd,9,251,170
stack,odd,9,252,221
stack,odd,9,253,170
stack,odd,9,254,120
stack,odd,9,255,41
stack,odd,9,256,41
stack,odd,9,257,41
stack,odd,9,258,41
stack,odd,9,259,101
stack,odd,9,260,41
stack,odd,9,261,41
stack,odd,9,262,41
stack,odd,9,263,41
stack,odd,9,264,41
stack,odd,9,265,41
stack,odd,9,266,41
stack,odd,9,267,41
stack,odd,9,268,41
stack,odd,9,269,41
stack,odd,9,270,41
stack,odd,9,271,41
stack,odd,9,272,41
stack,odd,9,273,41
stack,odd,9,274,41
stack,odd,9,275,41
stack,odd,9,276,41
stack,odd,9,277,41
stack,odd,9,278,190
stack,odd,9,279,170
stack,odd,9,280,41
stack,odd,9,281,41
stack,odd,9,282,41
stack,odd,9,283,41
stack,odd,9,284,41
stack,odd,9,285,41
stack,odd,9,286,41
stack,odd,9,287,41
stack,odd,9,288,41
stack,odd,9,289,41
stack,odd,9,290,41
stack,odd,9,291,41
stack,odd,9,292,41
stack,odd,9,293,41
stack,odd,9,294,41
stack,odd,9,295,41
stack,odd,9,296,41
stack,odd,9,297,41
stack,odd,9,298,41
stack,odd,9,299,41
stack,odd,9,300,41
stack,odd,9,301,41
stack,odd,9,302,41
stack,odd,9,303,50
stack,odd,9,304,181
stack,odd,9,305,201
stack,odd,9,306,271
stack,odd,9,307,60
stack,odd,9,308,41
stack,odd,9,309,41
stack,odd,9,310,41
stack,odd,9,311,8657
stack,odd,9,312,41
stack,odd,9,313,41
stack,odd,9,314,41
stack,odd,9,315,41
stack,odd,9,316,41
stack,odd,9,317,41
stack,odd,9,318,41
stack,odd,9,319,41
stack,odd,9,320,41
stack,odd,9,321,41
stack,odd,9,322,41
stack,odd,9,323,41
stack,odd,9,324,41
stack,odd,9,325,41
stack,odd,9,326,41
stack,odd,9,327,41
stack,odd,9,328,41
stack,odd,9,329,41
stack,odd,9,330,200
stack,odd,9,331,220
stack,odd,9,332,41
stack,odd,9,333,41
stack,odd,9,334,41
stack,odd,9,335,41
stack,odd,9,336,41
stack,odd,9,337,41
stack,odd,9,338,41
stack,odd,9,339,41
stack,odd,9,340,41
stack,odd,9,341,41
stack,odd,9,342,41
stack,odd,9,343,41
stack,odd,9,344,41
stack,odd,9,345,41
stack,odd,9,346,41
stack,odd,9,347,41
stack,odd,9,348,41
stack,odd,9,349,41
stack,odd,9,350,41
stack,odd,9,351,41
stack,odd,9,352,41
stack,odd,9,353,41
stack,odd,9,354,41
stack,odd,9,355,551
stack,odd,9,356,160
stack,odd,9,357,231
stack,odd,9,358,160
stack,odd,9,359,41
stack,odd,9,360,41
stack,odd,9,361,41
stack,odd,9,362,41
stack,odd,9,363,41
stack,odd,9,364,41
stack,odd,9,365,41
stack,odd,9,366,41
stack,odd,9,367,42
stack,odd,9,368,41
stack,odd,9,369,41
stack,odd,9,370,41
stack,odd,9,371,41
stack,odd,9,372,41
stack,odd,9,373,41
stack,odd,9,374,41
stack,odd,9,375,41
stack,odd,9,376,41
stack,odd,9,377,41
stack,odd,9,378,41
stack,odd,9,379,41
stack,odd,9,380,41
stack,odd,9,381,741
stack,odd,9,382,120
stack,odd,9,383,241
stack,odd,9,384,41
stack,odd,9,385,41
stack,odd,9,386,41
stack,odd,9,387,41
stack,odd,9,388,41
stack,odd,9,389,41
stack,odd,9,390,41
stack,odd,9,391,41
stack,odd,9,392,41
stack,odd,9,393,41
stack,odd,9,394,41
stack,odd,9,395,41
stack,odd,9,396,41
stack,odd,9,397,41
stack,odd,9,398,41
stack,odd,9,399,41
arena,odd,9,0,50
arena,odd,9,1,41
arena,odd,9,2,41
arena,odd,9,3,591
arena,odd,9,4,230
arena,odd,9,5,250
arena,odd,9,6,41
arena,odd,9,7,41
arena,odd,9,8,41
arena,odd,9,9,41
arena,odd,9,10,41
arena,odd,9,11,41
arena,odd,9,12,41
arena,odd,9,13,41
arena,odd,9,14,41
arena,odd,9,15,41
arena,odd,9,16,41
arena,odd,9,17,41
arena,odd,9,18,41
arena,odd,9,19,41
arena,odd,9,20,41
arena,odd,9,21,41
arena,odd,9,22,41
arena,odd,9,23,41
arena,odd,9,24,41
arena,odd,9,25,41
arena,odd,9,26,41
arena,odd,9,27,41
arena,odd,9,28,41
arena,odd,9,29,671
arena,odd,9,30,251
arena,odd,9,31,210
arena,odd,9,32,200
arena,odd,9,33,161
arena,odd,9,34,60
arena,odd,9,35,14066
arena,odd,9,36,60
arena,odd,9,37,51
arena,odd,9,38,60
arena,odd,9,39,60
arena,odd,9,40,50
arena,odd,9,41,241
arena,odd,9,42,41
arena,odd,9,43,41
arena,odd,9,44,41
arena,odd,9,45,41
arena,odd,9,46,41
arena,odd,9,47,41
arena,odd,9,48,41
arena,odd,9,49,41
arena,odd,9,50,41
arena,odd,9,51,41
arena,odd,9,52,41
arena,odd,9,53,41
arena,odd,9,54,41
arena,odd,9,55,41
arena,odd,9,56,41
arena,odd,9,57,190
arena,odd,9,58,221
arena,odd,9,59,160
arena,odd,9,60,201
arena,odd,9,61,170
arena,odd,9,62,41
arena,odd,9,63,41
arena,odd,9,64,41
arena,odd,9,65,41
arena,odd,9,66,41
arena,odd,9,67,41
arena,odd,9,68,41
arena,odd,9,69,41
arena,odd,9,70,41
arena,odd,9,71,41
arena,odd,9,72,41
arena,odd,9,73,41
arena,odd,9,74,41
arena,odd,9,75,41
arena,odd,9,76,50
arena,odd,9,77,51
arena,odd,9,78,41
arena,odd,9,79,41
arena,odd,9,80,41
arena,odd,9,81,41
arena,odd,9,82,41
arena,odd,9,83,41
arena,odd,9,84,41
arena,odd,9,85,41
arena,odd,9,86,531
arena,odd,9,87,10279
arena,odd,9,88,41
arena,odd,9,89,41
arena,odd,9,90,41
arena,odd,9,91,41
arena,odd,9,92,41
arena,odd,9,93,41
arena,odd,9,94,41
arena,odd,9,95,41
arena,odd,9,96,41
arena,odd,9,97,41
arena,odd,9,98,41
arena,odd,9,99,41
arena,odd,9,100,41
arena,odd,9,101,41
arena,odd,9,102,41
arena,odd,9,103,41
arena,odd,9,104,41
arena,odd,9,105,41
arena,odd,9,106,41
arena,odd,9,107,15580
arena,odd,9,108,41
arena,odd,9,109,41
arena,odd,9,110,41
arena,odd,9,111,531
arena,odd,9,112,200
arena,odd,9,113,170
arena,odd,9,114,541
arena,odd,9,115,220
arena,odd,9,116,41
arena,odd,9,117,41
arena,odd,9,118,41
arena,odd,9,119,41
arena,odd,9,120,41
arena,odd,9,121,41
arena,odd,9,122,41
arena,odd,9,123,41
arena,odd,9,124,41
arena,odd,9,125,41
arena,odd,9,126,41
arena,odd,9,127,41
arena,odd,9,128,41
arena,odd,9,129,41
arena,odd,9,130,41
arena,odd,9,131,41
arena,odd,9,132,50
arena,odd,9,133,51
arena,odd,9,134,51
arena,odd,9,135,51
arena,odd,9,136,41
arena,odd,9,137,41
arena,odd,9,138,41
arena,odd,9,139,101
arena,odd,9,140,300
arena,odd,9,141,41
arena,odd,9,142,41
arena,odd,9,143,41
arena,odd,9,144,41
arena,odd,9,145,41
arena,odd,9,146,41
arena,odd,9,147,41
arena,odd,9,148,41
arena,odd,9,149,41
arena,odd,9,150,41
arena,odd,9,151,41
arena,odd,9,152,41
arena,odd,9,153,41
arena,odd,9,154,41
arena,odd,9,155,41
arena,odd,9,156,41
arena,odd,9,157,41
arena,odd,9,158,41
arena,odd,9,159,41
arena,odd,9,160,41
arena,odd,9,161,41
arena,odd,9,162,41
arena,odd,9,163,41
arena,odd,9,164,41
arena,odd,9,165,140
arena,odd,9,166,161
arena,odd,9,167,161
arena,odd,9,168,161
arena,odd,9,169,160
arena,odd,9,170,41
arena,odd,9,171,41
arena,odd,9,172,41
arena,odd,9,173,41
arena,odd,9,174,41
arena,odd,9,175,41
arena,odd,9,176,41
arena,odd,9,177,41
arena,odd,9,178,41
arena,odd,9,179,41
arena,odd,9,180,41
arena,odd,9,181,41
arena,odd,9,182,41
arena,odd,9,183,41
arena,odd,9,184,41
arena,odd,9,185,41
arena,odd,9,186,41
arena,odd,9,187,41
arena,odd,9,188,41
arena,odd,9,189,41
arena,odd,9,190,41
arena,odd,9,191,41
arena,odd,9,192,8716
arena,odd,9,193,541
arena,odd,9,194,220
arena,odd,9,195,41
arena,odd,9,196,41
arena,odd,9,197,41
arena,odd,9,198,41
arena,odd,9,199,41
arena,odd,9,200,41
arena,odd,9,201,41
arena,odd,9,202,41
arena,odd,9,203,41
arena,odd,9,204,41
arena,odd,9,205,41
arena,odd,9,206,41
arena,odd,9,207,41
arena,odd,9,208,41
arena,odd,9,209,41
arena,odd,9,210,41
arena,odd,9,211,41
arena,odd,9,212,41
arena,odd,9,213,41
arena,odd,9,214,41
arena,odd,9,215,41
arena,odd,9,216,41
arena,odd,9,217,41
arena,odd,9,218,41
arena,odd,9,219,652
arena,odd,9,220,230
arena,odd,9,221,160
arena,odd,9,222,160
arena,odd,9,223,370
arena,odd,9,224,241
arena,odd,9,225,41
arena,odd,9,226,41
arena,odd,9,227,41
arena,odd,9,228,41
arena,odd,9,229,41
arena,odd,9,230,41
arena,odd,9,231,41
arena,odd,9,232,41
arena,odd,9,233,51
arena,odd,9,234,51
arena,odd,9,235,41
arena,odd,9,236,41
arena,odd,9,237,41
arena,odd,9,238,41
arena,odd,9,239,41
arena,odd,9,240,41
arena,odd,9,241,41
arena,odd,9,242,41
arena,odd,9,243,41
arena,odd,9,244,101
arena,odd,9,245,41
arena,odd,9,246,41
arena,odd,9,247,150
arena,odd,9,248,170
arena,odd,9,249,41
arena,odd,9,250,41
arena,odd,9,251,41
arena,odd,9,252,41
arena,odd,9,253,41
arena,odd,9,254,41
arena,odd,9,255,41
arena,odd,9,256,41
arena,odd,9,257,41
arena,odd,9,258,41
arena,odd,9,259,41
arena,odd,9,260,41
arena,odd,9,261,41
arena,odd,9,262,41
arena,odd,9,263,41
arena,odd,9,264,41
arena,odd,9,265,41
arena,odd,9,266,41
arena,odd,9,267,41
arena,odd,9,268,41
arena,odd,9,269,41
arena,odd,9,270,41
arena,odd,9,271,41
arena,odd,9,272,160
arena,odd,9,273,171
arena,odd,9,274,541
arena,odd,9,275,160
arena,odd,9,276,150
arena,odd,9,277,171
arena,odd,9,278,161
arena,odd,9,279,160
arena,odd,9,280,41
arena,odd,9,281,201
arena,odd,9,282,220
arena,odd,9,283,51
arena,odd,9,284,41
arena,odd,9,285,41
arena,odd,9,286,41
arena,odd,9,287,41
arena,odd,9,288,41
arena,odd,9,289,41
arena,odd,9,290,221
arena,odd,9,291,161
arena,odd,9,292,201
arena,odd,9,293,130
arena,odd,9,294,190
arena,odd,9,295,150
arena,odd,9,296,531
arena,odd,9,297,160
arena,odd,9,298,240
arena,odd,9,299,51
arena,odd,9,300,70
arena,odd,9,301,60
arena,odd,9,302,190
arena,odd,9,303,531
arena,odd,9,304,421
arena,odd,9,305,81
arena,odd,9,306,521
arena,odd,9,307,161
arena,odd,9,308,551
arena,odd,9,309,531
arena,odd,9,310,221
arena,odd,9,311,161
arena,odd,9,312,531
arena,odd,9,313,151
arena,odd,9,314,171
arena,odd,9,315,521
arena,odd,9,316,160
arena,odd,9,317,561
arena,odd,9,318,50
arena,odd,9,319,551
arena,odd,9,320,161
arena,odd,9,321,201
arena,odd,9,322,541
arena,odd,9,323,160
arena,odd,9,324,140
arena,odd,9,325,170
arena,odd,9,326,50
arena,odd,9,327,521
arena,odd,9,328,201
arena,odd,9,329,41
arena,odd,9,330,41
arena,odd,9,331,41
arena,odd,9,332,41
arena,odd,9,333,41
arena,odd,9,334,41
arena,odd,9,335,51
arena,odd,9,336,51
arena,odd,9,337,50
arena,odd,9,338,41
arena,odd,9,339,41
arena,odd,9,340,41
arena,odd,9,341,12003
arena,odd,9,342,41
arena,odd,9,343,41
arena,odd,9,344,41
arena,odd,9,345,531
arena,odd,9,346,171
arena,odd,9,347,41
arena,odd,9,348,41
arena,odd,9,349,41
arena,odd,9,350,41
arena,odd,9,351,41
arena,odd,9,352,41
arena,odd,9,353,41
arena,odd,9,354,41
arena,odd,9,355,41
arena,odd,9,356,41
arena,odd,9,357,41
arena,odd,9,358,41
arena,odd,9,359,41
arena,odd,9,360,41
arena,odd,9,361,41
arena,odd,9,362,41
arena,odd,9,363,41
arena,odd,9,364,41
arena,odd,9,365,41
arena,odd,9,366,41
arena,odd,9,367,41
arena,odd,9,368,41
arena,odd,9,369,41
arena,odd,9,370,41
arena,odd,9,371,210
arena,odd,9,372,171
arena,odd,9,373,161
arena,odd,9,374,160
arena,odd,9,375,171
arena,odd,9,376,41
arena,odd,9,377,41
arena,odd,9,378,41
arena,odd,9,379,41
arena,odd,9,380,41
arena,odd,9,381,41
arena,odd,9,382,41
arena,odd,9,383,41
arena,odd,9,384,41
arena,odd,9,385,41
arena,odd,9,386,41
arena,odd,9,387,41
arena,odd,9,388,41
arena,odd,9,389,41
arena,odd,9,390,41
arena,odd,9,391,41
arena,odd,9,392,41
arena,odd,9,393,8015
arena,odd,9,394,41
arena,odd,9,395,41
arena,odd,9,396,41
arena,odd,9,397,41
arena,odd,9,398,551
arena,odd,9,399,170
malloc,odd,9,0,271
malloc,odd,9,1,100
malloc,odd,9,2,170
malloc,odd,9,3,230
malloc,odd,9,4,90
malloc,odd,9,5,591
malloc,odd,9,6,220
malloc,odd,9,7,201
malloc,odd,9,8,301
malloc,odd,9,9,200
malloc,odd,9,10,200
malloc,odd,9,11,190
malloc,odd,9,12,190
malloc,odd,9,13,150
malloc,odd,9,14,60
malloc,odd,9,15,61
malloc,odd,9,16,61
malloc,odd,9,17,60
malloc,odd,9,18,201
malloc,odd,9,19,151
malloc,odd,9,20,61
malloc,odd,9,21,61
malloc,odd,9,22,60
malloc,odd,9,23,61
malloc,odd,9,24,60
malloc,odd,9,25,60
malloc,odd,9,26,61
malloc,odd,9,27,70
malloc,odd,9,28,61
malloc,odd,9,29,60
malloc,odd,9,30,60
malloc,odd,9,31,61
malloc,odd,9,32,71
malloc,odd,9,33,70
malloc,odd,9,34,70
malloc,odd,9,35,60
malloc,odd,9,36,161
malloc,odd,9,37,70
malloc,odd,9,38,71
malloc,odd,9,39,60
malloc,odd,9,40,531
malloc,odd,9,41,180
malloc,odd,9,42,201
malloc,odd,9,43,180
malloc,odd,9,44,70
malloc,odd,9,45,70
malloc,odd,9,46,61
malloc,odd,9,47,71
malloc,odd,9,48,60
malloc,odd,9,49,70
malloc,odd,9,50,71
malloc,odd,9,51,70
malloc,odd,9,52,61
malloc,odd,9,53,70
malloc,odd,9,54,60
malloc,odd,9,55,60
malloc,odd,9,56,70
malloc,odd,9,57,70
malloc,odd,9,58,60
malloc,odd,9,59,71
malloc,odd,9,60,70
malloc,odd,9,61,71
malloc,odd,9,62,70
malloc,odd,9,63,70
malloc,odd,9,64,210
malloc,odd,9,65,220
malloc,odd,9,66,541
malloc,odd,9,67,170
malloc,odd,9,68,561
malloc,odd,9,69,70
malloc,odd,9,70,70
malloc,odd,9,71,61
malloc,odd,9,72,71
malloc,odd,9,73,70
malloc,odd,9,74,80
malloc,odd,9,75,70
malloc,odd,9,76,71
malloc,odd,9,77,70
malloc,odd,9,78,60
malloc,odd,9,79,70
malloc,odd,9,80,80
malloc,odd,9,81,70
malloc,odd,9,82,61
malloc,odd,9,83,61
malloc,odd,9,84,61
malloc,odd,9,85,61
malloc,odd,9,86,531
malloc,odd,9,87,160
malloc,odd,9,88,71
malloc,odd,9,89,70
malloc,odd,9,90,60
malloc,odd,9,91,60
malloc,odd,9,92,61
malloc,odd,9,93,60
malloc,odd,9,94,71
malloc,odd,9,95,61
malloc,odd,9,96,60
malloc,odd,9,97,61
malloc,odd,9,98,70
malloc,odd,9,99,61
malloc,odd,9,100,61
malloc,odd,9,101,60
malloc,odd,9,102,60
malloc,odd,9,103,61
malloc,odd,9,104,70
malloc,odd,9,105,60
malloc,odd,9,106,70
malloc,odd,9,107,61
malloc,odd,9,108,191
malloc,odd,9,109,211
malloc,odd,9,110,160
malloc,odd,9,111,170
malloc,odd,9,112,61
malloc,odd,9,113,70
malloc,odd,9,114,61
malloc,odd,9,115,60
malloc,odd,9,116,60
malloc,odd,9,117,71
malloc,odd,9,118,80
malloc,odd,9,119,61
malloc,odd,9,120,71
malloc,odd,9,121,61
malloc,odd,9,122,61
malloc,odd,9,123,61
malloc,odd,9,124,61
malloc,odd,9,125,60
malloc,odd,9,126,7955
malloc,odd,9,127,61
malloc,odd,9,128,61
malloc,odd,9,129,61
malloc,odd,9,130,61
malloc,odd,9,131,70
malloc,odd,9,132,211
malloc,odd,9,133,80
malloc,odd,9,134,60
malloc,odd,9,135,70
malloc,odd,9,136,60
malloc,odd,9,137,61
malloc,odd,9,138,61
malloc,odd,9,139,60
malloc,odd,9,140,61
malloc,odd,9,141,60
malloc,odd,9,142,61
malloc,odd,9,143,60
malloc,odd,9,144,61
malloc,odd,9,145,61
malloc,odd,9,146,60
malloc,odd,9,147,61
malloc,odd,9,148,61
malloc,odd,9,149,61
malloc,odd,9,150,60
malloc,odd,9,151,60
malloc,odd,9,152,61
malloc,odd,9,153,60
malloc,odd,9,154,60
malloc,odd,9,155,270
malloc,odd,9,156,190
malloc,odd,9,157,551
malloc,odd,9,158,170
malloc,odd,9,159,70
malloc,odd,9,160,61
malloc,odd,9,161,61
malloc,odd,9,162,60
malloc,odd,9,163,61
malloc,odd,9,164,61
malloc,odd,9,165,61
malloc,odd,9,166,60
malloc,odd,9,167,61
malloc,odd,9,168,61
malloc,odd,9,169,61
malloc,odd,9,170,70
malloc,odd,9,171,61
malloc,odd,9,172,70
malloc,odd,9,173,60
malloc,odd,9,174,71
malloc,odd,9,175,70
malloc,odd,9,176,61
malloc,odd,9,177,61
malloc,odd,9,178,90
malloc,odd,9,179,281
malloc,odd,9,180,70
malloc,odd,9,181,61
malloc,odd,9,182,70
malloc,odd,9,183,61
malloc,odd,9,184,61
malloc,odd,9,185,60
malloc,odd,9,186,60
malloc,odd,9,187,70
malloc,odd,9,188,61
malloc,odd,9,189,61
malloc,odd,9,190,61
malloc,odd,9,191,61
malloc,odd,9,192,61
malloc,odd,9,193,60
malloc,odd,9,194,61
malloc,odd,9,195,60
malloc,odd,9,196,61
malloc,odd,9,197,61
malloc,odd,9,198,61
malloc,odd,9,199,61
malloc,odd,9,200,61
malloc,odd,9,201,220
malloc,odd,9,202,211
malloc,odd,9,203,211
malloc,odd,9,204,70
malloc,odd,9,205,71
malloc,odd,9,206,71
malloc,odd,9,207,60
malloc,odd,9,208,60
malloc,odd,9,209,61
malloc,odd,9,210,70
malloc,odd,9,211,60
malloc,odd,9,212,71
malloc,odd,9,213,80
malloc,odd,9,214,71
malloc,odd,9,215,71
malloc,odd,9,216,61
malloc,odd,9,217,111
malloc,odd,9,218,71
malloc,odd,9,219,60
malloc,odd,9,220,61
malloc,odd,9,221,61
malloc,odd,9,222,70
malloc,odd,9,223,60
malloc,odd,9,224,200
malloc,odd,9,225,70
malloc,odd,9,226,70
malloc,odd,9,227,60
malloc,odd,9,228,61
malloc,odd,9,229,61
malloc,odd,9,230,70
malloc,odd,9,231,70
malloc,odd,9,232,70
malloc,odd,9,233,60
malloc,odd,9,234,61
malloc,odd,9,235,61
malloc,odd,9,236,61
malloc,odd,9,237,60
malloc,odd,9,238,70
malloc,odd,9,239,70
malloc,odd,9,240,61
malloc,odd,9,241,60
malloc,odd,9,242,70
malloc,odd,9,243,61
malloc,odd,9,244,70
malloc,odd,9,245,61
malloc,odd,9,246,210
malloc,odd,9,247,190
malloc,odd,9,248,211
malloc,odd,9,249,191
malloc,odd,9,250,541
malloc,odd,9,251,181
malloc,odd,9,252,170
malloc,odd,9,253,180
malloc,odd,9,254,191
malloc,odd,9,255,110
malloc,odd,9,256,521
malloc,odd,9,257,160
malloc,odd,9,258,571
malloc,odd,9,259,171
malloc,odd,9,260,562
malloc,odd,9,261,191
malloc,odd,9,262,60
malloc,odd,9,263,631
malloc,odd,9,264,201
malloc,odd,9,265,180
malloc,odd,9,266,70
malloc,odd,9,267,200
malloc,odd,9,268,171
malloc,odd,9,269,150
malloc,odd,9,270,531
malloc,odd,9,271,171
malloc,odd,9,272,551
malloc,odd,9,273,161
malloc,odd,9,274,141
malloc,odd,9,275,221
malloc,odd,9,276,160
malloc,odd,9,277,70
malloc,odd,9,278,70
malloc,odd,9,279,60
malloc,odd,9,280,60
malloc,odd,9,281,61
malloc,odd,9,282,60
malloc,odd,9,283,60
malloc,odd,9,284,61
malloc,odd,9,285,60
malloc,odd,9,286,61
malloc,odd,9,287,221
malloc,odd,9,288,191
malloc,odd,9,289,211
malloc,odd,9,290,551
malloc,odd,9,291,200
malloc,odd,9,292,70
malloc,odd,9,293,70
malloc,odd,9,294,60
malloc,odd,9,295,61
malloc,odd,9,296,71
malloc,odd,9,297,70
malloc,odd,9,298,71
malloc,odd,9,299,80
malloc,odd,9,300,61
malloc,odd,9,301,11011
malloc,odd,9,302,70
malloc,odd,9,303,61
malloc,odd,9,304,70
malloc,odd,9,305,61
malloc,odd,9,306,60
malloc,odd,9,307,70
malloc,odd,9,308,70
malloc,odd,9,309,541
malloc,odd,9,310,181
malloc,odd,9,311,71
malloc,odd,9,312,60
malloc,odd,9,313,60
malloc,odd,9,314,60
malloc,odd,9,315,60
malloc,odd,9,316,70
malloc,odd,9,317,60
malloc,odd,9,318,61
malloc,odd,9,319,61
malloc,odd,9,320,60
malloc,odd,9,321,60
malloc,odd,9,322,61
malloc,odd,9,323,60
malloc,odd,9,324,61
malloc,odd,9,325,61
malloc,odd,9,326,61
malloc,odd,9,327,61
malloc,odd,9,328,61
malloc,odd,9,329,60
malloc,odd,9,330,61
malloc,odd,9,331,70
malloc,odd,9,332,551
malloc,odd,9,333,230
malloc,odd,9,334,180
malloc,odd,9,335,180
malloc,odd,9,336,71
malloc,odd,9,337,70
malloc,odd,9,338,61
malloc,odd,9,339,61
malloc,odd,9,340,60
malloc,odd,9,341,60
malloc,odd,9,342,61
malloc,odd,9,343,60
malloc,odd,9,344,61
malloc,odd,9,345,70
malloc,odd,9,346,90
malloc,odd,9,347,71
malloc,odd,9,348,71
malloc,odd,9,349,61
malloc,odd,9,350,70
malloc,odd,9,351,60
malloc,odd,9,352,60
malloc,odd,9,353,60
malloc,odd,9,354,61
malloc,odd,9,355,551
malloc,odd,9,356,201
malloc,odd,9,357,61
malloc,odd,9,358,70
malloc,odd,9,359,60
malloc,odd,9,360,61
malloc,odd,9,361,60
malloc,odd,9,362,61
malloc,odd,9,363,61
malloc,odd,9,364,61
malloc,odd,9,365,70
malloc,odd,9,366,71
malloc,odd,9,367,60
malloc,odd,9,368,60
malloc,odd,9,369,60
malloc,odd,9,370,61
malloc,odd,9,371,60
malloc,odd,9,372,70
malloc,odd,9,373,61
malloc,odd,9,374,70
malloc,odd,9,375,60
malloc,odd,9,376,61
malloc,odd,9,377,70
malloc,odd,9,378,551
malloc,odd,9,379,331
malloc,odd,9,380,191
malloc,odd,9,381,170
malloc,odd,9,382,61
malloc,odd,9,383,70
malloc,odd,9,384,61
malloc,odd,9,385,61
malloc,odd,9,386,60
malloc,odd,9,387,61
malloc,odd,9,388,61
malloc,odd,9,389,61
malloc,odd,9,390,70
malloc,odd,9,391,61
malloc,odd,9,392,180
malloc,odd,9,393,70
malloc,odd,9,394,70
malloc,odd,9,395,71
malloc,odd,9,396,70
malloc,odd,9,397,70
malloc,odd,9,398,61
malloc,odd,9,399,61
