mode,index,bytes,allocate_and_touch_ns,minor_faults,major_faults,repeat
first_touch,0,65536,20218.000000,19,0,0
first_touch,1,65536,19477.000000,16,0,0
first_touch,2,65536,18755.000000,16,0,0
first_touch,3,65536,18635.000000,16,0,0
first_touch,4,65536,19887.000000,16,0,0
first_touch,5,65536,20829.000000,16,0,0
first_touch,6,65536,19216.000000,16,0,0
first_touch,7,65536,18896.000000,16,0,0
first_touch,8,65536,19166.000000,16,0,0
first_touch,9,65536,36678.000000,16,0,0
first_touch,10,65536,18695.000000,16,0,0
first_touch,11,65536,18846.000000,16,0,0
first_touch,12,65536,18194.000000,16,0,0
first_touch,13,65536,18605.000000,16,0,0
first_touch,14,65536,18104.000000,16,0,0
first_touch,15,65536,18145.000000,16,0,0
first_touch,16,65536,18334.000000,16,0,0
first_touch,17,65536,17883.000000,16,0,0
first_touch,18,65536,18745.000000,16,0,0
first_touch,19,65536,20318.000000,16,0,0
first_touch,20,65536,19677.000000,16,0,0
first_touch,21,65536,17884.000000,16,0,0
first_touch,22,65536,18485.000000,16,0,0
first_touch,23,65536,18735.000000,16,0,0
first_touch,24,65536,19067.000000,16,0,0
first_touch,25,65536,18224.000000,16,0,0
first_touch,26,65536,18114.000000,16,0,0
first_touch,27,65536,29295.000000,16,0,0
first_touch,28,65536,18565.000000,16,0,0
first_touch,29,65536,18114.000000,16,0,0
first_touch,30,65536,18194.000000,16,0,0
first_touch,31,65536,18464.000000,16,0,0
first_touch,32,65536,18966.000000,16,0,0
first_touch,33,65536,18446.000000,16,0,0
first_touch,34,65536,17793.000000,16,0,0
first_touch,35,65536,19376.000000,16,0,0
first_touch,36,65536,18244.000000,16,0,0
first_touch,37,65536,17953.000000,16,0,0
first_touch,38,65536,18665.000000,16,0,0
first_touch,39,65536,18114.000000,16,0,0
first_touch,40,65536,18114.000000,16,0,0
first_touch,41,65536,18124.000000,16,0,0
first_touch,42,65536,19949.000000,16,0,0
first_touch,43,65536,31409.000000,16,0,0
first_touch,44,65536,20719.000000,16,0,0
first_touch,45,65536,18224.000000,16,0,0
first_touch,46,65536,18715.000000,16,0,0
first_touch,47,65536,18695.000000,16,0,0
first_touch,48,65536,18415.000000,16,0,0
first_touch,49,65536,19558.000000,16,0,0
first_touch,50,65536,18996.000000,16,0,0
first_touch,51,65536,18544.000000,16,0,0
first_touch,52,65536,18194.000000,16,0,0
first_touch,53,65536,25097.000000,16,0,0
first_touch,54,65536,18294.000000,16,0,0
first_touch,55,65536,18876.000000,16,0,0
first_touch,56,65536,48191.000000,16,0,0
first_touch,57,65536,18565.000000,16,0,0
first_touch,58,65536,18505.000000,16,0,0
first_touch,59,65536,19386.000000,16,0,0
first_touch,60,65536,18094.000000,16,0,0
first_touch,61,65536,18174.000000,16,0,0
first_touch,62,65536,17983.000000,16,0,0
first_touch,63,65536,18474.000000,16,0,0
first_touch,64,65536,20819.000000,16,0,0
first_touch,65,65536,18215.000000,16,0,0
first_touch,66,65536,17943.000000,16,0,0
first_touch,67,65536,17984.000000,16,0,0
first_touch,68,65536,18014.000000,16,0,0
first_touch,69,65536,18184.000000,16,0,0
first_touch,70,65536,17843.000000,16,0,0
first_touch,71,65536,18405.000000,16,0,0
first_touch,72,65536,18234.000000,16,0,0
first_touch,73,65536,28393.000000,16,0,0
first_touch,74,65536,18325.000000,16,0,0
first_touch,75,65536,18925.000000,16,0,0
first_touch,76,65536,18615.000000,16,0,0
first_touch,77,65536,18275.000000,16,0,0
first_touch,78,65536,18645.000000,16,0,0
first_touch,79,65536,19406.000000,16,0,0
first_touch,80,65536,17974.000000,16,0,0
first_touch,81,65536,17744.000000,16,0,0
first_touch,82,65536,18575.000000,16,0,0
first_touch,83,65536,18295.000000,16,0,0
first_touch,84,65536,18274.000000,16,0,0
first_touch,85,65536,17903.000000,16,0,0
first_touch,86,65536,18374.000000,16,0,0
first_touch,87,65536,18855.000000,16,0,0
first_touch,88,65536,17944.000000,16,0,0
first_touch,89,65536,18685.000000,16,0,0
first_touch,90,65536,18355.000000,16,0,0
first_touch,91,65536,18074.000000,16,0,0
first_touch,92,65536,18065.000000,16,0,0
first_touch,93,65536,19647.000000,16,0,0
first_touch,94,65536,17923.000000,16,0,0
first_touch,95,65536,17874.000000,16,0,0
first_touch,96,65536,18445.000000,16,0,0
first_touch,97,65536,17943.000000,16,0,0
first_touch,98,65536,18485.000000,16,0,0
first_touch,99,65536,18054.000000,16,0,0
first_touch,100,65536,17803.000000,16,0,0
first_touch,101,65536,18105.000000,16,0,0
first_touch,102,65536,18945.000000,16,0,0
first_touch,103,65536,18374.000000,16,0,0
first_touch,104,65536,29285.000000,16,0,0
first_touch,105,65536,18344.000000,16,0,0
first_touch,106,65536,18164.000000,16,0,0
first_touch,107,65536,19116.000000,16,0,0
first_touch,108,65536,18165.000000,16,0,0
first_touch,109,65536,18055.000000,16,0,0
first_touch,110,65536,18534.000000,16,0,0
first_touch,111,65536,18084.000000,16,0,0
first_touch,112,65536,18635.000000,16,0,0
first_touch,113,65536,18004.000000,16,0,0
first_touch,114,65536,17933.000000,16,0,0
first_touch,115,65536,17883.000000,16,0,0
first_touch,116,65536,18435.000000,16,0,0
first_touch,117,65536,18235.000000,16,0,0
first_touch,118,65536,18356.000000,16,0,0
first_touch,119,65536,18044.000000,16,0,0
first_touch,120,65536,18304.000000,16,0,0
first_touch,121,65536,18725.000000,16,0,0
first_touch,122,65536,19557.000000,16,0,0
first_touch,123,65536,27902.000000,16,0,0
first_touch,124,65536,17863.000000,16,0,0
first_touch,125,65536,18475.000000,16,0,0
first_touch,126,65536,18806.000000,16,0,0
first_touch,127,65536,19067.000000,16,0,0
first_touch,128,65536,26519.000000,16,0,0
first_touch,129,65536,18375.000000,16,0,0
first_touch,130,65536,18244.000000,16,0,0
first_touch,131,65536,18936.000000,16,0,0
first_touch,132,65536,31449.000000,16,0,0
first_touch,133,65536,18635.000000,16,0,0
first_touch,134,65536,18585.000000,16,0,0
first_touch,135,65536,17654.000000,16,0,0
first_touch,136,65536,18124.000000,16,0,0
first_touch,137,65536,19106.000000,16,0,0
first_touch,138,65536,17643.000000,16,0,0
first_touch,139,65536,26770.000000,16,0,0
first_touch,140,65536,51677.000000,16,0,0
first_touch,141,65536,17875.000000,16,0,0
first_touch,142,65536,18705.000000,16,0,0
first_touch,143,65536,18003.000000,16,0,0
first_touch,144,65536,18655.000000,16,0,0
first_touch,145,65536,18104.000000,16,0,0
first_touch,146,65536,18014.000000,16,0,0
first_touch,147,65536,17854.000000,16,0,0
first_touch,148,65536,17823.000000,16,0,0
first_touch,149,65536,18204.000000,16,0,0
first_touch,150,65536,43723.000000,16,0,0
first_touch,151,65536,22863.000000,16,0,0
first_touch,152,65536,17814.000000,16,0,0
first_touch,153,65536,17683.000000,16,0,0
first_touch,154,65536,18505.000000,16,0,0
first_touch,155,65536,17783.000000,16,0,0
first_touch,156,65536,75452.000000,16,0,0
first_touch,157,65536,17894.000000,16,0,0
first_touch,158,65536,17944.000000,16,0,0
first_touch,159,65536,17804.000000,16,0,0
first_touch,160,65536,19216.000000,16,0,0
first_touch,161,65536,17593.000000,16,0,0
first_touch,162,65536,17843.000000,16,0,0
first_touch,163,65536,17423.000000,16,0,0
first_touch,164,65536,17714.000000,16,0,0
first_touch,165,65536,26840.000000,16,0,0
first_touch,166,65536,19006.000000,16,0,0
first_touch,167,65536,17603.000000,16,0,0
first_touch,168,65536,18796.000000,16,0,0
first_touch,169,65536,21811.000000,16,0,0
first_touch,170,65536,22943.000000,16,0,0
first_touch,171,65536,23194.000000,16,0,0
first_touch,172,65536,21681.000000,16,0,0
first_touch,173,65536,17813.000000,16,0,0
first_touch,174,65536,18755.000000,16,0,0
first_touch,175,65536,18334.000000,16,0,0
first_touch,176,65536,17913.000000,16,0,0
first_touch,177,65536,18274.000000,16,0,0
first_touch,178,65536,18244.000000,16,0,0
first_touch,179,65536,18485.000000,16,0,0
first_touch,180,65536,18655.000000,16,0,0
first_touch,181,65536,19076.000000,16,0,0
first_touch,182,65536,18495.000000,16,0,0
first_touch,183,65536,17883.000000,16,0,0
first_touch,184,65536,18104.000000,16,0,0
first_touch,185,65536,18575.000000,16,0,0
first_touch,186,65536,18094.000000,16,0,0
first_touch,187,65536,133250.000000,16,0,0
first_touch,188,65536,18204.000000,16,0,0
first_touch,189,65536,30217.000000,16,0,0
first_touch,190,65536,18595.000000,16,0,0
first_touch,191,65536,17943.000000,16,0,0
first_touch,192,65536,18506.000000,16,0,0
first_touch,193,65536,18074.000000,16,0,0
first_touch,194,65536,18315.000000,16,0,0
first_touch,195,65536,18054.000000,16,0,0
first_touch,196,65536,18014.000000,16,0,0
first_touch,197,65536,17994.000000,16,0,0
first_touch,198,65536,18786.000000,16,0,0
first_touch,199,65536,20769.000000,16,0,0
first_touch,200,65536,18595.000000,16,0,0
first_touch,201,65536,17704.000000,16,0,0
first_touch,202,65536,18184.000000,16,0,0
first_touch,203,65536,18014.000000,16,0,0
first_touch,204,65536,18084.000000,16,0,0
first_touch,205,65536,18365.000000,16,0,0
first_touch,206,65536,17953.000000,16,0,0
first_touch,207,65536,18875.000000,16,0,0
first_touch,208,65536,18414.000000,16,0,0
first_touch,209,65536,18525.000000,16,0,0
first_touch,210,65536,19336.000000,16,0,0
first_touch,211,65536,18166.000000,16,0,0
first_touch,212,65536,17964.000000,16,0,0
first_touch,213,65536,21680.000000,16,0,0
first_touch,214,65536,22041.000000,16,0,0
first_touch,215,65536,18274.000000,16,0,0
first_touch,216,65536,18104.000000,16,0,0
first_touch,217,65536,17974.000000,16,0,0
first_touch,218,65536,17873.000000,16,0,0
first_touch,219,65536,17813.000000,16,0,0
first_touch,220,65536,18174.000000,16,0,0
first_touch,221,65536,17974.000000,16,0,0
first_touch,222,65536,18906.000000,16,0,0
first_touch,223,65536,18635.000000,16,0,0
first_touch,224,65536,19316.000000,16,0,0
first_touch,225,65536,18986.000000,16,0,0
first_touch,226,65536,17944.000000,16,0,0
first_touch,227,65536,27181.000000,16,0,0
first_touch,228,65536,22322.000000,16,0,0
first_touch,229,65536,18194.000000,16,0,0
first_touch,230,65536,18284.000000,16,0,0
first_touch,231,65536,18846.000000,16,0,0
first_touch,232,65536,17933.000000,16,0,0
first_touch,233,65536,17433.000000,16,0,0
first_touch,234,65536,17984.000000,16,0,0
first_touch,235,65536,18414.000000,16,0,0
first_touch,236,65536,17974.000000,16,0,0
first_touch,237,65536,18125.000000,16,0,0
first_touch,238,65536,46858.000000,16,0,0
first_touch,239,65536,22362.000000,16,0,0
first_touch,240,65536,18335.000000,16,0,0
first_touch,241,65536,17513.000000,16,0,0
first_touch,242,65536,17402.000000,16,0,0
first_touch,243,65536,17864.000000,16,0,0
first_touch,244,65536,17785.000000,16,0,0
first_touch,245,65536,17523.000000,16,0,0
first_touch,246,65536,17753.000000,16,0,0
first_touch,247,65536,17733.000000,16,0,0
first_touch,248,65536,17483.000000,16,0,0
first_touch,249,65536,17383.000000,16,0,0
first_touch,250,65536,241865.000000,16,0,0
first_touch,251,65536,24096.000000,16,0,0
first_touch,252,65536,18535.000000,16,0,0
first_touch,253,65536,19887.000000,16,0,0
first_touch,254,65536,18795.000000,16,0,0
first_touch,255,65536,18494.000000,16,0,0
first_touch,256,65536,19567.000000,16,0,0
first_touch,257,65536,18214.000000,16,0,0
first_touch,258,65536,19046.000000,16,0,0
first_touch,259,65536,18194.000000,16,0,0
first_touch,260,65536,19257.000000,16,0,0
first_touch,261,65536,18936.000000,16,0,0
first_touch,262,65536,18034.000000,16,0,0
first_touch,263,65536,38973.000000,16,0,0
first_touch,264,65536,22783.000000,16,0,0
first_touch,265,65536,17974.000000,16,0,0
first_touch,266,65536,18565.000000,16,0,0
first_touch,267,65536,17674.000000,16,0,0
first_touch,268,65536,18965.000000,16,0,0
first_touch,269,65536,17543.000000,16,0,0
first_touch,270,65536,18275.000000,16,0,0
first_touch,271,65536,18495.000000,16,0,0
first_touch,272,65536,18895.000000,16,0,0
first_touch,273,65536,32050.000000,16,0,0
first_touch,274,65536,19366.000000,16,0,0
first_touch,275,65536,18264.000000,16,0,0
first_touch,276,65536,17713.000000,16,0,0
first_touch,277,65536,17633.000000,16,0,0
first_touch,278,65536,17944.000000,16,0,0
first_touch,279,65536,18444.000000,16,0,0
first_touch,280,65536,17904.000000,16,0,0
first_touch,281,65536,17533.000000,16,0,0
first_touch,282,65536,18014.000000,16,0,0
first_touch,283,65536,19707.000000,16,0,0
first_touch,284,65536,17894.000000,16,0,0
first_touch,285,65536,18005.000000,16,0,0
first_touch,286,65536,18074.000000,16,0,0
first_touch,287,65536,18635.000000,16,0,0
first_touch,288,65536,18735.000000,16,0,0
first_touch,289,65536,18755.000000,16,0,0
first_touch,290,65536,18194.000000,16,0,0
first_touch,291,65536,18585.000000,16,0,0
first_touch,292,65536,18123.000000,16,0,0
first_touch,293,65536,18064.000000,16,0,0
first_touch,294,65536,18345.000000,16,0,0
first_touch,295,65536,17733.000000,16,0,0
first_touch,296,65536,18384.000000,16,0,0
first_touch,297,65536,18124.000000,16,0,0
first_touch,298,65536,17744.000000,16,0,0
first_touch,299,65536,21601.000000,16,0,0
first_touch,300,65536,21571.000000,16,0,0
first_touch,301,65536,18043.000000,16,0,0
first_touch,302,65536,18897.000000,16,0,0
first_touch,303,65536,18515.000000,16,0,0
first_touch,304,65536,17873.000000,16,0,0
first_touch,305,65536,18895.000000,16,0,0
first_touch,306,65536,18244.000000,16,0,0
first_touch,307,65536,18114.000000,16,0,0
first_touch,308,65536,18074.000000,16,0,0
first_touch,309,65536,18976.000000,16,0,0
first_touch,310,65536,18535.000000,16,0,0
first_touch,311,65536,18956.000000,16,0,0
first_touch,312,65536,20398.000000,16,0,0
first_touch,313,65536,27762.000000,16,0,0
first_touch,314,65536,20638.000000,16,0,0
first_touch,315,65536,18114.000000,16,0,0
first_touch,316,65536,17673.000000,16,0,0
first_touch,317,65536,17734.000000,16,0,0
first_touch,318,65536,17744.000000,16,0,0
first_touch,319,65536,18436.000000,16,0,0
first_touch,320,65536,18635.000000,16,0,0
first_touch,321,65536,17423.000000,16,0,0
first_touch,322,65536,57547.000000,16,0,0
first_touch,323,65536,17793.000000,16,0,0
first_touch,324,65536,18104.000000,16,0,0
first_touch,325,65536,18394.000000,16,0,0
first_touch,326,65536,18285.000000,16,0,0
first_touch,327,65536,18715.000000,16,0,0
first_touch,328,65536,17843.000000,16,0,0
first_touch,329,65536,18615.000000,16,0,0
first_touch,330,65536,20148.000000,16,0,0
first_touch,331,65536,20599.000000,16,0,0
first_touch,332,65536,17934.000000,16,0,0
first_touch,333,65536,18645.000000,16,0,0
first_touch,334,65536,18695.000000,16,0,0
first_touch,335,65536,18736.000000,16,0,0
first_touch,336,65536,18284.000000,16,0,0
first_touch,337,65536,18625.000000,16,0,0
first_touch,338,65536,18294.000000,16,0,0
first_touch,339,65536,18104.000000,16,0,0
first_touch,340,65536,18204.000000,16,0,0
first_touch,341,65536,17603.000000,16,0,0
first_touch,342,65536,19286.000000,16,0,0
first_touch,343,65536,18074.000000,16,0,0
first_touch,344,65536,19077.000000,16,0,0
first_touch,345,65536,18304.000000,16,0,0
first_touch,346,65536,18274.000000,16,0,0
first_touch,347,65536,24155.000000,16,0,0
first_touch,348,65536,21550.000000,16,0,0
first_touch,349,65536,18294.000000,16,0,0
first_touch,350,65536,18565.000000,16,0,0
first_touch,351,65536,18084.000000,16,0,0
first_touch,352,65536,18855.000000,16,0,0
first_touch,353,65536,18266.000000,16,0,0
first_touch,354,65536,18455.000000,16,0,0
first_touch,355,65536,18124.000000,16,0,0
first_touch,356,65536,27211.000000,16,0,0
first_touch,357,65536,17893.000000,16,0,0
first_touch,358,65536,18275.000000,16,0,0
first_touch,359,65536,17683.000000,16,0,0
first_touch,360,65536,17964.000000,16,0,0
first_touch,361,65536,17995.000000,16,0,0
first_touch,362,65536,18174.000000,16,0,0
first_touch,363,65536,17893.000000,16,0,0
first_touch,364,65536,17853.000000,16,0,0
first_touch,365,65536,17954.000000,16,0,0
first_touch,366,65536,18365.000000,16,0,0
first_touch,367,65536,18355.000000,16,0,0
first_touch,368,65536,18225.000000,16,0,0
first_touch,369,65536,36569.000000,16,0,0
first_touch,370,65536,22792.000000,16,0,0
first_touch,371,65536,18013.000000,16,0,0
first_touch,372,65536,17924.000000,16,0,0
first_touch,373,65536,17483.000000,16,0,0
first_touch,374,65536,18344.000000,16,0,0
first_touch,375,65536,18034.000000,16,0,0
first_touch,376,65536,236295.000000,16,0,0
first_touch,377,65536,37561.000000,16,0,0
first_touch,378,65536,23514.000000,16,0,0
first_touch,379,65536,19096.000000,16,0,0
first_touch,380,65536,17884.000000,16,0,0
first_touch,381,65536,17573.000000,16,0,0
first_touch,382,65536,17934.000000,16,0,0
first_touch,383,65536,18054.000000,16,0,0
first_touch,384,65536,24186.000000,16,0,0
first_touch,385,65536,24165.000000,16,0,0
first_touch,386,65536,18304.000000,16,0,0
first_touch,387,65536,18514.000000,16,0,0
first_touch,388,65536,18114.000000,16,0,0
first_touch,389,65536,18945.000000,16,0,0
first_touch,390,65536,18284.000000,16,0,0
first_touch,391,65536,18905.000000,16,0,0
first_touch,392,65536,18095.000000,16,0,0
first_touch,393,65536,18315.000000,16,0,0
first_touch,394,65536,18786.000000,16,0,0
first_touch,395,65536,18254.000000,16,0,0
first_touch,396,65536,18274.000000,16,0,0
first_touch,397,65536,26199.000000,16,0,0
first_touch,398,65536,23875.000000,16,0,0
first_touch,399,65536,17944.000000,16,0,0
first_touch,400,65536,18255.000000,16,0,0
first_touch,401,65536,17773.000000,16,0,0
first_touch,402,65536,17673.000000,16,0,0
first_touch,403,65536,32781.000000,16,0,0
first_touch,404,65536,37070.000000,16,0,0
first_touch,405,65536,18795.000000,16,0,0
first_touch,406,65536,17673.000000,16,0,0
first_touch,407,65536,17954.000000,16,0,0
first_touch,408,65536,17955.000000,16,0,0
first_touch,409,65536,18185.000000,16,0,0
first_touch,410,65536,17573.000000,16,0,0
first_touch,411,65536,17763.000000,16,0,0
first_touch,412,65536,17734.000000,16,0,0
first_touch,413,65536,18265.000000,16,0,0
first_touch,414,65536,18946.000000,16,0,0
first_touch,415,65536,17754.000000,16,0,0
first_touch,416,65536,19026.000000,16,0,0
first_touch,417,65536,17453.000000,16,0,0
first_touch,418,65536,17583.000000,16,0,0
first_touch,419,65536,18013.000000,16,0,0
first_touch,420,65536,18034.000000,16,0,0
first_touch,421,65536,18094.000000,16,0,0
first_touch,422,65536,17894.000000,16,0,0
first_touch,423,65536,18494.000000,16,0,0
first_touch,424,65536,18194.000000,16,0,0
first_touch,425,65536,18545.000000,16,0,0
first_touch,426,65536,24237.000000,16,0,0
first_touch,427,65536,23955.000000,16,0,0
first_touch,428,65536,24746.000000,16,0,0
first_touch,429,65536,24897.000000,16,0,0
first_touch,430,65536,18395.000000,16,0,0
first_touch,431,65536,23644.000000,16,0,0
first_touch,432,65536,21270.000000,16,0,0
first_touch,433,65536,19217.000000,16,0,0
first_touch,434,65536,18355.000000,16,0,0
first_touch,435,65536,18725.000000,16,0,0
first_touch,436,65536,19016.000000,16,0,0
first_touch,437,65536,18665.000000,16,0,0
first_touch,438,65536,18094.000000,16,0,0
first_touch,439,65536,17893.000000,16,0,0
first_touch,440,65536,18725.000000,16,0,0
first_touch,441,65536,18655.000000,16,0,0
first_touch,442,65536,18064.000000,16,0,0
first_touch,443,65536,18014.000000,16,0,0
first_touch,444,65536,19717.000000,16,0,0
first_touch,445,65536,18906.000000,16,0,0
first_touch,446,65536,18695.000000,16,0,0
first_touch,447,65536,18534.000000,16,0,0
first_touch,448,65536,19817.000000,16,0,0
first_touch,449,65536,19046.000000,16,0,0
first_touch,450,65536,19136.000000,16,0,0
first_touch,451,65536,39644.000000,16,0,0
first_touch,452,65536,23013.000000,16,0,0
first_touch,453,65536,18996.000000,16,0,0
first_touch,454,65536,18635.000000,16,0,0
first_touch,455,65536,19066.000000,16,0,0
first_touch,456,65536,18345.000000,16,0,0
first_touch,457,65536,18735.000000,16,0,0
first_touch,458,65536,20460.000000,16,0,0
first_touch,459,65536,18265.000000,16,0,0
first_touch,460,65536,20849.000000,16,0,0
first_touch,461,65536,20589.000000,16,0,0
first_touch,462,65536,18265.000000,16,0,0
first_touch,463,65536,18705.000000,16,0,0
first_touch,464,65536,18655.000000,16,0,0
first_touch,465,65536,18254.000000,16,0,0
first_touch,466,65536,19658.000000,16,0,0
first_touch,467,65536,18414.000000,16,0,0
first_touch,468,65536,18755.000000,16,0,0
first_touch,469,65536,18625.000000,16,0,0
first_touch,470,65536,18424.000000,16,0,0
first_touch,471,65536,18945.000000,16,0,0
first_touch,472,65536,18815.000000,16,0,0
first_touch,473,65536,19577.000000,16,0,0
first_touch,474,65536,18305.000000,16,0,0
first_touch,475,65536,19027.000000,16,0,0
first_touch,476,65536,18605.000000,16,0,0
first_touch,477,65536,18856.000000,16,0,0
first_touch,478,65536,18455.000000,16,0,0
first_touch,479,65536,29766.000000,16,0,0
first_touch,480,65536,28443.000000,16,0,0
first_touch,481,65536,25408.000000,16,0,0
first_touch,482,65536,18966.000000,16,0,0
first_touch,483,65536,18835.000000,16,0,0
first_touch,484,65536,18104.000000,16,0,0
first_touch,485,65536,18435.000000,16,0,0
first_touch,486,65536,18445.000000,16,0,0
first_touch,487,65536,18384.000000,16,0,0
first_touch,488,65536,19977.000000,16,0,0
first_touch,489,65536,18565.000000,16,0,0
first_touch,490,65536,18435.000000,16,0,0
first_touch,491,65536,18706.000000,16,0,0
first_touch,492,65536,18324.000000,16,0,0
first_touch,493,65536,18324.000000,16,0,0
first_touch,494,65536,18003.000000,16,0,0
first_touch,495,65536,18755.000000,16,0,0
first_touch,496,65536,18775.000000,16,0,0
first_touch,497,65536,45906.000000,16,0,0
first_touch,498,65536,19086.000000,16,0,0
first_touch,499,65536,17653.000000,16,0,0
first_touch,500,65536,17944.000000,16,0,0
first_touch,501,65536,19196.000000,16,0,0
first_touch,502,65536,241835.000000,16,0,0
first_touch,503,65536,18554.000000,16,0,0
first_touch,504,65536,17763.000000,16,0,0
first_touch,505,65536,18876.000000,16,0,0
first_touch,506,65536,18785.000000,16,0,0
first_touch,507,65536,18304.000000,16,0,0
first_touch,508,65536,17993.000000,16,0,0
first_touch,509,65536,18485.000000,16,0,0
first_touch,510,65536,18044.000000,16,0,0
first_touch,511,65536,17884.000000,16,0,0
prefaulted,0,65536,792.000000,3,0,0
prefaulted,1,65536,370.000000,0,0,0
prefaulted,2,65536,311.000000,0,0,0
prefaulted,3,65536,220.000000,0,0,0
prefaulted,4,65536,270.000000,0,0,0
prefaulted,5,65536,481.000000,0,0,0
prefaulted,6,65536,250.000000,0,0,0
prefaulted,7,65536,251.000000,0,0,0
prefaulted,8,65536,261.000000,0,0,0
prefaulted,9,65536,321.000000,0,0,0
prefaulted,10,65536,511.000000,0,0,0
prefaulted,11,65536,230.000000,0,0,0
prefaulted,12,65536,221.000000,0,0,0
prefaulted,13,65536,251.000000,0,0,0
prefaulted,14,65536,220.000000,0,0,0
prefaulted,15,65536,511.000000,0,0,0
prefaulted,16,65536,231.000000,0,0,0
prefaulted,17,65536,240.000000,0,0,0
prefaulted,18,65536,200.000000,0,0,0
prefaulted,19,65536,300.000000,0,0,0
prefaulted,20,65536,440.000000,0,0,0
prefaulted,21,65536,220.000000,0,0,0
prefaulted,22,65536,221.000000,0,0,0
prefaulted,23,65536,231.000000,0,0,0
prefaulted,24,65536,501.000000,0,0,0
prefaulted,25,65536,411.000000,0,0,0
prefaulted,26,65536,221.000000,0,0,0
prefaulted,27,65536,220.000000,0,0,0
prefaulted,28,65536,220.000000,0,0,0
prefaulted,29,65536,361.000000,0,0,0
prefaulted,30,65536,551.000000,0,0,0
prefaulted,31,65536,220.000000,0,0,0
prefaulted,32,65536,331.000000,0,0,0
prefaulted,33,65536,321.000000,0,0,0
prefaulted,34,65536,331.000000,0,0,0
prefaulted,35,65536,481.000000,0,0,0
prefaulted,36,65536,221.000000,0,0,0
prefaulted,37,65536,241.000000,0,0,0
prefaulted,38,65536,220.000000,0,0,0
prefaulted,39,65536,300.000000,0,0,0
prefaulted,40,65536,230.000000,0,0,0
prefaulted,41,65536,251.000000,0,0,0
prefaulted,42,65536,140.000000,0,0,0
prefaulted,43,65536,240.000000,0,0,0
prefaulted,44,65536,220.000000,0,0,0
prefaulted,45,65536,221.000000,0,0,0
prefaulted,46,65536,220.000000,0,0,0
prefaulted,47,65536,220.000000,0,0,0
prefaulted,48,65536,231.000000,0,0,0
prefaulted,49,65536,221.000000,0,0,0
prefaulted,50,65536,230.000000,0,0,0
prefaulted,51,65536,340.000000,0,0,0
prefaulted,52,65536,410.000000,0,0,0
prefaulted,53,65536,260.000000,0,0,0
prefaulted,54,65536,220.000000,0,0,0
prefaulted,55,65536,351.000000,0,0,0
prefaulted,56,65536,231.000000,0,0,0
prefaulted,57,65536,270.000000,0,0,0
prefaulted,58,65536,240.000000,0,0,0
prefaulted,59,65536,260.000000,0,0,0
prefaulted,60,65536,551.000000,0,0,0
prefaulted,61,65536,220.000000,0,0,0
prefaulted,62,65536,221.000000,0,0,0
prefaulted,63,65536,221.000000,0,0,0
prefaulted,64,65536,361.000000,0,0,0
prefaulted,65,65536,611.000000,0,0,0
prefaulted,66,65536,230.000000,0,0,0
prefaulted,67,65536,221.000000,0,0,0
prefaulted,68,65536,230.000000,0,0,0
prefaulted,69,65536,360.000000,0,0,0
prefaulted,70,65536,250.000000,0,0,0
prefaulted,71,65536,231.000000,0,0,0
prefaulted,72,65536,261.000000,0,0,0
prefaulted,73,65536,220.000000,0,0,0
prefaulted,74,65536,541.000000,0,0,0
prefaulted,75,65536,230.000000,0,0,0
prefaulted,76,65536,230.000000,0,0,0
prefaulted,77,65536,211.000000,0,0,0
prefaulted,78,65536,221.000000,0,0,0
prefaulted,79,65536,230.000000,0,0,0
prefaulted,80,65536,220.000000,0,0,0
prefaulted,81,65536,221.000000,0,0,0
prefaulted,82,65536,230.000000,0,0,0
prefaulted,83,65536,230.000000,0,0,0
prefaulted,84,65536,221.000000,0,0,0
prefaulted,85,65536,221.000000,0,0,0
prefaulted,86,65536,441.000000,0,0,0
prefaulted,87,65536,241.000000,0,0,0
prefaulted,88,65536,240.000000,0,0,0
prefaulted,89,65536,290.000000,0,0,0
prefaulted,90,65536,201.000000,0,0,0
prefaulted,91,65536,221.000000,0,0,0
prefaulted,92,65536,220.000000,0,0,0
prefaulted,93,65536,220.000000,0,0,0
prefaulted,94,65536,541.000000,0,0,0
prefaulted,95,65536,240.000000,0,0,0
prefaulted,96,65536,341.000000,0,0,0
prefaulted,97,65536,331.000000,0,0,0
prefaulted,98,65536,221.000000,0,0,0
prefaulted,99,65536,491.000000,0,0,0
prefaulted,100,65536,251.000000,0,0,0
prefaulted,101,65536,231.000000,0,0,0
prefaulted,102,65536,220.000000,0,0,0
prefaulted,103,65536,220.000000,0,0,0
prefaulted,104,65536,261.000000,0,0,0
prefaulted,105,65536,261.000000,0,0,0
prefaulted,106,65536,241.000000,0,0,0
prefaulted,107,65536,221.000000,0,0,0
prefaulted,108,65536,210.000000,0,0,0
prefaulted,109,65536,220.000000,0,0,0
prefaulted,110,65536,471.000000,0,0,0
prefaulted,111,65536,230.000000,0,0,0
prefaulted,112,65536,221.000000,0,0,0
prefaulted,113,65536,231.000000,0,0,0
prefaulted,114,65536,230.000000,0,0,0
prefaulted,115,65536,821.000000,0,0,0
prefaulted,116,65536,470.000000,0,0,0
prefaulted,117,65536,240.000000,0,0,0
prefaulted,118,65536,231.000000,0,0,0
prefaulted,119,65536,261.000000,0,0,0
prefaulted,120,65536,230.000000,0,0,0
prefaulted,121,65536,220.000000,0,0,0
prefaulted,122,65536,221.000000,0,0,0
prefaulted,123,65536,221.000000,0,0,0
prefaulted,124,65536,220.000000,0,0,0
prefaulted,125,65536,210.000000,0,0,0
prefaulted,126,65536,221.000000,0,0,0
prefaulted,127,65536,260.000000,0,0,0
prefaulted,128,65536,330.000000,0,0,0
prefaulted,129,65536,330.000000,0,0,0
prefaulted,130,65536,220.000000,0,0,0
prefaulted,131,65536,221.000000,0,0,0
prefaulted,132,65536,220.000000,0,0,0
prefaulted,133,65536,220.000000,0,0,0
prefaulted,134,65536,231.000000,0,0,0
prefaulted,135,65536,221.000000,0,0,0
prefaulted,136,65536,521.000000,0,0,0
prefaulted,137,65536,221.000000,0,0,0
prefaulted,138,65536,270.000000,0,0,0
prefaulted,139,65536,240.000000,0,0,0
prefaulted,140,65536,221.000000,0,0,0
prefaulted,141,65536,451.000000,0,0,0
prefaulted,142,65536,231.000000,0,0,0
prefaulted,143,65536,230.000000,0,0,0
prefaulted,144,65536,221.000000,0,0,0
prefaulted,145,65536,281.000000,0,0,0
prefaulted,146,65536,230.000000,0,0,0
prefaulted,147,65536,220.000000,0,0,0
prefaulted,148,65536,231.000000,0,0,0
prefaulted,149,65536,230.000000,0,0,0
prefaulted,150,65536,240.000000,0,0,0
prefaulted,151,65536,261.000000,0,0,0
prefaulted,152,65536,291.000000,0,0,0
prefaulted,153,65536,230.000000,0,0,0
prefaulted,154,65536,260.000000,0,0,0
prefaulted,155,65536,290.000000,0,0,0
prefaulted,156,65536,241.000000,0,0,0
prefaulted,157,65536,251.000000,0,0,0
prefaulted,158,65536,220.000000,0,0,0
prefaulted,159,65536,330.000000,0,0,0
prefaulted,160,65536,571.000000,0,0,0
prefaulted,161,65536,331.000000,0,0,0
prefaulted,162,65536,240.000000,0,0,0
prefaulted,163,65536,260.000000,0,0,0
prefaulted,164,65536,260.000000,0,0,0
prefaulted,165,65536,521.000000,0,0,0
prefaulted,166,65536,230.000000,0,0,0
prefaulted,167,65536,241.000000,0,0,0
prefaulted,168,65536,240.000000,0,0,0
prefaulted,169,65536,370.000000,0,0,0
prefaulted,170,65536,240.000000,0,0,0
prefaulted,171,65536,231.000000,0,0,0
prefaulted,172,65536,251.000000,0,0,0
prefaulted,173,65536,230.000000,0,0,0
prefaulted,174,65536,300.000000,0,0,0
prefaulted,175,65536,231.000000,0,0,0
prefaulted,176,65536,241.000000,0,0,0
prefaulted,177,65536,240.000000,0,0,0
prefaulted,178,65536,240.000000,0,0,0
prefaulted,179,65536,231.000000,0,0,0
prefaulted,180,65536,240.000000,0,0,0
prefaulted,181,65536,310.000000,0,0,0
prefaulted,182,65536,220.000000,0,0,0
prefaulted,183,65536,211.000000,0,0,0
prefaulted,184,65536,220.000000,0,0,0
prefaulted,185,65536,400.000000,0,0,0
prefaulted,186,65536,531.000000,0,0,0
prefaulted,187,65536,230.000000,0,0,0
prefaulted,188,65536,230.000000,0,0,0
prefaulted,189,65536,231.000000,0,0,0
prefaulted,190,65536,421.000000,0,0,0
prefaulted,191,65536,241.000000,0,0,0
prefaulted,192,65536,381.000000,0,0,0
prefaulted,193,65536,381.000000,0,0,0
prefaulted,194,65536,230.000000,0,0,0
prefaulted,195,65536,501.000000,0,0,0
prefaulted,196,65536,280.000000,0,0,0
prefaulted,197,65536,220.000000,0,0,0
prefaulted,198,65536,250.000000,0,0,0
prefaulted,199,65536,341.000000,0,0,0
prefaulted,200,65536,491.000000,0,0,0
prefaulted,201,65536,240.000000,0,0,0
prefaulted,202,65536,271.000000,0,0,0
prefaulted,203,65536,271.000000,0,0,0
prefaulted,204,65536,220.000000,0,0,0
prefaulted,205,65536,430.000000,0,0,0
prefaulted,206,65536,220.000000,0,0,0
prefaulted,207,65536,270.000000,0,0,0
prefaulted,208,65536,241.000000,0,0,0
prefaulted,209,65536,451.000000,0,0,0
prefaulted,210,65536,431.000000,0,0,0
prefaulted,211,65536,231.000000,0,0,0
prefaulted,212,65536,241.000000,0,0,0
prefaulted,213,65536,240.000000,0,0,0
prefaulted,214,65536,280.000000,0,0,0
prefaulted,215,65536,301.000000,0,0,0
prefaulted,216,65536,251.000000,0,0,0
prefaulted,217,65536,261.000000,0,0,0
prefaulted,218,65536,230.000000,0,0,0
prefaulted,219,65536,561.000000,0,0,0
prefaulted,220,65536,250.000000,0,0,0
prefaulted,221,65536,260.000000,0,0,0
prefaulted,222,65536,241.000000,0,0,0
prefaulted,223,65536,231.000000,0,0,0
prefaulted,224,65536,691.000000,0,0,0
prefaulted,225,65536,360.000000,0,0,0
prefaulted,226,65536,241.000000,0,0,0
prefaulted,227,65536,241.000000,0,0,0
prefaulted,228,65536,230.000000,0,0,0
prefaulted,229,65536,220.000000,0,0,0
prefaulted,230,65536,321.000000,0,0,0
prefaulted,231,65536,231.000000,0,0,0
prefaulted,232,65536,240.000000,0,0,0
prefaulted,233,65536,230.000000,0,0,0
prefaulted,234,65536,251.000000,0,0,0
prefaulted,235,65536,471.000000,0,0,0
prefaulted,236,65536,231.000000,0,0,0
prefaulted,237,65536,270.000000,0,0,0
prefaulted,238,65536,230.000000,0,0,0
prefaulted,239,65536,241.000000,0,0,0
prefaulted,240,65536,501.000000,0,0,0
prefaulted,241,65536,271.000000,0,0,0
prefaulted,242,65536,251.000000,0,0,0
prefaulted,243,65536,391.000000,0,0,0
prefaulted,244,65536,531.000000,0,0,0
prefaulted,245,65536,281.000000,0,0,0
prefaulted,246,65536,220.000000,0,0,0
prefaulted,247,65536,221.000000,0,0,0
prefaulted,248,65536,501.000000,0,0,0
prefaulted,249,65536,231.000000,0,0,0
prefaulted,250,65536,341.000000,0,0,0
prefaulted,251,65536,350.000000,0,0,0
prefaulted,252,65536,220.000000,0,0,0
prefaulted,253,65536,461.000000,0,0,0
prefaulted,254,65536,551.000000,0,0,0
prefaulted,255,65536,221.000000,0,0,0
prefaulted,256,65536,421.000000,0,0,0
prefaulted,257,65536,331.000000,0,0,0
prefaulted,258,65536,220.000000,0,0,0
prefaulted,259,65536,531.000000,0,0,0
prefaulted,260,65536,220.000000,0,0,0
prefaulted,261,65536,231.000000,0,0,0
prefaulted,262,65536,281.000000,0,0,0
prefaulted,263,65536,521.000000,0,0,0
prefaulted,264,65536,531.000000,0,0,0
prefaulted,265,65536,260.000000,0,0,0
prefaulted,266,65536,251.000000,0,0,0
prefaulted,267,65536,261.000000,0,0,0
prefaulted,268,65536,441.000000,0,0,0
prefaulted,269,65536,541.000000,0,0,0
prefaulted,270,65536,261.000000,0,0,0
prefaulted,271,65536,240.000000,0,0,0
prefaulted,272,65536,240.000000,0,0,0
prefaulted,273,65536,240.000000,0,0,0
prefaulted,274,65536,231.000000,0,0,0
prefaulted,275,65536,230.000000,0,0,0
prefaulted,276,65536,230.000000,0,0,0
prefaulted,277,65536,271.000000,0,0,0
prefaulted,278,65536,241.000000,0,0,0
prefaulted,279,65536,270.000000,0,0,0
prefaulted,280,65536,220.000000,0,0,0
prefaulted,281,65536,251.000000,0,0,0
prefaulted,282,65536,231.000000,0,0,0
prefaulted,283,65536,240.000000,0,0,0
prefaulted,284,65536,310.000000,0,0,0
prefaulted,285,65536,250.000000,0,0,0
prefaulted,286,65536,221.000000,0,0,0
prefaulted,287,65536,231.000000,0,0,0
prefaulted,288,65536,340.000000,0,0,0
prefaulted,289,65536,370.000000,0,0,0
prefaulted,290,65536,491.000000,0,0,0
prefaulted,291,65536,260.000000,0,0,0
prefaulted,292,65536,230.000000,0,0,0
prefaulted,293,65536,231.000000,0,0,0
prefaulted,294,65536,271.000000,0,0,0
prefaulted,295,65536,240.000000,0,0,0
prefaulted,296,65536,250.000000,0,0,0
prefaulted,297,65536,281.000000,0,0,0
prefaulted,298,65536,230.000000,0,0,0
prefaulted,299,65536,251.000000,0,0,0
prefaulted,300,65536,231.000000,0,0,0
prefaulted,301,65536,240.000000,0,0,0
prefaulted,302,65536,220.000000,0,0,0
prefaulted,303,65536,250.000000,0,0,0
prefaulted,304,65536,241.000000,0,0,0
prefaulted,305,65536,501.000000,0,0,0
prefaulted,306,65536,231.000000,0,0,0
prefaulted,307,65536,321.000000,0,0,0
prefaulted,308,65536,481.000000,0,0,0
prefaulted,309,65536,231.000000,0,0,0
prefaulted,310,65536,220.000000,0,0,0
prefaulted,311,65536,240.000000,0,0,0
prefaulted,312,65536,251.000000,0,0,0
prefaulted,313,65536,221.000000,0,0,0
prefaulted,314,65536,220.000000,0,0,0
prefaulted,315,65536,250.000000,0,0,0
prefaulted,316,65536,241.000000,0,0,0
prefaulted,317,65536,220.000000,0,0,0
prefaulted,318,65536,250.000000,0,0,0
prefaulted,319,65536,240.000000,0,0,0
prefaulted,320,65536,321.000000,0,0,0
prefaulted,321,65536,321.000000,0,0,0
prefaulted,322,65536,251.000000,0,0,0
prefaulted,323,65536,280.000000,0,0,0
prefaulted,324,65536,230.000000,0,0,0
prefaulted,325,65536,231.000000,0,0,0
prefaulted,326,65536,211.000000,0,0,0
prefaulted,327,65536,260.000000,0,0,0
prefaulted,328,65536,230.000000,0,0,0
prefaulted,329,65536,241.000000,0,0,0
prefaulted,330,65536,231.000000,0,0,0
prefaulted,331,65536,461.000000,0,0,0
prefaulted,332,65536,261.000000,0,0,0
prefaulted,333,65536,260.000000,0,0,0
prefaulted,334,65536,220.000000,0,0,0
prefaulted,335,65536,391.000000,0,0,0
prefaulted,336,65536,521.000000,0,0,0
prefaulted,337,65536,230.000000,0,0,0
prefaulted,338,65536,231.000000,0,0,0
prefaulted,339,65536,261.000000,0,0,0
prefaulted,340,65536,330.000000,0,0,0
prefaulted,341,65536,250.000000,0,0,0
prefaulted,342,65536,260.000000,0,0,0
prefaulted,343,65536,211.000000,0,0,0
prefaulted,344,65536,230.000000,0,0,0
prefaulted,345,65536,260.000000,0,0,0
prefaulted,346,65536,230.000000,0,0,0
prefaulted,347,65536,221.000000,0,0,0
prefaulted,348,65536,250.000000,0,0,0
prefaulted,349,65536,220.000000,0,0,0
prefaulted,350,65536,230.000000,0,0,0
prefaulted,351,65536,471.000000,0,0,0
prefaulted,352,65536,341.000000,0,0,0
prefaulted,353,65536,321.000000,0,0,0
prefaulted,354,65536,230.000000,0,0,0
prefaulted,355,65536,240.000000,0,0,0
prefaulted,356,65536,481.000000,0,0,0
prefaulted,357,65536,240.000000,0,0,0
prefaulted,358,65536,251.000000,0,0,0
prefaulted,359,65536,230.000000,0,0,0
prefaulted,360,65536,260.000000,0,0,0
prefaulted,361,65536,551.000000,0,0,0
prefaulted,362,65536,231.000000,0,0,0
prefaulted,363,65536,230.000000,0,0,0
prefaulted,364,65536,511.000000,0,0,0
prefaulted,365,65536,261.000000,0,0,0
prefaulted,366,65536,230.000000,0,0,0
prefaulted,367,65536,230.000000,0,0,0
prefaulted,368,65536,221.000000,0,0,0
prefaulted,369,65536,240.000000,0,0,0
prefaulted,370,65536,230.000000,0,0,0
prefaulted,371,65536,331.000000,0,0,0
prefaulted,372,65536,231.000000,0,0,0
prefaulted,373,65536,230.000000,0,0,0
prefaulted,374,65536,240.000000,0,0,0
prefaulted,375,65536,261.000000,0,0,0
prefaulted,376,65536,311.000000,0,0,0
prefaulted,377,65536,251.000000,0,0,0
prefaulted,378,65536,250.000000,0,0,0
prefaulted,379,65536,260.000000,0,0,0
prefaulted,380,65536,231.000000,0,0,0
prefaulted,381,65536,521.000000,0,0,0
prefaulted,382,65536,221.000000,0,0,0
prefaulted,383,65536,251.000000,0,0,0
prefaulted,384,65536,361.000000,0,0,0
prefaulted,385,65536,411.000000,0,0,0
prefaulted,386,65536,551.000000,0,0,0
prefaulted,387,65536,241.000000,0,0,0
prefaulted,388,65536,251.000000,0,0,0
prefaulted,389,65536,260.000000,0,0,0
prefaulted,390,65536,250.000000,0,0,0
prefaulted,391,65536,271.000000,0,0,0
prefaulted,392,65536,281.000000,0,0,0
prefaulted,393,65536,251.000000,0,0,0
prefaulted,394,65536,451.000000,0,0,0
prefaulted,395,65536,541.000000,0,0,0
prefaulted,396,65536,250.000000,0,0,0
prefaulted,397,65536,230.000000,0,0,0
prefaulted,398,65536,240.000000,0,0,0
prefaulted,399,65536,231.000000,0,0,0
prefaulted,400,65536,230.000000,0,0,0
prefaulted,401,65536,251.000000,0,0,0
prefaulted,402,65536,231.000000,0,0,0
prefaulted,403,65536,250.000000,0,0,0
prefaulted,404,65536,240.000000,0,0,0
prefaulted,405,65536,291.000000,0,0,0
prefaulted,406,65536,261.000000,0,0,0
prefaulted,407,65536,241.000000,0,0,0
prefaulted,408,65536,240.000000,0,0,0
prefaulted,409,65536,230.000000,0,0,0
prefaulted,410,65536,321.000000,0,0,0
prefaulted,411,65536,281.000000,0,0,0
prefaulted,412,65536,311.000000,0,0,0
prefaulted,413,65536,240.000000,0,0,0
prefaulted,414,65536,280.000000,0,0,0
prefaulted,415,65536,340.000000,0,0,0
prefaulted,416,65536,381.000000,0,0,0
prefaulted,417,65536,321.000000,0,0,0
prefaulted,418,65536,271.000000,0,0,0
prefaulted,419,65536,251.000000,0,0,0
prefaulted,420,65536,531.000000,0,0,0
prefaulted,421,65536,241.000000,0,0,0
prefaulted,422,65536,230.000000,0,0,0
prefaulted,423,65536,260.000000,0,0,0
prefaulted,424,65536,230.000000,0,0,0
prefaulted,425,65536,231.000000,0,0,0
prefaulted,426,65536,210.000000,0,0,0
prefaulted,427,65536,301.000000,0,0,0
prefaulted,428,65536,250.000000,0,0,0
prefaulted,429,65536,410.000000,0,0,0
prefaulted,430,65536,240.000000,0,0,0
prefaulted,431,65536,230.000000,0,0,0
prefaulted,432,65536,261.000000,0,0,0
prefaulted,433,65536,261.000000,0,0,0
prefaulted,434,65536,581.000000,0,0,0
prefaulted,435,65536,221.000000,0,0,0
prefaulted,436,65536,270.000000,0,0,0
prefaulted,437,65536,230.000000,0,0,0
prefaulted,438,65536,260.000000,0,0,0
prefaulted,439,65536,241.000000,0,0,0
prefaulted,440,65536,241.000000,0,0,0
prefaulted,441,65536,361.000000,0,0,0
prefaulted,442,65536,290.000000,0,0,0
prefaulted,443,65536,240.000000,0,0,0
prefaulted,444,65536,221.000000,0,0,0
prefaulted,445,65536,251.000000,0,0,0
prefaulted,446,65536,311.000000,0,0,0
prefaulted,447,65536,240.000000,0,0,0
prefaulted,448,65536,340.000000,0,0,0
prefaulted,449,65536,340.000000,0,0,0
prefaulted,450,65536,240.000000,0,0,0
prefaulted,451,65536,251.000000,0,0,0
prefaulted,452,65536,260.000000,0,0,0
prefaulted,453,65536,260.000000,0,0,0
prefaulted,454,65536,270.000000,0,0,0
prefaulted,455,65536,211.000000,0,0,0
prefaulted,456,65536,271.000000,0,0,0
prefaulted,457,65536,230.000000,0,0,0
prefaulted,458,65536,591.000000,0,0,0
prefaulted,459,65536,421.000000,0,0,0
prefaulted,460,65536,231.000000,0,0,0
prefaulted,461,65536,220.000000,0,0,0
prefaulted,462,65536,240.000000,0,0,0
prefaulted,463,65536,361.000000,0,0,0
prefaulted,464,65536,531.000000,0,0,0
prefaulted,465,65536,230.000000,0,0,0
prefaulted,466,65536,281.000000,0,0,0
prefaulted,467,65536,220.000000,0,0,0
prefaulted,468,65536,270.000000,0,0,0
prefaulted,469,65536,250.000000,0,0,0
prefaulted,470,65536,251.000000,0,0,0
prefaulted,471,65536,241.000000,0,0,0
prefaulted,472,65536,240.000000,0,0,0
prefaulted,473,65536,240.000000,0,0,0
prefaulted,474,65536,251.000000,0,0,0
prefaulted,475,65536,230.000000,0,0,0
prefaulted,476,65536,250.000000,0,0,0
prefaulted,477,65536,261.000000,0,0,0
prefaulted,478,65536,311.000000,0,0,0
prefaulted,479,65536,301.000000,0,0,0
prefaulted,480,65536,321.000000,0,0,0
prefaulted,481,65536,361.000000,0,0,0
prefaulted,482,65536,240.000000,0,0,0
prefaulted,483,65536,240.000000,0,0,0
prefaulted,484,65536,271.000000,0,0,0
prefaulted,485,65536,501.000000,0,0,0
prefaulted,486,65536,261.000000,0,0,0
prefaulted,487,65536,261.000000,0,0,0
prefaulted,488,65536,230.000000,0,0,0
prefaulted,489,65536,240.000000,0,0,0
prefaulted,490,65536,552.000000,0,0,0
prefaulted,491,65536,240.000000,0,0,0
prefaulted,492,65536,250.000000,0,0,0
prefaulted,493,65536,241.000000,0,0,0
prefaulted,494,65536,251.000000,0,0,0
prefaulted,495,65536,251.000000,0,0,0
prefaulted,496,65536,230.000000,0,0,0
prefaulted,497,65536,240.000000,0,0,0
prefaulted,498,65536,291.000000,0,0,0
prefaulted,499,65536,581.000000,0,0,0
prefaulted,500,65536,250.000000,0,0,0
prefaulted,501,65536,291.000000,0,0,0
prefaulted,502,65536,251.000000,0,0,0
prefaulted,503,65536,251.000000,0,0,0
prefaulted,504,65536,251.000000,0,0,0
prefaulted,505,65536,260.000000,0,0,0
prefaulted,506,65536,300.000000,0,0,0
prefaulted,507,65536,230.000000,0,0,0
prefaulted,508,65536,261.000000,0,0,0
prefaulted,509,65536,231.000000,0,0,0
prefaulted,510,65536,270.000000,0,0,0
prefaulted,511,65536,220.000000,0,0,0
malloc_growth,0,65536,20629.000000,19,0,0
malloc_growth,1,65536,18885.000000,16,0,0
malloc_growth,2,65536,19016.000000,16,0,0
malloc_growth,3,65536,20599.000000,16,0,0
malloc_growth,4,65536,18605.000000,16,0,0
malloc_growth,5,65536,21089.000000,16,0,0
malloc_growth,6,65536,19216.000000,16,0,0
malloc_growth,7,65536,19096.000000,16,0,0
malloc_growth,8,65536,18505.000000,16,0,0
malloc_growth,9,65536,19417.000000,16,0,0
malloc_growth,10,65536,18995.000000,16,0,0
malloc_growth,11,65536,19146.000000,16,0,0
malloc_growth,12,65536,19958.000000,16,0,0
malloc_growth,13,65536,18996.000000,16,0,0
malloc_growth,14,65536,18525.000000,16,0,0
malloc_growth,15,65536,19256.000000,16,0,0
malloc_growth,16,65536,18655.000000,16,0,0
malloc_growth,17,65536,18745.000000,16,0,0
malloc_growth,18,65536,19035.000000,16,0,0
malloc_growth,19,65536,18996.000000,16,0,0
malloc_growth,20,65536,19959.000000,16,0,0
malloc_growth,21,65536,19917.000000,16,0,0
malloc_growth,22,65536,18224.000000,16,0,0
malloc_growth,23,65536,18886.000000,16,0,0
malloc_growth,24,65536,19045.000000,16,0,0
malloc_growth,25,65536,18425.000000,16,0,0
malloc_growth,26,65536,18475.000000,16,0,0
malloc_growth,27,65536,19637.000000,16,0,0
malloc_growth,28,65536,19547.000000,16,0,0
malloc_growth,29,65536,18646.000000,16,0,0
malloc_growth,30,65536,19667.000000,16,0,0
malloc_growth,31,65536,19066.000000,16,0,0
malloc_growth,32,65536,24416.000000,16,0,0
malloc_growth,33,65536,26139.000000,16,0,0
malloc_growth,34,65536,22693.000000,16,0,0
malloc_growth,35,65536,20168.000000,16,0,0
malloc_growth,36,65536,18334.000000,16,0,0
malloc_growth,37,65536,70784.000000,16,0,0
malloc_growth,38,65536,21520.000000,16,0,0
malloc_growth,39,65536,18775.000000,16,0,0
malloc_growth,40,65536,17572.000000,16,0,0
malloc_growth,41,65536,19056.000000,16,0,0
malloc_growth,42,65536,18004.000000,16,0,0
malloc_growth,43,65536,17814.000000,16,0,0
malloc_growth,44,65536,19316.000000,16,0,0
malloc_growth,45,65536,17873.000000,16,0,0
malloc_growth,46,65536,18775.000000,16,0,0
malloc_growth,47,65536,18795.000000,16,0,0
malloc_growth,48,65536,18104.000000,16,0,0
malloc_growth,49,65536,19367.000000,16,0,0
malloc_growth,50,65536,19026.000000,16,0,0
malloc_growth,51,65536,18554.000000,16,0,0
malloc_growth,52,65536,18605.000000,16,0,0
malloc_growth,53,65536,35767.000000,16,0,0
malloc_growth,54,65536,18485.000000,16,0,0
malloc_growth,55,65536,18635.000000,16,0,0
malloc_growth,56,65536,19266.000000,16,0,0
malloc_growth,57,65536,18404.000000,16,0,0
malloc_growth,58,65536,18174.000000,16,0,0
malloc_growth,59,65536,18965.000000,16,0,0
malloc_growth,60,65536,19588.000000,16,0,0
malloc_growth,61,65536,18454.000000,16,0,0
malloc_growth,62,65536,19226.000000,16,0,0
malloc_growth,63,65536,18675.000000,16,0,0
malloc_growth,64,65536,19106.000000,16,0,0
malloc_growth,65,65536,18875.000000,16,0,0
malloc_growth,66,65536,18855.000000,16,0,0
malloc_growth,67,65536,17904.000000,16,0,0
malloc_growth,68,65536,19318.000000,16,0,0
malloc_growth,69,65536,18655.000000,16,0,0
malloc_growth,70,65536,17924.000000,16,0,0
malloc_growth,71,65536,20609.000000,16,0,0
malloc_growth,72,65536,24095.000000,16,0,0
malloc_growth,73,65536,275729.000000,16,0,0
malloc_growth,74,65536,21391.000000,16,0,0
malloc_growth,75,65536,18284.000000,16,0,0
malloc_growth,76,65536,18675.000000,16,0,0
malloc_growth,77,65536,20147.000000,16,0,0
malloc_growth,78,65536,25698.000000,16,0,0
malloc_growth,79,65536,89920.000000,16,0,0
malloc_growth,80,65536,21690.000000,16,0,0
malloc_growth,81,65536,21300.000000,16,0,0
malloc_growth,82,65536,25378.000000,16,0,0
malloc_growth,83,65536,28894.000000,16,0,0
malloc_growth,84,65536,19186.000000,16,0,0
malloc_growth,85,65536,18586.000000,16,0,0
malloc_growth,86,65536,19667.000000,16,0,0
malloc_growth,87,65536,18585.000000,16,0,0
malloc_growth,88,65536,18374.000000,16,0,0
malloc_growth,89,65536,19506.000000,16,0,0
malloc_growth,90,65536,18495.000000,16,0,0
malloc_growth,91,65536,18454.000000,16,0,0
malloc_growth,92,65536,20479.000000,16,0,0
malloc_growth,93,65536,19979.000000,16,0,0
malloc_growth,94,65536,18725.000000,16,0,0
malloc_growth,95,65536,19607.000000,16,0,0
malloc_growth,96,65536,25468.000000,16,0,0
malloc_growth,97,65536,24346.000000,16,0,0
malloc_growth,98,65536,26079.000000,16,0,0
malloc_growth,99,65536,23414.000000,16,0,0
malloc_growth,100,65536,18675.000000,16,0,0
malloc_growth,101,65536,19948.000000,16,0,0
malloc_growth,102,65536,18966.000000,16,0,0
malloc_growth,103,65536,22603.000000,16,0,0
malloc_growth,104,65536,93666.000000,16,0,0
malloc_growth,105,65536,18755.000000,16,0,0
malloc_growth,106,65536,20899.000000,16,0,0
malloc_growth,107,65536,47890.000000,16,0,0
malloc_growth,108,65536,23945.000000,16,0,0
malloc_growth,109,65536,19778.000000,16,0,0
malloc_growth,110,65536,20609.000000,16,0,0
malloc_growth,111,65536,19557.000000,16,0,0
malloc_growth,112,65536,19087.000000,16,0,0
malloc_growth,113,65536,20268.000000,16,0,0
malloc_growth,114,65536,18785.000000,16,0,0
malloc_growth,115,65536,18786.000000,16,0,0
malloc_growth,116,65536,20258.000000,16,0,0
malloc_growth,117,65536,19196.000000,16,0,0
malloc_growth,118,65536,19727.000000,16,0,0
malloc_growth,119,65536,19556.000000,16,0,0
malloc_growth,120,65536,18725.000000,16,0,0
malloc_growth,121,65536,20509.000000,16,0,0
malloc_growth,122,65536,18855.000000,16,0,0
malloc_growth,123,65536,19126.000000,16,0,0
malloc_growth,124,65536,21060.000000,16,0,0
malloc_growth,125,65536,19075.000000,16,0,0
malloc_growth,126,65536,19347.000000,16,0,0
malloc_growth,127,65536,19637.000000,16,0,0
malloc_growth,128,65536,19717.000000,16,0,0
malloc_growth,129,65536,18816.000000,16,0,0
malloc_growth,130,65536,19747.000000,16,0,0
malloc_growth,131,65536,18725.000000,16,0,0
malloc_growth,132,65536,19536.000000,16,0,0
malloc_growth,133,65536,19967.000000,16,0,0
malloc_growth,134,65536,25719.000000,16,0,0
malloc_growth,135,65536,28975.000000,16,0,0
malloc_growth,136,65536,31009.000000,16,0,0
malloc_growth,137,65536,28965.000000,16,0,0
malloc_growth,138,65536,24786.000000,16,0,0
malloc_growth,139,65536,21110.000000,16,0,0
malloc_growth,140,65536,19166.000000,16,0,0
malloc_growth,141,65536,25458.000000,16,0,0
malloc_growth,142,65536,20568.000000,16,0,0
malloc_growth,143,65536,18857.000000,16,0,0
malloc_growth,144,65536,18866.000000,16,0,0
malloc_growth,145,65536,19277.000000,16,0,0
malloc_growth,146,65536,18805.000000,16,0,0
malloc_growth,147,65536,19757.000000,16,0,0
malloc_growth,148,65536,19246.000000,16,0,0
malloc_growth,149,65536,19206.000000,16,0,0
malloc_growth,150,65536,18995.000000,16,0,0
malloc_growth,151,65536,56167.000000,16,0,0
malloc_growth,152,65536,26009.000000,16,0,0
malloc_growth,153,65536,22943.000000,16,0,0
malloc_growth,154,65536,26590.000000,16,0,0
malloc_growth,155,65536,22812.000000,16,0,0
malloc_growth,156,65536,25398.000000,16,0,0
malloc_growth,157,65536,24658.000000,16,0,0
malloc_growth,158,65536,23524.000000,16,0,0
malloc_growth,159,65536,24005.000000,16,0,0
malloc_growth,160,65536,23745.000000,16,0,0
malloc_growth,161,65536,23394.000000,16,0,0
malloc_growth,162,65536,23164.000000,16,0,0
malloc_growth,163,65536,22832.000000,16,0,0
malloc_growth,164,65536,88357.000000,16,0,0
malloc_growth,165,65536,25738.000000,16,0,0
malloc_growth,166,65536,23013.000000,16,0,0
malloc_growth,167,65536,23204.000000,16,0,0
malloc_growth,168,65536,24527.000000,16,0,0
malloc_growth,169,65536,22712.000000,16,0,0
malloc_growth,170,65536,23945.000000,16,0,0
malloc_growth,171,65536,24787.000000,16,0,0
malloc_growth,172,65536,23164.000000,16,0,0
malloc_growth,173,65536,23314.000000,16,0,0
malloc_growth,174,65536,25097.000000,16,0,0
malloc_growth,175,65536,23605.000000,16,0,0
malloc_growth,176,65536,23624.000000,16,0,0
malloc_growth,177,65536,24847.000000,16,0,0
malloc_growth,178,65536,24095.000000,16,0,0
malloc_growth,179,65536,23003.000000,16,0,0
malloc_growth,180,65536,25577.000000,16,0,0
malloc_growth,181,65536,23634.000000,16,0,0
malloc_growth,182,65536,24066.000000,16,0,0
malloc_growth,183,65536,24977.000000,16,0,0
malloc_growth,184,65536,23604.000000,16,0,0
malloc_growth,185,65536,41428.000000,16,0,0
malloc_growth,186,65536,24797.000000,16,0,0
malloc_growth,187,65536,23364.000000,16,0,0
malloc_growth,188,65536,24617.000000,16,0,0
malloc_growth,189,65536,24366.000000,16,0,0
malloc_growth,190,65536,24095.000000,16,0,0
malloc_growth,191,65536,23655.000000,16,0,0
malloc_growth,192,65536,24316.000000,16,0,0
malloc_growth,193,65536,22993.000000,16,0,0
malloc_growth,194,65536,23304.000000,16,0,0
malloc_growth,195,65536,28204.000000,16,0,0
malloc_growth,196,65536,25027.000000,16,0,0
malloc_growth,197,65536,23354.000000,16,0,0
malloc_growth,198,65536,24677.000000,16,0,0
malloc_growth,199,65536,23134.000000,16,0,0
malloc_growth,200,65536,23704.000000,16,0,0
malloc_growth,201,65536,28634.000000,16,0,0
malloc_growth,202,65536,26060.000000,16,0,0
malloc_growth,203,65536,23715.000000,16,0,0
malloc_growth,204,65536,21220.000000,16,0,0
malloc_growth,205,65536,19136.000000,16,0,0
malloc_growth,206,65536,26590.000000,16,0,0
malloc_growth,207,65536,24115.000000,16,0,0
malloc_growth,208,65536,18735.000000,16,0,0
malloc_growth,209,65536,21391.000000,16,0,0
malloc_growth,210,65536,22513.000000,16,0,0
malloc_growth,211,65536,23915.000000,16,0,0
malloc_growth,212,65536,26921.000000,16,0,0
malloc_growth,213,65536,21540.000000,16,0,0
malloc_growth,214,65536,24386.000000,16,0,0
malloc_growth,215,65536,19657.000000,16,0,0
malloc_growth,216,65536,18394.000000,16,0,0
malloc_growth,217,65536,21511.000000,16,0,0
malloc_growth,218,65536,22552.000000,16,0,0
malloc_growth,219,65536,18364.000000,16,0,0
malloc_growth,220,65536,19887.000000,16,0,0
malloc_growth,221,65536,19516.000000,16,0,0
malloc_growth,222,65536,19296.000000,16,0,0
malloc_growth,223,65536,18775.000000,16,0,0
malloc_growth,224,65536,20649.000000,16,0,0
malloc_growth,225,65536,64912.000000,16,0,0
malloc_growth,226,65536,18655.000000,16,0,0
malloc_growth,227,65536,19727.000000,16,0,0
malloc_growth,228,65536,18905.000000,16,0,0
malloc_growth,229,65536,19106.000000,16,0,0
malloc_growth,230,65536,19777.000000,16,0,0
malloc_growth,231,65536,18915.000000,16,0,0
malloc_growth,232,65536,19045.000000,16,0,0
malloc_growth,233,65536,19998.000000,16,0,0
malloc_growth,234,65536,19056.000000,16,0,0
malloc_growth,235,65536,19176.000000,16,0,0
malloc_growth,236,65536,20369.000000,16,0,0
malloc_growth,237,65536,18285.000000,16,0,0
malloc_growth,238,65536,20157.000000,16,0,0
malloc_growth,239,65536,20609.000000,16,0,0
malloc_growth,240,65536,19828.000000,16,0,0
malloc_growth,241,65536,21010.000000,16,0,0
malloc_growth,242,65536,22332.000000,16,0,0
malloc_growth,243,65536,19457.000000,16,0,0
malloc_growth,244,65536,18504.000000,16,0,0
malloc_growth,245,65536,20208.000000,16,0,0
malloc_growth,246,65536,19306.000000,16,0,0
malloc_growth,247,65536,18635.000000,16,0,0
malloc_growth,248,65536,19077.000000,16,0,0
malloc_growth,249,65536,19196.000000,16,0,0
malloc_growth,250,65536,20329.000000,16,0,0
malloc_growth,251,65536,18565.000000,16,0,0
malloc_growth,252,65536,20749.000000,16,0,0
malloc_growth,253,65536,19757.000000,16,0,0
malloc_growth,254,65536,19096.000000,16,0,0
malloc_growth,255,65536,19456.000000,16,0,0
malloc_growth,256,65536,19938.000000,16,0,0
malloc_growth,257,65536,19458.000000,16,0,0
malloc_growth,258,65536,19747.000000,16,0,0
malloc_growth,259,65536,19958.000000,16,0,0
malloc_growth,260,65536,19597.000000,16,0,0
malloc_growth,261,65536,18575.000000,16,0,0
malloc_growth,262,65536,19848.000000,16,0,0
malloc_growth,263,65536,18715.000000,16,0,0
malloc_growth,264,65536,19116.000000,16,0,0
malloc_growth,265,65536,19327.000000,16,0,0
malloc_growth,266,65536,19707.000000,16,0,0
malloc_growth,267,65536,20829.000000,16,0,0
malloc_growth,268,65536,19457.000000,16,0,0
malloc_growth,269,65536,18675.000000,16,0,0
malloc_growth,270,65536,34435.000000,16,0,0
malloc_growth,271,65536,19466.000000,16,0,0
malloc_growth,272,65536,18224.000000,16,0,0
malloc_growth,273,65536,18546.000000,16,0,0
malloc_growth,274,65536,19918.000000,16,0,0
malloc_growth,275,65536,18445.000000,16,0,0
malloc_growth,276,65536,18374.000000,16,0,0
malloc_growth,277,65536,19937.000000,16,0,0
malloc_growth,278,65536,18665.000000,16,0,0
malloc_growth,279,65536,18464.000000,16,0,0
malloc_growth,280,65536,19286.000000,16,0,0
malloc_growth,281,65536,18354.000000,16,0,0
malloc_growth,282,65536,20099.000000,16,0,0
malloc_growth,283,65536,20027.000000,16,0,0
malloc_growth,284,65536,20088.000000,16,0,0
malloc_growth,285,65536,19377.000000,16,0,0
malloc_growth,286,65536,19717.000000,16,0,0
malloc_growth,287,65536,18745.000000,16,0,0
malloc_growth,288,65536,18414.000000,16,0,0
malloc_growth,289,65536,19376.000000,16,0,0
malloc_growth,290,65536,18947.000000,16,0,0
malloc_growth,291,65536,19446.000000,16,0,0
malloc_growth,292,65536,18966.000000,16,0,0
malloc_growth,293,65536,18644.000000,16,0,0
malloc_growth,294,65536,25037.000000,16,0,0
malloc_growth,295,65536,21059.000000,16,0,0
malloc_growth,296,65536,19797.000000,16,0,0
malloc_growth,297,65536,19897.000000,16,0,0
malloc_growth,298,65536,22053.000000,16,0,0
malloc_growth,299,65536,24876.000000,16,0,0
malloc_growth,300,65536,27000.000000,16,0,0
malloc_growth,301,65536,21080.000000,16,0,0
malloc_growth,302,65536,22202.000000,16,0,0
malloc_growth,303,65536,20028.000000,16,0,0
malloc_growth,304,65536,20628.000000,16,0,0
malloc_growth,305,65536,25098.000000,16,0,0
malloc_growth,306,65536,26309.000000,16,0,0
malloc_growth,307,65536,24376.000000,16,0,0
malloc_growth,308,65536,25047.000000,16,0,0
malloc_growth,309,65536,26710.000000,16,0,0
malloc_growth,310,65536,25899.000000,16,0,0
malloc_growth,311,65536,26220.000000,16,0,0
malloc_growth,312,65536,26781.000000,16,0,0
malloc_growth,313,65536,39965.000000,16,0,0
malloc_growth,314,65536,26490.000000,16,0,0
malloc_growth,315,65536,26450.000000,16,0,0
malloc_growth,316,65536,26690.000000,16,0,0
malloc_growth,317,65536,25407.000000,16,0,0
malloc_growth,318,65536,26359.000000,16,0,0
malloc_growth,319,65536,24486.000000,16,0,0
malloc_growth,320,65536,25768.000000,16,0,0
malloc_growth,321,65536,26180.000000,16,0,0
malloc_growth,322,65536,25909.000000,16,0,0
malloc_growth,323,65536,24275.000000,16,0,0
malloc_growth,324,65536,27112.000000,16,0,0
malloc_growth,325,65536,28513.000000,16,0,0
malloc_growth,326,65536,30056.000000,16,0,0
malloc_growth,327,65536,28193.000000,16,0,0
malloc_growth,328,65536,25738.000000,16,0,0
malloc_growth,329,65536,26810.000000,16,0,0
malloc_growth,330,65536,27112.000000,16,0,0
malloc_growth,331,65536,26920.000000,16,0,0
malloc_growth,332,65536,26630.000000,16,0,0
malloc_growth,333,65536,27892.000000,16,0,0
malloc_growth,334,65536,26139.000000,16,0,0
malloc_growth,335,65536,26059.000000,16,0,0
malloc_growth,336,65536,27673.000000,16,0,0
malloc_growth,337,65536,26169.000000,16,0,0
malloc_growth,338,65536,26089.000000,16,0,0
malloc_growth,339,65536,29064.000000,16,0,0
malloc_growth,340,65536,27842.000000,16,0,0
malloc_growth,341,65536,26590.000000,16,0,0
malloc_growth,342,65536,27582.000000,16,0,0
malloc_growth,343,65536,25608.000000,16,0,0
malloc_growth,344,65536,26249.000000,16,0,0
malloc_growth,345,65536,28774.000000,16,0,0
malloc_growth,346,65536,25518.000000,16,0,0
malloc_growth,347,65536,45447.000000,16,0,0
malloc_growth,348,65536,29565.000000,16,0,0
malloc_growth,349,65536,27251.000000,16,0,0
malloc_growth,350,65536,25498.000000,16,0,0
malloc_growth,351,65536,27662.000000,16,0,0
malloc_growth,352,65536,26470.000000,16,0,0
malloc_growth,353,65536,26551.000000,16,0,0
malloc_growth,354,65536,27852.000000,16,0,0
malloc_growth,355,65536,27923.000000,16,0,0
malloc_growth,356,65536,26670.000000,16,0,0
malloc_growth,357,65536,27372.000000,16,0,0
malloc_growth,358,65536,26720.000000,16,0,0
malloc_growth,359,65536,26681.000000,16,0,0
malloc_growth,360,65536,28343.000000,16,0,0
malloc_growth,361,65536,26851.000000,16,0,0
malloc_growth,362,65536,27011.000000,16,0,0
malloc_growth,363,65536,27882.000000,16,0,0
malloc_growth,364,65536,26791.000000,16,0,0
malloc_growth,365,65536,26301.000000,16,0,0
malloc_growth,366,65536,27582.000000,16,0,0
malloc_growth,367,65536,25909.000000,16,0,0
malloc_growth,368,65536,26049.000000,16,0,0
malloc_growth,369,65536,30126.000000,16,0,0
malloc_growth,370,65536,26630.000000,16,0,0
malloc_growth,371,65536,26080.000000,16,0,0
malloc_growth,372,65536,28052.000000,16,0,0
malloc_growth,373,65536,25398.000000,16,0,0
malloc_growth,374,65536,25658.000000,16,0,0
malloc_growth,375,65536,28714.000000,16,0,0
malloc_growth,376,65536,25758.000000,16,0,0
malloc_growth,377,65536,28795.000000,16,0,0
malloc_growth,378,65536,25438.000000,16,0,0
malloc_growth,379,65536,26269.000000,16,0,0
malloc_growth,380,65536,30026.000000,16,0,0
malloc_growth,381,65536,25728.000000,16,0,0
malloc_growth,382,65536,26710.000000,16,0,0
malloc_growth,383,65536,29476.000000,16,0,0
malloc_growth,384,65536,26089.000000,16,0,0
malloc_growth,385,65536,26289.000000,16,0,0
malloc_growth,386,65536,28083.000000,16,0,0
malloc_growth,387,65536,27040.000000,16,0,0
malloc_growth,388,65536,26029.000000,16,0,0
malloc_growth,389,65536,29827.000000,16,0,0
malloc_growth,390,65536,25628.000000,16,0,0
malloc_growth,391,65536,25918.000000,16,0,0
malloc_growth,392,65536,28103.000000,16,0,0
malloc_growth,393,65536,27211.000000,16,0,0
malloc_growth,394,65536,26620.000000,16,0,0
malloc_growth,395,65536,27091.000000,16,0,0
malloc_growth,396,65536,25889.000000,16,0,0
malloc_growth,397,65536,25518.000000,16,0,0
malloc_growth,398,65536,29927.000000,16,0,0
malloc_growth,399,65536,26780.000000,16,0,0
malloc_growth,400,65536,25548.000000,16,0,0
malloc_growth,401,65536,28364.000000,16,0,0
malloc_growth,402,65536,26239.000000,16,0,0
malloc_growth,403,65536,25958.000000,16,0,0
malloc_growth,404,65536,28092.000000,16,0,0
malloc_growth,405,65536,25759.000000,16,0,0
malloc_growth,406,65536,25919.000000,16,0,0
malloc_growth,407,65536,28435.000000,16,0,0
malloc_growth,408,65536,26109.000000,16,0,0
malloc_growth,409,65536,25988.000000,16,0,0
malloc_growth,410,65536,27401.000000,16,0,0
malloc_growth,411,65536,25558.000000,16,0,0
malloc_growth,412,65536,27672.000000,16,0,0
malloc_growth,413,65536,46468.000000,16,0,0
malloc_growth,414,65536,26038.000000,16,0,0
malloc_growth,415,65536,26961.000000,16,0,0
malloc_growth,416,65536,28293.000000,16,0,0
malloc_growth,417,65536,25799.000000,16,0,0
malloc_growth,418,65536,25939.000000,16,0,0
malloc_growth,419,65536,26310.000000,16,0,0
malloc_growth,420,65536,25228.000000,16,0,0
malloc_growth,421,65536,28534.000000,16,0,0
malloc_growth,422,65536,26559.000000,16,0,0
malloc_growth,423,65536,25789.000000,16,0,0
malloc_growth,424,65536,28715.000000,16,0,0
malloc_growth,425,65536,26560.000000,16,0,0
malloc_growth,426,65536,26840.000000,16,0,0
malloc_growth,427,65536,29255.000000,16,0,0
malloc_growth,428,65536,25648.000000,16,0,0
malloc_growth,429,65536,26319.000000,16,0,0
malloc_growth,430,65536,27633.000000,16,0,0
malloc_growth,431,65536,27231.000000,16,0,0
malloc_growth,432,65536,26610.000000,16,0,0
malloc_growth,433,65536,28874.000000,16,0,0
malloc_growth,434,65536,25728.000000,16,0,0
malloc_growth,435,65536,25848.000000,16,0,0
malloc_growth,436,65536,27783.000000,16,0,0
malloc_growth,437,65536,26660.000000,16,0,0
malloc_growth,438,65536,27001.000000,16,0,0
malloc_growth,439,65536,28563.000000,16,0,0
malloc_growth,440,65536,26029.000000,16,0,0
malloc_growth,441,65536,26760.000000,16,0,0
malloc_growth,442,65536,30047.000000,16,0,0
malloc_growth,443,65536,26129.000000,16,0,0
malloc_growth,444,65536,28674.000000,16,0,0
malloc_growth,445,65536,28042.000000,16,0,0
malloc_growth,446,65536,45205.000000,16,0,0
malloc_growth,447,65536,26189.000000,16,0,0
malloc_growth,448,65536,26661.000000,16,0,0
malloc_growth,449,65536,25538.000000,16,0,0
malloc_growth,450,65536,25648.000000,16,0,0
malloc_growth,451,65536,27392.000000,16,0,0
malloc_growth,452,65536,27291.000000,16,0,0
malloc_growth,453,65536,25177.000000,16,0,0
malloc_growth,454,65536,27152.000000,16,0,0
malloc_growth,455,65536,27301.000000,16,0,0
malloc_growth,456,65536,26950.000000,16,0,0
malloc_growth,457,65536,29826.000000,16,0,0
malloc_growth,458,65536,28614.000000,16,0,0
malloc_growth,459,65536,30096.000000,16,0,0
malloc_growth,460,65536,28004.000000,16,0,0
malloc_growth,461,65536,26930.000000,16,0,0
malloc_growth,462,65536,27992.000000,16,0,0
malloc_growth,463,65536,27221.000000,16,0,0
malloc_growth,464,65536,26740.000000,16,0,0
malloc_growth,465,65536,28784.000000,16,0,0
malloc_growth,466,65536,26921.000000,16,0,0
malloc_growth,467,65536,27151.000000,16,0,0
malloc_growth,468,65536,28403.000000,16,0,0
malloc_growth,469,65536,26279.000000,16,0,0
malloc_growth,470,65536,26079.000000,16,0,0
malloc_growth,471,65536,29455.000000,16,0,0
malloc_growth,472,65536,25990.000000,16,0,0
malloc_growth,473,65536,26409.000000,16,0,0
malloc_growth,474,65536,28063.000000,16,0,0
malloc_growth,475,65536,27181.000000,16,0,0
malloc_growth,476,65536,25658.000000,16,0,0
malloc_growth,477,65536,27803.000000,16,0,0
malloc_growth,478,65536,25840.000000,16,0,0
malloc_growth,479,65536,47218.000000,16,0,0
malloc_growth,480,65536,27752.000000,16,0,0
malloc_growth,481,65536,25948.000000,16,0,0
malloc_growth,482,65536,26189.000000,16,0,0
malloc_growth,483,65536,27311.000000,16,0,0
malloc_growth,484,65536,25740.000000,16,0,0
malloc_growth,485,65536,26921.000000,16,0,0
malloc_growth,486,65536,30086.000000,16,0,0
malloc_growth,487,65536,27381.000000,16,0,0
malloc_growth,488,65536,26730.000000,16,0,0
malloc_growth,489,65536,28464.000000,16,0,0
malloc_growth,490,65536,29124.000000,16,0,0
malloc_growth,491,65536,28223.000000,16,0,0
malloc_growth,492,65536,28624.000000,16,0,0
malloc_growth,493,65536,26380.000000,16,0,0
malloc_growth,494,65536,26560.000000,16,0,0
malloc_growth,495,65536,27162.000000,16,0,0
malloc_growth,496,65536,25267.000000,16,0,0
malloc_growth,497,65536,26359.000000,16,0,0
malloc_growth,498,65536,27642.000000,16,0,0
malloc_growth,499,65536,25648.000000,16,0,0
malloc_growth,500,65536,26179.000000,16,0,0
malloc_growth,501,65536,29617.000000,16,0,0
malloc_growth,502,65536,25498.000000,16,0,0
malloc_growth,503,65536,26851.000000,16,0,0
malloc_growth,504,65536,26049.000000,16,0,0
malloc_growth,505,65536,27702.000000,16,0,0
malloc_growth,506,65536,28113.000000,16,0,0
malloc_growth,507,65536,26892.000000,16,0,0
malloc_growth,508,65536,25818.000000,16,0,0
malloc_growth,509,65536,28444.000000,16,0,0
malloc_growth,510,65536,26038.000000,16,0,0
malloc_growth,511,65536,26018.000000,16,0,0
prefaulted,0,65536,731.000000,3,0,1
prefaulted,1,65536,330.000000,0,0,1
prefaulted,2,65536,350.000000,0,0,1
prefaulted,3,65536,471.000000,0,0,1
prefaulted,4,65536,381.000000,0,0,1
prefaulted,5,65536,220.000000,0,0,1
prefaulted,6,65536,230.000000,0,0,1
prefaulted,7,65536,220.000000,0,0,1
prefaulted,8,65536,221.000000,0,0,1
prefaulted,9,65536,231.000000,0,0,1
prefaulted,10,65536,220.000000,0,0,1
prefaulted,11,65536,251.000000,0,0,1
prefaulted,12,65536,241.000000,0,0,1
prefaulted,13,65536,301.000000,0,0,1
prefaulted,14,65536,561.000000,0,0,1
prefaulted,15,65536,221.000000,0,0,1
prefaulted,16,65536,220.000000,0,0,1
prefaulted,17,65536,230.000000,0,0,1
prefaulted,18,65536,310.000000,0,0,1
prefaulted,19,65536,541.000000,0,0,1
prefaulted,20,65536,280.000000,0,0,1
prefaulted,21,65536,250.000000,0,0,1
prefaulted,22,65536,270.000000,0,0,1
prefaulted,23,65536,251.000000,0,0,1
prefaulted,24,65536,531.000000,0,0,1
prefaulted,25,65536,220.000000,0,0,1
prefaulted,26,65536,340.000000,0,0,1
prefaulted,27,65536,241.000000,0,0,1
prefaulted,28,65536,221.000000,0,0,1
prefaulted,29,65536,521.000000,0,0,1
prefaulted,30,65536,221.000000,0,0,1
prefaulted,31,65536,230.000000,0,0,1
prefaulted,32,65536,340.000000,0,0,1
prefaulted,33,65536,340.000000,0,0,1
prefaulted,34,65536,451.000000,0,0,1
prefaulted,35,65536,220.000000,0,0,1
prefaulted,36,65536,240.000000,0,0,1
prefaulted,37,65536,251.000000,0,0,1
prefaulted,38,65536,271.000000,0,0,1
prefaulted,39,65536,561.000000,0,0,1
prefaulted,40,65536,231.000000,0,0,1
prefaulted,41,65536,211.000000,0,0,1
prefaulted,42,65536,330.000000,0,0,1
prefaulted,43,65536,551.000000,0,0,1
prefaulted,44,65536,261.000000,0,0,1
prefaulted,45,65536,240.000000,0,0,1
prefaulted,46,65536,220.000000,0,0,1
prefaulted,47,65536,230.000000,0,0,1
prefaulted,48,65536,231.000000,0,0,1
prefaulted,49,65536,231.000000,0,0,1
prefaulted,50,65536,220.000000,0,0,1
prefaulted,51,65536,330.000000,0,0,1
prefaulted,52,65536,33011.000000,0,0,1
prefaulted,53,65536,230.000000,0,0,1
prefaulted,54,65536,420.000000,0,0,1
prefaulted,55,65536,250.000000,0,0,1
prefaulted,56,65536,261.000000,0,0,1
prefaulted,57,65536,221.000000,0,0,1
prefaulted,58,65536,250.000000,0,0,1
prefaulted,59,65536,220.000000,0,0,1
prefaulted,60,65536,261.000000,0,0,1
prefaulted,61,65536,221.000000,0,0,1
prefaulted,62,65536,220.000000,0,0,1
prefaulted,63,65536,240.000000,0,0,1
prefaulted,64,65536,331.000000,0,0,1
prefaulted,65,65536,331.000000,0,0,1
prefaulted,66,65536,231.000000,0,0,1
prefaulted,67,65536,242.000000,0,0,1
prefaulted,68,65536,220.000000,0,0,1
prefaulted,69,65536,250.000000,0,0,1
prefaulted,70,65536,311.000000,0,0,1
prefaulted,71,65536,231.000000,0,0,1
prefaulted,72,65536,221.000000,0,0,1
prefaulted,73,65536,361.000000,0,0,1
prefaulted,74,65536,290.000000,0,0,1
prefaulted,75,65536,280.000000,0,0,1
prefaulted,76,65536,261.000000,0,0,1
prefaulted,77,65536,271.000000,0,0,1
prefaulted,78,65536,220.000000,0,0,1
prefaulted,79,65536,391.000000,0,0,1
prefaulted,80,65536,320.000000,0,0,1
prefaulted,81,65536,270.000000,0,0,1
prefaulted,82,65536,280.000000,0,0,1
prefaulted,83,65536,291.000000,0,0,1
prefaulted,84,65536,251.000000,0,0,1
prefaulted,85,65536,240.000000,0,0,1
prefaulted,86,65536,230.000000,0,0,1
prefaulted,87,65536,240.000000,0,0,1
prefaulted,88,65536,270.000000,0,0,1
prefaulted,89,65536,240.000000,0,0,1
prefaulted,90,65536,260.000000,0,0,1
prefaulted,91,65536,270.000000,0,0,1
prefaulted,92,65536,250.000000,0,0,1
prefaulted,93,65536,280.000000,0,0,1
prefaulted,94,65536,230.000000,0,0,1
prefaulted,95,65536,240.000000,0,0,1
prefaulted,96,65536,571.000000,0,0,1
prefaulted,97,65536,290.000000,0,0,1
prefaulted,98,65536,311.000000,0,0,1
prefaulted,99,65536,241.000000,0,0,1
prefaulted,100,65536,231.000000,0,0,1
prefaulted,101,65536,270.000000,0,0,1
prefaulted,102,65536,230.000000,0,0,1
prefaulted,103,65536,531.000000,0,0,1
prefaulted,104,65536,230.000000,0,0,1
prefaulted,105,65536,230.000000,0,0,1
prefaulted,106,65536,260.000000,0,0,1
prefaulted,107,65536,240.000000,0,0,1
prefaulted,108,65536,240.000000,0,0,1
prefaulted,109,65536,250.000000,0,0,1
prefaulted,110,65536,291.000000,0,0,1
prefaulted,111,65536,231.000000,0,0,1
prefaulted,112,65536,240.000000,0,0,1
prefaulted,113,65536,270.000000,0,0,1
prefaulted,114,65536,311.000000,0,0,1
prefaulted,115,65536,361.000000,0,0,1
prefaulted,116,65536,230.000000,0,0,1
prefaulted,117,65536,261.000000,0,0,1
prefaulted,118,65536,220.000000,0,0,1
prefaulted,119,65536,301.000000,0,0,1
prefaulted,120,65536,281.000000,0,0,1
prefaulted,121,65536,341.000000,0,0,1
prefaulted,122,65536,260.000000,0,0,1
prefaulted,123,65536,260.000000,0,0,1
prefaulted,124,65536,260.000000,0,0,1
prefaulted,125,65536,271.000000,0,0,1
prefaulted,126,65536,240.000000,0,0,1
prefaulted,127,65536,271.000000,0,0,1
prefaulted,128,65536,360.000000,0,0,1
prefaulted,129,65536,221.000000,0,0,1
prefaulted,130,65536,230.000000,0,0,1
prefaulted,131,65536,270.000000,0,0,1
prefaulted,132,65536,270.000000,0,0,1
prefaulted,133,65536,271.000000,0,0,1
prefaulted,134,65536,251.000000,0,0,1
prefaulted,135,65536,281.000000,0,0,1
prefaulted,136,65536,250.000000,0,0,1
prefaulted,137,65536,241.000000,0,0,1
prefaulted,138,65536,270.000000,0,0,1
prefaulted,139,65536,260.000000,0,0,1
prefaulted,140,65536,241.000000,0,0,1
prefaulted,141,65536,301.000000,0,0,1
prefaulted,142,65536,251.000000,0,0,1
prefaulted,143,65536,250.000000,0,0,1
prefaulted,144,65536,271.000000,0,0,1
prefaulted,145,65536,261.000000,0,0,1
prefaulted,146,65536,241.000000,0,0,1
prefaulted,147,65536,271.000000,0,0,1
prefaulted,148,65536,320.000000,0,0,1
prefaulted,149,65536,281.000000,0,0,1
prefaulted,150,65536,261.000000,0,0,1
prefaulted,151,65536,260.000000,0,0,1
prefaulted,152,65536,311.000000,0,0,1
prefaulted,153,65536,240.000000,0,0,1
prefaulted,154,65536,270.000000,0,0,1
prefaulted,155,65536,241.000000,0,0,1
prefaulted,156,65536,281.000000,0,0,1
prefaulted,157,65536,310.000000,0,0,1
prefaulted,158,65536,360.000000,0,0,1
prefaulted,159,65536,250.000000,0,0,1
prefaulted,160,65536,400.000000,0,0,1
prefaulted,161,65536,361.000000,0,0,1
prefaulted,162,65536,281.000000,0,0,1
prefaulted,163,65536,251.000000,0,0,1
prefaulted,164,65536,290.000000,0,0,1
prefaulted,165,65536,270.000000,0,0,1
prefaulted,166,65536,241.000000,0,0,1
prefaulted,167,65536,261.000000,0,0,1
prefaulted,168,65536,291.000000,0,0,1
prefaulted,169,65536,261.000000,0,0,1
prefaulted,170,65536,321.000000,0,0,1
prefaulted,171,65536,271.000000,0,0,1
prefaulted,172,65536,291.000000,0,0,1
prefaulted,173,65536,531.000000,0,0,1
prefaulted,174,65536,320.000000,0,0,1
prefaulted,175,65536,340.000000,0,0,1
prefaulted,176,65536,451.000000,0,0,1
prefaulted,177,65536,421.000000,0,0,1
prefaulted,178,65536,351.000000,0,0,1
prefaulted,179,65536,261.000000,0,0,1
prefaulted,180,65536,561.000000,0,0,1
prefaulted,181,65536,661.000000,0,0,1
prefaulted,182,65536,431.000000,0,0,1
prefaulted,183,65536,310.000000,0,0,1
prefaulted,184,65536,240.000000,0,0,1
prefaulted,185,65536,231.000000,0,0,1
prefaulted,186,65536,511.000000,0,0,1
prefaulted,187,65536,231.000000,0,0,1
prefaulted,188,65536,230.000000,0,0,1
prefaulted,189,65536,260.000000,0,0,1
prefaulted,190,65536,241.000000,0,0,1
prefaulted,191,65536,241.000000,0,0,1
prefaulted,192,65536,360.000000,0,0,1
prefaulted,193,65536,340.000000,0,0,1
prefaulted,194,65536,230.000000,0,0,1
prefaulted,195,65536,541.000000,0,0,1
prefaulted,196,65536,240.000000,0,0,1
prefaulted,197,65536,230.000000,0,0,1
prefaulted,198,65536,281.000000,0,0,1
prefaulted,199,65536,361.000000,0,0,1
prefaulted,200,65536,491.000000,0,0,1
prefaulted,201,65536,251.000000,0,0,1
prefaulted,202,65536,240.000000,0,0,1
prefaulted,203,65536,230.000000,0,0,1
prefaulted,204,65536,261.000000,0,0,1
prefaulted,205,65536,251.000000,0,0,1
prefaulted,206,65536,270.000000,0,0,1
prefaulted,207,65536,240.000000,0,0,1
prefaulted,208,65536,241.000000,0,0,1
prefaulted,209,65536,291.000000,0,0,1
prefaulted,210,65536,230.000000,0,0,1
prefaulted,211,65536,240.000000,0,0,1
prefaulted,212,65536,271.000000,0,0,1
prefaulted,213,65536,251.000000,0,0,1
prefaulted,214,65536,230.000000,0,0,1
prefaulted,215,65536,260.000000,0,0,1
prefaulted,216,65536,231.000000,0,0,1
prefaulted,217,65536,240.000000,0,0,1
prefaulted,218,65536,220.000000,0,0,1
prefaulted,219,65536,261.000000,0,0,1
prefaulted,220,65536,231.000000,0,0,1
prefaulted,221,65536,260.000000,0,0,1
prefaulted,222,65536,230.000000,0,0,1
prefaulted,223,65536,221.000000,0,0,1
prefaulted,224,65536,351.000000,0,0,1
prefaulted,225,65536,361.000000,0,0,1
prefaulted,226,65536,521.000000,0,0,1
prefaulted,227,65536,241.000000,0,0,1
prefaulted,228,65536,270.000000,0,0,1
prefaulted,229,65536,250.000000,0,0,1
prefaulted,230,65536,461.000000,0,0,1
prefaulted,231,65536,261.000000,0,0,1
prefaulted,232,65536,231.000000,0,0,1
prefaulted,233,65536,351.000000,0,0,1
prefaulted,234,65536,571.000000,0,0,1
prefaulted,235,65536,481.000000,0,0,1
prefaulted,236,65536,270.000000,0,0,1
prefaulted,237,65536,251.000000,0,0,1
prefaulted,238,65536,230.000000,0,0,1
prefaulted,239,65536,290.000000,0,0,1
prefaulted,240,65536,240.000000,0,0,1
prefaulted,241,65536,281.000000,0,0,1
prefaulted,242,65536,240.000000,0,0,1
prefaulted,243,65536,360.000000,0,0,1
prefaulted,244,65536,661.000000,0,0,1
prefaulted,245,65536,221.000000,0,0,1
prefaulted,246,65536,250.000000,0,0,1
prefaulted,247,65536,220.000000,0,0,1
prefaulted,248,65536,240.000000,0,0,1
prefaulted,249,65536,241.000000,0,0,1
prefaulted,250,65536,331.000000,0,0,1
prefaulted,251,65536,321.000000,0,0,1
prefaulted,252,65536,230.000000,0,0,1
prefaulted,253,65536,240.000000,0,0,1
prefaulted,254,65536,241.000000,0,0,1
prefaulted,255,65536,621.000000,0,0,1
prefaulted,256,65536,340.000000,0,0,1
prefaulted,257,65536,351.000000,0,0,1
prefaulted,258,65536,261.000000,0,0,1
prefaulted,259,65536,281.000000,0,0,1
prefaulted,260,65536,441.000000,0,0,1
prefaulted,261,65536,240.000000,0,0,1
prefaulted,262,65536,290.000000,0,0,1
prefaulted,263,65536,251.000000,0,0,1
prefaulted,264,65536,391.000000,0,0,1
prefaulted,265,65536,491.000000,0,0,1
prefaulted,266,65536,251.000000,0,0,1
prefaulted,267,65536,240.000000,0,0,1
prefaulted,268,65536,260.000000,0,0,1
prefaulted,269,65536,520.000000,0,0,1
prefaulted,270,65536,521.000000,0,0,1
prefaulted,271,65536,250.000000,0,0,1
prefaulted,272,65536,240.000000,0,0,1
prefaulted,273,65536,241.000000,0,0,1
prefaulted,274,65536,491.000000,0,0,1
prefaulted,275,65536,241.000000,0,0,1
prefaulted,276,65536,230.000000,0,0,1
prefaulted,277,65536,230.000000,0,0,1
prefaulted,278,65536,281.000000,0,0,1
prefaulted,279,65536,251.000000,0,0,1
prefaulted,280,65536,291.000000,0,0,1
prefaulted,281,65536,270.000000,0,0,1
prefaulted,282,65536,270.000000,0,0,1
prefaulted,283,65536,281.000000,0,0,1
prefaulted,284,65536,261.000000,0,0,1
prefaulted,285,65536,220.000000,0,0,1
prefaulted,286,65536,230.000000,0,0,1
prefaulted,287,65536,281.000000,0,0,1
prefaulted,288,65536,361.000000,0,0,1
prefaulted,289,65536,361.000000,0,0,1
prefaulted,290,65536,280.000000,0,0,1
prefaulted,291,65536,350.000000,0,0,1
prefaulted,292,65536,230.000000,0,0,1
prefaulted,293,65536,241.000000,0,0,1
prefaulted,294,65536,251.000000,0,0,1
prefaulted,295,65536,401.000000,0,0,1
prefaulted,296,65536,581.000000,0,0,1
prefaulted,297,65536,251.000000,0,0,1
prefaulted,298,65536,290.000000,0,0,1
prefaulted,299,65536,460.000000,0,0,1
prefaulted,300,65536,491.000000,0,0,1
prefaulted,301,65536,250.000000,0,0,1
prefaulted,302,65536,290.000000,0,0,1
prefaulted,303,65536,251.000000,0,0,1
prefaulted,304,65536,421.000000,0,0,1
prefaulted,305,65536,271.000000,0,0,1
prefaulted,306,65536,300.000000,0,0,1
prefaulted,307,65536,410.000000,0,0,1
prefaulted,308,65536,461.000000,0,0,1
prefaulted,309,65536,290.000000,0,0,1
prefaulted,310,65536,280.000000,0,0,1
prefaulted,311,65536,260.000000,0,0,1
prefaulted,312,65536,271.000000,0,0,1
prefaulted,313,65536,261.000000,0,0,1
prefaulted,314,65536,250.000000,0,0,1
prefaulted,315,65536,250.000000,0,0,1
prefaulted,316,65536,271.000000,0,0,1
prefaulted,317,65536,271.000000,0,0,1
prefaulted,318,65536,250.000000,0,0,1
prefaulted,319,65536,240.000000,0,0,1
prefaulted,320,65536,441.000000,0,0,1
prefaulted,321,65536,401.000000,0,0,1
prefaulted,322,65536,271.000000,0,0,1
prefaulted,323,65536,241.000000,0,0,1
prefaulted,324,65536,260.000000,0,0,1
prefaulted,325,65536,250.000000,0,0,1
prefaulted,326,65536,401.000000,0,0,1
prefaulted,327,65536,241.000000,0,0,1
prefaulted,328,65536,261.000000,0,0,1
prefaulted,329,65536,331.000000,0,0,1
prefaulted,330,65536,250.000000,0,0,1
prefaulted,331,65536,551.000000,0,0,1
prefaulted,332,65536,240.000000,0,0,1
prefaulted,333,65536,250.000000,0,0,1
prefaulted,334,65536,241.000000,0,0,1
prefaulted,335,65536,351.000000,0,0,1
prefaulted,336,65536,541.000000,0,0,1
prefaulted,337,65536,301.000000,0,0,1
prefaulted,338,65536,271.000000,0,0,1
prefaulted,339,65536,241.000000,0,0,1
prefaulted,340,65536,501.000000,0,0,1
prefaulted,341,65536,481.000000,0,0,1
prefaulted,342,65536,271.000000,0,0,1
prefaulted,343,65536,281.000000,0,0,1
prefaulted,344,65536,310.000000,0,0,1
prefaulted,345,65536,280.000000,0,0,1
prefaulted,346,65536,552.000000,0,0,1
prefaulted,347,65536,240.000000,0,0,1
prefaulted,348,65536,240.000000,0,0,1
prefaulted,349,65536,441.000000,0,0,1
prefaulted,350,65536,271.000000,0,0,1
prefaulted,351,65536,260.000000,0,0,1
prefaulted,352,65536,360.000000,0,0,1
prefaulted,353,65536,360.000000,0,0,1
prefaulted,354,65536,542.000000,0,0,1
prefaulted,355,65536,521.000000,0,0,1
prefaulted,356,65536,250.000000,0,0,1
prefaulted,357,65536,230.000000,0,0,1
prefaulted,358,65536,220.000000,0,0,1
prefaulted,359,65536,441.000000,0,0,1
prefaulted,360,65536,271.000000,0,0,1
prefaulted,361,65536,320.000000,0,0,1
prefaulted,362,65536,280.000000,0,0,1
prefaulted,363,65536,301.000000,0,0,1
prefaulted,364,65536,232.000000,0,0,1
prefaulted,365,65536,261.000000,0,0,1
prefaulted,366,65536,290.000000,0,0,1
prefaulted,367,65536,290.000000,0,0,1
prefaulted,368,65536,261.000000,0,0,1
prefaulted,369,65536,281.000000,0,0,1
prefaulted,370,65536,261.000000,0,0,1
prefaulted,371,65536,291.000000,0,0,1
prefaulted,372,65536,241.000000,0,0,1
prefaulted,373,65536,371.000000,0,0,1
prefaulted,374,65536,231.000000,0,0,1
prefaulted,375,65536,251.000000,0,0,1
prefaulted,376,65536,301.000000,0,0,1
prefaulted,377,65536,310.000000,0,0,1
prefaulted,378,65536,260.000000,0,0,1
prefaulted,379,65536,340.000000,0,0,1
prefaulted,380,65536,521.000000,0,0,1
prefaulted,381,65536,240.000000,0,0,1
prefaulted,382,65536,310.000000,0,0,1
prefaulted,383,65536,240.000000,0,0,1
prefaulted,384,65536,401.000000,0,0,1
prefaulted,385,65536,441.000000,0,0,1
prefaulted,386,65536,301.000000,0,0,1
prefaulted,387,65536,261.000000,0,0,1
prefaulted,388,65536,261.000000,0,0,1
prefaulted,389,65536,291.000000,0,0,1
prefaulted,390,65536,271.000000,0,0,1
prefaulted,391,65536,231.000000,0,0,1
prefaulted,392,65536,281.000000,0,0,1
prefaulted,393,65536,231.000000,0,0,1
prefaulted,394,65536,561.000000,0,0,1
prefaulted,395,65536,501.000000,0,0,1
prefaulted,396,65536,240.000000,0,0,1
prefaulted,397,65536,241.000000,0,0,1
prefaulted,398,65536,251.000000,0,0,1
prefaulted,399,65536,290.000000,0,0,1
prefaulted,400,65536,280.000000,0,0,1
prefaulted,401,65536,290.000000,0,0,1
prefaulted,402,65536,371.000000,0,0,1
prefaulted,403,65536,261.000000,0,0,1
prefaulted,404,65536,260.000000,0,0,1
prefaulted,405,65536,270.000000,0,0,1
prefaulted,406,65536,261.000000,0,0,1
prefaulted,407,65536,251.000000,0,0,1
prefaulted,408,65536,230.000000,0,0,1
prefaulted,409,65536,541.000000,0,0,1
prefaulted,410,65536,250.000000,0,0,1
prefaulted,411,65536,230.000000,0,0,1
prefaulted,412,65536,231.000000,0,0,1
prefaulted,413,65536,411.000000,0,0,1
prefaulted,414,65536,241.000000,0,0,1
prefaulted,415,65536,250.000000,0,0,1
prefaulted,416,65536,430.000000,0,0,1
prefaulted,417,65536,370.000000,0,0,1
prefaulted,418,65536,460.000000,0,0,1
prefaulted,419,65536,240.000000,0,0,1
prefaulted,420,65536,241.000000,0,0,1
prefaulted,421,65536,261.000000,0,0,1
prefaulted,422,65536,271.000000,0,0,1
prefaulted,423,65536,270.000000,0,0,1
prefaulted,424,65536,271.000000,0,0,1
prefaulted,425,65536,290.000000,0,0,1
prefaulted,426,65536,320.000000,0,0,1
prefaulted,427,65536,280.000000,0,0,1
prefaulted,428,65536,240.000000,0,0,1
prefaulted,429,65536,260.000000,0,0,1
prefaulted,430,65536,281.000000,0,0,1
prefaulted,431,65536,371.000000,0,0,1
prefaulted,432,65536,241.000000,0,0,1
prefaulted,433,65536,551.000000,0,0,1
prefaulted,434,65536,241.000000,0,0,1
prefaulted,435,65536,331.000000,0,0,1
prefaulted,436,65536,261.000000,0,0,1
prefaulted,437,65536,271.000000,0,0,1
prefaulted,438,65536,340.000000,0,0,1
prefaulted,439,65536,240.000000,0,0,1
prefaulted,440,65536,562.000000,0,0,1
prefaulted,441,65536,340.000000,0,0,1
prefaulted,442,65536,310.000000,0,0,1
prefaulted,443,65536,280.000000,0,0,1
prefaulted,444,65536,250.000000,0,0,1
prefaulted,445,65536,251.000000,0,0,1
prefaulted,446,65536,221.000000,0,0,1
prefaulted,447,65536,451.000000,0,0,1
prefaulted,448,65536,371.000000,0,0,1
prefaulted,449,65536,240.000000,0,0,1
prefaulted,450,65536,271.000000,0,0,1
prefaulted,451,65536,250.000000,0,0,1
prefaulted,452,65536,361.000000,0,0,1
prefaulted,453,65536,290.000000,0,0,1
prefaulted,454,65536,280.000000,0,0,1
prefaulted,455,65536,380.000000,0,0,1
prefaulted,456,65536,451.000000,0,0,1
prefaulted,457,65536,250.000000,0,0,1
prefaulted,458,65536,301.000000,0,0,1
prefaulted,459,65536,270.000000,0,0,1
prefaulted,460,65536,270.000000,0,0,1
prefaulted,461,65536,301.000000,0,0,1
prefaulted,462,65536,290.000000,0,0,1
prefaulted,463,65536,240.000000,0,0,1
prefaulted,464,65536,241.000000,0,0,1
prefaulted,465,65536,250.000000,0,0,1
prefaulted,466,65536,300.000000,0,0,1
prefaulted,467,65536,281.000000,0,0,1
prefaulted,468,65536,240.000000,0,0,1
prefaulted,469,65536,461.000000,0,0,1
prefaulted,470,65536,251.000000,0,0,1
prefaulted,471,65536,250.000000,0,0,1
prefaulted,472,65536,481.000000,0,0,1
prefaulted,473,65536,280.000000,0,0,1
prefaulted,474,65536,260.000000,0,0,1
prefaulted,475,65536,251.000000,0,0,1
prefaulted,476,65536,301.000000,0,0,1
prefaulted,477,65536,231.000000,0,0,1
prefaulted,478,65536,240.000000,0,0,1
prefaulted,479,65536,261.000000,0,0,1
prefaulted,480,65536,511.000000,0,0,1
prefaulted,481,65536,230.000000,0,0,1
prefaulted,482,65536,311.000000,0,0,1
prefaulted,483,65536,271.000000,0,0,1
prefaulted,484,65536,241.000000,0,0,1
prefaulted,485,65536,521.000000,0,0,1
prefaulted,486,65536,291.000000,0,0,1
prefaulted,487,65536,251.000000,0,0,1
prefaulted,488,65536,260.000000,0,0,1
prefaulted,489,65536,581.000000,0,0,1
prefaulted,490,65536,311.000000,0,0,1
prefaulted,491,65536,270.000000,0,0,1
prefaulted,492,65536,230.000000,0,0,1
prefaulted,493,65536,561.000000,0,0,1
prefaulted,494,65536,561.000000,0,0,1
prefaulted,495,65536,241.000000,0,0,1
prefaulted,496,65536,261.000000,0,0,1
prefaulted,497,65536,240.000000,0,0,1
prefaulted,498,65536,250.000000,0,0,1
prefaulted,499,65536,281.000000,0,0,1
prefaulted,500,65536,231.000000,0,0,1
prefaulted,501,65536,251.000000,0,0,1
prefaulted,502,65536,280.000000,0,0,1
prefaulted,503,65536,241.000000,0,0,1
prefaulted,504,65536,250.000000,0,0,1
prefaulted,505,65536,261.000000,0,0,1
prefaulted,506,65536,231.000000,0,0,1
prefaulted,507,65536,250.000000,0,0,1
prefaulted,508,65536,551.000000,0,0,1
prefaulted,509,65536,491.000000,0,0,1
prefaulted,510,65536,261.000000,0,0,1
prefaulted,511,65536,250.000000,0,0,1
malloc_growth,0,65536,20089.000000,19,0,1
malloc_growth,1,65536,19036.000000,16,0,1
malloc_growth,2,65536,19266.000000,16,0,1
malloc_growth,3,65536,19537.000000,16,0,1
malloc_growth,4,65536,18796.000000,16,0,1
malloc_growth,5,65536,20419.000000,16,0,1
malloc_growth,6,65536,20318.000000,16,0,1
malloc_growth,7,65536,18405.000000,16,0,1
malloc_growth,8,65536,18686.000000,16,0,1
malloc_growth,9,65536,21951.000000,16,0,1
malloc_growth,10,65536,30127.000000,16,0,1
malloc_growth,11,65536,19066.000000,16,0,1
malloc_growth,12,65536,19506.000000,16,0,1
malloc_growth,13,65536,18906.000000,16,0,1
malloc_growth,14,65536,18535.000000,16,0,1
malloc_growth,15,65536,19176.000000,16,0,1
malloc_growth,16,65536,18997.000000,16,0,1
malloc_growth,17,65536,26189.000000,16,0,1
malloc_growth,18,65536,27802.000000,16,0,1
malloc_growth,19,65536,18154.000000,16,0,1
malloc_growth,20,65536,19246.000000,16,0,1
malloc_growth,21,65536,19927.000000,16,0,1
malloc_growth,22,65536,18585.000000,16,0,1
malloc_growth,23,65536,18635.000000,16,0,1
malloc_growth,24,65536,19077.000000,16,0,1
malloc_growth,25,65536,19377.000000,16,0,1
malloc_growth,26,65536,27131.000000,16,0,1
malloc_growth,27,65536,20839.000000,16,0,1
malloc_growth,28,65536,18274.000000,16,0,1
malloc_growth,29,65536,17974.000000,16,0,1
malloc_growth,30,65536,18946.000000,16,0,1
malloc_growth,31,65536,18003.000000,16,0,1
malloc_growth,32,65536,17724.000000,16,0,1
malloc_growth,33,65536,18795.000000,16,0,1
malloc_growth,34,65536,18304.000000,16,0,1
malloc_growth,35,65536,18154.000000,16,0,1
malloc_growth,36,65536,18795.000000,16,0,1
malloc_growth,37,65536,17803.000000,16,0,1
malloc_growth,38,65536,18605.000000,16,0,1
malloc_growth,39,65536,38332.000000,16,0,1
malloc_growth,40,65536,17954.000000,16,0,1
malloc_growth,41,65536,19547.000000,16,0,1
malloc_growth,42,65536,18275.000000,16,0,1
malloc_growth,43,65536,17844.000000,16,0,1
malloc_growth,44,65536,19106.000000,16,0,1
malloc_growth,45,65536,18134.000000,16,0,1
malloc_growth,46,65536,18234.000000,16,0,1
malloc_growth,47,65536,104347.000000,16,0,1
malloc_growth,48,65536,18585.000000,16,0,1
malloc_growth,49,65536,19737.000000,16,0,1
malloc_growth,50,65536,22763.000000,16,0,1
malloc_growth,51,65536,20148.000000,16,0,1
malloc_growth,52,65536,26630.000000,16,0,1
malloc_growth,53,65536,20018.000000,16,0,1
malloc_growth,54,65536,18154.000000,16,0,1
malloc_growth,55,65536,20628.000000,16,0,1
malloc_growth,56,65536,34034.000000,16,0,1
malloc_growth,57,65536,25498.000000,16,0,1
malloc_growth,58,65536,25969.000000,16,0,1
malloc_growth,59,65536,22242.000000,16,0,1
malloc_growth,60,65536,18274.000000,16,0,1
malloc_growth,61,65536,18194.000000,16,0,1
malloc_growth,62,65536,19126.000000,16,0,1
malloc_growth,63,65536,18194.000000,16,0,1
malloc_growth,64,65536,19437.000000,16,0,1
malloc_growth,65,65536,18775.000000,16,0,1
malloc_growth,66,65536,17863.000000,16,0,1
malloc_growth,67,65536,18104.000000,16,0,1
malloc_growth,68,65536,25259.000000,16,0,1
malloc_growth,69,65536,22392.000000,16,0,1
malloc_growth,70,65536,18595.000000,16,0,1
malloc_growth,71,65536,20188.000000,16,0,1
malloc_growth,72,65536,17804.000000,16,0,1
malloc_growth,73,65536,17973.000000,16,0,1
malloc_growth,74,65536,18785.000000,16,0,1
malloc_growth,75,65536,17853.000000,16,0,1
malloc_growth,76,65536,17843.000000,16,0,1
malloc_growth,77,65536,18906.000000,16,0,1
malloc_growth,78,65536,18836.000000,16,0,1
malloc_growth,79,65536,18826.000000,16,0,1
malloc_growth,80,65536,72566.000000,16,0,1
malloc_growth,81,65536,18455.000000,16,0,1
malloc_growth,82,65536,20699.000000,16,0,1
malloc_growth,83,65536,20640.000000,16,0,1
malloc_growth,84,65536,18605.000000,16,0,1
malloc_growth,85,65536,19086.000000,16,0,1
malloc_growth,86,65536,19016.000000,16,0,1
malloc_growth,87,65536,18354.000000,16,0,1
malloc_growth,88,65536,18865.000000,16,0,1
malloc_growth,89,65536,19867.000000,16,0,1
malloc_growth,90,65536,18545.000000,16,0,1
malloc_growth,91,65536,18394.000000,16,0,1
malloc_growth,92,65536,19406.000000,16,0,1
malloc_growth,93,65536,20028.000000,16,0,1
malloc_growth,94,65536,18355.000000,16,0,1
malloc_growth,95,65536,19096.000000,16,0,1
malloc_growth,96,65536,18625.000000,16,0,1
malloc_growth,97,65536,18274.000000,16,0,1
malloc_growth,98,65536,19477.000000,16,0,1
malloc_growth,99,65536,19386.000000,16,0,1
malloc_growth,100,65536,18395.000000,16,0,1
malloc_growth,101,65536,25718.000000,16,0,1
malloc_growth,102,65536,23885.000000,16,0,1
malloc_growth,103,65536,24496.000000,16,0,1
malloc_growth,104,65536,33412.000000,16,0,1
malloc_growth,105,65536,24997.000000,16,0,1
malloc_growth,106,65536,20909.000000,16,0,1
malloc_growth,107,65536,21591.000000,16,0,1
malloc_growth,108,65536,17633.000000,16,0,1
malloc_growth,109,65536,18304.000000,16,0,1
malloc_growth,110,65536,19306.000000,16,0,1
malloc_growth,111,65536,18595.000000,16,0,1
malloc_growth,112,65536,26941.000000,16,0,1
malloc_growth,113,65536,27983.000000,16,0,1
malloc_growth,114,65536,19867.000000,16,0,1
malloc_growth,115,65536,18616.000000,16,0,1
malloc_growth,116,65536,24576.000000,16,0,1
malloc_growth,117,65536,18946.000000,16,0,1
malloc_growth,118,65536,21260.000000,16,0,1
malloc_growth,119,65536,25598.000000,16,0,1
malloc_growth,120,65536,24055.000000,16,0,1
malloc_growth,121,65536,45396.000000,16,0,1
malloc_growth,122,65536,25027.000000,16,0,1
malloc_growth,123,65536,25117.000000,16,0,1
malloc_growth,124,65536,26019.000000,16,0,1
malloc_growth,125,65536,25909.000000,16,0,1
malloc_growth,126,65536,25168.000000,16,0,1
malloc_growth,127,65536,25879.000000,16,0,1
malloc_growth,128,65536,24667.000000,16,0,1
malloc_growth,129,65536,24436.000000,16,0,1
malloc_growth,130,65536,26389.000000,16,0,1
malloc_growth,131,65536,25208.000000,16,0,1
malloc_growth,132,65536,24425.000000,16,0,1
malloc_growth,133,65536,29355.000000,16,0,1
malloc_growth,134,65536,26951.000000,16,0,1
malloc_growth,135,65536,24426.000000,16,0,1
malloc_growth,136,65536,20869.000000,16,0,1
malloc_growth,137,65536,23955.000000,16,0,1
malloc_growth,138,65536,18695.000000,16,0,1
malloc_growth,139,65536,20969.000000,16,0,1
malloc_growth,140,65536,21981.000000,16,0,1
malloc_growth,141,65536,18675.000000,16,0,1
malloc_growth,142,65536,19386.000000,16,0,1
malloc_growth,143,65536,18364.000000,16,0,1
malloc_growth,144,65536,18264.000000,16,0,1
malloc_growth,145,65536,19637.000000,16,0,1
malloc_growth,146,65536,19917.000000,16,0,1
malloc_growth,147,65536,18645.000000,16,0,1
malloc_growth,148,65536,19297.000000,16,0,1
malloc_growth,149,65536,18896.000000,16,0,1
malloc_growth,150,65536,18807.000000,16,0,1
malloc_growth,151,65536,20499.000000,16,0,1
malloc_growth,152,65536,19086.000000,16,0,1
malloc_growth,153,65536,18645.000000,16,0,1
malloc_growth,154,65536,19697.000000,16,0,1
malloc_growth,155,65536,18224.000000,16,0,1
malloc_growth,156,65536,18875.000000,16,0,1
malloc_growth,157,65536,19537.000000,16,0,1
malloc_growth,158,65536,18495.000000,16,0,1
malloc_growth,159,65536,18425.000000,16,0,1
malloc_growth,160,65536,19046.000000,16,0,1
malloc_growth,161,65536,18144.000000,16,0,1
malloc_growth,162,65536,18334.000000,16,0,1
malloc_growth,163,65536,31178.000000,16,0,1
malloc_growth,164,65536,18265.000000,16,0,1
malloc_growth,165,65536,20148.000000,16,0,1
malloc_growth,166,65536,18565.000000,16,0,1
malloc_growth,167,65536,18515.000000,16,0,1
malloc_growth,168,65536,19507.000000,16,0,1
malloc_growth,169,65536,18505.000000,16,0,1
malloc_growth,170,65536,19016.000000,16,0,1
malloc_growth,171,65536,19537.000000,16,0,1
malloc_growth,172,65536,18554.000000,16,0,1
malloc_growth,173,65536,18755.000000,16,0,1
malloc_growth,174,65536,20198.000000,16,0,1
malloc_growth,175,65536,18254.000000,16,0,1
malloc_growth,176,65536,25929.000000,16,0,1
malloc_growth,177,65536,25888.000000,16,0,1
malloc_growth,178,65536,26099.000000,16,0,1
malloc_growth,179,65536,25107.000000,16,0,1
malloc_growth,180,65536,27651.000000,16,0,1
malloc_growth,181,65536,24876.000000,16,0,1
malloc_growth,182,65536,24888.000000,16,0,1
malloc_growth,183,65536,26250.000000,16,0,1
malloc_growth,184,65536,24756.000000,16,0,1
malloc_growth,185,65536,26771.000000,16,0,1
malloc_growth,186,65536,33072.000000,16,0,1
malloc_growth,187,65536,26169.000000,16,0,1
malloc_growth,188,65536,18966.000000,16,0,1
malloc_growth,189,65536,24847.000000,16,0,1
malloc_growth,190,65536,24987.000000,16,0,1
malloc_growth,191,65536,18285.000000,16,0,1
malloc_growth,192,65536,19978.000000,16,0,1
malloc_growth,193,65536,18244.000000,16,0,1
malloc_growth,194,65536,18584.000000,16,0,1
malloc_growth,195,65536,19807.000000,16,0,1
malloc_growth,196,65536,17694.000000,16,0,1
malloc_growth,197,65536,18755.000000,16,0,1
malloc_growth,198,65536,19376.000000,16,0,1
malloc_growth,199,65536,27101.000000,16,0,1
malloc_growth,200,65536,24667.000000,16,0,1
malloc_growth,201,65536,20579.000000,16,0,1
malloc_growth,202,65536,18314.000000,16,0,1
malloc_growth,203,65536,17823.000000,16,0,1
malloc_growth,204,65536,18676.000000,16,0,1
malloc_growth,205,65536,34344.000000,16,0,1
malloc_growth,206,65536,20077.000000,16,0,1
malloc_growth,207,65536,18295.000000,16,0,1
malloc_growth,208,65536,18415.000000,16,0,1
malloc_growth,209,65536,20298.000000,16,0,1
malloc_growth,210,65536,20138.000000,16,0,1
malloc_growth,211,65536,18064.000000,16,0,1
malloc_growth,212,65536,19247.000000,16,0,1
malloc_growth,213,65536,18304.000000,16,0,1
malloc_growth,214,65536,18224.000000,16,0,1
malloc_growth,215,65536,19126.000000,16,0,1
malloc_growth,216,65536,18836.000000,16,0,1
malloc_growth,217,65536,18254.000000,16,0,1
malloc_growth,218,65536,18985.000000,16,0,1
malloc_growth,219,65536,18404.000000,16,0,1
malloc_growth,220,65536,18324.000000,16,0,1
malloc_growth,221,65536,19858.000000,16,0,1
malloc_growth,222,65536,18084.000000,16,0,1
malloc_growth,223,65536,18485.000000,16,0,1
malloc_growth,224,65536,19667.000000,16,0,1
malloc_growth,225,65536,18304.000000,16,0,1
malloc_growth,226,65536,18284.000000,16,0,1
malloc_growth,227,65536,18735.000000,16,0,1
malloc_growth,228,65536,18355.000000,16,0,1
malloc_growth,229,65536,18204.000000,16,0,1
malloc_growth,230,65536,19337.000000,16,0,1
malloc_growth,231,65536,17914.000000,16,0,1
malloc_growth,232,65536,18665.000000,16,0,1
malloc_growth,233,65536,19697.000000,16,0,1
malloc_growth,234,65536,18134.000000,16,0,1
malloc_growth,235,65536,18334.000000,16,0,1
malloc_growth,236,65536,19326.000000,16,0,1
malloc_growth,237,65536,18856.000000,16,0,1
malloc_growth,238,65536,19086.000000,16,0,1
malloc_growth,239,65536,19436.000000,16,0,1
malloc_growth,240,65536,18224.000000,16,0,1
malloc_growth,241,65536,17973.000000,16,0,1
malloc_growth,242,65536,19667.000000,16,0,1
malloc_growth,243,65536,17943.000000,16,0,1
malloc_growth,244,65536,18314.000000,16,0,1
malloc_growth,245,65536,19046.000000,16,0,1
malloc_growth,246,65536,18445.000000,16,0,1
malloc_growth,247,65536,18656.000000,16,0,1
malloc_growth,248,65536,17623.000000,16,0,1
malloc_growth,249,65536,18746.000000,16,0,1
malloc_growth,250,65536,26951.000000,16,0,1
malloc_growth,251,65536,24406.000000,16,0,1
malloc_growth,252,65536,69701.000000,16,0,1
malloc_growth,253,65536,20219.000000,16,0,1
malloc_growth,254,65536,18775.000000,16,0,1
malloc_growth,255,65536,17864.000000,16,0,1
malloc_growth,256,65536,19317.000000,16,0,1
malloc_growth,257,65536,18985.000000,16,0,1
malloc_growth,258,65536,19136.000000,16,0,1
malloc_growth,259,65536,19066.000000,16,0,1
malloc_growth,260,65536,18515.000000,16,0,1
malloc_growth,261,65536,18786.000000,16,0,1
malloc_growth,262,65536,19949.000000,16,0,1
malloc_growth,263,65536,18245.000000,16,0,1
malloc_growth,264,65536,18886.000000,16,0,1
malloc_growth,265,65536,19607.000000,16,0,1
malloc_growth,266,65536,19717.000000,16,0,1
malloc_growth,267,65536,22442.000000,16,0,1
malloc_growth,268,65536,19337.000000,16,0,1
malloc_growth,269,65536,18786.000000,16,0,1
malloc_growth,270,65536,18205.000000,16,0,1
malloc_growth,271,65536,19216.000000,16,0,1
malloc_growth,272,65536,18615.000000,16,0,1
malloc_growth,273,65536,19887.000000,16,0,1
malloc_growth,274,65536,19036.000000,16,0,1
malloc_growth,275,65536,18174.000000,16,0,1
malloc_growth,276,65536,18866.000000,16,0,1
malloc_growth,277,65536,19035.000000,16,0,1
malloc_growth,278,65536,20879.000000,16,0,1
malloc_growth,279,65536,29386.000000,16,0,1
malloc_growth,280,65536,21831.000000,16,0,1
malloc_growth,281,65536,19256.000000,16,0,1
malloc_growth,282,65536,19867.000000,16,0,1
malloc_growth,283,65536,19407.000000,16,0,1
malloc_growth,284,65536,18314.000000,16,0,1
malloc_growth,285,65536,18164.000000,16,0,1
malloc_growth,286,65536,19487.000000,16,0,1
malloc_growth,287,65536,17865.000000,16,0,1
malloc_growth,288,65536,18094.000000,16,0,1
malloc_growth,289,65536,19206.000000,16,0,1
malloc_growth,290,65536,18444.000000,16,0,1
malloc_growth,291,65536,19196.000000,16,0,1
malloc_growth,292,65536,19136.000000,16,0,1
malloc_growth,293,65536,18766.000000,16,0,1
malloc_growth,294,65536,25768.000000,16,0,1
malloc_growth,295,65536,23425.000000,16,0,1
malloc_growth,296,65536,19576.000000,16,0,1
malloc_growth,297,65536,33934.000000,16,0,1
malloc_growth,298,65536,18625.000000,16,0,1
malloc_growth,299,65536,18214.000000,16,0,1
malloc_growth,300,65536,19206.000000,16,0,1
malloc_growth,301,65536,18455.000000,16,0,1
malloc_growth,302,65536,18294.000000,16,0,1
malloc_growth,303,65536,19177.000000,16,0,1
malloc_growth,304,65536,18745.000000,16,0,1
malloc_growth,305,65536,21009.000000,16,0,1
malloc_growth,306,65536,19998.000000,16,0,1
malloc_growth,307,65536,19277.000000,16,0,1
malloc_growth,308,65536,18325.000000,16,0,1
malloc_growth,309,65536,20028.000000,16,0,1
malloc_growth,310,65536,18866.000000,16,0,1
malloc_growth,311,65536,20068.000000,16,0,1
malloc_growth,312,65536,19617.000000,16,0,1
malloc_growth,313,65536,18415.000000,16,0,1
malloc_growth,314,65536,18976.000000,16,0,1
malloc_growth,315,65536,19276.000000,16,0,1
malloc_growth,316,65536,18796.000000,16,0,1
malloc_growth,317,65536,18224.000000,16,0,1
malloc_growth,318,65536,18816.000000,16,0,1
malloc_growth,319,65536,18946.000000,16,0,1
malloc_growth,320,65536,18897.000000,16,0,1
malloc_growth,321,65536,19176.000000,16,0,1
malloc_growth,322,65536,17843.000000,16,0,1
malloc_growth,323,65536,19236.000000,16,0,1
malloc_growth,324,65536,19546.000000,16,0,1
malloc_growth,325,65536,18014.000000,16,0,1
malloc_growth,326,65536,19596.000000,16,0,1
malloc_growth,327,65536,19086.000000,16,0,1
malloc_growth,328,65536,18485.000000,16,0,1
malloc_growth,329,65536,18205.000000,16,0,1
malloc_growth,330,65536,19115.000000,16,0,1
malloc_growth,331,65536,18345.000000,16,0,1
malloc_growth,332,65536,18505.000000,16,0,1
malloc_growth,333,65536,19918.000000,16,0,1
malloc_growth,334,65536,18474.000000,16,0,1
malloc_growth,335,65536,18505.000000,16,0,1
malloc_growth,336,65536,18856.000000,16,0,1
malloc_growth,337,65536,19226.000000,16,0,1
malloc_growth,338,65536,18405.000000,16,0,1
malloc_growth,339,65536,19236.000000,16,0,1
malloc_growth,340,65536,18785.000000,16,0,1
malloc_growth,341,65536,18023.000000,16,0,1
malloc_growth,342,65536,19336.000000,16,0,1
malloc_growth,343,65536,17823.000000,16,0,1
malloc_growth,344,65536,21330.000000,16,0,1
malloc_growth,345,65536,35997.000000,16,0,1
malloc_growth,346,65536,18475.000000,16,0,1
malloc_growth,347,65536,18275.000000,16,0,1
malloc_growth,348,65536,19166.000000,16,0,1
malloc_growth,349,65536,18655.000000,16,0,1
malloc_growth,350,65536,18484.000000,16,0,1
malloc_growth,351,65536,18925.000000,16,0,1
malloc_growth,352,65536,17854.000000,16,0,1
malloc_growth,353,65536,18445.000000,16,0,1
malloc_growth,354,65536,18835.000000,16,0,1
malloc_growth,355,65536,19096.000000,16,0,1
malloc_growth,356,65536,18244.000000,16,0,1
malloc_growth,357,65536,18905.000000,16,0,1
malloc_growth,358,65536,18395.000000,16,0,1
malloc_growth,359,65536,18395.000000,16,0,1
malloc_growth,360,65536,19186.000000,16,0,1
malloc_growth,361,65536,18244.000000,16,0,1
malloc_growth,362,65536,18405.000000,16,0,1
malloc_growth,363,65536,19447.000000,16,0,1
malloc_growth,364,65536,18165.000000,16,0,1
malloc_growth,365,65536,18395.000000,16,0,1
malloc_growth,366,65536,18936.000000,16,0,1
malloc_growth,367,65536,17974.000000,16,0,1
malloc_growth,368,65536,18154.000000,16,0,1
malloc_growth,369,65536,26871.000000,16,0,1
malloc_growth,370,65536,17894.000000,16,0,1
malloc_growth,371,65536,18124.000000,16,0,1
malloc_growth,372,65536,19267.000000,16,0,1
malloc_growth,373,65536,17924.000000,16,0,1
malloc_growth,374,65536,19958.000000,16,0,1
malloc_growth,375,65536,31469.000000,16,0,1
malloc_growth,376,65536,25497.000000,16,0,1
malloc_growth,377,65536,21461.000000,16,0,1
malloc_growth,378,65536,18194.000000,16,0,1
malloc_growth,379,65536,18465.000000,16,0,1
malloc_growth,380,65536,19648.000000,16,0,1
malloc_growth,381,65536,18685.000000,16,0,1
malloc_growth,382,65536,18404.000000,16,0,1
malloc_growth,383,65536,20108.000000,16,0,1
malloc_growth,384,65536,17893.000000,16,0,1
malloc_growth,385,65536,18304.000000,16,0,1
malloc_growth,386,65536,18935.000000,16,0,1
malloc_growth,387,65536,18374.000000,16,0,1
malloc_growth,388,65536,18695.000000,16,0,1
malloc_growth,389,65536,20159.000000,16,0,1
malloc_growth,390,65536,18435.000000,16,0,1
malloc_growth,391,65536,18425.000000,16,0,1
malloc_growth,392,65536,35065.000000,16,0,1
malloc_growth,393,65536,18955.000000,16,0,1
malloc_growth,394,65536,18505.000000,16,0,1
malloc_growth,395,65536,19847.000000,16,0,1
malloc_growth,396,65536,18545.000000,16,0,1
malloc_growth,397,65536,18486.000000,16,0,1
malloc_growth,398,65536,19917.000000,16,0,1
malloc_growth,399,65536,18284.000000,16,0,1
malloc_growth,400,65536,18013.000000,16,0,1
malloc_growth,401,65536,20679.000000,16,0,1
malloc_growth,402,65536,18865.000000,16,0,1
malloc_growth,403,65536,18134.000000,16,0,1
malloc_growth,404,65536,19216.000000,16,0,1
malloc_growth,405,65536,18565.000000,16,0,1
malloc_growth,406,65536,18836.000000,16,0,1
malloc_growth,407,65536,19646.000000,16,0,1
malloc_growth,408,65536,18625.000000,16,0,1
malloc_growth,409,65536,18284.000000,16,0,1
malloc_growth,410,65536,19507.000000,16,0,1
malloc_growth,411,65536,18565.000000,16,0,1
malloc_growth,412,65536,18595.000000,16,0,1
malloc_growth,413,65536,21109.000000,16,0,1
malloc_growth,414,65536,18515.000000,16,0,1
malloc_growth,415,65536,18124.000000,16,0,1
malloc_growth,416,65536,18795.000000,16,0,1
malloc_growth,417,65536,27121.000000,16,0,1
malloc_growth,418,65536,25017.000000,16,0,1
malloc_growth,419,65536,18174.000000,16,0,1
malloc_growth,420,65536,17953.000000,16,0,1
malloc_growth,421,65536,19306.000000,16,0,1
malloc_growth,422,65536,18315.000000,16,0,1
malloc_growth,423,65536,18344.000000,16,0,1
malloc_growth,424,65536,19336.000000,16,0,1
malloc_growth,425,65536,18986.000000,16,0,1
malloc_growth,426,65536,18485.000000,16,0,1
malloc_growth,427,65536,21220.000000,16,0,1
malloc_growth,428,65536,18084.000000,16,0,1
malloc_growth,429,65536,18345.000000,16,0,1
malloc_growth,430,65536,19105.000000,16,0,1
malloc_growth,431,65536,18626.000000,16,0,1
malloc_growth,432,65536,18474.000000,16,0,1
malloc_growth,433,65536,20488.000000,16,0,1
malloc_growth,434,65536,18395.000000,16,0,1
malloc_growth,435,65536,18224.000000,16,0,1
malloc_growth,436,65536,18995.000000,16,0,1
malloc_growth,437,65536,18365.000000,16,0,1
malloc_growth,438,65536,18204.000000,16,0,1
malloc_growth,439,65536,19466.000000,16,0,1
malloc_growth,440,65536,36169.000000,16,0,1
malloc_growth,441,65536,18745.000000,16,0,1
malloc_growth,442,65536,24727.000000,16,0,1
malloc_growth,443,65536,27582.000000,16,0,1
malloc_growth,444,65536,23114.000000,16,0,1
malloc_growth,445,65536,21400.000000,16,0,1
malloc_growth,446,65536,18385.000000,16,0,1
malloc_growth,447,65536,18154.000000,16,0,1
malloc_growth,448,65536,19216.000000,16,0,1
malloc_growth,449,65536,19286.000000,16,0,1
malloc_growth,450,65536,26500.000000,16,0,1
malloc_growth,451,65536,19346.000000,16,0,1
malloc_growth,452,65536,18495.000000,16,0,1
malloc_growth,453,65536,18735.000000,16,0,1
malloc_growth,454,65536,19166.000000,16,0,1
malloc_growth,455,65536,18445.000000,16,0,1
malloc_growth,456,65536,19366.000000,16,0,1
malloc_growth,457,65536,24406.000000,16,0,1
malloc_growth,458,65536,21901.000000,16,0,1
malloc_growth,459,65536,17824.000000,16,0,1
malloc_growth,460,65536,19626.000000,16,0,1
malloc_growth,461,65536,18144.000000,16,0,1
malloc_growth,462,65536,18344.000000,16,0,1
malloc_growth,463,65536,18035.000000,16,0,1
malloc_growth,464,65536,20870.000000,16,0,1
malloc_growth,465,65536,28594.000000,16,0,1
malloc_growth,466,65536,17693.000000,16,0,1
malloc_growth,467,65536,24716.000000,16,0,1
malloc_growth,468,65536,26970.000000,16,0,1
malloc_growth,469,65536,18365.000000,16,0,1
malloc_growth,470,65536,18195.000000,16,0,1
malloc_growth,471,65536,20519.000000,16,0,1
malloc_growth,472,65536,18185.000000,16,0,1
malloc_growth,473,65536,18094.000000,16,0,1
malloc_growth,474,65536,18865.000000,16,0,1
malloc_growth,475,65536,18595.000000,16,0,1
malloc_growth,476,65536,18144.000000,16,0,1
malloc_growth,477,65536,18966.000000,16,0,1
malloc_growth,478,65536,17954.000000,16,0,1
malloc_growth,479,65536,18044.000000,16,0,1
malloc_growth,480,65536,18916.000000,16,0,1
malloc_growth,481,65536,18455.000000,16,0,1
malloc_growth,482,65536,17883.000000,16,0,1
malloc_growth,483,65536,18785.000000,16,0,1
malloc_growth,484,65536,34194.000000,16,0,1
malloc_growth,485,65536,18615.000000,16,0,1
malloc_growth,486,65536,20839.000000,16,0,1
malloc_growth,487,65536,19207.000000,16,0,1
malloc_growth,488,65536,18455.000000,16,0,1
malloc_growth,489,65536,19366.000000,16,0,1
malloc_growth,490,65536,18094.000000,16,0,1
malloc_growth,491,65536,18555.000000,16,0,1
malloc_growth,492,65536,18995.000000,16,0,1
malloc_growth,493,65536,18935.000000,16,0,1
malloc_growth,494,65536,18445.000000,16,0,1
malloc_growth,495,65536,19115.000000,16,0,1
malloc_growth,496,65536,18887.000000,16,0,1
malloc_growth,497,65536,19387.000000,16,0,1
malloc_growth,498,65536,18886.000000,16,0,1
malloc_growth,499,65536,18755.000000,16,0,1
malloc_growth,500,65536,18906.000000,16,0,1
malloc_growth,501,65536,19837.000000,16,0,1
malloc_growth,502,65536,25378.000000,16,0,1
malloc_growth,503,65536,18054.000000,16,0,1
malloc_growth,504,65536,18486.000000,16,0,1
malloc_growth,505,65536,18534.000000,16,0,1
malloc_growth,506,65536,32942.000000,16,0,1
malloc_growth,507,65536,19347.000000,16,0,1
malloc_growth,508,65536,18244.000000,16,0,1
malloc_growth,509,65536,18886.000000,16,0,1
malloc_growth,510,65536,17984.000000,16,0,1
malloc_growth,511,65536,17763.000000,16,0,1
first_touch,0,65536,28064.000000,19,0,1
first_touch,1,65536,19387.000000,16,0,1
first_touch,2,65536,19006.000000,16,0,1
first_touch,3,65536,18595.000000,16,0,1
first_touch,4,65536,25868.000000,16,0,1
first_touch,5,65536,22161.000000,16,0,1
first_touch,6,65536,19246.000000,16,0,1
first_touch,7,65536,19005.000000,16,0,1
first_touch,8,65536,18536.000000,16,0,1
first_touch,9,65536,18735.000000,16,0,1
first_touch,10,65536,18615.000000,16,0,1
first_touch,11,65536,18395.000000,16,0,1
first_touch,12,65536,26129.000000,16,0,1
first_touch,13,65536,18375.000000,16,0,1
first_touch,14,65536,24406.000000,16,0,1
first_touch,15,65536,25849.000000,16,0,1
first_touch,16,65536,19887.000000,16,0,1
first_touch,17,65536,18235.000000,16,0,1
first_touch,18,65536,18685.000000,16,0,1
first_touch,19,65536,18565.000000,16,0,1
first_touch,20,65536,19917.000000,16,0,1
first_touch,21,65536,18695.000000,16,0,1
first_touch,22,65536,19446.000000,16,0,1
first_touch,23,65536,26581.000000,16,0,1
first_touch,24,65536,18745.000000,16,0,1
first_touch,25,65536,18454.000000,16,0,1
first_touch,26,65536,26319.000000,16,0,1
first_touch,27,65536,29606.000000,16,0,1
first_touch,28,65536,30016.000000,16,0,1
first_touch,29,65536,29135.000000,16,0,1
first_touch,30,65536,29596.000000,16,0,1
first_touch,31,65536,19427.000000,16,0,1
first_touch,32,65536,19887.000000,16,0,1
first_touch,33,65536,18535.000000,16,0,1
first_touch,34,65536,18104.000000,16,0,1
first_touch,35,65536,19747.000000,16,0,1
first_touch,36,65536,18565.000000,16,0,1
first_touch,37,65536,23455.000000,16,0,1
first_touch,38,65536,23955.000000,16,0,1
first_touch,39,65536,18505.000000,16,0,1
first_touch,40,65536,18886.000000,16,0,1
first_touch,41,65536,18495.000000,16,0,1
first_touch,42,65536,19727.000000,16,0,1
first_touch,43,65536,25518.000000,16,0,1
first_touch,44,65536,30637.000000,16,0,1
first_touch,45,65536,24937.000000,16,0,1
first_touch,46,65536,17633.000000,16,0,1
first_touch,47,65536,18024.000000,16,0,1
first_touch,48,65536,18705.000000,16,0,1
first_touch,49,65536,21991.000000,16,0,1
first_touch,50,65536,26560.000000,16,0,1
first_touch,51,65536,18676.000000,16,0,1
first_touch,52,65536,18556.000000,16,0,1
first_touch,53,65536,18304.000000,16,0,1
first_touch,54,65536,17833.000000,16,0,1
first_touch,55,65536,43311.000000,16,0,1
first_touch,56,65536,18545.000000,16,0,1
first_touch,57,65536,18685.000000,16,0,1
first_touch,58,65536,18104.000000,16,0,1
first_touch,59,65536,18395.000000,16,0,1
first_touch,60,65536,18215.000000,16,0,1
first_touch,61,65536,18345.000000,16,0,1
first_touch,62,65536,22042.000000,16,0,1
first_touch,63,65536,23825.000000,16,0,1
first_touch,64,65536,21501.000000,16,0,1
first_touch,65,65536,18806.000000,16,0,1
first_touch,66,65536,18254.000000,16,0,1
first_touch,67,65536,18354.000000,16,0,1
first_touch,68,65536,26181.000000,16,0,1
first_touch,69,65536,18465.000000,16,0,1
first_touch,70,65536,20579.000000,16,0,1
first_touch,71,65536,20819.000000,16,0,1
first_touch,72,65536,22091.000000,16,0,1
first_touch,73,65536,24215.000000,16,0,1
first_touch,74,65536,27091.000000,16,0,1
first_touch,75,65536,20659.000000,16,0,1
first_touch,76,65536,19005.000000,16,0,1
first_touch,77,65536,18384.000000,16,0,1
first_touch,78,65536,18515.000000,16,0,1
first_touch,79,65536,19697.000000,16,0,1
first_touch,80,65536,18485.000000,16,0,1
first_touch,81,65536,18665.000000,16,0,1
first_touch,82,65536,18595.000000,16,0,1
first_touch,83,65536,18354.000000,16,0,1
first_touch,84,65536,18926.000000,16,0,1
first_touch,85,65536,19176.000000,16,0,1
first_touch,86,65536,18305.000000,16,0,1
first_touch,87,65536,22673.000000,16,0,1
first_touch,88,65536,24957.000000,16,0,1
first_touch,89,65536,26019.000000,16,0,1
first_touch,90,65536,24175.000000,16,0,1
first_touch,91,65536,26250.000000,16,0,1
first_touch,92,65536,18906.000000,16,0,1
first_touch,93,65536,20158.000000,16,0,1
first_touch,94,65536,18755.000000,16,0,1
first_touch,95,65536,18615.000000,16,0,1
first_touch,96,65536,20899.000000,16,0,1
first_touch,97,65536,25307.000000,16,0,1
first_touch,98,65536,34335.000000,16,0,1
first_touch,99,65536,18875.000000,16,0,1
first_touch,100,65536,18876.000000,16,0,1
first_touch,101,65536,18965.000000,16,0,1
first_touch,102,65536,30908.000000,16,0,1
first_touch,103,65536,26440.000000,16,0,1
first_touch,104,65536,20698.000000,16,0,1
first_touch,105,65536,18806.000000,16,0,1
first_touch,106,65536,18445.000000,16,0,1
first_touch,107,65536,19607.000000,16,0,1
first_touch,108,65536,19487.000000,16,0,1
first_touch,109,65536,19887.000000,16,0,1
first_touch,110,65536,18896.000000,16,0,1
first_touch,111,65536,19567.000000,16,0,1
first_touch,112,65536,19146.000000,16,0,1
first_touch,113,65536,19987.000000,16,0,1
first_touch,114,65536,19387.000000,16,0,1
first_touch,115,65536,19697.000000,16,0,1
first_touch,116,65536,20439.000000,16,0,1
first_touch,117,65536,20118.000000,16,0,1
first_touch,118,65536,19997.000000,16,0,1
first_touch,119,65536,29595.000000,16,0,1
first_touch,120,65536,21230.000000,16,0,1
first_touch,121,65536,19216.000000,16,0,1
first_touch,122,65536,20720.000000,16,0,1
first_touch,123,65536,19196.000000,16,0,1
first_touch,124,65536,19977.000000,16,0,1
first_touch,125,65536,19126.000000,16,0,1
first_touch,126,65536,18024.000000,16,0,1
first_touch,127,65536,18404.000000,16,0,1
first_touch,128,65536,20328.000000,16,0,1
first_touch,129,65536,18194.000000,16,0,1
first_touch,130,65536,18124.000000,16,0,1
first_touch,131,65536,18786.000000,16,0,1
first_touch,132,65536,18194.000000,16,0,1
first_touch,133,65536,17883.000000,16,0,1
first_touch,134,65536,17974.000000,16,0,1
first_touch,135,65536,18074.000000,16,0,1
first_touch,136,65536,17964.000000,16,0,1
first_touch,137,65536,19757.000000,16,0,1
first_touch,138,65536,18475.000000,16,0,1
first_touch,139,65536,18004.000000,16,0,1
first_touch,140,65536,18255.000000,16,0,1
first_touch,141,65536,18154.000000,16,0,1
first_touch,142,65536,18555.000000,16,0,1
first_touch,143,65536,18194.000000,16,0,1
first_touch,144,65536,39043.000000,16,0,1
first_touch,145,65536,18705.000000,16,0,1
first_touch,146,65536,18946.000000,16,0,1
first_touch,147,65536,18325.000000,16,0,1
first_touch,148,65536,18936.000000,16,0,1
first_touch,149,65536,18484.000000,16,0,1
first_touch,150,65536,17944.000000,16,0,1
first_touch,151,65536,19827.000000,16,0,1
first_touch,152,65536,18114.000000,16,0,1
first_touch,153,65536,18955.000000,16,0,1
first_touch,154,65536,17894.000000,16,0,1
first_touch,155,65536,18545.000000,16,0,1
first_touch,156,65536,18344.000000,16,0,1
first_touch,157,65536,18184.000000,16,0,1
first_touch,158,65536,18445.000000,16,0,1
first_touch,159,65536,18775.000000,16,0,1
first_touch,160,65536,18866.000000,16,0,1
first_touch,161,65536,18215.000000,16,0,1
first_touch,162,65536,18435.000000,16,0,1
first_touch,163,65536,18335.000000,16,0,1
first_touch,164,65536,18194.000000,16,0,1
first_touch,165,65536,18024.000000,16,0,1
first_touch,166,65536,19016.000000,16,0,1
first_touch,167,65536,18264.000000,16,0,1
first_touch,168,65536,18395.000000,16,0,1
first_touch,169,65536,24646.000000,16,0,1
first_touch,170,65536,18605.000000,16,0,1
first_touch,171,65536,18104.000000,16,0,1
first_touch,172,65536,17943.000000,16,0,1
first_touch,173,65536,17643.000000,16,0,1
first_touch,174,65536,17904.000000,16,0,1
first_touch,175,65536,18785.000000,16,0,1
first_touch,176,65536,17924.000000,16,0,1
first_touch,177,65536,18615.000000,16,0,1
first_touch,178,65536,18665.000000,16,0,1
first_touch,179,65536,18284.000000,16,0,1
first_touch,180,65536,17774.000000,16,0,1
first_touch,181,65536,19306.000000,16,0,1
first_touch,182,65536,18435.000000,16,0,1
first_touch,183,65536,18646.000000,16,0,1
first_touch,184,65536,18063.000000,16,0,1
first_touch,185,65536,19146.000000,16,0,1
first_touch,186,65536,18504.000000,16,0,1
first_touch,187,65536,18685.000000,16,0,1
first_touch,188,65536,18104.000000,16,0,1
first_touch,189,65536,18645.000000,16,0,1
first_touch,190,65536,18425.000000,16,0,1
first_touch,191,65536,17973.000000,16,0,1
first_touch,192,65536,18977.000000,16,0,1
first_touch,193,65536,62738.000000,16,0,1
first_touch,194,65536,18475.000000,16,0,1
first_touch,195,65536,18515.000000,16,0,1
first_touch,196,65536,20468.000000,16,0,1
first_touch,197,65536,29896.000000,16,0,1
first_touch,198,65536,21762.000000,16,0,1
first_touch,199,65536,18033.000000,16,0,1
first_touch,200,65536,17523.000000,16,0,1
first_touch,201,65536,17873.000000,16,0,1
first_touch,202,65536,18665.000000,16,0,1
first_touch,203,65536,18054.000000,16,0,1
first_touch,204,65536,18144.000000,16,0,1
first_touch,205,65536,17884.000000,16,0,1
first_touch,206,65536,18485.000000,16,0,1
first_touch,207,65536,18455.000000,16,0,1
first_touch,208,65536,18184.000000,16,0,1
first_touch,209,65536,18945.000000,16,0,1
first_touch,210,65536,19306.000000,16,0,1
first_touch,211,65536,18394.000000,16,0,1
first_touch,212,65536,18515.000000,16,0,1
first_touch,213,65536,18134.000000,16,0,1
first_touch,214,65536,18114.000000,16,0,1
first_touch,215,65536,18665.000000,16,0,1
first_touch,216,65536,18105.000000,16,0,1
first_touch,217,65536,27021.000000,16,0,1
first_touch,218,65536,19647.000000,16,0,1
first_touch,219,65536,19296.000000,16,0,1
first_touch,220,65536,17893.000000,16,0,1
first_touch,221,65536,18464.000000,16,0,1
first_touch,222,65536,17994.000000,16,0,1
first_touch,223,65536,18235.000000,16,0,1
first_touch,224,65536,19317.000000,16,0,1
first_touch,225,65536,19147.000000,16,0,1
first_touch,226,65536,18184.000000,16,0,1
first_touch,227,65536,18264.000000,16,0,1
first_touch,228,65536,18014.000000,16,0,1
first_touch,229,65536,17633.000000,16,0,1
first_touch,230,65536,18565.000000,16,0,1
first_touch,231,65536,18435.000000,16,0,1
first_touch,232,65536,18315.000000,16,0,1
first_touch,233,65536,17603.000000,16,0,1
first_touch,234,65536,17964.000000,16,0,1
first_touch,235,65536,18314.000000,16,0,1
first_touch,236,65536,18144.000000,16,0,1
first_touch,237,65536,18454.000000,16,0,1
first_touch,238,65536,17914.000000,16,0,1
first_touch,239,65536,33433.000000,16,0,1
first_touch,240,65536,18365.000000,16,0,1
first_touch,241,65536,19085.000000,16,0,1
first_touch,242,65536,18466.000000,16,0,1
first_touch,243,65536,18665.000000,16,0,1
first_touch,244,65536,18605.000000,16,0,1
first_touch,245,65536,18464.000000,16,0,1
first_touch,246,65536,18495.000000,16,0,1
first_touch,247,65536,18024.000000,16,0,1
first_touch,248,65536,18745.000000,16,0,1
first_touch,249,65536,18204.000000,16,0,1
first_touch,250,65536,18565.000000,16,0,1
first_touch,251,65536,18105.000000,16,0,1
first_touch,252,65536,18515.000000,16,0,1
first_touch,253,65536,18945.000000,16,0,1
first_touch,254,65536,19036.000000,16,0,1
first_touch,255,65536,18255.000000,16,0,1
first_touch,256,65536,18815.000000,16,0,1
first_touch,257,65536,18685.000000,16,0,1
first_touch,258,65536,18665.000000,16,0,1
first_touch,259,65536,18876.000000,16,0,1
first_touch,260,65536,18556.000000,16,0,1
first_touch,261,65536,22532.000000,16,0,1
first_touch,262,65536,25448.000000,16,0,1
first_touch,263,65536,26360.000000,16,0,1
first_touch,264,65536,22321.000000,16,0,1
first_touch,265,65536,19206.000000,16,0,1
first_touch,266,65536,18985.000000,16,0,1
first_touch,267,65536,18575.000000,16,0,1
first_touch,268,65536,24226.000000,16,0,1
first_touch,269,65536,26089.000000,16,0,1
first_touch,270,65536,27531.000000,16,0,1
first_touch,271,65536,21150.000000,16,0,1
first_touch,272,65536,19086.000000,16,0,1
first_touch,273,65536,19417.000000,16,0,1
first_touch,274,65536,18595.000000,16,0,1
first_touch,275,65536,18766.000000,16,0,1
first_touch,276,65536,18555.000000,16,0,1
first_touch,277,65536,19236.000000,16,0,1
first_touch,278,65536,18575.000000,16,0,1
first_touch,279,65536,18174.000000,16,0,1
first_touch,280,65536,18515.000000,16,0,1
first_touch,281,65536,18415.000000,16,0,1
first_touch,282,65536,18424.000000,16,0,1
first_touch,283,65536,20118.000000,16,0,1
first_touch,284,65536,19348.000000,16,0,1
first_touch,285,65536,18705.000000,16,0,1
first_touch,286,65536,33072.000000,16,0,1
first_touch,287,65536,18214.000000,16,0,1
first_touch,288,65536,20008.000000,16,0,1
first_touch,289,65536,18505.000000,16,0,1
first_touch,290,65536,18264.000000,16,0,1
first_touch,291,65536,18945.000000,16,0,1
first_touch,292,65536,21090.000000,16,0,1
first_touch,293,65536,30127.000000,16,0,1
first_touch,294,65536,20458.000000,16,0,1
first_touch,295,65536,18756.000000,16,0,1
first_touch,296,65536,18445.000000,16,0,1
first_touch,297,65536,18866.000000,16,0,1
first_touch,298,65536,18705.000000,16,0,1
first_touch,299,65536,18775.000000,16,0,1
first_touch,300,65536,18506.000000,16,0,1
first_touch,301,65536,18395.000000,16,0,1
first_touch,302,65536,18295.000000,16,0,1
first_touch,303,65536,18896.000000,16,0,1
first_touch,304,65536,18525.000000,16,0,1
first_touch,305,65536,19436.000000,16,0,1
first_touch,306,65536,18855.000000,16,0,1
first_touch,307,65536,18665.000000,16,0,1
first_touch,308,65536,18455.000000,16,0,1
first_touch,309,65536,18295.000000,16,0,1
first_touch,310,65536,18195.000000,16,0,1
first_touch,311,65536,18184.000000,16,0,1
first_touch,312,65536,19827.000000,16,0,1
first_touch,313,65536,18364.000000,16,0,1
first_touch,314,65536,18695.000000,16,0,1
first_touch,315,65536,18955.000000,16,0,1
first_touch,316,65536,18264.000000,16,0,1
first_touch,317,65536,29617.000000,16,0,1
first_touch,318,65536,18324.000000,16,0,1
first_touch,319,65536,18545.000000,16,0,1
first_touch,320,65536,19556.000000,16,0,1
first_touch,321,65536,18906.000000,16,0,1
first_touch,322,65536,18244.000000,16,0,1
first_touch,323,65536,18635.000000,16,0,1
first_touch,324,65536,18575.000000,16,0,1
first_touch,325,65536,18174.000000,16,0,1
first_touch,326,65536,18466.000000,16,0,1
first_touch,327,65536,19757.000000,16,0,1
first_touch,328,65536,18334.000000,16,0,1
first_touch,329,65536,17834.000000,16,0,1
first_touch,330,65536,17774.000000,16,0,1
first_touch,331,65536,17964.000000,16,0,1
first_touch,332,65536,18374.000000,16,0,1
first_touch,333,65536,68629.000000,16,0,1
first_touch,334,65536,18625.000000,16,0,1
first_touch,335,65536,18124.000000,16,0,1
first_touch,336,65536,18324.000000,16,0,1
first_touch,337,65536,18014.000000,16,0,1
first_touch,338,65536,17924.000000,16,0,1
first_touch,339,65536,18404.000000,16,0,1
first_touch,340,65536,17763.000000,16,0,1
first_touch,341,65536,17995.000000,16,0,1
first_touch,342,65536,19927.000000,16,0,1
first_touch,343,65536,17823.000000,16,0,1
first_touch,344,65536,18224.000000,16,0,1
first_touch,345,65536,18414.000000,16,0,1
first_touch,346,65536,22973.000000,16,0,1
first_touch,347,65536,27140.000000,16,0,1
first_touch,348,65536,24867.000000,16,0,1
first_touch,349,65536,20900.000000,16,0,1
first_touch,350,65536,18544.000000,16,0,1
first_touch,351,65536,18435.000000,16,0,1
first_touch,352,65536,19166.000000,16,0,1
first_touch,353,65536,18184.000000,16,0,1
first_touch,354,65536,18384.000000,16,0,1
first_touch,355,65536,18805.000000,16,0,1
first_touch,356,65536,19396.000000,16,0,1
first_touch,357,65536,17853.000000,16,0,1
first_touch,358,65536,18796.000000,16,0,1
first_touch,359,65536,19376.000000,16,0,1
first_touch,360,65536,19597.000000,16,0,1
first_touch,361,65536,18474.000000,16,0,1
first_touch,362,65536,18575.000000,16,0,1
first_touch,363,65536,18865.000000,16,0,1
first_touch,364,65536,18374.000000,16,0,1
first_touch,365,65536,18414.000000,16,0,1
first_touch,366,65536,18885.000000,16,0,1
first_touch,367,65536,18997.000000,16,0,1
first_touch,368,65536,18756.000000,16,0,1
first_touch,369,65536,18926.000000,16,0,1
first_touch,370,65536,20168.000000,16,0,1
first_touch,371,65536,18905.000000,16,0,1
first_touch,372,65536,18174.000000,16,0,1
first_touch,373,65536,18354.000000,16,0,1
first_touch,374,65536,18725.000000,16,0,1
first_touch,375,65536,18285.000000,16,0,1
first_touch,376,65536,18705.000000,16,0,1
first_touch,377,65536,18715.000000,16,0,1
first_touch,378,65536,18565.000000,16,0,1
first_touch,379,65536,34846.000000,16,0,1
first_touch,380,65536,18124.000000,16,0,1
first_touch,381,65536,18264.000000,16,0,1
first_touch,382,65536,18545.000000,16,0,1
first_touch,383,65536,18895.000000,16,0,1
first_touch,384,65536,19837.000000,16,0,1
first_touch,385,65536,19857.000000,16,0,1
first_touch,386,65536,18454.000000,16,0,1
first_touch,387,65536,27792.000000,16,0,1
first_touch,388,65536,26470.000000,16,0,1
first_touch,389,65536,18875.000000,16,0,1
first_touch,390,65536,18354.000000,16,0,1
first_touch,391,65536,18626.000000,16,0,1
first_touch,392,65536,19056.000000,16,0,1
first_touch,393,65536,27932.000000,16,0,1
first_touch,394,65536,18144.000000,16,0,1
first_touch,395,65536,18194.000000,16,0,1
first_touch,396,65536,17883.000000,16,0,1
first_touch,397,65536,18384.000000,16,0,1
first_touch,398,65536,18144.000000,16,0,1
first_touch,399,65536,20690.000000,16,0,1
first_touch,400,65536,18906.000000,16,0,1
first_touch,401,65536,21009.000000,16,0,1
first_touch,402,65536,18274.000000,16,0,1
first_touch,403,65536,18364.000000,16,0,1
first_touch,404,65536,18154.000000,16,0,1
first_touch,405,65536,18084.000000,16,0,1
first_touch,406,65536,18185.000000,16,0,1
first_touch,407,65536,18595.000000,16,0,1
first_touch,408,65536,17904.000000,16,0,1
first_touch,409,65536,18234.000000,16,0,1
first_touch,410,65536,17813.000000,16,0,1
first_touch,411,65536,18304.000000,16,0,1
first_touch,412,65536,18434.000000,16,0,1
first_touch,413,65536,18865.000000,16,0,1
first_touch,414,65536,19607.000000,16,0,1
first_touch,415,65536,18805.000000,16,0,1
first_touch,416,65536,19316.000000,16,0,1
first_touch,417,65536,18025.000000,16,0,1
first_touch,418,65536,17964.000000,16,0,1
first_touch,419,65536,17964.000000,16,0,1
first_touch,420,65536,18514.000000,16,0,1
first_touch,421,65536,18455.000000,16,0,1
first_touch,422,65536,18375.000000,16,0,1
first_touch,423,65536,17934.000000,16,0,1
first_touch,424,65536,18214.000000,16,0,1
first_touch,425,65536,18294.000000,16,0,1
first_touch,426,65536,32142.000000,16,0,1
first_touch,427,65536,17934.000000,16,0,1
first_touch,428,65536,18384.000000,16,0,1
first_touch,429,65536,19356.000000,16,0,1
first_touch,430,65536,17673.000000,16,0,1
first_touch,431,65536,18274.000000,16,0,1
first_touch,432,65536,18174.000000,16,0,1
first_touch,433,65536,18395.000000,16,0,1
first_touch,434,65536,18156.000000,16,0,1
first_touch,435,65536,18535.000000,16,0,1
first_touch,436,65536,18194.000000,16,0,1
first_touch,437,65536,18124.000000,16,0,1
first_touch,438,65536,17683.000000,16,0,1
first_touch,439,65536,18425.000000,16,0,1
first_touch,440,65536,18495.000000,16,0,1
first_touch,441,65536,18614.000000,16,0,1
first_touch,442,65536,21050.000000,16,0,1
first_touch,443,65536,23635.000000,16,0,1
first_touch,444,65536,20669.000000,16,0,1
first_touch,445,65536,20167.000000,16,0,1
first_touch,446,65536,18986.000000,16,0,1
first_touch,447,65536,18816.000000,16,0,1
first_touch,448,65536,19357.000000,16,0,1
first_touch,449,65536,18575.000000,16,0,1
first_touch,450,65536,18374.000000,16,0,1
first_touch,451,65536,18646.000000,16,0,1
first_touch,452,65536,18525.000000,16,0,1
first_touch,453,65536,18585.000000,16,0,1
first_touch,454,65536,25368.000000,16,0,1
first_touch,455,65536,24576.000000,16,0,1
first_touch,456,65536,23253.000000,16,0,1
first_touch,457,65536,23414.000000,16,0,1
first_touch,458,65536,24607.000000,16,0,1
first_touch,459,65536,23364.000000,16,0,1
first_touch,460,65536,23504.000000,16,0,1
first_touch,461,65536,23134.000000,16,0,1
first_touch,462,65536,24266.000000,16,0,1
first_touch,463,65536,23284.000000,16,0,1
first_touch,464,65536,23044.000000,16,0,1
first_touch,465,65536,22953.000000,16,0,1
first_touch,466,65536,23434.000000,16,0,1
first_touch,467,65536,22913.000000,16,0,1
first_touch,468,65536,22973.000000,16,0,1
first_touch,469,65536,23324.000000,16,0,1
first_touch,470,65536,38483.000000,16,0,1
first_touch,471,65536,24005.000000,16,0,1
first_touch,472,65536,23184.000000,16,0,1
first_touch,473,65536,19397.000000,16,0,1
first_touch,474,65536,18285.000000,16,0,1
first_touch,475,65536,17854.000000,16,0,1
first_touch,476,65536,17853.000000,16,0,1
first_touch,477,65536,18354.000000,16,0,1
first_touch,478,65536,18184.000000,16,0,1
first_touch,479,65536,22252.000000,16,0,1
first_touch,480,65536,30108.000000,16,0,1
first_touch,481,65536,18034.000000,16,0,1
first_touch,482,65536,18334.000000,16,0,1
first_touch,483,65536,18555.000000,16,0,1
first_touch,484,65536,18174.000000,16,0,1
first_touch,485,65536,26861.000000,16,0,1
first_touch,486,65536,23454.000000,16,0,1
first_touch,487,65536,18565.000000,16,0,1
first_touch,488,65536,19378.000000,16,0,1
first_touch,489,65536,17774.000000,16,0,1
first_touch,490,65536,20569.000000,16,0,1
first_touch,491,65536,19576.000000,16,0,1
first_touch,492,65536,21019.000000,16,0,1
first_touch,493,65536,18014.000000,16,0,1
first_touch,494,65536,18295.000000,16,0,1
first_touch,495,65536,18194.000000,16,0,1
first_touch,496,65536,18094.000000,16,0,1
first_touch,497,65536,18085.000000,16,0,1
first_touch,498,65536,18294.000000,16,0,1
first_touch,499,65536,18564.000000,16,0,1
first_touch,500,65536,19126.000000,16,0,1
first_touch,501,65536,18404.000000,16,0,1
first_touch,502,65536,18625.000000,16,0,1
first_touch,503,65536,18104.000000,16,0,1
first_touch,504,65536,18565.000000,16,0,1
first_touch,505,65536,19366.000000,16,0,1
first_touch,506,65536,20089.000000,16,0,1
first_touch,507,65536,18194.000000,16,0,1
first_touch,508,65536,18826.000000,16,0,1
first_touch,509,65536,17703.000000,16,0,1
first_touch,510,65536,18044.000000,16,0,1
first_touch,511,65536,18765.000000,16,0,1
malloc_growth,0,65536,21149.000000,19,0,2
malloc_growth,1,65536,26049.000000,16,0,2
malloc_growth,2,65536,20028.000000,16,0,2
malloc_growth,3,65536,31559.000000,16,0,2
malloc_growth,4,65536,26119.000000,16,0,2
malloc_growth,5,65536,32270.000000,16,0,2
malloc_growth,6,65536,28434.000000,16,0,2
malloc_growth,7,65536,28534.000000,16,0,2
malloc_growth,8,65536,26520.000000,16,0,2
malloc_growth,9,65536,25378.000000,16,0,2
malloc_growth,10,65536,23514.000000,16,0,2
malloc_growth,11,65536,29105.000000,16,0,2
malloc_growth,12,65536,32692.000000,16,0,2
malloc_growth,13,65536,24907.000000,16,0,2
malloc_growth,14,65536,24616.000000,16,0,2
malloc_growth,15,65536,27341.000000,16,0,2
malloc_growth,16,65536,24436.000000,16,0,2
malloc_growth,17,65536,26861.000000,16,0,2
malloc_growth,18,65536,31099.000000,16,0,2
malloc_growth,19,65536,28974.000000,16,0,2
malloc_growth,20,65536,27532.000000,16,0,2
malloc_growth,21,65536,28794.000000,16,0,2
malloc_growth,22,65536,32241.000000,16,0,2
malloc_growth,23,65536,26441.000000,16,0,2
malloc_growth,24,65536,31419.000000,16,0,2
malloc_growth,25,65536,26540.000000,16,0,2
malloc_growth,26,65536,26550.000000,16,0,2
malloc_growth,27,65536,61084.000000,16,0,2
malloc_growth,28,65536,25559.000000,16,0,2
malloc_growth,29,65536,31469.000000,16,0,2
malloc_growth,30,65536,36368.000000,16,0,2
malloc_growth,31,65536,27201.000000,16,0,2
malloc_growth,32,65536,29104.000000,16,0,2
malloc_growth,33,65536,29487.000000,16,0,2
malloc_growth,34,65536,28774.000000,16,0,2
malloc_growth,35,65536,29355.000000,16,0,2
malloc_growth,36,65536,28553.000000,16,0,2
malloc_growth,37,65536,28033.000000,16,0,2
malloc_growth,38,65536,30457.000000,16,0,2
malloc_growth,39,65536,28605.000000,16,0,2
malloc_growth,40,65536,26099.000000,16,0,2
malloc_growth,41,65536,29866.000000,16,0,2
malloc_growth,42,65536,28354.000000,16,0,2
malloc_growth,43,65536,29886.000000,16,0,2
malloc_growth,44,65536,21711.000000,16,0,2
malloc_growth,45,65536,18996.000000,16,0,2
malloc_growth,46,65536,18705.000000,16,0,2
malloc_growth,47,65536,20008.000000,16,0,2
malloc_growth,48,65536,18355.000000,16,0,2
malloc_growth,49,65536,19667.000000,16,0,2
malloc_growth,50,65536,19035.000000,16,0,2
malloc_growth,51,65536,18335.000000,16,0,2
malloc_growth,52,65536,17973.000000,16,0,2
malloc_growth,53,65536,19207.000000,16,0,2
malloc_growth,54,65536,18414.000000,16,0,2
malloc_growth,55,65536,18936.000000,16,0,2
malloc_growth,56,65536,26871.000000,16,0,2
malloc_growth,57,65536,28053.000000,16,0,2
malloc_growth,58,65536,18655.000000,16,0,2
malloc_growth,59,65536,20619.000000,16,0,2
malloc_growth,60,65536,18434.000000,16,0,2
malloc_growth,61,65536,18756.000000,16,0,2
malloc_growth,62,65536,21019.000000,16,0,2
malloc_growth,63,65536,61425.000000,16,0,2
malloc_growth,64,65536,19837.000000,16,0,2
malloc_growth,65,65536,19897.000000,16,0,2
malloc_growth,66,65536,27181.000000,16,0,2
malloc_growth,67,65536,29136.000000,16,0,2
malloc_growth,68,65536,21911.000000,16,0,2
malloc_growth,69,65536,18725.000000,16,0,2
malloc_growth,70,65536,19176.000000,16,0,2
malloc_growth,71,65536,19206.000000,16,0,2
malloc_growth,72,65536,18776.000000,16,0,2
malloc_growth,73,65536,18935.000000,16,0,2
malloc_growth,74,65536,21119.000000,16,0,2
malloc_growth,75,65536,29777.000000,16,0,2
malloc_growth,76,65536,27492.000000,16,0,2
malloc_growth,77,65536,30597.000000,16,0,2
malloc_growth,78,65536,30097.000000,16,0,2
malloc_growth,79,65536,18104.000000,16,0,2
malloc_growth,80,65536,27421.000000,16,0,2
malloc_growth,81,65536,19488.000000,16,0,2
malloc_growth,82,65536,18905.000000,16,0,2
malloc_growth,83,65536,20228.000000,16,0,2
malloc_growth,84,65536,18765.000000,16,0,2
malloc_growth,85,65536,19095.000000,16,0,2
malloc_growth,86,65536,19707.000000,16,0,2
malloc_growth,87,65536,18875.000000,16,0,2
malloc_growth,88,65536,18605.000000,16,0,2
malloc_growth,89,65536,19668.000000,16,0,2
malloc_growth,90,65536,18314.000000,16,0,2
malloc_growth,91,65536,18555.000000,16,0,2
malloc_growth,92,65536,19066.000000,16,0,2
malloc_growth,93,65536,20047.000000,16,0,2
malloc_growth,94,65536,19908.000000,16,0,2
malloc_growth,95,65536,19356.000000,16,0,2
malloc_growth,96,65536,18655.000000,16,0,2
malloc_growth,97,65536,18765.000000,16,0,2
malloc_growth,98,65536,25078.000000,16,0,2
malloc_growth,99,65536,27922.000000,16,0,2
malloc_growth,100,65536,27982.000000,16,0,2
malloc_growth,101,65536,24246.000000,16,0,2
malloc_growth,102,65536,18635.000000,16,0,2
malloc_growth,103,65536,31719.000000,16,0,2
malloc_growth,104,65536,20137.000000,16,0,2
malloc_growth,105,65536,18857.000000,16,0,2
malloc_growth,106,65536,28093.000000,16,0,2
malloc_growth,107,65536,32140.000000,16,0,2
malloc_growth,108,65536,26741.000000,16,0,2
malloc_growth,109,65536,19046.000000,16,0,2
malloc_growth,110,65536,19767.000000,16,0,2
malloc_growth,111,65536,18616.000000,16,0,2
malloc_growth,112,65536,18485.000000,16,0,2
malloc_growth,113,65536,19296.000000,16,0,2
malloc_growth,114,65536,18825.000000,16,0,2
malloc_growth,115,65536,18624.000000,16,0,2
malloc_growth,116,65536,19877.000000,16,0,2
malloc_growth,117,65536,18906.000000,16,0,2
malloc_growth,118,65536,18355.000000,16,0,2
malloc_growth,119,65536,19868.000000,16,0,2
malloc_growth,120,65536,20099.000000,16,0,2
malloc_growth,121,65536,34895.000000,16,0,2
malloc_growth,122,65536,20498.000000,16,0,2
malloc_growth,123,65536,18886.000000,16,0,2
malloc_growth,124,65536,19566.000000,16,0,2
malloc_growth,125,65536,19066.000000,16,0,2
malloc_growth,126,65536,19065.000000,16,0,2
malloc_growth,127,65536,19397.000000,16,0,2
malloc_growth,128,65536,18486.000000,16,0,2
malloc_growth,129,65536,18585.000000,16,0,2
malloc_growth,130,65536,19597.000000,16,0,2
malloc_growth,131,65536,29105.000000,16,0,2
malloc_growth,132,65536,27501.000000,16,0,2
malloc_growth,133,65536,29756.000000,16,0,2
malloc_growth,134,65536,25959.000000,16,0,2
malloc_growth,135,65536,28123.000000,16,0,2
malloc_growth,136,65536,25919.000000,16,0,2
malloc_growth,137,65536,18846.000000,16,0,2
malloc_growth,138,65536,18605.000000,16,0,2
malloc_growth,139,65536,19357.000000,16,0,2
malloc_growth,140,65536,28464.000000,16,0,2
malloc_growth,141,65536,29206.000000,16,0,2
malloc_growth,142,65536,30998.000000,16,0,2
malloc_growth,143,65536,52939.000000,16,0,2
malloc_growth,144,65536,19446.000000,16,0,2
malloc_growth,145,65536,22052.000000,16,0,2
malloc_growth,146,65536,18144.000000,16,0,2
malloc_growth,147,65536,18405.000000,16,0,2
malloc_growth,148,65536,27652.000000,16,0,2
malloc_growth,149,65536,26970.000000,16,0,2
malloc_growth,150,65536,20118.000000,16,0,2
malloc_growth,151,65536,35817.000000,16,0,2
malloc_growth,152,65536,27592.000000,16,0,2
malloc_growth,153,65536,26881.000000,16,0,2
malloc_growth,154,65536,31670.000000,16,0,2
malloc_growth,155,65536,26399.000000,16,0,2
malloc_growth,156,65536,25207.000000,16,0,2
malloc_growth,157,65536,29456.000000,16,0,2
malloc_growth,158,65536,31280.000000,16,0,2
malloc_growth,159,65536,30167.000000,16,0,2
malloc_growth,160,65536,32551.000000,16,0,2
malloc_growth,161,65536,31840.000000,16,0,2
malloc_growth,162,65536,28914.000000,16,0,2
malloc_growth,163,65536,18736.000000,16,0,2
malloc_growth,164,65536,18305.000000,16,0,2
malloc_growth,165,65536,21440.000000,16,0,2
malloc_growth,166,65536,19216.000000,16,0,2
malloc_growth,167,65536,18585.000000,16,0,2
malloc_growth,168,65536,19186.000000,16,0,2
malloc_growth,169,65536,21601.000000,16,0,2
malloc_growth,170,65536,28974.000000,16,0,2
malloc_growth,171,65536,27813.000000,16,0,2
malloc_growth,172,65536,23715.000000,16,0,2
malloc_growth,173,65536,19156.000000,16,0,2
malloc_growth,174,65536,19777.000000,16,0,2
malloc_growth,175,65536,18545.000000,16,0,2
malloc_growth,176,65536,18334.000000,16,0,2
malloc_growth,177,65536,19496.000000,16,0,2
malloc_growth,178,65536,19126.000000,16,0,2
malloc_growth,179,65536,18565.000000,16,0,2
malloc_growth,180,65536,75753.000000,16,0,2
malloc_growth,181,65536,19347.000000,16,0,2
malloc_growth,182,65536,19486.000000,16,0,2
malloc_growth,183,65536,21110.000000,16,0,2
malloc_growth,184,65536,18515.000000,16,0,2
malloc_growth,185,65536,18445.000000,16,0,2
malloc_growth,186,65536,19437.000000,16,0,2
malloc_growth,187,65536,18364.000000,16,0,2
malloc_growth,188,65536,18735.000000,16,0,2
malloc_growth,189,65536,19517.000000,16,0,2
malloc_growth,190,65536,19416.000000,16,0,2
malloc_growth,191,65536,18635.000000,16,0,2
malloc_growth,192,65536,19957.000000,16,0,2
malloc_growth,193,65536,18495.000000,16,0,2
malloc_growth,194,65536,18757.000000,16,0,2
malloc_growth,195,65536,20889.000000,16,0,2
malloc_growth,196,65536,18375.000000,16,0,2
malloc_growth,197,65536,18805.000000,16,0,2
malloc_growth,198,65536,19637.000000,16,0,2
malloc_growth,199,65536,18916.000000,16,0,2
malloc_growth,200,65536,25087.000000,16,0,2
malloc_growth,201,65536,29185.000000,16,0,2
malloc_growth,202,65536,25969.000000,16,0,2
malloc_growth,203,65536,28193.000000,16,0,2
malloc_growth,204,65536,38653.000000,16,0,2
malloc_growth,205,65536,29775.000000,16,0,2
malloc_growth,206,65536,21801.000000,16,0,2
malloc_growth,207,65536,18135.000000,16,0,2
malloc_growth,208,65536,18174.000000,16,0,2
malloc_growth,209,65536,20518.000000,16,0,2
malloc_growth,210,65536,30047.000000,16,0,2
malloc_growth,211,65536,29025.000000,16,0,2
malloc_growth,212,65536,25298.000000,16,0,2
malloc_growth,213,65536,19146.000000,16,0,2
malloc_growth,214,65536,19007.000000,16,0,2
malloc_growth,215,65536,20278.000000,16,0,2
malloc_growth,216,65536,18635.000000,16,0,2
malloc_growth,217,65536,18796.000000,16,0,2
malloc_growth,218,65536,18856.000000,16,0,2
malloc_growth,219,65536,18575.000000,16,0,2
malloc_growth,220,65536,36999.000000,16,0,2
malloc_growth,221,65536,32351.000000,16,0,2
malloc_growth,222,65536,23104.000000,16,0,2
malloc_growth,223,65536,18304.000000,16,0,2
malloc_growth,224,65536,22913.000000,16,0,2
malloc_growth,225,65536,19567.000000,16,0,2
malloc_growth,226,65536,30116.000000,16,0,2
malloc_growth,227,65536,23644.000000,16,0,2
malloc_growth,228,65536,18434.000000,16,0,2
malloc_growth,229,65536,18846.000000,16,0,2
malloc_growth,230,65536,19907.000000,16,0,2
malloc_growth,231,65536,18525.000000,16,0,2
malloc_growth,232,65536,20268.000000,16,0,2
malloc_growth,233,65536,32711.000000,16,0,2
malloc_growth,234,65536,25178.000000,16,0,2
malloc_growth,235,65536,27593.000000,16,0,2
malloc_growth,236,65536,31379.000000,16,0,2
malloc_growth,237,65536,26590.000000,16,0,2
malloc_growth,238,65536,32561.000000,16,0,2
malloc_growth,239,65536,29375.000000,16,0,2
malloc_growth,240,65536,30166.000000,16,0,2
malloc_growth,241,65536,27753.000000,16,0,2
malloc_growth,242,65536,30898.000000,16,0,2
malloc_growth,243,65536,21220.000000,16,0,2
malloc_growth,244,65536,26199.000000,16,0,2
malloc_growth,245,65536,26419.000000,16,0,2
malloc_growth,246,65536,25938.000000,16,0,2
malloc_growth,247,65536,24567.000000,16,0,2
malloc_growth,248,65536,26179.000000,16,0,2
malloc_growth,249,65536,25167.000000,16,0,2
malloc_growth,250,65536,19606.000000,16,0,2
malloc_growth,251,65536,18866.000000,16,0,2
malloc_growth,252,65536,20027.000000,16,0,2
malloc_growth,253,65536,19657.000000,16,0,2
malloc_growth,254,65536,19708.000000,16,0,2
malloc_growth,255,65536,18776.000000,16,0,2
malloc_growth,256,65536,35276.000000,16,0,2
malloc_growth,257,65536,19236.000000,16,0,2
malloc_growth,258,65536,18885.000000,16,0,2
malloc_growth,259,65536,19537.000000,16,0,2
malloc_growth,260,65536,18635.000000,16,0,2
malloc_growth,261,65536,18284.000000,16,0,2
malloc_growth,262,65536,27863.000000,16,0,2
malloc_growth,263,65536,25558.000000,16,0,2
malloc_growth,264,65536,18625.000000,16,0,2
malloc_growth,265,65536,19878.000000,16,0,2
malloc_growth,266,65536,18304.000000,16,0,2
malloc_growth,267,65536,19596.000000,16,0,2
malloc_growth,268,65536,19206.000000,16,0,2
malloc_growth,269,65536,18745.000000,16,0,2
malloc_growth,270,65536,18506.000000,16,0,2
malloc_growth,271,65536,19898.000000,16,0,2
malloc_growth,272,65536,19527.000000,16,0,2
malloc_growth,273,65536,30627.000000,16,0,2
malloc_growth,274,65536,23194.000000,16,0,2
malloc_growth,275,65536,18635.000000,16,0,2
malloc_growth,276,65536,18124.000000,16,0,2
malloc_growth,277,65536,19928.000000,16,0,2
malloc_growth,278,65536,18345.000000,16,0,2
malloc_growth,279,65536,18184.000000,16,0,2
malloc_growth,280,65536,19387.000000,16,0,2
malloc_growth,281,65536,18454.000000,16,0,2
malloc_growth,282,65536,30648.000000,16,0,2
malloc_growth,283,65536,30147.000000,16,0,2
malloc_growth,284,65536,27402.000000,16,0,2
malloc_growth,285,65536,25980.000000,16,0,2
malloc_growth,286,65536,31770.000000,16,0,2
malloc_growth,287,65536,25858.000000,16,0,2
malloc_growth,288,65536,20118.000000,16,0,2
malloc_growth,289,65536,19717.000000,16,0,2
malloc_growth,290,65536,18154.000000,16,0,2
malloc_growth,291,65536,18985.000000,16,0,2
malloc_growth,292,65536,18776.000000,16,0,2
malloc_growth,293,65536,18495.000000,16,0,2
malloc_growth,294,65536,18956.000000,16,0,2
malloc_growth,295,65536,18255.000000,16,0,2
malloc_growth,296,65536,20108.000000,16,0,2
malloc_growth,297,65536,19587.000000,16,0,2
malloc_growth,298,65536,18996.000000,16,0,2
malloc_growth,299,65536,33182.000000,16,0,2
malloc_growth,300,65536,19227.000000,16,0,2
malloc_growth,301,65536,19346.000000,16,0,2
malloc_growth,302,65536,19045.000000,16,0,2
malloc_growth,303,65536,19587.000000,16,0,2
malloc_growth,304,65536,21670.000000,16,0,2
malloc_growth,305,65536,26540.000000,16,0,2
malloc_growth,306,65536,29495.000000,16,0,2
malloc_growth,307,65536,26390.000000,16,0,2
malloc_growth,308,65536,18345.000000,16,0,2
malloc_growth,309,65536,19898.000000,16,0,2
malloc_growth,310,65536,18685.000000,16,0,2
malloc_growth,311,65536,20048.000000,16,0,2
malloc_growth,312,65536,19386.000000,16,0,2
malloc_growth,313,65536,18695.000000,16,0,2
malloc_growth,314,65536,20227.000000,16,0,2
malloc_growth,315,65536,31320.000000,16,0,2
malloc_growth,316,65536,26890.000000,16,0,2
malloc_growth,317,65536,18645.000000,16,0,2
malloc_growth,318,65536,21771.000000,16,0,2
malloc_growth,319,65536,20358.000000,16,0,2
malloc_growth,320,65536,19857.000000,16,0,2
malloc_growth,321,65536,21891.000000,16,0,2
malloc_growth,322,65536,17964.000000,16,0,2
malloc_growth,323,65536,47280.000000,16,0,2
malloc_growth,324,65536,22663.000000,16,0,2
malloc_growth,325,65536,25397.000000,16,0,2
malloc_growth,326,65536,19597.000000,16,0,2
malloc_growth,327,65536,19797.000000,16,0,2
malloc_growth,328,65536,18695.000000,16,0,2
malloc_growth,329,65536,18545.000000,16,0,2
malloc_growth,330,65536,19357.000000,16,0,2
malloc_growth,331,65536,18394.000000,16,0,2
malloc_growth,332,65536,18395.000000,16,0,2
malloc_growth,333,65536,19657.000000,16,0,2
malloc_growth,334,65536,18565.000000,16,0,2
malloc_growth,335,65536,19587.000000,16,0,2
malloc_growth,336,65536,19527.000000,16,0,2
malloc_growth,337,65536,28714.000000,16,0,2
malloc_growth,338,65536,27282.000000,16,0,2
malloc_growth,339,65536,27642.000000,16,0,2
malloc_growth,340,65536,48821.000000,16,0,2
malloc_growth,341,65536,26590.000000,16,0,2
malloc_growth,342,65536,20869.000000,16,0,2
malloc_growth,343,65536,19617.000000,16,0,2
malloc_growth,344,65536,24737.000000,16,0,2
malloc_growth,345,65536,20177.000000,16,0,2
malloc_growth,346,65536,22903.000000,16,0,2
malloc_growth,347,65536,18465.000000,16,0,2
malloc_growth,348,65536,27421.000000,16,0,2
malloc_growth,349,65536,19948.000000,16,0,2
malloc_growth,350,65536,18495.000000,16,0,2
malloc_growth,351,65536,19677.000000,16,0,2
malloc_growth,352,65536,18926.000000,16,0,2
malloc_growth,353,65536,18685.000000,16,0,2
malloc_growth,354,65536,19687.000000,16,0,2
malloc_growth,355,65536,19747.000000,16,0,2
malloc_growth,356,65536,18675.000000,16,0,2
malloc_growth,357,65536,19827.000000,16,0,2
malloc_growth,358,65536,18535.000000,16,0,2
malloc_growth,359,65536,18736.000000,16,0,2
malloc_growth,360,65536,19648.000000,16,0,2
malloc_growth,361,65536,19016.000000,16,0,2
malloc_growth,362,65536,18885.000000,16,0,2
malloc_growth,363,65536,19436.000000,16,0,2
malloc_growth,364,65536,18395.000000,16,0,2
malloc_growth,365,65536,18816.000000,16,0,2
malloc_growth,366,65536,20569.000000,16,0,2
malloc_growth,367,65536,19126.000000,16,0,2
malloc_growth,368,65536,19417.000000,16,0,2
malloc_growth,369,65536,20569.000000,16,0,2
malloc_growth,370,65536,22623.000000,16,0,2
malloc_growth,371,65536,20378.000000,16,0,2
malloc_growth,372,65536,20138.000000,16,0,2
malloc_growth,373,65536,19166.000000,16,0,2
malloc_growth,374,65536,18635.000000,16,0,2
malloc_growth,375,65536,19747.000000,16,0,2
malloc_growth,376,65536,18636.000000,16,0,2
malloc_growth,377,65536,19657.000000,16,0,2
malloc_growth,378,65536,18485.000000,16,0,2
malloc_growth,379,65536,18625.000000,16,0,2
malloc_growth,380,65536,19597.000000,16,0,2
malloc_growth,381,65536,21129.000000,16,0,2
malloc_growth,382,65536,25748.000000,16,0,2
malloc_growth,383,65536,21150.000000,16,0,2
malloc_growth,384,65536,19488.000000,16,0,2
malloc_growth,385,65536,19366.000000,16,0,2
malloc_growth,386,65536,19266.000000,16,0,2
malloc_growth,387,65536,18895.000000,16,0,2
malloc_growth,388,65536,18795.000000,16,0,2
malloc_growth,389,65536,19617.000000,16,0,2
malloc_growth,390,65536,18705.000000,16,0,2
malloc_growth,391,65536,18955.000000,16,0,2
malloc_growth,392,65536,25640.000000,16,0,2
malloc_growth,393,65536,18876.000000,16,0,2
malloc_growth,394,65536,18365.000000,16,0,2
malloc_growth,395,65536,26029.000000,16,0,2
malloc_growth,396,65536,20498.000000,16,0,2
malloc_growth,397,65536,18625.000000,16,0,2
malloc_growth,398,65536,20639.000000,16,0,2
malloc_growth,399,65536,18524.000000,16,0,2
malloc_growth,400,65536,18887.000000,16,0,2
malloc_growth,401,65536,19267.000000,16,0,2
malloc_growth,402,65536,19357.000000,16,0,2
malloc_growth,403,65536,20709.000000,16,0,2
malloc_growth,404,65536,19988.000000,16,0,2
malloc_growth,405,65536,18825.000000,16,0,2
malloc_growth,406,65536,18645.000000,16,0,2
malloc_growth,407,65536,19697.000000,16,0,2
malloc_growth,408,65536,18755.000000,16,0,2
malloc_growth,409,65536,18285.000000,16,0,2
malloc_growth,410,65536,19366.000000,16,0,2
malloc_growth,411,65536,18405.000000,16,0,2
malloc_growth,412,65536,18675.000000,16,0,2
malloc_growth,413,65536,20869.000000,16,0,2
malloc_growth,414,65536,19547.000000,16,0,2
malloc_growth,415,65536,18535.000000,16,0,2
malloc_growth,416,65536,18915.000000,16,0,2
malloc_growth,417,65536,18896.000000,16,0,2
malloc_growth,418,65536,22744.000000,16,0,2
malloc_growth,419,65536,18725.000000,16,0,2
malloc_growth,420,65536,24446.000000,16,0,2
malloc_growth,421,65536,25158.000000,16,0,2
malloc_growth,422,65536,24546.000000,16,0,2
malloc_growth,423,65536,39303.000000,16,0,2
malloc_growth,424,65536,38493.000000,16,0,2
malloc_growth,425,65536,26870.000000,16,0,2
malloc_growth,426,65536,44233.000000,16,0,2
malloc_growth,427,65536,32000.000000,16,0,2
malloc_growth,428,65536,24596.000000,16,0,2
malloc_growth,429,65536,25118.000000,16,0,2
malloc_growth,430,65536,28434.000000,16,0,2
malloc_growth,431,65536,27542.000000,16,0,2
malloc_growth,432,65536,29496.000000,16,0,2
malloc_growth,433,65536,27572.000000,16,0,2
malloc_growth,434,65536,24857.000000,16,0,2
malloc_growth,435,65536,25719.000000,16,0,2
malloc_growth,436,65536,29085.000000,16,0,2
malloc_growth,437,65536,27622.000000,16,0,2
malloc_growth,438,65536,28434.000000,16,0,2
malloc_growth,439,65536,28814.000000,16,0,2
malloc_growth,440,65536,28323.000000,16,0,2
malloc_growth,441,65536,27934.000000,16,0,2
malloc_growth,442,65536,30657.000000,16,0,2
malloc_growth,443,65536,28704.000000,16,0,2
malloc_growth,444,65536,42089.000000,16,0,2
malloc_growth,445,65536,29415.000000,16,0,2
malloc_growth,446,65536,26360.000000,16,0,2
malloc_growth,447,65536,24957.000000,16,0,2
malloc_growth,448,65536,26810.000000,16,0,2
malloc_growth,449,65536,25217.000000,16,0,2
malloc_growth,450,65536,27281.000000,16,0,2
malloc_growth,451,65536,27812.000000,16,0,2
malloc_growth,452,65536,26971.000000,16,0,2
malloc_growth,453,65536,26269.000000,16,0,2
malloc_growth,454,65536,26499.000000,16,0,2
malloc_growth,455,65536,26390.000000,16,0,2
malloc_growth,456,65536,25448.000000,16,0,2
malloc_growth,457,65536,30307.000000,16,0,2
malloc_growth,458,65536,42571.000000,16,0,2
malloc_growth,459,65536,28454.000000,16,0,2
malloc_growth,460,65536,29365.000000,16,0,2
malloc_growth,461,65536,27872.000000,16,0,2
malloc_growth,462,65536,20368.000000,16,0,2
malloc_growth,463,65536,18976.000000,16,0,2
malloc_growth,464,65536,18346.000000,16,0,2
malloc_growth,465,65536,19968.000000,16,0,2
malloc_growth,466,65536,18364.000000,16,0,2
malloc_growth,467,65536,18384.000000,16,0,2
malloc_growth,468,65536,19667.000000,16,0,2
malloc_growth,469,65536,19286.000000,16,0,2
malloc_growth,470,65536,19527.000000,16,0,2
malloc_growth,471,65536,21149.000000,16,0,2
malloc_growth,472,65536,19438.000000,16,0,2
malloc_growth,473,65536,18605.000000,16,0,2
malloc_growth,474,65536,19727.000000,16,0,2
malloc_growth,475,65536,18695.000000,16,0,2
malloc_growth,476,65536,18485.000000,16,0,2
malloc_growth,477,65536,20037.000000,16,0,2
malloc_growth,478,65536,18715.000000,16,0,2
malloc_growth,479,65536,18635.000000,16,0,2
malloc_growth,480,65536,19226.000000,16,0,2
malloc_growth,481,65536,19017.000000,16,0,2
malloc_growth,482,65536,18635.000000,16,0,2
malloc_growth,483,65536,19226.000000,16,0,2
malloc_growth,484,65536,19106.000000,16,0,2
malloc_growth,485,65536,18735.000000,16,0,2
malloc_growth,486,65536,19988.000000,16,0,2
malloc_growth,487,65536,19947.000000,16,0,2
malloc_growth,488,65536,19506.000000,16,0,2
malloc_growth,489,65536,19607.000000,16,0,2
malloc_growth,490,65536,18756.000000,16,0,2
malloc_growth,491,65536,18876.000000,16,0,2
malloc_growth,492,65536,20299.000000,16,0,2
malloc_growth,493,65536,19607.000000,16,0,2
malloc_growth,494,65536,18946.000000,16,0,2
malloc_growth,495,65536,27402.000000,16,0,2
malloc_growth,496,65536,18625.000000,16,0,2
malloc_growth,497,65536,18344.000000,16,0,2
malloc_growth,498,65536,19477.000000,16,0,2
malloc_growth,499,65536,18034.000000,16,0,2
malloc_growth,500,65536,18695.000000,16,0,2
malloc_growth,501,65536,20228.000000,16,0,2
malloc_growth,502,65536,19056.000000,16,0,2
malloc_growth,503,65536,18144.000000,16,0,2
malloc_growth,504,65536,35817.000000,16,0,2
malloc_growth,505,65536,18364.000000,16,0,2
malloc_growth,506,65536,19958.000000,16,0,2
malloc_growth,507,65536,20018.000000,16,0,2
malloc_growth,508,65536,19206.000000,16,0,2
malloc_growth,509,65536,20258.000000,16,0,2
malloc_growth,510,65536,18344.000000,16,0,2
malloc_growth,511,65536,18625.000000,16,0,2
first_touch,0,65536,21982.000000,19,0,2
first_touch,1,65536,25468.000000,16,0,2
first_touch,2,65536,25528.000000,16,0,2
first_touch,3,65536,19467.000000,16,0,2
first_touch,4,65536,19226.000000,16,0,2
first_touch,5,65536,21871.000000,16,0,2
first_touch,6,65536,25528.000000,16,0,2
first_touch,7,65536,18595.000000,16,0,2
first_touch,8,65536,18144.000000,16,0,2
first_touch,9,65536,18545.000000,16,0,2
first_touch,10,65536,18235.000000,16,0,2
first_touch,11,65536,23795.000000,16,0,2
first_touch,12,65536,19537.000000,16,0,2
first_touch,13,65536,18685.000000,16,0,2
first_touch,14,65536,17994.000000,16,0,2
first_touch,15,65536,18846.000000,16,0,2
first_touch,16,65536,18204.000000,16,0,2
first_touch,17,65536,54772.000000,16,0,2
first_touch,18,65536,25939.000000,16,0,2
first_touch,19,65536,18555.000000,16,0,2
first_touch,20,65536,20107.000000,16,0,2
first_touch,21,65536,18536.000000,16,0,2
first_touch,22,65536,22252.000000,16,0,2
first_touch,23,65536,23414.000000,16,0,2
first_touch,24,65536,18866.000000,16,0,2
first_touch,25,65536,18836.000000,16,0,2
first_touch,26,65536,18464.000000,16,0,2
first_touch,27,65536,18705.000000,16,0,2
first_touch,28,65536,18334.000000,16,0,2
first_touch,29,65536,18615.000000,16,0,2
first_touch,30,65536,25139.000000,16,0,2
first_touch,31,65536,21180.000000,16,0,2
first_touch,32,65536,52528.000000,16,0,2
first_touch,33,65536,29876.000000,16,0,2
first_touch,34,65536,37982.000000,16,0,2
first_touch,35,65536,19878.000000,16,0,2
first_touch,36,65536,18414.000000,16,0,2
first_touch,37,65536,18715.000000,16,0,2
first_touch,38,65536,18395.000000,16,0,2
first_touch,39,65536,18866.000000,16,0,2
first_touch,40,65536,24626.000000,16,0,2
first_touch,41,65536,20078.000000,16,0,2
first_touch,42,65536,18445.000000,16,0,2
first_touch,43,65536,18235.000000,16,0,2
first_touch,44,65536,18364.000000,16,0,2
first_touch,45,65536,21119.000000,16,0,2
first_touch,46,65536,22171.000000,16,0,2
first_touch,47,65536,18615.000000,16,0,2
first_touch,48,65536,18093.000000,16,0,2
first_touch,49,65536,27532.000000,16,0,2
first_touch,50,65536,29656.000000,16,0,2
first_touch,51,65536,18085.000000,16,0,2
first_touch,52,65536,22803.000000,16,0,2
first_touch,53,65536,21921.000000,16,0,2
first_touch,54,65536,25889.000000,16,0,2
first_touch,55,65536,19016.000000,16,0,2
first_touch,56,65536,18445.000000,16,0,2
first_touch,57,65536,40085.000000,16,0,2
first_touch,58,65536,18356.000000,16,0,2
first_touch,59,65536,18274.000000,16,0,2
first_touch,60,65536,17953.000000,16,0,2
first_touch,61,65536,18765.000000,16,0,2
first_touch,62,65536,18976.000000,16,0,2
first_touch,63,65536,18475.000000,16,0,2
first_touch,64,65536,22943.000000,16,0,2
first_touch,65,65536,24165.000000,16,0,2
first_touch,66,65536,22864.000000,16,0,2
first_touch,67,65536,22482.000000,16,0,2
first_touch,68,65536,18514.000000,16,0,2
first_touch,69,65536,19607.000000,16,0,2
first_touch,70,65536,24856.000000,16,0,2
first_touch,71,65536,19136.000000,16,0,2
first_touch,72,65536,18424.000000,16,0,2
first_touch,73,65536,18975.000000,16,0,2
first_touch,74,65536,18476.000000,16,0,2
first_touch,75,65536,18826.000000,16,0,2
first_touch,76,65536,18725.000000,16,0,2
first_touch,77,65536,21060.000000,16,0,2
first_touch,78,65536,24436.000000,16,0,2
first_touch,79,65536,20469.000000,16,0,2
first_touch,80,65536,19737.000000,16,0,2
first_touch,81,65536,20799.000000,16,0,2
first_touch,82,65536,21942.000000,16,0,2
first_touch,83,65536,26109.000000,16,0,2
first_touch,84,65536,26149.000000,16,0,2
first_touch,85,65536,19216.000000,16,0,2
first_touch,86,65536,18565.000000,16,0,2
first_touch,87,65536,18915.000000,16,0,2
first_touch,88,65536,18194.000000,16,0,2
first_touch,89,65536,18866.000000,16,0,2
first_touch,90,65536,25379.000000,16,0,2
first_touch,91,65536,20638.000000,16,0,2
first_touch,92,65536,18255.000000,16,0,2
first_touch,93,65536,19677.000000,16,0,2
first_touch,94,65536,18365.000000,16,0,2
first_touch,95,65536,20819.000000,16,0,2
first_touch,96,65536,24156.000000,16,0,2
first_touch,97,65536,17974.000000,16,0,2
first_touch,98,65536,18596.000000,16,0,2
first_touch,99,65536,18355.000000,16,0,2
first_touch,100,65536,18776.000000,16,0,2
first_touch,101,65536,40415.000000,16,0,2
first_touch,102,65536,25918.000000,16,0,2
first_touch,103,65536,18476.000000,16,0,2
first_touch,104,65536,37520.000000,16,0,2
first_touch,105,65536,19256.000000,16,0,2
first_touch,106,65536,18334.000000,16,0,2
first_touch,107,65536,18885.000000,16,0,2
first_touch,108,65536,18365.000000,16,0,2
first_touch,109,65536,18204.000000,16,0,2
first_touch,110,65536,19116.000000,16,0,2
first_touch,111,65536,21281.000000,16,0,2
first_touch,112,65536,22151.000000,16,0,2
first_touch,113,65536,18945.000000,16,0,2
first_touch,114,65536,18885.000000,16,0,2
first_touch,115,65536,25869.000000,16,0,2
first_touch,116,65536,25809.000000,16,0,2
first_touch,117,65536,20729.000000,16,0,2
first_touch,118,65536,19316.000000,16,0,2
first_touch,119,65536,18496.000000,16,0,2
first_touch,120,65536,18365.000000,16,0,2
first_touch,121,65536,17753.000000,16,0,2
first_touch,122,65536,19546.000000,16,0,2
first_touch,123,65536,18635.000000,16,0,2
first_touch,124,65536,25097.000000,16,0,2
first_touch,125,65536,20428.000000,16,0,2
first_touch,126,65536,18825.000000,16,0,2
first_touch,127,65536,18495.000000,16,0,2
first_touch,128,65536,19728.000000,16,0,2
first_touch,129,65536,20599.000000,16,0,2
first_touch,130,65536,23674.000000,16,0,2
first_touch,131,65536,18254.000000,16,0,2
first_touch,132,65536,18384.000000,16,0,2
first_touch,133,65536,25818.000000,16,0,2
first_touch,134,65536,20959.000000,16,0,2
first_touch,135,65536,18084.000000,16,0,2
first_touch,136,65536,17925.000000,16,0,2
first_touch,137,65536,27311.000000,16,0,2
first_touch,138,65536,18906.000000,16,0,2
first_touch,139,65536,18063.000000,16,0,2
first_touch,140,65536,18835.000000,16,0,2
first_touch,141,65536,18094.000000,16,0,2
first_touch,142,65536,21781.000000,16,0,2
first_touch,143,65536,31690.000000,16,0,2
first_touch,144,65536,18285.000000,16,0,2
first_touch,145,65536,18986.000000,16,0,2
first_touch,146,65536,25317.000000,16,0,2
first_touch,147,65536,22732.000000,16,0,2
first_touch,148,65536,21901.000000,16,0,2
first_touch,149,65536,25928.000000,16,0,2
first_touch,150,65536,29616.000000,16,0,2
first_touch,151,65536,19688.000000,16,0,2
first_touch,152,65536,18214.000000,16,0,2
first_touch,153,65536,18475.000000,16,0,2
first_touch,154,65536,23364.000000,16,0,2
first_touch,155,65536,21670.000000,16,0,2
first_touch,156,65536,18585.000000,16,0,2
first_touch,157,65536,18936.000000,16,0,2
first_touch,158,65536,19025.000000,16,0,2
first_touch,159,65536,18035.000000,16,0,2
first_touch,160,65536,19196.000000,16,0,2
first_touch,161,65536,18084.000000,16,0,2
first_touch,162,65536,24977.000000,16,0,2
first_touch,163,65536,20809.000000,16,0,2
first_touch,164,65536,18064.000000,16,0,2
first_touch,165,65536,19857.000000,16,0,2
first_touch,166,65536,27432.000000,16,0,2
first_touch,167,65536,20990.000000,16,0,2
first_touch,168,65536,33743.000000,16,0,2
first_touch,169,65536,29124.000000,16,0,2
first_touch,170,65536,18615.000000,16,0,2
first_touch,171,65536,25167.000000,16,0,2
first_touch,172,65536,21420.000000,16,0,2
first_touch,173,65536,23845.000000,16,0,2
first_touch,174,65536,18295.000000,16,0,2
first_touch,175,65536,18625.000000,16,0,2
first_touch,176,65536,18124.000000,16,0,2
first_touch,177,65536,18284.000000,16,0,2
first_touch,178,65536,25117.000000,16,0,2
first_touch,179,65536,18915.000000,16,0,2
first_touch,180,65536,18464.000000,16,0,2
first_touch,181,65536,23725.000000,16,0,2
first_touch,182,65536,24817.000000,16,0,2
first_touch,183,65536,18144.000000,16,0,2
first_touch,184,65536,18194.000000,16,0,2
first_touch,185,65536,21651.000000,16,0,2
first_touch,186,65536,19787.000000,16,0,2
first_touch,187,65536,19597.000000,16,0,2
first_touch,188,65536,18766.000000,16,0,2
first_touch,189,65536,25838.000000,16,0,2
first_touch,190,65536,19286.000000,16,0,2
first_touch,191,65536,19026.000000,16,0,2
first_touch,192,65536,19307.000000,16,0,2
first_touch,193,65536,18144.000000,16,0,2
first_touch,194,65536,18765.000000,16,0,2
first_touch,195,65536,18254.000000,16,0,2
first_touch,196,65536,18475.000000,16,0,2
first_touch,197,65536,25838.000000,16,0,2
first_touch,198,65536,50876.000000,16,0,2
first_touch,199,65536,18415.000000,16,0,2
first_touch,200,65536,19176.000000,16,0,2
first_touch,201,65536,27291.000000,16,0,2
first_touch,202,65536,22092.000000,16,0,2
first_touch,203,65536,20860.000000,16,0,2
first_touch,204,65536,19086.000000,16,0,2
first_touch,205,65536,18705.000000,16,0,2
first_touch,206,65536,18535.000000,16,0,2
first_touch,207,65536,24345.000000,16,0,2
first_touch,208,65536,26139.000000,16,0,2
first_touch,209,65536,18785.000000,16,0,2
first_touch,210,65536,20399.000000,16,0,2
first_touch,211,65536,18554.000000,16,0,2
first_touch,212,65536,18184.000000,16,0,2
first_touch,213,65536,24245.000000,16,0,2
first_touch,214,65536,21050.000000,16,0,2
first_touch,215,65536,19026.000000,16,0,2
first_touch,216,65536,18745.000000,16,0,2
first_touch,217,65536,18024.000000,16,0,2
first_touch,218,65536,18745.000000,16,0,2
first_touch,219,65536,18256.000000,16,0,2
first_touch,220,65536,18886.000000,16,0,2
first_touch,221,65536,24056.000000,16,0,2
first_touch,222,65536,19317.000000,16,0,2
first_touch,223,65536,18385.000000,16,0,2
first_touch,224,65536,25317.000000,16,0,2
first_touch,225,65536,26309.000000,16,0,2
first_touch,226,65536,18304.000000,16,0,2
first_touch,227,65536,33384.000000,16,0,2
first_touch,228,65536,18455.000000,16,0,2
first_touch,229,65536,17864.000000,16,0,2
first_touch,230,65536,18846.000000,16,0,2
first_touch,231,65536,18785.000000,16,0,2
first_touch,232,65536,26660.000000,16,0,2
first_touch,233,65536,18595.000000,16,0,2
first_touch,234,65536,18876.000000,16,0,2
first_touch,235,65536,68829.000000,16,0,2
first_touch,236,65536,25157.000000,16,0,2
first_touch,237,65536,25778.000000,16,0,2
first_touch,238,65536,27301.000000,16,0,2
first_touch,239,65536,32291.000000,16,0,2
first_touch,240,65536,25207.000000,16,0,2
first_touch,241,65536,26580.000000,16,0,2
first_touch,242,65536,30006.000000,16,0,2
first_touch,243,65536,26189.000000,16,0,2
first_touch,244,65536,22813.000000,16,0,2
first_touch,245,65536,20940.000000,16,0,2
first_touch,246,65536,20117.000000,16,0,2
first_touch,247,65536,21640.000000,16,0,2
first_touch,248,65536,28684.000000,16,0,2
first_touch,249,65536,19657.000000,16,0,2
first_touch,250,65536,29455.000000,16,0,2
first_touch,251,65536,31099.000000,16,0,2
first_touch,252,65536,23414.000000,16,0,2
first_touch,253,65536,19717.000000,16,0,2
first_touch,254,65536,27641.000000,16,0,2
first_touch,255,65536,29736.000000,16,0,2
first_touch,256,65536,29636.000000,16,0,2
first_touch,257,65536,25819.000000,16,0,2
first_touch,258,65536,19888.000000,16,0,2
first_touch,259,65536,18685.000000,16,0,2
first_touch,260,65536,18224.000000,16,0,2
first_touch,261,65536,18004.000000,16,0,2
first_touch,262,65536,18504.000000,16,0,2
first_touch,263,65536,49623.000000,16,0,2
first_touch,264,65536,19388.000000,16,0,2
first_touch,265,65536,18534.000000,16,0,2
first_touch,266,65536,25718.000000,16,0,2
first_touch,267,65536,26920.000000,16,0,2
first_touch,268,65536,25779.000000,16,0,2
first_touch,269,65536,20830.000000,16,0,2
first_touch,270,65536,18374.000000,16,0,2
first_touch,271,65536,19387.000000,16,0,2
first_touch,272,65536,18965.000000,16,0,2
first_touch,273,65536,18725.000000,16,0,2
first_touch,274,65536,30517.000000,16,0,2
first_touch,275,65536,25919.000000,16,0,2
first_touch,276,65536,23815.000000,16,0,2
first_touch,277,65536,25818.000000,16,0,2
first_touch,278,65536,20069.000000,16,0,2
first_touch,279,65536,29145.000000,16,0,2
first_touch,280,65536,19867.000000,16,0,2
first_touch,281,65536,18614.000000,16,0,2
first_touch,282,65536,21350.000000,16,0,2
first_touch,283,65536,28844.000000,16,0,2
first_touch,284,65536,19646.000000,16,0,2
first_touch,285,65536,18174.000000,16,0,2
first_touch,286,65536,18365.000000,16,0,2
first_touch,287,65536,19416.000000,16,0,2
first_touch,288,65536,19988.000000,16,0,2
first_touch,289,65536,58600.000000,16,0,2
first_touch,290,65536,29024.000000,16,0,2
first_touch,291,65536,31640.000000,16,0,2
first_touch,292,65536,29696.000000,16,0,2
first_touch,293,65536,27201.000000,16,0,2
first_touch,294,65536,29134.000000,16,0,2
first_touch,295,65536,21540.000000,16,0,2
first_touch,296,65536,18044.000000,16,0,2
first_touch,297,65536,18715.000000,16,0,2
first_touch,298,65536,18304.000000,16,0,2
first_touch,299,65536,18073.000000,16,0,2
first_touch,300,65536,40186.000000,16,0,2
first_touch,301,65536,21651.000000,16,0,2
first_touch,302,65536,17803.000000,16,0,2
first_touch,303,65536,18535.000000,16,0,2
first_touch,304,65536,18244.000000,16,0,2
first_touch,305,65536,18115.000000,16,0,2
first_touch,306,65536,18154.000000,16,0,2
first_touch,307,65536,18575.000000,16,0,2
first_touch,308,65536,28313.000000,16,0,2
first_touch,309,65536,24846.000000,16,0,2
first_touch,310,65536,24857.000000,16,0,2
first_touch,311,65536,23564.000000,16,0,2
first_touch,312,65536,27051.000000,16,0,2
first_touch,313,65536,19176.000000,16,0,2
first_touch,314,65536,18555.000000,16,0,2
first_touch,315,65536,18756.000000,16,0,2
first_touch,316,65536,19056.000000,16,0,2
first_touch,317,65536,18515.000000,16,0,2
first_touch,318,65536,18996.000000,16,0,2
first_touch,319,65536,19487.000000,16,0,2
first_touch,320,65536,20208.000000,16,0,2
first_touch,321,65536,18956.000000,16,0,2
first_touch,322,65536,18444.000000,16,0,2
first_touch,323,65536,18715.000000,16,0,2
first_touch,324,65536,18715.000000,16,0,2
first_touch,325,65536,18455.000000,16,0,2
first_touch,326,65536,19015.000000,16,0,2
first_touch,327,65536,19226.000000,16,0,2
first_touch,328,65536,19076.000000,16,0,2
first_touch,329,65536,18666.000000,16,0,2
first_touch,330,65536,18906.000000,16,0,2
first_touch,331,65536,18365.000000,16,0,2
first_touch,332,65536,18435.000000,16,0,2
first_touch,333,65536,18996.000000,16,0,2
first_touch,334,65536,19056.000000,16,0,2
first_touch,335,65536,18525.000000,16,0,2
first_touch,336,65536,18234.000000,16,0,2
first_touch,337,65536,18154.000000,16,0,2
first_touch,338,65536,18916.000000,16,0,2
first_touch,339,65536,18525.000000,16,0,2
first_touch,340,65536,18826.000000,16,0,2
first_touch,341,65536,18555.000000,16,0,2
first_touch,342,65536,19857.000000,16,0,2
first_touch,343,65536,18615.000000,16,0,2
first_touch,344,65536,18204.000000,16,0,2
first_touch,345,65536,18224.000000,16,0,2
first_touch,346,65536,45306.000000,16,0,2
first_touch,347,65536,24426.000000,16,0,2
first_touch,348,65536,17723.000000,16,0,2
first_touch,349,65536,18354.000000,16,0,2
first_touch,350,65536,19076.000000,16,0,2
first_touch,351,65536,18474.000000,16,0,2
first_touch,352,65536,19597.000000,16,0,2
first_touch,353,65536,18124.000000,16,0,2
first_touch,354,65536,18346.000000,16,0,2
first_touch,355,65536,18205.000000,16,0,2
first_touch,356,65536,19387.000000,16,0,2
first_touch,357,65536,18595.000000,16,0,2
first_touch,358,65536,18094.000000,16,0,2
first_touch,359,65536,17884.000000,16,0,2
first_touch,360,65536,18444.000000,16,0,2
first_touch,361,65536,18485.000000,16,0,2
first_touch,362,65536,17904.000000,16,0,2
first_touch,363,65536,18686.000000,16,0,2
first_touch,364,65536,18265.000000,16,0,2
first_touch,365,65536,18765.000000,16,0,2
first_touch,366,65536,18515.000000,16,0,2
first_touch,367,65536,18365.000000,16,0,2
first_touch,368,65536,18545.000000,16,0,2
first_touch,369,65536,18144.000000,16,0,2
first_touch,370,65536,19487.000000,16,0,2
first_touch,371,65536,18454.000000,16,0,2
first_touch,372,65536,17954.000000,16,0,2
first_touch,373,65536,18465.000000,16,0,2
first_touch,374,65536,18044.000000,16,0,2
first_touch,375,65536,18925.000000,16,0,2
first_touch,376,65536,18545.000000,16,0,2
first_touch,377,65536,18164.000000,16,0,2
first_touch,378,65536,18314.000000,16,0,2
first_touch,379,65536,18735.000000,16,0,2
first_touch,380,65536,18294.000000,16,0,2
first_touch,381,65536,18747.000000,16,0,2
first_touch,382,65536,18405.000000,16,0,2
first_touch,383,65536,18265.000000,16,0,2
first_touch,384,65536,19557.000000,16,0,2
first_touch,385,65536,19397.000000,16,0,2
first_touch,386,65536,18024.000000,16,0,2
first_touch,387,65536,18635.000000,16,0,2
first_touch,388,65536,18094.000000,16,0,2
first_touch,389,65536,18625.000000,16,0,2
first_touch,390,65536,18466.000000,16,0,2
first_touch,391,65536,18574.000000,16,0,2
first_touch,392,65536,18154.000000,16,0,2
first_touch,393,65536,18454.000000,16,0,2
first_touch,394,65536,37951.000000,16,0,2
first_touch,395,65536,27942.000000,16,0,2
first_touch,396,65536,17994.000000,16,0,2
first_touch,397,65536,18215.000000,16,0,2
first_touch,398,65536,17734.000000,16,0,2
first_touch,399,65536,17914.000000,16,0,2
first_touch,400,65536,18054.000000,16,0,2
first_touch,401,65536,18815.000000,16,0,2
first_touch,402,65536,18665.000000,16,0,2
first_touch,403,65536,18635.000000,16,0,2
first_touch,404,65536,18484.000000,16,0,2
first_touch,405,65536,19035.000000,16,0,2
first_touch,406,65536,18045.000000,16,0,2
first_touch,407,65536,24175.000000,16,0,2
first_touch,408,65536,29205.000000,16,0,2
first_touch,409,65536,25879.000000,16,0,2
first_touch,410,65536,24285.000000,16,0,2
first_touch,411,65536,24966.000000,16,0,2
first_touch,412,65536,27922.000000,16,0,2
first_touch,413,65536,18596.000000,16,0,2
first_touch,414,65536,22161.000000,16,0,2
first_touch,415,65536,24967.000000,16,0,2
first_touch,416,65536,29215.000000,16,0,2
first_touch,417,65536,30477.000000,16,0,2
first_touch,418,65536,24426.000000,16,0,2
first_touch,419,65536,22463.000000,16,0,2
first_touch,420,65536,18435.000000,16,0,2
first_touch,421,65536,20840.000000,16,0,2
first_touch,422,65536,56706.000000,16,0,2
first_touch,423,65536,27000.000000,16,0,2
first_touch,424,65536,20729.000000,16,0,2
first_touch,425,65536,19547.000000,16,0,2
first_touch,426,65536,20018.000000,16,0,2
first_touch,427,65536,19927.000000,16,0,2
first_touch,428,65536,19597.000000,16,0,2
first_touch,429,65536,21159.000000,16,0,2
first_touch,430,65536,19436.000000,16,0,2
first_touch,431,65536,19376.000000,16,0,2
first_touch,432,65536,19386.000000,16,0,2
first_touch,433,65536,20108.000000,16,0,2
first_touch,434,65536,40096.000000,16,0,2
first_touch,435,65536,26529.000000,16,0,2
first_touch,436,65536,26260.000000,16,0,2
first_touch,437,65536,25267.000000,16,0,2
first_touch,438,65536,24967.000000,16,0,2
first_touch,439,65536,24376.000000,16,0,2
first_touch,440,65536,28735.000000,16,0,2
first_touch,441,65536,26109.000000,16,0,2
first_touch,442,65536,26139.000000,16,0,2
first_touch,443,65536,24786.000000,16,0,2
first_touch,444,65536,20117.000000,16,0,2
first_touch,445,65536,18785.000000,16,0,2
first_touch,446,65536,18675.000000,16,0,2
first_touch,447,65536,18445.000000,16,0,2
first_touch,448,65536,19918.000000,16,0,2
first_touch,449,65536,18715.000000,16,0,2
first_touch,450,65536,18495.000000,16,0,2
first_touch,451,65536,19577.000000,16,0,2
first_touch,452,65536,20609.000000,16,0,2
first_touch,453,65536,18675.000000,16,0,2
first_touch,454,65536,18795.000000,16,0,2
first_touch,455,65536,18575.000000,16,0,2
first_touch,456,65536,18375.000000,16,0,2
first_touch,457,65536,18355.000000,16,0,2
first_touch,458,65536,20319.000000,16,0,2
first_touch,459,65536,48441.000000,16,0,2
first_touch,460,65536,22973.000000,16,0,2
first_touch,461,65536,18234.000000,16,0,2
first_touch,462,65536,19077.000000,16,0,2
first_touch,463,65536,18876.000000,16,0,2
first_touch,464,65536,18935.000000,16,0,2
first_touch,465,65536,18625.000000,16,0,2
first_touch,466,65536,18715.000000,16,0,2
first_touch,467,65536,19286.000000,16,0,2
first_touch,468,65536,18745.000000,16,0,2
first_touch,469,65536,18264.000000,16,0,2
first_touch,470,65536,18354.000000,16,0,2
first_touch,471,65536,18456.000000,16,0,2
first_touch,472,65536,19186.000000,16,0,2
first_touch,473,65536,19937.000000,16,0,2
first_touch,474,65536,18705.000000,16,0,2
first_touch,475,65536,18444.000000,16,0,2
first_touch,476,65536,34044.000000,16,0,2
first_touch,477,65536,18555.000000,16,0,2
first_touch,478,65536,18915.000000,16,0,2
first_touch,479,65536,19317.000000,16,0,2
first_touch,480,65536,19316.000000,16,0,2
first_touch,481,65536,19046.000000,16,0,2
first_touch,482,65536,18745.000000,16,0,2
first_touch,483,65536,18796.000000,16,0,2
first_touch,484,65536,19627.000000,16,0,2
first_touch,485,65536,20448.000000,16,0,2
first_touch,486,65536,26009.000000,16,0,2
first_touch,487,65536,19237.000000,16,0,2
first_touch,488,65536,19827.000000,16,0,2
first_touch,489,65536,19707.000000,16,0,2
first_touch,490,65536,24746.000000,16,0,2
first_touch,491,65536,25868.000000,16,0,2
first_touch,492,65536,26580.000000,16,0,2
first_touch,493,65536,19958.000000,16,0,2
first_touch,494,65536,18805.000000,16,0,2
first_touch,495,65536,19236.000000,16,0,2
first_touch,496,65536,18835.000000,16,0,2
first_touch,497,65536,18905.000000,16,0,2
first_touch,498,65536,18965.000000,16,0,2
first_touch,499,65536,21009.000000,16,0,2
first_touch,500,65536,19547.000000,16,0,2
first_touch,501,65536,21650.000000,16,0,2
first_touch,502,65536,26930.000000,16,0,2
first_touch,503,65536,18716.000000,16,0,2
first_touch,504,65536,19256.000000,16,0,2
first_touch,505,65536,18324.000000,16,0,2
first_touch,506,65536,18425.000000,16,0,2
first_touch,507,65536,18355.000000,16,0,2
first_touch,508,65536,18585.000000,16,0,2
first_touch,509,65536,18434.000000,16,0,2
first_touch,510,65536,18986.000000,16,0,2
first_touch,511,65536,18646.000000,16,0,2
prefaulted,0,65536,832.000000,3,0,2
prefaulted,1,65536,311.000000,0,0,2
prefaulted,2,65536,290.000000,0,0,2
prefaulted,3,65536,310.000000,0,0,2
prefaulted,4,65536,290.000000,0,0,2
prefaulted,5,65536,311.000000,0,0,2
prefaulted,6,65536,311.000000,0,0,2
prefaulted,7,65536,301.000000,0,0,2
prefaulted,8,65536,311.000000,0,0,2
prefaulted,9,65536,401.000000,0,0,2
prefaulted,10,65536,300.000000,0,0,2
prefaulted,11,65536,311.000000,0,0,2
prefaulted,12,65536,301.000000,0,0,2
prefaulted,13,65536,291.000000,0,0,2
prefaulted,14,65536,361.000000,0,0,2
prefaulted,15,65536,280.000000,0,0,2
prefaulted,16,65536,290.000000,0,0,2
prefaulted,17,65536,280.000000,0,0,2
prefaulted,18,65536,321.000000,0,0,2
prefaulted,19,65536,301.000000,0,0,2
prefaulted,20,65536,301.000000,0,0,2
prefaulted,21,65536,311.000000,0,0,2
prefaulted,22,65536,290.000000,0,0,2
prefaulted,23,65536,300.000000,0,0,2
prefaulted,24,65536,791.000000,0,0,2
prefaulted,25,65536,271.000000,0,0,2
prefaulted,26,65536,281.000000,0,0,2
prefaulted,27,65536,340.000000,0,0,2
prefaulted,28,65536,310.000000,0,0,2
prefaulted,29,65536,280.000000,0,0,2
prefaulted,30,65536,301.000000,0,0,2
prefaulted,31,65536,301.000000,0,0,2
prefaulted,32,65536,401.000000,0,0,2
prefaulted,33,65536,301.000000,0,0,2
prefaulted,34,65536,240.000000,0,0,2
prefaulted,35,65536,250.000000,0,0,2
prefaulted,36,65536,291.000000,0,0,2
prefaulted,37,65536,231.000000,0,0,2
prefaulted,38,65536,240.000000,0,0,2
prefaulted,39,65536,231.000000,0,0,2
prefaulted,40,65536,250.000000,0,0,2
prefaulted,41,65536,390.000000,0,0,2
prefaulted,42,65536,260.000000,0,0,2
prefaulted,43,65536,531.000000,0,0,2
prefaulted,44,65536,251.000000,0,0,2
prefaulted,45,65536,250.000000,0,0,2
prefaulted,46,65536,241.000000,0,0,2
prefaulted,47,65536,241.000000,0,0,2
prefaulted,48,65536,250.000000,0,0,2
prefaulted,49,65536,261.000000,0,0,2
prefaulted,50,65536,321.000000,0,0,2
prefaulted,51,65536,311.000000,0,0,2
prefaulted,52,65536,330.000000,0,0,2
prefaulted,53,65536,310.000000,0,0,2
prefaulted,54,65536,320.000000,0,0,2
prefaulted,55,65536,310.000000,0,0,2
prefaulted,56,65536,291.000000,0,0,2
prefaulted,57,65536,291.000000,0,0,2
prefaulted,58,65536,300.000000,0,0,2
prefaulted,59,65536,310.000000,0,0,2
prefaulted,60,65536,661.000000,0,0,2
prefaulted,61,65536,301.000000,0,0,2
prefaulted,62,65536,350.000000,0,0,2
prefaulted,63,65536,320.000000,0,0,2
prefaulted,64,65536,350.000000,0,0,2
prefaulted,65,65536,561.000000,0,0,2
prefaulted,66,65536,250.000000,0,0,2
prefaulted,67,65536,251.000000,0,0,2
prefaulted,68,65536,251.000000,0,0,2
prefaulted,69,65536,381.000000,0,0,2
prefaulted,70,65536,541.000000,0,0,2
prefaulted,71,65536,240.000000,0,0,2
prefaulted,72,65536,250.000000,0,0,2
prefaulted,73,65536,241.000000,0,0,2
prefaulted,74,65536,511.000000,0,0,2
prefaulted,75,65536,231.000000,0,0,2
prefaulted,76,65536,290.000000,0,0,2
prefaulted,77,65536,250.000000,0,0,2
prefaulted,78,65536,241.000000,0,0,2
prefaulted,79,65536,260.000000,0,0,2
prefaulted,80,65536,240.000000,0,0,2
prefaulted,81,65536,291.000000,0,0,2
prefaulted,82,65536,251.000000,0,0,2
prefaulted,83,65536,230.000000,0,0,2
prefaulted,84,65536,231.000000,0,0,2
prefaulted,85,65536,281.000000,0,0,2
prefaulted,86,65536,491.000000,0,0,2
prefaulted,87,65536,260.000000,0,0,2
prefaulted,88,65536,270.000000,0,0,2
prefaulted,89,65536,241.000000,0,0,2
prefaulted,90,65536,501.000000,0,0,2
prefaulted,91,65536,531.000000,0,0,2
prefaulted,92,65536,221.000000,0,0,2
prefaulted,93,65536,240.000000,0,0,2
prefaulted,94,65536,501.000000,0,0,2
prefaulted,95,65536,240.000000,0,0,2
prefaulted,96,65536,341.000000,0,0,2
prefaulted,97,65536,351.000000,0,0,2
prefaulted,98,65536,250.000000,0,0,2
prefaulted,99,65536,250.000000,0,0,2
prefaulted,100,65536,241.000000,0,0,2
prefaulted,101,65536,241.000000,0,0,2
prefaulted,102,65536,230.000000,0,0,2
prefaulted,103,65536,230.000000,0,0,2
prefaulted,104,65536,221.000000,0,0,2
prefaulted,105,65536,250.000000,0,0,2
prefaulted,106,65536,241.000000,0,0,2
prefaulted,107,65536,240.000000,0,0,2
prefaulted,108,65536,230.000000,0,0,2
prefaulted,109,65536,612.000000,0,0,2
prefaulted,110,65536,551.000000,0,0,2
prefaulted,111,65536,251.000000,0,0,2
prefaulted,112,65536,250.000000,0,0,2
prefaulted,113,65536,251.000000,0,0,2
prefaulted,114,65536,551.000000,0,0,2
prefaulted,115,65536,291.000000,0,0,2
prefaulted,116,65536,291.000000,0,0,2
prefaulted,117,65536,300.000000,0,0,2
prefaulted,118,65536,300.000000,0,0,2
prefaulted,119,65536,642.000000,0,0,2
prefaulted,120,65536,290.000000,0,0,2
prefaulted,121,65536,290.000000,0,0,2
prefaulted,122,65536,311.000000,0,0,2
prefaulted,123,65536,301.000000,0,0,2
prefaulted,124,65536,582.000000,0,0,2
prefaulted,125,65536,291.000000,0,0,2
prefaulted,126,65536,361.000000,0,0,2
prefaulted,127,65536,291.000000,0,0,2
prefaulted,128,65536,381.000000,0,0,2
prefaulted,129,65536,611.000000,0,0,2
prefaulted,130,65536,241.000000,0,0,2
prefaulted,131,65536,240.000000,0,0,2
prefaulted,132,65536,291.000000,0,0,2
prefaulted,133,65536,271.000000,0,0,2
prefaulted,134,65536,260.000000,0,0,2
prefaulted,135,65536,250.000000,0,0,2
prefaulted,136,65536,291.000000,0,0,2
prefaulted,137,65536,251.000000,0,0,2
prefaulted,138,65536,250.000000,0,0,2
prefaulted,139,65536,271.000000,0,0,2
prefaulted,140,65536,331.000000,0,0,2
prefaulted,141,65536,541.000000,0,0,2
prefaulted,142,65536,231.000000,0,0,2
prefaulted,143,65536,270.000000,0,0,2
prefaulted,144,65536,281.000000,0,0,2
prefaulted,145,65536,241.000000,0,0,2
prefaulted,146,65536,240.000000,0,0,2
prefaulted,147,65536,260.000000,0,0,2
prefaulted,148,65536,531.000000,0,0,2
prefaulted,149,65536,220.000000,0,0,2
prefaulted,150,65536,241.000000,0,0,2
prefaulted,151,65536,231.000000,0,0,2
prefaulted,152,65536,240.000000,0,0,2
prefaulted,153,65536,231.000000,0,0,2
prefaulted,154,65536,241.000000,0,0,2
prefaulted,155,65536,240.000000,0,0,2
prefaulted,156,65536,241.000000,0,0,2
prefaulted,157,65536,231.000000,0,0,2
prefaulted,158,65536,250.000000,0,0,2
prefaulted,159,65536,331.000000,0,0,2
prefaulted,160,65536,651.000000,0,0,2
prefaulted,161,65536,270.000000,0,0,2
prefaulted,162,65536,231.000000,0,0,2
prefaulted,163,65536,261.000000,0,0,2
prefaulted,164,65536,471.000000,0,0,2
prefaulted,165,65536,240.000000,0,0,2
prefaulted,166,65536,220.000000,0,0,2
prefaulted,167,65536,241.000000,0,0,2
prefaulted,168,65536,270.000000,0,0,2
prefaulted,169,65536,240.000000,0,0,2
prefaulted,170,65536,291.000000,0,0,2
prefaulted,171,65536,441.000000,0,0,2
prefaulted,172,65536,250.000000,0,0,2
prefaulted,173,65536,240.000000,0,0,2
prefaulted,174,65536,261.000000,0,0,2
prefaulted,175,65536,240.000000,0,0,2
prefaulted,176,65536,551.000000,0,0,2
prefaulted,177,65536,240.000000,0,0,2
prefaulted,178,65536,270.000000,0,0,2
prefaulted,179,65536,261.000000,0,0,2
prefaulted,180,65536,331.000000,0,0,2
prefaulted,181,65536,240.000000,0,0,2
prefaulted,182,65536,230.000000,0,0,2
prefaulted,183,65536,271.000000,0,0,2
prefaulted,184,65536,230.000000,0,0,2
prefaulted,185,65536,240.000000,0,0,2
prefaulted,186,65536,251.000000,0,0,2
prefaulted,187,65536,231.000000,0,0,2
prefaulted,188,65536,240.000000,0,0,2
prefaulted,189,65536,231.000000,0,0,2
prefaulted,190,65536,281.000000,0,0,2
prefaulted,191,65536,240.000000,0,0,2
prefaulted,192,65536,602.000000,0,0,2
prefaulted,193,65536,310.000000,0,0,2
prefaulted,194,65536,260.000000,0,0,2
prefaulted,195,65536,241.000000,0,0,2
prefaulted,196,65536,170.000000,0,0,2
prefaulted,197,65536,220.000000,0,0,2
prefaulted,198,65536,251.000000,0,0,2
prefaulted,199,65536,301.000000,0,0,2
prefaulted,200,65536,541.000000,0,0,2
prefaulted,201,65536,321.000000,0,0,2
prefaulted,202,65536,311.000000,0,0,2
prefaulted,203,65536,330.000000,0,0,2
prefaulted,204,65536,310.000000,0,0,2
prefaulted,205,65536,581.000000,0,0,2
prefaulted,206,65536,280.000000,0,0,2
prefaulted,207,65536,290.000000,0,0,2
prefaulted,208,65536,291.000000,0,0,2
prefaulted,209,65536,301.000000,0,0,2
prefaulted,210,65536,291.000000,0,0,2
prefaulted,211,65536,310.000000,0,0,2
prefaulted,212,65536,280.000000,0,0,2
prefaulted,213,65536,311.000000,0,0,2
prefaulted,214,65536,301.000000,0,0,2
prefaulted,215,65536,291.000000,0,0,2
prefaulted,216,65536,290.000000,0,0,2
prefaulted,217,65536,310.000000,0,0,2
prefaulted,218,65536,341.000000,0,0,2
prefaulted,219,65536,361.000000,0,0,2
prefaulted,220,65536,341.000000,0,0,2
prefaulted,221,65536,301.000000,0,0,2
prefaulted,222,65536,531.000000,0,0,2
prefaulted,223,65536,301.000000,0,0,2
prefaulted,224,65536,340.000000,0,0,2
prefaulted,225,65536,270.000000,0,0,2
prefaulted,226,65536,311.000000,0,0,2
prefaulted,227,65536,431.000000,0,0,2
prefaulted,228,65536,241.000000,0,0,2
prefaulted,229,65536,230.000000,0,0,2
prefaulted,230,65536,240.000000,0,0,2
prefaulted,231,65536,531.000000,0,0,2
prefaulted,232,65536,231.000000,0,0,2
prefaulted,233,65536,241.000000,0,0,2
prefaulted,234,65536,261.000000,0,0,2
prefaulted,235,65536,230.000000,0,0,2
prefaulted,236,65536,270.000000,0,0,2
prefaulted,237,65536,241.000000,0,0,2
prefaulted,238,65536,230.000000,0,0,2
prefaulted,239,65536,230.000000,0,0,2
prefaulted,240,65536,231.000000,0,0,2
prefaulted,241,65536,331.000000,0,0,2
prefaulted,242,65536,250.000000,0,0,2
prefaulted,243,65536,280.000000,0,0,2
prefaulted,244,65536,291.000000,0,0,2
prefaulted,245,65536,331.000000,0,0,2
prefaulted,246,65536,391.000000,0,0,2
prefaulted,247,65536,301.000000,0,0,2
prefaulted,248,65536,311.000000,0,0,2
prefaulted,249,65536,301.000000,0,0,2
prefaulted,250,65536,321.000000,0,0,2
prefaulted,251,65536,280.000000,0,0,2
prefaulted,252,65536,300.000000,0,0,2
prefaulted,253,65536,311.000000,0,0,2
prefaulted,254,65536,271.000000,0,0,2
prefaulted,255,65536,300.000000,0,0,2
prefaulted,256,65536,360.000000,0,0,2
prefaulted,257,65536,421.000000,0,0,2
prefaulted,258,65536,291.000000,0,0,2
prefaulted,259,65536,261.000000,0,0,2
prefaulted,260,65536,270.000000,0,0,2
prefaulted,261,65536,521.000000,0,0,2
prefaulted,262,65536,511.000000,0,0,2
prefaulted,263,65536,260.000000,0,0,2
prefaulted,264,65536,240.000000,0,0,2
prefaulted,265,65536,251.000000,0,0,2
prefaulted,266,65536,591.000000,0,0,2
prefaulted,267,65536,441.000000,0,0,2
prefaulted,268,65536,271.000000,0,0,2
prefaulted,269,65536,261.000000,0,0,2
prefaulted,270,65536,240.000000,0,0,2
prefaulted,271,65536,501.000000,0,0,2
prefaulted,272,65536,240.000000,0,0,2
prefaulted,273,65536,231.000000,0,0,2
prefaulted,274,65536,250.000000,0,0,2
prefaulted,275,65536,260.000000,0,0,2
prefaulted,276,65536,251.000000,0,0,2
prefaulted,277,65536,260.000000,0,0,2
prefaulted,278,65536,511.000000,0,0,2
prefaulted,279,65536,240.000000,0,0,2
prefaulted,280,65536,230.000000,0,0,2
prefaulted,281,65536,241.000000,0,0,2
prefaulted,282,65536,280.000000,0,0,2
prefaulted,283,65536,320.000000,0,0,2
prefaulted,284,65536,221.000000,0,0,2
prefaulted,285,65536,271.000000,0,0,2
prefaulted,286,65536,280.000000,0,0,2
prefaulted,287,65536,360.000000,0,0,2
prefaulted,288,65536,401.000000,0,0,2
prefaulted,289,65536,331.000000,0,0,2
prefaulted,290,65536,261.000000,0,0,2
prefaulted,291,65536,250.000000,0,0,2
prefaulted,292,65536,250.000000,0,0,2
prefaulted,293,65536,251.000000,0,0,2
prefaulted,294,65536,291.000000,0,0,2
prefaulted,295,65536,220.000000,0,0,2
prefaulted,296,65536,230.000000,0,0,2
prefaulted,297,65536,231.000000,0,0,2
prefaulted,298,65536,330.000000,0,0,2
prefaulted,299,65536,240.000000,0,0,2
prefaulted,300,65536,231.000000,0,0,2
prefaulted,301,65536,260.000000,0,0,2
prefaulted,302,65536,390.000000,0,0,2
prefaulted,303,65536,221.000000,0,0,2
prefaulted,304,65536,261.000000,0,0,2
prefaulted,305,65536,240.000000,0,0,2
prefaulted,306,65536,231.000000,0,0,2
prefaulted,307,65536,321.000000,0,0,2
prefaulted,308,65536,341.000000,0,0,2
prefaulted,309,65536,310.000000,0,0,2
prefaulted,310,65536,300.000000,0,0,2
prefaulted,311,65536,290.000000,0,0,2
prefaulted,312,65536,301.000000,0,0,2
prefaulted,313,65536,291.000000,0,0,2
prefaulted,314,65536,451.000000,0,0,2
prefaulted,315,65536,331.000000,0,0,2
prefaulted,316,65536,300.000000,0,0,2
prefaulted,317,65536,310.000000,0,0,2
prefaulted,318,65536,361.000000,0,0,2
prefaulted,319,65536,381.000000,0,0,2
prefaulted,320,65536,361.000000,0,0,2
prefaulted,321,65536,311.000000,0,0,2
prefaulted,322,65536,240.000000,0,0,2
prefaulted,323,65536,290.000000,0,0,2
prefaulted,324,65536,551.000000,0,0,2
prefaulted,325,65536,280.000000,0,0,2
prefaulted,326,65536,251.000000,0,0,2
prefaulted,327,65536,230.000000,0,0,2
prefaulted,328,65536,551.000000,0,0,2
prefaulted,329,65536,240.000000,0,0,2
prefaulted,330,65536,250.000000,0,0,2
prefaulted,331,65536,241.000000,0,0,2
prefaulted,332,65536,240.000000,0,0,2
prefaulted,333,65536,270.000000,0,0,2
prefaulted,334,65536,251.000000,0,0,2
prefaulted,335,65536,260.000000,0,0,2
prefaulted,336,65536,260.000000,0,0,2
prefaulted,337,65536,241.000000,0,0,2
prefaulted,338,65536,220.000000,0,0,2
prefaulted,339,65536,250.000000,0,0,2
prefaulted,340,65536,581.000000,0,0,2
prefaulted,341,65536,240.000000,0,0,2
prefaulted,342,65536,241.000000,0,0,2
prefaulted,343,65536,240.000000,0,0,2
prefaulted,344,65536,531.000000,0,0,2
prefaulted,345,65536,461.000000,0,0,2
prefaulted,346,65536,231.000000,0,0,2
prefaulted,347,65536,240.000000,0,0,2
prefaulted,348,65536,220.000000,0,0,2
prefaulted,349,65536,251.000000,0,0,2
prefaulted,350,65536,251.000000,0,0,2
prefaulted,351,65536,230.000000,0,0,2
prefaulted,352,65536,340.000000,0,0,2
prefaulted,353,65536,281.000000,0,0,2
prefaulted,354,65536,221.000000,0,0,2
prefaulted,355,65536,300.000000,0,0,2
prefaulted,356,65536,230.000000,0,0,2
prefaulted,357,65536,241.000000,0,0,2
prefaulted,358,65536,300.000000,0,0,2
prefaulted,359,65536,471.000000,0,0,2
prefaulted,360,65536,230.000000,0,0,2
prefaulted,361,65536,231.000000,0,0,2
prefaulted,362,65536,291.000000,0,0,2
prefaulted,363,65536,241.000000,0,0,2
prefaulted,364,65536,250.000000,0,0,2
prefaulted,365,65536,260.000000,0,0,2
prefaulted,366,65536,231.000000,0,0,2
prefaulted,367,65536,230.000000,0,0,2
prefaulted,368,65536,240.000000,0,0,2
prefaulted,369,65536,221.000000,0,0,2
prefaulted,370,65536,240.000000,0,0,2
prefaulted,371,65536,270.000000,0,0,2
prefaulted,372,65536,231.000000,0,0,2
prefaulted,373,65536,240.000000,0,0,2
prefaulted,374,65536,240.000000,0,0,2
prefaulted,375,65536,261.000000,0,0,2
prefaulted,376,65536,230.000000,0,0,2
prefaulted,377,65536,280.000000,0,0,2
prefaulted,378,65536,241.000000,0,0,2
prefaulted,379,65536,220.000000,0,0,2
prefaulted,380,65536,250.000000,0,0,2
prefaulted,381,65536,231.000000,0,0,2
prefaulted,382,65536,280.000000,0,0,2
prefaulted,383,65536,270.000000,0,0,2
prefaulted,384,65536,331.000000,0,0,2
prefaulted,385,65536,311.000000,0,0,2
prefaulted,386,65536,231.000000,0,0,2
prefaulted,387,65536,240.000000,0,0,2
prefaulted,388,65536,231.000000,0,0,2
prefaulted,389,65536,261.000000,0,0,2
prefaulted,390,65536,240.000000,0,0,2
prefaulted,391,65536,261.000000,0,0,2
prefaulted,392,65536,491.000000,0,0,2
prefaulted,393,65536,251.000000,0,0,2
prefaulted,394,65536,261.000000,0,0,2
prefaulted,395,65536,230.000000,0,0,2
prefaulted,396,65536,440.000000,0,0,2
prefaulted,397,65536,230.000000,0,0,2
prefaulted,398,65536,251.000000,0,0,2
prefaulted,399,65536,260.000000,0,0,2
prefaulted,400,65536,291.000000,0,0,2
prefaulted,401,65536,230.000000,0,0,2
prefaulted,402,65536,250.000000,0,0,2
prefaulted,403,65536,241.000000,0,0,2
prefaulted,404,65536,220.000000,0,0,2
prefaulted,405,65536,251.000000,0,0,2
prefaulted,406,65536,251.000000,0,0,2
prefaulted,407,65536,501.000000,0,0,2
prefaulted,408,65536,261.000000,0,0,2
prefaulted,409,65536,240.000000,0,0,2
prefaulted,410,65536,231.000000,0,0,2
prefaulted,411,65536,471.000000,0,0,2
prefaulted,412,65536,231.000000,0,0,2
prefaulted,413,65536,250.000000,0,0,2
prefaulted,414,65536,231.000000,0,0,2
prefaulted,415,65536,321.000000,0,0,2
prefaulted,416,65536,341.000000,0,0,2
prefaulted,417,65536,290.000000,0,0,2
prefaulted,418,65536,250.000000,0,0,2
prefaulted,419,65536,251.000000,0,0,2
prefaulted,420,65536,220.000000,0,0,2
prefaulted,421,65536,280.000000,0,0,2
prefaulted,422,65536,291.000000,0,0,2
prefaulted,423,65536,531.000000,0,0,2
prefaulted,424,65536,261.000000,0,0,2
prefaulted,425,65536,240.000000,0,0,2
prefaulted,426,65536,230.000000,0,0,2
prefaulted,427,65536,341.000000,0,0,2
prefaulted,428,65536,271.000000,0,0,2
prefaulted,429,65536,230.000000,0,0,2
prefaulted,430,65536,280.000000,0,0,2
prefaulted,431,65536,261.000000,0,0,2
prefaulted,432,65536,241.000000,0,0,2
prefaulted,433,65536,240.000000,0,0,2
prefaulted,434,65536,231.000000,0,0,2
prefaulted,435,65536,240.000000,0,0,2
prefaulted,436,65536,240.000000,0,0,2
prefaulted,437,65536,241.000000,0,0,2
prefaulted,438,65536,220.000000,0,0,2
prefaulted,439,65536,551.000000,0,0,2
prefaulted,440,65536,250.000000,0,0,2
prefaulted,441,65536,260.000000,0,0,2
prefaulted,442,65536,280.000000,0,0,2
prefaulted,443,65536,321.000000,0,0,2
prefaulted,444,65536,231.000000,0,0,2
prefaulted,445,65536,230.000000,0,0,2
prefaulted,446,65536,221.000000,0,0,2
prefaulted,447,65536,230.000000,0,0,2
prefaulted,448,65536,340.000000,0,0,2
prefaulted,449,65536,281.000000,0,0,2
prefaulted,450,65536,241.000000,0,0,2
prefaulted,451,65536,231.000000,0,0,2
prefaulted,452,65536,270.000000,0,0,2
prefaulted,453,65536,261.000000,0,0,2
prefaulted,454,65536,221.000000,0,0,2
prefaulted,455,65536,290.000000,0,0,2
prefaulted,456,65536,230.000000,0,0,2
prefaulted,457,65536,251.000000,0,0,2
prefaulted,458,65536,551.000000,0,0,2
prefaulted,459,65536,271.000000,0,0,2
prefaulted,460,65536,270.000000,0,0,2
prefaulted,461,65536,240.000000,0,0,2
prefaulted,462,65536,471.000000,0,0,2
prefaulted,463,65536,271.000000,0,0,2
prefaulted,464,65536,291.000000,0,0,2
prefaulted,465,65536,230.000000,0,0,2
prefaulted,466,65536,280.000000,0,0,2
prefaulted,467,65536,281.000000,0,0,2
prefaulted,468,65536,331.000000,0,0,2
prefaulted,469,65536,240.000000,0,0,2
prefaulted,470,65536,252.000000,0,0,2
prefaulted,471,65536,231.000000,0,0,2
prefaulted,472,65536,270.000000,0,0,2
prefaulted,473,65536,230.000000,0,0,2
prefaulted,474,65536,421.000000,0,0,2
prefaulted,475,65536,281.000000,0,0,2
prefaulted,476,65536,250.000000,0,0,2
prefaulted,477,65536,250.000000,0,0,2
prefaulted,478,65536,581.000000,0,0,2
prefaulted,479,65536,591.000000,0,0,2
prefaulted,480,65536,371.000000,0,0,2
prefaulted,481,65536,260.000000,0,0,2
prefaulted,482,65536,260.000000,0,0,2
prefaulted,483,65536,441.000000,0,0,2
prefaulted,484,65536,581.000000,0,0,2
prefaulted,485,65536,260.000000,0,0,2
prefaulted,486,65536,231.000000,0,0,2
prefaulted,487,65536,240.000000,0,0,2
prefaulted,488,65536,441.000000,0,0,2
prefaulted,489,65536,531.000000,0,0,2
prefaulted,490,65536,261.000000,0,0,2
prefaulted,491,65536,240.000000,0,0,2
prefaulted,492,65536,251.000000,0,0,2
prefaulted,493,65536,481.000000,0,0,2
prefaulted,494,65536,251.000000,0,0,2
prefaulted,495,65536,240.000000,0,0,2
prefaulted,496,65536,260.000000,0,0,2
prefaulted,497,65536,251.000000,0,0,2
prefaulted,498,65536,271.000000,0,0,2
prefaulted,499,65536,240.000000,0,0,2
prefaulted,500,65536,251.000000,0,0,2
prefaulted,501,65536,261.000000,0,0,2
prefaulted,502,65536,260.000000,0,0,2
prefaulted,503,65536,381.000000,0,0,2
prefaulted,504,65536,561.000000,0,0,2
prefaulted,505,65536,251.000000,0,0,2
prefaulted,506,65536,230.000000,0,0,2
prefaulted,507,65536,250.000000,0,0,2
prefaulted,508,65536,511.000000,0,0,2
prefaulted,509,65536,571.000000,0,0,2
prefaulted,510,65536,310.000000,0,0,2
prefaulted,511,65536,231.000000,0,0,2
first_touch,0,65536,21181.000000,19,0,3
first_touch,1,65536,19236.000000,16,0,3
first_touch,2,65536,18715.000000,16,0,3
first_touch,3,65536,23404.000000,16,0,3
first_touch,4,65536,64661.000000,16,0,3
first_touch,5,65536,20699.000000,16,0,3
first_touch,6,65536,19457.000000,16,0,3
first_touch,7,65536,18615.000000,16,0,3
first_touch,8,65536,19287.000000,16,0,3
first_touch,9,65536,19507.000000,16,0,3
first_touch,10,65536,38552.000000,16,0,3
first_touch,11,65536,19016.000000,16,0,3
first_touch,12,65536,19526.000000,16,0,3
first_touch,13,65536,18945.000000,16,0,3
first_touch,14,65536,18585.000000,16,0,3
first_touch,15,65536,18855.000000,16,0,3
first_touch,16,65536,19376.000000,16,0,3
first_touch,17,65536,18755.000000,16,0,3
first_touch,18,65536,18625.000000,16,0,3
first_touch,19,65536,18685.000000,16,0,3
first_touch,20,65536,20248.000000,16,0,3
first_touch,21,65536,18925.000000,16,0,3
first_touch,22,65536,18566.000000,16,0,3
first_touch,23,65536,18796.000000,16,0,3
first_touch,24,65536,19036.000000,16,0,3
first_touch,25,65536,19076.000000,16,0,3
first_touch,26,65536,19035.000000,16,0,3
first_touch,27,65536,18765.000000,16,0,3
first_touch,28,65536,18925.000000,16,0,3
first_touch,29,65536,19006.000000,16,0,3
first_touch,30,65536,18775.000000,16,0,3
first_touch,31,65536,18857.000000,16,0,3
first_touch,32,65536,19597.000000,16,0,3
first_touch,33,65536,18785.000000,16,0,3
first_touch,34,65536,18374.000000,16,0,3
first_touch,35,65536,19206.000000,16,0,3
first_touch,36,65536,18755.000000,16,0,3
first_touch,37,65536,19336.000000,16,0,3
first_touch,38,65536,18334.000000,16,0,3
first_touch,39,65536,18654.000000,16,0,3
first_touch,40,65536,18706.000000,16,0,3
first_touch,41,65536,19246.000000,16,0,3
first_touch,42,65536,18474.000000,16,0,3
first_touch,43,65536,18375.000000,16,0,3
first_touch,44,65536,18325.000000,16,0,3
first_touch,45,65536,18124.000000,16,0,3
first_touch,46,65536,19076.000000,16,0,3
first_touch,47,65536,18324.000000,16,0,3
first_touch,48,65536,18344.000000,16,0,3
first_touch,49,65536,19738.000000,16,0,3
first_touch,50,65536,18094.000000,16,0,3
first_touch,51,65536,18325.000000,16,0,3
first_touch,52,65536,18836.000000,16,0,3
first_touch,53,65536,19226.000000,16,0,3
first_touch,54,65536,18495.000000,16,0,3
first_touch,55,65536,18435.000000,16,0,3
first_touch,56,65536,18434.000000,16,0,3
first_touch,57,65536,18515.000000,16,0,3
first_touch,58,65536,42479.000000,16,0,3
first_touch,59,65536,18565.000000,16,0,3
first_touch,60,65536,19175.000000,16,0,3
first_touch,61,65536,18976.000000,16,0,3
first_touch,62,65536,18485.000000,16,0,3
first_touch,63,65536,18665.000000,16,0,3
first_touch,64,65536,19987.000000,16,0,3
first_touch,65,65536,18465.000000,16,0,3
first_touch,66,65536,18505.000000,16,0,3
first_touch,67,65536,18304.000000,16,0,3
first_touch,68,65536,18404.000000,16,0,3
first_touch,69,65536,18294.000000,16,0,3
first_touch,70,65536,18635.000000,16,0,3
first_touch,71,65536,18404.000000,16,0,3
first_touch,72,65536,18645.000000,16,0,3
first_touch,73,65536,18384.000000,16,0,3
first_touch,74,65536,18876.000000,16,0,3
first_touch,75,65536,18635.000000,16,0,3
first_touch,76,65536,18455.000000,16,0,3
first_touch,77,65536,18695.000000,16,0,3
first_touch,78,65536,18906.000000,16,0,3
first_touch,79,65536,19838.000000,16,0,3
first_touch,80,65536,18325.000000,16,0,3
first_touch,81,65536,18746.000000,16,0,3
first_touch,82,65536,18555.000000,16,0,3
first_touch,83,65536,18155.000000,16,0,3
first_touch,84,65536,18655.000000,16,0,3
first_touch,85,65536,18395.000000,16,0,3
first_touch,86,65536,18434.000000,16,0,3
first_touch,87,65536,18384.000000,16,0,3
first_touch,88,65536,18565.000000,16,0,3
first_touch,89,65536,19025.000000,16,0,3
first_touch,90,65536,18795.000000,16,0,3
first_touch,91,65536,19306.000000,16,0,3
first_touch,92,65536,18246.000000,16,0,3
first_touch,93,65536,19657.000000,16,0,3
first_touch,94,65536,18756.000000,16,0,3
first_touch,95,65536,18385.000000,16,0,3
first_touch,96,65536,19036.000000,16,0,3
first_touch,97,65536,18334.000000,16,0,3
first_touch,98,65536,18234.000000,16,0,3
first_touch,99,65536,18424.000000,16,0,3
first_touch,100,65536,18385.000000,16,0,3
first_touch,101,65536,18326.000000,16,0,3
first_touch,102,65536,18906.000000,16,0,3
first_touch,103,65536,18214.000000,16,0,3
first_touch,104,65536,18073.000000,16,0,3
first_touch,105,65536,18234.000000,16,0,3
first_touch,106,65536,18505.000000,16,0,3
first_touch,107,65536,34594.000000,16,0,3
first_touch,108,65536,17874.000000,16,0,3
first_touch,109,65536,17934.000000,16,0,3
first_touch,110,65536,18034.000000,16,0,3
first_touch,111,65536,18024.000000,16,0,3
first_touch,112,65536,18655.000000,16,0,3
first_touch,113,65536,17633.000000,16,0,3
first_touch,114,65536,18174.000000,16,0,3
first_touch,115,65536,18154.000000,16,0,3
first_touch,116,65536,17964.000000,16,0,3
first_touch,117,65536,18154.000000,16,0,3
first_touch,118,65536,18346.000000,16,0,3
first_touch,119,65536,18014.000000,16,0,3
first_touch,120,65536,18284.000000,16,0,3
first_touch,121,65536,17973.000000,16,0,3
first_touch,122,65536,19527.000000,16,0,3
first_touch,123,65536,18224.000000,16,0,3
first_touch,124,65536,18294.000000,16,0,3
first_touch,125,65536,18134.000000,16,0,3
first_touch,126,65536,18384.000000,16,0,3
first_touch,127,65536,18716.000000,16,0,3
first_touch,128,65536,19166.000000,16,0,3
first_touch,129,65536,18154.000000,16,0,3
first_touch,130,65536,18294.000000,16,0,3
first_touch,131,65536,18044.000000,16,0,3
first_touch,132,65536,18134.000000,16,0,3
first_touch,133,65536,18364.000000,16,0,3
first_touch,134,65536,18355.000000,16,0,3
first_touch,135,65536,19246.000000,16,0,3
first_touch,136,65536,19467.000000,16,0,3
first_touch,137,65536,21540.000000,16,0,3
first_touch,138,65536,20629.000000,16,0,3
first_touch,139,65536,18375.000000,16,0,3
first_touch,140,65536,18544.000000,16,0,3
first_touch,141,65536,18505.000000,16,0,3
first_touch,142,65536,18405.000000,16,0,3
first_touch,143,65536,18394.000000,16,0,3
first_touch,144,65536,18084.000000,16,0,3
first_touch,145,65536,17643.000000,16,0,3
first_touch,146,65536,18093.000000,16,0,3
first_touch,147,65536,18184.000000,16,0,3
first_touch,148,65536,18394.000000,16,0,3
first_touch,149,65536,18715.000000,16,0,3
first_touch,150,65536,18895.000000,16,0,3
first_touch,151,65536,19917.000000,16,0,3
first_touch,152,65536,18575.000000,16,0,3
first_touch,153,65536,18316.000000,16,0,3
first_touch,154,65536,18826.000000,16,0,3
first_touch,155,65536,25458.000000,16,0,3
first_touch,156,65536,32010.000000,16,0,3
first_touch,157,65536,19377.000000,16,0,3
first_touch,158,65536,18385.000000,16,0,3
first_touch,159,65536,18244.000000,16,0,3
first_touch,160,65536,19657.000000,16,0,3
first_touch,161,65536,18737.000000,16,0,3
first_touch,162,65536,19006.000000,16,0,3
first_touch,163,65536,18545.000000,16,0,3
first_touch,164,65536,18154.000000,16,0,3
first_touch,165,65536,18535.000000,16,0,3
first_touch,166,65536,20288.000000,16,0,3
first_touch,167,65536,18665.000000,16,0,3
first_touch,168,65536,18455.000000,16,0,3
first_touch,169,65536,18415.000000,16,0,3
first_touch,170,65536,18847.000000,16,0,3
first_touch,171,65536,18585.000000,16,0,3
first_touch,172,65536,18585.000000,16,0,3
first_touch,173,65536,19206.000000,16,0,3
first_touch,174,65536,18876.000000,16,0,3
first_touch,175,65536,19277.000000,16,0,3
first_touch,176,65536,18505.000000,16,0,3
first_touch,177,65536,18745.000000,16,0,3
first_touch,178,65536,18836.000000,16,0,3
first_touch,179,65536,18676.000000,16,0,3
first_touch,180,65536,18034.000000,16,0,3
first_touch,181,65536,19316.000000,16,0,3
first_touch,182,65536,18305.000000,16,0,3
first_touch,183,65536,21259.000000,16,0,3
first_touch,184,65536,23574.000000,16,0,3
first_touch,185,65536,17854.000000,16,0,3
first_touch,186,65536,19165.000000,16,0,3
first_touch,187,65536,18254.000000,16,0,3
first_touch,188,65536,18105.000000,16,0,3
first_touch,189,65536,18114.000000,16,0,3
first_touch,190,65536,18274.000000,16,0,3
first_touch,191,65536,24706.000000,16,0,3
first_touch,192,65536,27903.000000,16,0,3
first_touch,193,65536,24245.000000,16,0,3
first_touch,194,65536,25408.000000,16,0,3
first_touch,195,65536,23675.000000,16,0,3
first_touch,196,65536,18585.000000,16,0,3
first_touch,197,65536,18415.000000,16,0,3
first_touch,198,65536,18294.000000,16,0,3
first_touch,199,65536,18304.000000,16,0,3
first_touch,200,65536,17823.000000,16,0,3
first_touch,201,65536,17834.000000,16,0,3
first_touch,202,65536,94979.000000,16,0,3
first_touch,203,65536,19596.000000,16,0,3
first_touch,204,65536,19666.000000,16,0,3
first_touch,205,65536,18926.000000,16,0,3
first_touch,206,65536,19006.000000,16,0,3
first_touch,207,65536,18845.000000,16,0,3
first_touch,208,65536,18505.000000,16,0,3
first_touch,209,65536,18436.000000,16,0,3
first_touch,210,65536,19556.000000,16,0,3
first_touch,211,65536,18425.000000,16,0,3
first_touch,212,65536,18986.000000,16,0,3
first_touch,213,65536,18725.000000,16,0,3
first_touch,214,65536,19076.000000,16,0,3
first_touch,215,65536,18995.000000,16,0,3
first_touch,216,65536,18735.000000,16,0,3
first_touch,217,65536,18545.000000,16,0,3
first_touch,218,65536,19308.000000,16,0,3
first_touch,219,65536,18746.000000,16,0,3
first_touch,220,65536,18515.000000,16,0,3
first_touch,221,65536,18935.000000,16,0,3
first_touch,222,65536,18845.000000,16,0,3
first_touch,223,65536,19547.000000,16,0,3
first_touch,224,65536,22301.000000,16,0,3
first_touch,225,65536,19246.000000,16,0,3
first_touch,226,65536,18045.000000,16,0,3
first_touch,227,65536,19216.000000,16,0,3
first_touch,228,65536,18655.000000,16,0,3
first_touch,229,65536,18785.000000,16,0,3
first_touch,230,65536,84388.000000,16,0,3
first_touch,231,65536,18655.000000,16,0,3
first_touch,232,65536,19107.000000,16,0,3
first_touch,233,65536,18645.000000,16,0,3
first_touch,234,65536,18345.000000,16,0,3
first_touch,235,65536,18275.000000,16,0,3
first_touch,236,65536,18806.000000,16,0,3
first_touch,237,65536,18806.000000,16,0,3
first_touch,238,65536,19156.000000,16,0,3
first_touch,239,65536,19767.000000,16,0,3
first_touch,240,65536,18665.000000,16,0,3
first_touch,241,65536,18656.000000,16,0,3
first_touch,242,65536,18946.000000,16,0,3
first_touch,243,65536,18365.000000,16,0,3
first_touch,244,65536,33523.000000,16,0,3
first_touch,245,65536,18605.000000,16,0,3
first_touch,246,65536,18896.000000,16,0,3
first_touch,247,65536,18224.000000,16,0,3
first_touch,248,65536,18415.000000,16,0,3
first_touch,249,65536,18495.000000,16,0,3
first_touch,250,65536,18424.000000,16,0,3
first_touch,251,65536,18204.000000,16,0,3
first_touch,252,65536,18555.000000,16,0,3
first_touch,253,65536,19777.000000,16,0,3
first_touch,254,65536,18655.000000,16,0,3
first_touch,255,65536,18705.000000,16,0,3
first_touch,256,65536,19456.000000,16,0,3
first_touch,257,65536,19005.000000,16,0,3
first_touch,258,65536,18716.000000,16,0,3
first_touch,259,65536,18284.000000,16,0,3
first_touch,260,65536,18314.000000,16,0,3
first_touch,261,65536,18545.000000,16,0,3
first_touch,262,65536,18846.000000,16,0,3
first_touch,263,65536,18705.000000,16,0,3
first_touch,264,65536,17994.000000,16,0,3
first_touch,265,65536,18315.000000,16,0,3
first_touch,266,65536,18535.000000,16,0,3
first_touch,267,65536,18194.000000,16,0,3
first_touch,268,65536,21460.000000,16,0,3
first_touch,269,65536,20378.000000,16,0,3
first_touch,270,65536,19477.000000,16,0,3
first_touch,271,65536,18394.000000,16,0,3
first_touch,272,65536,18314.000000,16,0,3
first_touch,273,65536,18134.000000,16,0,3
first_touch,274,65536,19026.000000,16,0,3
first_touch,275,65536,18185.000000,16,0,3
first_touch,276,65536,18615.000000,16,0,3
first_touch,277,65536,18374.000000,16,0,3
first_touch,278,65536,18154.000000,16,0,3
first_touch,279,65536,18174.000000,16,0,3
first_touch,280,65536,18165.000000,16,0,3
first_touch,281,65536,18244.000000,16,0,3
first_touch,282,65536,18224.000000,16,0,3
first_touch,283,65536,19777.000000,16,0,3
first_touch,284,65536,18336.000000,16,0,3
first_touch,285,65536,18445.000000,16,0,3
first_touch,286,65536,19446.000000,16,0,3
first_touch,287,65536,18254.000000,16,0,3
first_touch,288,65536,19366.000000,16,0,3
first_touch,289,65536,18555.000000,16,0,3
first_touch,290,65536,18414.000000,16,0,3
first_touch,291,65536,18535.000000,16,0,3
first_touch,292,65536,18705.000000,16,0,3
first_touch,293,65536,40126.000000,16,0,3
first_touch,294,65536,23564.000000,16,0,3
first_touch,295,65536,23063.000000,16,0,3
first_touch,296,65536,20639.000000,16,0,3
first_touch,297,65536,18525.000000,16,0,3
first_touch,298,65536,18454.000000,16,0,3
first_touch,299,65536,18384.000000,16,0,3
first_touch,300,65536,18546.000000,16,0,3
first_touch,301,65536,18375.000000,16,0,3
first_touch,302,65536,19046.000000,16,0,3
first_touch,303,65536,18014.000000,16,0,3
first_touch,304,65536,18585.000000,16,0,3
first_touch,305,65536,18164.000000,16,0,3
first_touch,306,65536,18444.000000,16,0,3
first_touch,307,65536,18194.000000,16,0,3
first_touch,308,65536,17943.000000,16,0,3
first_touch,309,65536,18195.000000,16,0,3
first_touch,310,65536,18494.000000,16,0,3
first_touch,311,65536,18374.000000,16,0,3
first_touch,312,65536,19456.000000,16,0,3
first_touch,313,65536,18385.000000,16,0,3
first_touch,314,65536,18916.000000,16,0,3
first_touch,315,65536,18766.000000,16,0,3
first_touch,316,65536,18344.000000,16,0,3
first_touch,317,65536,18254.000000,16,0,3
first_touch,318,65536,18556.000000,16,0,3
first_touch,319,65536,18445.000000,16,0,3
first_touch,320,65536,20889.000000,16,0,3
first_touch,321,65536,19146.000000,16,0,3
first_touch,322,65536,20829.000000,16,0,3
first_touch,323,65536,20558.000000,16,0,3
first_touch,324,65536,18204.000000,16,0,3
first_touch,325,65536,18715.000000,16,0,3
first_touch,326,65536,18564.000000,16,0,3
first_touch,327,65536,20539.000000,16,0,3
first_touch,328,65536,18876.000000,16,0,3
first_touch,329,65536,18485.000000,16,0,3
first_touch,330,65536,18705.000000,16,0,3
first_touch,331,65536,18896.000000,16,0,3
first_touch,332,65536,18425.000000,16,0,3
first_touch,333,65536,18855.000000,16,0,3
first_touch,334,65536,18495.000000,16,0,3
first_touch,335,65536,18987.000000,16,0,3
first_touch,336,65536,18515.000000,16,0,3
first_touch,337,65536,18414.000000,16,0,3
first_touch,338,65536,18675.000000,16,0,3
first_touch,339,65536,18785.000000,16,0,3
first_touch,340,65536,18043.000000,16,0,3
first_touch,341,65536,32621.000000,16,0,3
first_touch,342,65536,19577.000000,16,0,3
first_touch,343,65536,18614.000000,16,0,3
first_touch,344,65536,18365.000000,16,0,3
first_touch,345,65536,18665.000000,16,0,3
first_touch,346,65536,19146.000000,16,0,3
first_touch,347,65536,18374.000000,16,0,3
first_touch,348,65536,18524.000000,16,0,3
first_touch,349,65536,18615.000000,16,0,3
first_touch,350,65536,18495.000000,16,0,3
first_touch,351,65536,18454.000000,16,0,3
first_touch,352,65536,19006.000000,16,0,3
first_touch,353,65536,18525.000000,16,0,3
first_touch,354,65536,18805.000000,16,0,3
first_touch,355,65536,18535.000000,16,0,3
first_touch,356,65536,19847.000000,16,0,3
first_touch,357,65536,18605.000000,16,0,3
first_touch,358,65536,18454.000000,16,0,3
first_touch,359,65536,18485.000000,16,0,3
first_touch,360,65536,18876.000000,16,0,3
first_touch,361,65536,18786.000000,16,0,3
first_touch,362,65536,18475.000000,16,0,3
first_touch,363,65536,18455.000000,16,0,3
first_touch,364,65536,18414.000000,16,0,3
first_touch,365,65536,18334.000000,16,0,3
first_touch,366,65536,18424.000000,16,0,3
first_touch,367,65536,18635.000000,16,0,3
first_touch,368,65536,18755.000000,16,0,3
first_touch,369,65536,18524.000000,16,0,3
first_touch,370,65536,19748.000000,16,0,3
first_touch,371,65536,18745.000000,16,0,3
first_touch,372,65536,18445.000000,16,0,3
first_touch,373,65536,18895.000000,16,0,3
first_touch,374,65536,18334.000000,16,0,3
first_touch,375,65536,18845.000000,16,0,3
first_touch,376,65536,18194.000000,16,0,3
first_touch,377,65536,18184.000000,16,0,3
first_touch,378,65536,18816.000000,16,0,3
first_touch,379,65536,18266.000000,16,0,3
first_touch,380,65536,18866.000000,16,0,3
first_touch,381,65536,18094.000000,16,0,3
first_touch,382,65536,19076.000000,16,0,3
first_touch,383,65536,18465.000000,16,0,3
first_touch,384,65536,19626.000000,16,0,3
first_touch,385,65536,19407.000000,16,0,3
first_touch,386,65536,18274.000000,16,0,3
first_touch,387,65536,18705.000000,16,0,3
first_touch,388,65536,18365.000000,16,0,3
first_touch,389,65536,18775.000000,16,0,3
first_touch,390,65536,46497.000000,16,0,3
first_touch,391,65536,19106.000000,16,0,3
first_touch,392,65536,18655.000000,16,0,3
first_touch,393,65536,18504.000000,16,0,3
first_touch,394,65536,18635.000000,16,0,3
first_touch,395,65536,18646.000000,16,0,3
first_touch,396,65536,19106.000000,16,0,3
first_touch,397,65536,18364.000000,16,0,3
first_touch,398,65536,18224.000000,16,0,3
first_touch,399,65536,18805.000000,16,0,3
first_touch,400,65536,18715.000000,16,0,3
first_touch,401,65536,18585.000000,16,0,3
first_touch,402,65536,18475.000000,16,0,3
first_touch,403,65536,18976.000000,16,0,3
first_touch,404,65536,19086.000000,16,0,3
first_touch,405,65536,19266.000000,16,0,3
first_touch,406,65536,18795.000000,16,0,3
first_touch,407,65536,18524.000000,16,0,3
first_touch,408,65536,18565.000000,16,0,3
first_touch,409,65536,18765.000000,16,0,3
first_touch,410,65536,18845.000000,16,0,3
first_touch,411,65536,18634.000000,16,0,3
first_touch,412,65536,18825.000000,16,0,3
first_touch,413,65536,18826.000000,16,0,3
first_touch,414,65536,21550.000000,16,0,3
first_touch,415,65536,18344.000000,16,0,3
first_touch,416,65536,19376.000000,16,0,3
first_touch,417,65536,19547.000000,16,0,3
first_touch,418,65536,18445.000000,16,0,3
first_touch,419,65536,18906.000000,16,0,3
first_touch,420,65536,18745.000000,16,0,3
first_touch,421,65536,18614.000000,16,0,3
first_touch,422,65536,18515.000000,16,0,3
first_touch,423,65536,18394.000000,16,0,3
first_touch,424,65536,18865.000000,16,0,3
first_touch,425,65536,18444.000000,16,0,3
first_touch,426,65536,18685.000000,16,0,3
first_touch,427,65536,18434.000000,16,0,3
first_touch,428,65536,18545.000000,16,0,3
first_touch,429,65536,19848.000000,16,0,3
first_touch,430,65536,18286.000000,16,0,3
first_touch,431,65536,18775.000000,16,0,3
first_touch,432,65536,19046.000000,16,0,3
first_touch,433,65536,18706.000000,16,0,3
first_touch,434,65536,18755.000000,16,0,3
first_touch,435,65536,18415.000000,16,0,3
first_touch,436,65536,18876.000000,16,0,3
first_touch,437,65536,36779.000000,16,0,3
first_touch,438,65536,25279.000000,16,0,3
first_touch,439,65536,25078.000000,16,0,3
first_touch,440,65536,24817.000000,16,0,3
first_touch,441,65536,26019.000000,16,0,3
first_touch,442,65536,23894.000000,16,0,3
first_touch,443,65536,23684.000000,16,0,3
first_touch,444,65536,22181.000000,16,0,3
first_touch,445,65536,18907.000000,16,0,3
first_touch,446,65536,18335.000000,16,0,3
first_touch,447,65536,19276.000000,16,0,3
first_touch,448,65536,19437.000000,16,0,3
first_touch,449,65536,18405.000000,16,0,3
first_touch,450,65536,18845.000000,16,0,3
first_touch,451,65536,18785.000000,16,0,3
first_touch,452,65536,18475.000000,16,0,3
first_touch,453,65536,18656.000000,16,0,3
first_touch,454,65536,18815.000000,16,0,3
first_touch,455,65536,25207.000000,16,0,3
first_touch,456,65536,24946.000000,16,0,3
first_touch,457,65536,25447.000000,16,0,3
first_touch,458,65536,24717.000000,16,0,3
first_touch,459,65536,22883.000000,16,0,3
first_touch,460,65536,18635.000000,16,0,3
first_touch,461,65536,18415.000000,16,0,3
first_touch,462,65536,17963.000000,16,0,3
first_touch,463,65536,18395.000000,16,0,3
first_touch,464,65536,18234.000000,16,0,3
first_touch,465,65536,19086.000000,16,0,3
first_touch,466,65536,18224.000000,16,0,3
first_touch,467,65536,18635.000000,16,0,3
first_touch,468,65536,18655.000000,16,0,3
first_touch,469,65536,18836.000000,16,0,3
first_touch,470,65536,18644.000000,16,0,3
first_touch,471,65536,18595.000000,16,0,3
first_touch,472,65536,18354.000000,16,0,3
first_touch,473,65536,19246.000000,16,0,3
first_touch,474,65536,18505.000000,16,0,3
first_touch,475,65536,19005.000000,16,0,3
first_touch,476,65536,18405.000000,16,0,3
first_touch,477,65536,19176.000000,16,0,3
first_touch,478,65536,18977.000000,16,0,3
first_touch,479,65536,18525.000000,16,0,3
first_touch,480,65536,19217.000000,16,0,3
first_touch,481,65536,18355.000000,16,0,3
first_touch,482,65536,35627.000000,16,0,3
first_touch,483,65536,18414.000000,16,0,3
first_touch,484,65536,18395.000000,16,0,3
first_touch,485,65536,19146.000000,16,0,3
first_touch,486,65536,18526.000000,16,0,3
first_touch,487,65536,18345.000000,16,0,3
first_touch,488,65536,19607.000000,16,0,3
first_touch,489,65536,18805.000000,16,0,3
first_touch,490,65536,18685.000000,16,0,3
first_touch,491,65536,18735.000000,16,0,3
first_touch,492,65536,18605.000000,16,0,3
first_touch,493,65536,18435.000000,16,0,3
first_touch,494,65536,18455.000000,16,0,3
first_touch,495,65536,19337.000000,16,0,3
first_touch,496,65536,18495.000000,16,0,3
first_touch,497,65536,18645.000000,16,0,3
first_touch,498,65536,18665.000000,16,0,3
first_touch,499,65536,18665.000000,16,0,3
first_touch,500,65536,18765.000000,16,0,3
first_touch,501,65536,18635.000000,16,0,3
first_touch,502,65536,18765.000000,16,0,3
first_touch,503,65536,18425.000000,16,0,3
first_touch,504,65536,18435.000000,16,0,3
first_touch,505,65536,18975.000000,16,0,3
first_touch,506,65536,18375.000000,16,0,3
first_touch,507,65536,19116.000000,16,0,3
first_touch,508,65536,19025.000000,16,0,3
first_touch,509,65536,19206.000000,16,0,3
first_touch,510,65536,20298.000000,16,0,3
first_touch,511,65536,20228.000000,16,0,3
prefaulted,0,65536,672.000000,3,0,3
prefaulted,1,65536,441.000000,0,0,3
prefaulted,2,65536,401.000000,0,0,3
prefaulted,3,65536,401.000000,0,0,3
prefaulted,4,65536,230.000000,0,0,3
prefaulted,5,65536,331.000000,0,0,3
prefaulted,6,65536,241.000000,0,0,3
prefaulted,7,65536,231.000000,0,0,3
prefaulted,8,65536,260.000000,0,0,3
prefaulted,9,65536,230.000000,0,0,3
prefaulted,10,65536,572.000000,0,0,3
prefaulted,11,65536,271.000000,0,0,3
prefaulted,12,65536,250.000000,0,0,3
prefaulted,13,65536,330.000000,0,0,3
prefaulted,14,65536,250.000000,0,0,3
prefaulted,15,65536,481.000000,0,0,3
prefaulted,16,65536,240.000000,0,0,3
prefaulted,17,65536,260.000000,0,0,3
prefaulted,18,65536,321.000000,0,0,3
prefaulted,19,65536,231.000000,0,0,3
prefaulted,20,65536,221.000000,0,0,3
prefaulted,21,65536,300.000000,0,0,3
prefaulted,22,65536,300.000000,0,0,3
prefaulted,23,65536,230.000000,0,0,3
prefaulted,24,65536,250.000000,0,0,3
prefaulted,25,65536,571.000000,0,0,3
prefaulted,26,65536,240.000000,0,0,3
prefaulted,27,65536,270.000000,0,0,3
prefaulted,28,65536,301.000000,0,0,3
prefaulted,29,65536,311.000000,0,0,3
prefaulted,30,65536,251.000000,0,0,3
prefaulted,31,65536,251.000000,0,0,3
prefaulted,32,65536,361.000000,0,0,3
prefaulted,33,65536,371.000000,0,0,3
prefaulted,34,65536,261.000000,0,0,3
prefaulted,35,65536,231.000000,0,0,3
prefaulted,36,65536,240.000000,0,0,3
prefaulted,37,65536,230.000000,0,0,3
prefaulted,38,65536,250.000000,0,0,3
prefaulted,39,65536,231.000000,0,0,3
prefaulted,40,65536,251.000000,0,0,3
prefaulted,41,65536,240.000000,0,0,3
prefaulted,42,65536,250.000000,0,0,3
prefaulted,43,65536,411.000000,0,0,3
prefaulted,44,65536,541.000000,0,0,3
prefaulted,45,65536,241.000000,0,0,3
prefaulted,46,65536,250.000000,0,0,3
prefaulted,47,65536,330.000000,0,0,3
prefaulted,48,65536,250.000000,0,0,3
prefaulted,49,65536,460.000000,0,0,3
prefaulted,50,65536,270.000000,0,0,3
prefaulted,51,65536,360.000000,0,0,3
prefaulted,52,65536,460.000000,0,0,3
prefaulted,53,65536,250.000000,0,0,3
prefaulted,54,65536,300.000000,0,0,3
prefaulted,55,65536,231.000000,0,0,3
prefaulted,56,65536,251.000000,0,0,3
prefaulted,57,65536,260.000000,0,0,3
prefaulted,58,65536,230.000000,0,0,3
prefaulted,59,65536,561.000000,0,0,3
prefaulted,60,65536,240.000000,0,0,3
prefaulted,61,65536,260.000000,0,0,3
prefaulted,62,65536,311.000000,0,0,3
prefaulted,63,65536,421.000000,0,0,3
prefaulted,64,65536,651.000000,0,0,3
prefaulted,65,65536,411.000000,0,0,3
prefaulted,66,65536,261.000000,0,0,3
prefaulted,67,65536,250.000000,0,0,3
prefaulted,68,65536,260.000000,0,0,3
prefaulted,69,65536,561.000000,0,0,3
prefaulted,70,65536,260.000000,0,0,3
prefaulted,71,65536,240.000000,0,0,3
prefaulted,72,65536,230.000000,0,0,3
prefaulted,73,65536,311.000000,0,0,3
prefaulted,74,65536,251.000000,0,0,3
prefaulted,75,65536,240.000000,0,0,3
prefaulted,76,65536,260.000000,0,0,3
prefaulted,77,65536,250.000000,0,0,3
prefaulted,78,65536,271.000000,0,0,3
prefaulted,79,65536,601.000000,0,0,3
prefaulted,80,65536,240.000000,0,0,3
prefaulted,81,65536,270.000000,0,0,3
prefaulted,82,65536,231.000000,0,0,3
prefaulted,83,65536,251.000000,0,0,3
prefaulted,84,65536,301.000000,0,0,3
prefaulted,85,65536,240.000000,0,0,3
prefaulted,86,65536,290.000000,0,0,3
prefaulted,87,65536,230.000000,0,0,3
prefaulted,88,65536,231.000000,0,0,3
prefaulted,89,65536,541.000000,0,0,3
prefaulted,90,65536,251.000000,0,0,3
prefaulted,91,65536,231.000000,0,0,3
prefaulted,92,65536,240.000000,0,0,3
prefaulted,93,65536,241.000000,0,0,3
prefaulted,94,65536,231.000000,0,0,3
prefaulted,95,65536,220.000000,0,0,3
prefaulted,96,65536,330.000000,0,0,3
prefaulted,97,65536,611.000000,0,0,3
prefaulted,98,65536,531.000000,0,0,3
prefaulted,99,65536,251.000000,0,0,3
prefaulted,100,65536,231.000000,0,0,3
prefaulted,101,65536,251.000000,0,0,3
prefaulted,102,65536,301.000000,0,0,3
prefaulted,103,65536,581.000000,0,0,3
prefaulted,104,65536,241.000000,0,0,3
prefaulted,105,65536,250.000000,0,0,3
prefaulted,106,65536,561.000000,0,0,3
prefaulted,107,65536,501.000000,0,0,3
prefaulted,108,65536,260.000000,0,0,3
prefaulted,109,65536,310.000000,0,0,3
prefaulted,110,65536,240.000000,0,0,3
prefaulted,111,65536,271.000000,0,0,3
prefaulted,112,65536,511.000000,0,0,3
prefaulted,113,65536,330.000000,0,0,3
prefaulted,114,65536,270.000000,0,0,3
prefaulted,115,65536,391.000000,0,0,3
prefaulted,116,65536,571.000000,0,0,3
prefaulted,117,65536,461.000000,0,0,3
prefaulted,118,65536,270.000000,0,0,3
prefaulted,119,65536,310.000000,0,0,3
prefaulted,120,65536,240.000000,0,0,3
prefaulted,121,65536,241.000000,0,0,3
prefaulted,122,65536,261.000000,0,0,3
prefaulted,123,65536,280.000000,0,0,3
prefaulted,124,65536,300.000000,0,0,3
prefaulted,125,65536,290.000000,0,0,3
prefaulted,126,65536,361.000000,0,0,3
prefaulted,127,65536,330.000000,0,0,3
prefaulted,128,65536,360.000000,0,0,3
prefaulted,129,65536,410.000000,0,0,3
prefaulted,130,65536,270.000000,0,0,3
prefaulted,131,65536,281.000000,0,0,3
prefaulted,132,65536,461.000000,0,0,3
prefaulted,133,65536,251.000000,0,0,3
prefaulted,134,65536,231.000000,0,0,3
prefaulted,135,65536,240.000000,0,0,3
prefaulted,136,65536,230.000000,0,0,3
prefaulted,137,65536,692.000000,0,0,3
prefaulted,138,65536,461.000000,0,0,3
prefaulted,139,65536,231.000000,0,0,3
prefaulted,140,65536,270.000000,0,0,3
prefaulted,141,65536,260.000000,0,0,3
prefaulted,142,65536,430.000000,0,0,3
prefaulted,143,65536,240.000000,0,0,3
prefaulted,144,65536,511.000000,0,0,3
prefaulted,145,65536,561.000000,0,0,3
prefaulted,146,65536,271.000000,0,0,3
prefaulted,147,65536,240.000000,0,0,3
prefaulted,148,65536,270.000000,0,0,3
prefaulted,149,65536,572.000000,0,0,3
prefaulted,150,65536,611.000000,0,0,3
prefaulted,151,65536,351.000000,0,0,3
prefaulted,152,65536,271.000000,0,0,3
prefaulted,153,65536,261.000000,0,0,3
prefaulted,154,65536,260.000000,0,0,3
prefaulted,155,65536,541.000000,0,0,3
prefaulted,156,65536,230.000000,0,0,3
prefaulted,157,65536,280.000000,0,0,3
prefaulted,158,65536,291.000000,0,0,3
prefaulted,159,65536,281.000000,0,0,3
prefaulted,160,65536,681.000000,0,0,3
prefaulted,161,65536,360.000000,0,0,3
prefaulted,162,65536,240.000000,0,0,3
prefaulted,163,65536,251.000000,0,0,3
prefaulted,164,65536,241.000000,0,0,3
prefaulted,165,65536,501.000000,0,0,3
prefaulted,166,65536,251.000000,0,0,3
prefaulted,167,65536,230.000000,0,0,3
prefaulted,168,65536,290.000000,0,0,3
prefaulted,169,65536,330.000000,0,0,3
prefaulted,170,65536,441.000000,0,0,3
prefaulted,171,65536,250.000000,0,0,3
prefaulted,172,65536,351.000000,0,0,3
prefaulted,173,65536,391.000000,0,0,3
prefaulted,174,65536,261.000000,0,0,3
prefaulted,175,65536,261.000000,0,0,3
prefaulted,176,65536,241.000000,0,0,3
prefaulted,177,65536,240.000000,0,0,3
prefaulted,178,65536,250.000000,0,0,3
prefaulted,179,65536,381.000000,0,0,3
prefaulted,180,65536,521.000000,0,0,3
prefaulted,181,65536,240.000000,0,0,3
prefaulted,182,65536,251.000000,0,0,3
prefaulted,183,65536,261.000000,0,0,3
prefaulted,184,65536,321.000000,0,0,3
prefaulted,185,65536,581.000000,0,0,3
prefaulted,186,65536,261.000000,0,0,3
prefaulted,187,65536,230.000000,0,0,3
prefaulted,188,65536,290.000000,0,0,3
prefaulted,189,65536,240.000000,0,0,3
prefaulted,190,65536,261.000000,0,0,3
prefaulted,191,65536,241.000000,0,0,3
prefaulted,192,65536,381.000000,0,0,3
prefaulted,193,65536,331.000000,0,0,3
prefaulted,194,65536,431.000000,0,0,3
prefaulted,195,65536,240.000000,0,0,3
prefaulted,196,65536,280.000000,0,0,3
prefaulted,197,65536,320.000000,0,0,3
prefaulted,198,65536,331.000000,0,0,3
prefaulted,199,65536,340.000000,0,0,3
prefaulted,200,65536,411.000000,0,0,3
prefaulted,201,65536,291.000000,0,0,3
prefaulted,202,65536,291.000000,0,0,3
prefaulted,203,65536,371.000000,0,0,3
prefaulted,204,65536,271.000000,0,0,3
prefaulted,205,65536,351.000000,0,0,3
prefaulted,206,65536,291.000000,0,0,3
prefaulted,207,65536,280.000000,0,0,3
prefaulted,208,65536,300.000000,0,0,3
prefaulted,209,65536,260.000000,0,0,3
prefaulted,210,65536,380.000000,0,0,3
prefaulted,211,65536,270.000000,0,0,3
prefaulted,212,65536,621.000000,0,0,3
prefaulted,213,65536,531.000000,0,0,3
prefaulted,214,65536,320.000000,0,0,3
prefaulted,215,65536,271.000000,0,0,3
prefaulted,216,65536,491.000000,0,0,3
prefaulted,217,65536,321.000000,0,0,3
prefaulted,218,65536,280.000000,0,0,3
prefaulted,219,65536,371.000000,0,0,3
prefaulted,220,65536,551.000000,0,0,3
prefaulted,221,65536,350.000000,0,0,3
prefaulted,222,65536,581.000000,0,0,3
prefaulted,223,65536,331.000000,0,0,3
prefaulted,224,65536,411.000000,0,0,3
prefaulted,225,65536,340.000000,0,0,3
prefaulted,226,65536,440.000000,0,0,3
prefaulted,227,65536,451.000000,0,0,3
prefaulted,228,65536,240.000000,0,0,3
prefaulted,229,65536,241.000000,0,0,3
prefaulted,230,65536,261.000000,0,0,3
prefaulted,231,65536,531.000000,0,0,3
prefaulted,232,65536,561.000000,0,0,3
prefaulted,233,65536,231.000000,0,0,3
prefaulted,234,65536,290.000000,0,0,3
prefaulted,235,65536,250.000000,0,0,3
prefaulted,236,65536,401.000000,0,0,3
prefaulted,237,65536,231.000000,0,0,3
prefaulted,238,65536,240.000000,0,0,3
prefaulted,239,65536,250.000000,0,0,3
prefaulted,240,65536,301.000000,0,0,3
prefaulted,241,65536,221.000000,0,0,3
prefaulted,242,65536,230.000000,0,0,3
prefaulted,243,65536,340.000000,0,0,3
prefaulted,244,65536,481.000000,0,0,3
prefaulted,245,65536,511.000000,0,0,3
prefaulted,246,65536,230.000000,0,0,3
prefaulted,247,65536,240.000000,0,0,3
prefaulted,248,65536,240.000000,0,0,3
prefaulted,249,65536,271.000000,0,0,3
prefaulted,250,65536,351.000000,0,0,3
prefaulted,251,65536,311.000000,0,0,3
prefaulted,252,65536,230.000000,0,0,3
prefaulted,253,65536,231.000000,0,0,3
prefaulted,254,65536,210.000000,0,0,3
prefaulted,255,65536,240.000000,0,0,3
prefaulted,256,65536,732.000000,0,0,3
prefaulted,257,65536,391.000000,0,0,3
prefaulted,258,65536,230.000000,0,0,3
prefaulted,259,65536,240.000000,0,0,3
prefaulted,260,65536,311.000000,0,0,3
prefaulted,261,65536,491.000000,0,0,3
prefaulted,262,65536,231.000000,0,0,3
prefaulted,263,65536,231.000000,0,0,3
prefaulted,264,65536,220.000000,0,0,3
prefaulted,265,65536,381.000000,0,0,3
prefaulted,266,65536,241.000000,0,0,3
prefaulted,267,65536,221.000000,0,0,3
prefaulted,268,65536,230.000000,0,0,3
prefaulted,269,65536,221.000000,0,0,3
prefaulted,270,65536,271.000000,0,0,3
prefaulted,271,65536,250.000000,0,0,3
prefaulted,272,65536,231.000000,0,0,3
prefaulted,273,65536,281.000000,0,0,3
prefaulted,274,65536,230.000000,0,0,3
prefaulted,275,65536,271.000000,0,0,3
prefaulted,276,65536,351.000000,0,0,3
prefaulted,277,65536,471.000000,0,0,3
prefaulted,278,65536,221.000000,0,0,3
prefaulted,279,65536,260.000000,0,0,3
prefaulted,280,65536,260.000000,0,0,3
prefaulted,281,65536,501.000000,0,0,3
prefaulted,282,65536,592.000000,0,0,3
prefaulted,283,65536,270.000000,0,0,3
prefaulted,284,65536,260.000000,0,0,3
prefaulted,285,65536,331.000000,0,0,3
prefaulted,286,65536,541.000000,0,0,3
prefaulted,287,65536,551.000000,0,0,3
prefaulted,288,65536,370.000000,0,0,3
prefaulted,289,65536,380.000000,0,0,3
prefaulted,290,65536,260.000000,0,0,3
prefaulted,291,65536,241.000000,0,0,3
prefaulted,292,65536,551.000000,0,0,3
prefaulted,293,65536,251.000000,0,0,3
prefaulted,294,65536,260.000000,0,0,3
prefaulted,295,65536,290.000000,0,0,3
prefaulted,296,65536,501.000000,0,0,3
prefaulted,297,65536,521.000000,0,0,3
prefaulted,298,65536,250.000000,0,0,3
prefaulted,299,65536,270.000000,0,0,3
prefaulted,300,65536,511.000000,0,0,3
prefaulted,301,65536,220.000000,0,0,3
prefaulted,302,65536,241.000000,0,0,3
prefaulted,303,65536,221.000000,0,0,3
prefaulted,304,65536,330.000000,0,0,3
prefaulted,305,65536,230.000000,0,0,3
prefaulted,306,65536,251.000000,0,0,3
prefaulted,307,65536,371.000000,0,0,3
prefaulted,308,65536,431.000000,0,0,3
prefaulted,309,65536,270.000000,0,0,3
prefaulted,310,65536,240.000000,0,0,3
prefaulted,311,65536,220.000000,0,0,3
prefaulted,312,65536,411.000000,0,0,3
prefaulted,313,65536,241.000000,0,0,3
prefaulted,314,65536,311.000000,0,0,3
prefaulted,315,65536,250.000000,0,0,3
prefaulted,316,65536,251.000000,0,0,3
prefaulted,317,65536,551.000000,0,0,3
prefaulted,318,65536,241.000000,0,0,3
prefaulted,319,65536,240.000000,0,0,3
prefaulted,320,65536,340.000000,0,0,3
prefaulted,321,65536,551.000000,0,0,3
prefaulted,322,65536,541.000000,0,0,3
prefaulted,323,65536,240.000000,0,0,3
prefaulted,324,65536,220.000000,0,0,3
prefaulted,325,65536,241.000000,0,0,3
prefaulted,326,65536,561.000000,0,0,3
prefaulted,327,65536,251.000000,0,0,3
prefaulted,328,65536,240.000000,0,0,3
prefaulted,329,65536,220.000000,0,0,3
prefaulted,330,65536,281.000000,0,0,3
prefaulted,331,65536,230.000000,0,0,3
prefaulted,332,65536,250.000000,0,0,3
prefaulted,333,65536,351.000000,0,0,3
prefaulted,334,65536,271.000000,0,0,3
prefaulted,335,65536,270.000000,0,0,3
prefaulted,336,65536,230.000000,0,0,3
prefaulted,337,65536,231.000000,0,0,3
prefaulted,338,65536,521.000000,0,0,3
prefaulted,339,65536,241.000000,0,0,3
prefaulted,340,65536,240.000000,0,0,3
prefaulted,341,65536,260.000000,0,0,3
prefaulted,342,65536,451.000000,0,0,3
prefaulted,343,65536,551.000000,0,0,3
prefaulted,344,65536,240.000000,0,0,3
prefaulted,345,65536,271.000000,0,0,3
prefaulted,346,65536,240.000000,0,0,3
prefaulted,347,65536,561.000000,0,0,3
prefaulted,348,65536,681.000000,0,0,3
prefaulted,349,65536,240.000000,0,0,3
prefaulted,350,65536,330.000000,0,0,3
prefaulted,351,65536,430.000000,0,0,3
prefaulted,352,65536,681.000000,0,0,3
prefaulted,353,65536,331.000000,0,0,3
prefaulted,354,65536,251.000000,0,0,3
prefaulted,355,65536,230.000000,0,0,3
prefaulted,356,65536,341.000000,0,0,3
prefaulted,357,65536,631.000000,0,0,3
prefaulted,358,65536,260.000000,0,0,3
prefaulted,359,65536,330.000000,0,0,3
prefaulted,360,65536,260.000000,0,0,3
prefaulted,361,65536,371.000000,0,0,3
prefaulted,362,65536,281.000000,0,0,3
prefaulted,363,65536,241.000000,0,0,3
prefaulted,364,65536,290.000000,0,0,3
prefaulted,365,65536,260.000000,0,0,3
prefaulted,366,65536,251.000000,0,0,3
prefaulted,367,65536,251.000000,0,0,3
prefaulted,368,65536,230.000000,0,0,3
prefaulted,369,65536,241.000000,0,0,3
prefaulted,370,65536,241.000000,0,0,3
prefaulted,371,65536,350.000000,0,0,3
prefaulted,372,65536,711.000000,0,0,3
prefaulted,373,65536,281.000000,0,0,3
prefaulted,374,65536,260.000000,0,0,3
prefaulted,375,65536,220.000000,0,0,3
prefaulted,376,65536,251.000000,0,0,3
prefaulted,377,65536,601.000000,0,0,3
prefaulted,378,65536,271.000000,0,0,3
prefaulted,379,65536,311.000000,0,0,3
prefaulted,380,65536,240.000000,0,0,3
prefaulted,381,65536,430.000000,0,0,3
prefaulted,382,65536,280.000000,0,0,3
prefaulted,383,65536,251.000000,0,0,3
prefaulted,384,65536,351.000000,0,0,3
prefaulted,385,65536,361.000000,0,0,3
prefaulted,386,65536,491.000000,0,0,3
prefaulted,387,65536,241.000000,0,0,3
prefaulted,388,65536,240.000000,0,0,3
prefaulted,389,65536,231.000000,0,0,3
prefaulted,390,65536,251.000000,0,0,3
prefaulted,391,65536,230.000000,0,0,3
prefaulted,392,65536,231.000000,0,0,3
prefaulted,393,65536,251.000000,0,0,3
prefaulted,394,65536,250.000000,0,0,3
prefaulted,395,65536,251.000000,0,0,3
prefaulted,396,65536,271.000000,0,0,3
prefaulted,397,65536,250.000000,0,0,3
prefaulted,398,65536,621.000000,0,0,3
prefaulted,399,65536,250.000000,0,0,3
prefaulted,400,65536,230.000000,0,0,3
prefaulted,401,65536,521.000000,0,0,3
prefaulted,402,65536,291.000000,0,0,3
prefaulted,403,65536,310.000000,0,0,3
prefaulted,404,65536,230.000000,0,0,3
prefaulted,405,65536,261.000000,0,0,3
prefaulted,406,65536,280.000000,0,0,3
prefaulted,407,65536,250.000000,0,0,3
prefaulted,408,65536,281.000000,0,0,3
prefaulted,409,65536,271.000000,0,0,3
prefaulted,410,65536,281.000000,0,0,3
prefaulted,411,65536,270.000000,0,0,3
prefaulted,412,65536,241.000000,0,0,3
prefaulted,413,65536,521.000000,0,0,3
prefaulted,414,65536,281.000000,0,0,3
prefaulted,415,65536,271.000000,0,0,3
prefaulted,416,65536,340.000000,0,0,3
prefaulted,417,65536,501.000000,0,0,3
prefaulted,418,65536,260.000000,0,0,3
prefaulted,419,65536,240.000000,0,0,3
prefaulted,420,65536,251.000000,0,0,3
prefaulted,421,65536,250.000000,0,0,3
prefaulted,422,65536,481.000000,0,0,3
prefaulted,423,65536,240.000000,0,0,3
prefaulted,424,65536,291.000000,0,0,3
prefaulted,425,65536,261.000000,0,0,3
prefaulted,426,65536,291.000000,0,0,3
prefaulted,427,65536,260.000000,0,0,3
prefaulted,428,65536,271.000000,0,0,3
prefaulted,429,65536,271.000000,0,0,3
prefaulted,430,65536,250.000000,0,0,3
prefaulted,431,65536,290.000000,0,0,3
prefaulted,432,65536,271.000000,0,0,3
prefaulted,433,65536,281.000000,0,0,3
prefaulted,434,65536,270.000000,0,0,3
prefaulted,435,65536,230.000000,0,0,3
prefaulted,436,65536,241.000000,0,0,3
prefaulted,437,65536,250.000000,0,0,3
prefaulted,438,65536,551.000000,0,0,3
prefaulted,439,65536,561.000000,0,0,3
prefaulted,440,65536,271.000000,0,0,3
prefaulted,441,65536,290.000000,0,0,3
prefaulted,442,65536,240.000000,0,0,3
prefaulted,443,65536,471.000000,0,0,3
prefaulted,444,65536,241.000000,0,0,3
prefaulted,445,65536,261.000000,0,0,3
prefaulted,446,65536,260.000000,0,0,3
prefaulted,447,65536,271.000000,0,0,3
prefaulted,448,65536,742.000000,0,0,3
prefaulted,449,65536,360.000000,0,0,3
prefaulted,450,65536,300.000000,0,0,3
prefaulted,451,65536,261.000000,0,0,3
prefaulted,452,65536,291.000000,0,0,3
prefaulted,453,65536,351.000000,0,0,3
prefaulted,454,65536,301.000000,0,0,3
prefaulted,455,65536,271.000000,0,0,3
prefaulted,456,65536,240.000000,0,0,3
prefaulted,457,65536,460.000000,0,0,3
prefaulted,458,65536,240.000000,0,0,3
prefaulted,459,65536,281.000000,0,0,3
prefaulted,460,65536,271.000000,0,0,3
prefaulted,461,65536,220.000000,0,0,3
prefaulted,462,65536,311.000000,0,0,3
prefaulted,463,65536,271.000000,0,0,3
prefaulted,464,65536,260.000000,0,0,3
prefaulted,465,65536,240.000000,0,0,3
prefaulted,466,65536,281.000000,0,0,3
prefaulted,467,65536,261.000000,0,0,3
prefaulted,468,65536,250.000000,0,0,3
prefaulted,469,65536,261.000000,0,0,3
prefaulted,470,65536,271.000000,0,0,3
prefaulted,471,65536,270.000000,0,0,3
prefaulted,472,65536,260.000000,0,0,3
prefaulted,473,65536,471.000000,0,0,3
prefaulted,474,65536,291.000000,0,0,3
prefaulted,475,65536,341.000000,0,0,3
prefaulted,476,65536,260.000000,0,0,3
prefaulted,477,65536,460.000000,0,0,3
prefaulted,478,65536,561.000000,0,0,3
prefaulted,479,65536,301.000000,0,0,3
prefaulted,480,65536,491.000000,0,0,3
prefaulted,481,65536,461.000000,0,0,3
prefaulted,482,65536,532.000000,0,0,3
prefaulted,483,65536,241.000000,0,0,3
prefaulted,484,65536,271.000000,0,0,3
prefaulted,485,65536,301.000000,0,0,3
prefaulted,486,65536,250.000000,0,0,3
prefaulted,487,65536,661.000000,0,0,3
prefaulted,488,65536,271.000000,0,0,3
prefaulted,489,65536,260.000000,0,0,3
prefaulted,490,65536,250.000000,0,0,3
prefaulted,491,65536,270.000000,0,0,3
prefaulted,492,65536,551.000000,0,0,3
prefaulted,493,65536,320.000000,0,0,3
prefaulted,494,65536,280.000000,0,0,3
prefaulted,495,65536,290.000000,0,0,3
prefaulted,496,65536,531.000000,0,0,3
prefaulted,497,65536,591.000000,0,0,3
prefaulted,498,65536,321.000000,0,0,3
prefaulted,499,65536,310.000000,0,0,3
prefaulted,500,65536,301.000000,0,0,3
prefaulted,501,65536,261.000000,0,0,3
prefaulted,502,65536,270.000000,0,0,3
prefaulted,503,65536,291.000000,0,0,3
prefaulted,504,65536,301.000000,0,0,3
prefaulted,505,65536,361.000000,0,0,3
prefaulted,506,65536,330.000000,0,0,3
prefaulted,507,65536,561.000000,0,0,3
prefaulted,508,65536,270.000000,0,0,3
prefaulted,509,65536,270.000000,0,0,3
prefaulted,510,65536,270.000000,0,0,3
prefaulted,511,65536,331.000000,0,0,3
malloc_growth,0,65536,20559.000000,19,0,3
malloc_growth,1,65536,19517.000000,16,0,3
malloc_growth,2,65536,18725.000000,16,0,3
malloc_growth,3,65536,19045.000000,16,0,3
malloc_growth,4,65536,18756.000000,16,0,3
malloc_growth,5,65536,20248.000000,16,0,3
malloc_growth,6,65536,19999.000000,16,0,3
malloc_growth,7,65536,26740.000000,16,0,3
malloc_growth,8,65536,19407.000000,16,0,3
malloc_growth,9,65536,21079.000000,16,0,3
malloc_growth,10,65536,18084.000000,16,0,3
malloc_growth,11,65536,17884.000000,16,0,3
malloc_growth,12,65536,19767.000000,16,0,3
malloc_growth,13,65536,18756.000000,16,0,3
malloc_growth,14,65536,17935.000000,16,0,3
malloc_growth,15,65536,19186.000000,16,0,3
malloc_growth,16,65536,18585.000000,16,0,3
malloc_growth,17,65536,18214.000000,16,0,3
malloc_growth,18,65536,19216.000000,16,0,3
malloc_growth,19,65536,19106.000000,16,0,3
malloc_growth,20,65536,18915.000000,16,0,3
malloc_growth,21,65536,19236.000000,16,0,3
malloc_growth,22,65536,18334.000000,16,0,3
malloc_growth,23,65536,17704.000000,16,0,3
malloc_growth,24,65536,21520.000000,16,0,3
malloc_growth,25,65536,23134.000000,16,0,3
malloc_growth,26,65536,18514.000000,16,0,3
malloc_growth,27,65536,19337.000000,16,0,3
malloc_growth,28,65536,18245.000000,16,0,3
malloc_growth,29,65536,18295.000000,16,0,3
malloc_growth,30,65536,18876.000000,16,0,3
malloc_growth,31,65536,18155.000000,16,0,3
malloc_growth,32,65536,18164.000000,16,0,3
malloc_growth,33,65536,18695.000000,16,0,3
malloc_growth,34,65536,18574.000000,16,0,3
malloc_growth,35,65536,22171.000000,16,0,3
malloc_growth,36,65536,18736.000000,16,0,3
malloc_growth,37,65536,19546.000000,16,0,3
malloc_growth,38,65536,19728.000000,16,0,3
malloc_growth,39,65536,18465.000000,16,0,3
malloc_growth,40,65536,18916.000000,16,0,3
malloc_growth,41,65536,19587.000000,16,0,3
malloc_growth,42,65536,32862.000000,16,0,3
malloc_growth,43,65536,18254.000000,16,0,3
malloc_growth,44,65536,19917.000000,16,0,3
malloc_growth,45,65536,19637.000000,16,0,3
malloc_growth,46,65536,18836.000000,16,0,3
malloc_growth,47,65536,19466.000000,16,0,3
malloc_growth,48,65536,18855.000000,16,0,3
malloc_growth,49,65536,20528.000000,16,0,3
malloc_growth,50,65536,19336.000000,16,0,3
malloc_growth,51,65536,19808.000000,16,0,3
malloc_growth,52,65536,18495.000000,16,0,3
malloc_growth,53,65536,20348.000000,16,0,3
malloc_growth,54,65536,30869.000000,16,0,3
malloc_growth,55,65536,18204.000000,16,0,3
malloc_growth,56,65536,20969.000000,16,0,3
malloc_growth,57,65536,18715.000000,16,0,3
malloc_growth,58,65536,18074.000000,16,0,3
malloc_growth,59,65536,19336.000000,16,0,3
malloc_growth,60,65536,18775.000000,16,0,3
malloc_growth,61,65536,20699.000000,16,0,3
malloc_growth,62,65536,27994.000000,16,0,3
malloc_growth,63,65536,22291.000000,16,0,3
malloc_growth,64,65536,21901.000000,16,0,3
malloc_growth,65,65536,19006.000000,16,0,3
malloc_growth,66,65536,18254.000000,16,0,3
malloc_growth,67,65536,18245.000000,16,0,3
malloc_growth,68,65536,19086.000000,16,0,3
malloc_growth,69,65536,21901.000000,16,0,3
malloc_growth,70,65536,25679.000000,16,0,3
malloc_growth,71,65536,19697.000000,16,0,3
malloc_growth,72,65536,18725.000000,16,0,3
malloc_growth,73,65536,19076.000000,16,0,3
malloc_growth,74,65536,19496.000000,16,0,3
malloc_growth,75,65536,18525.000000,16,0,3
malloc_growth,76,65536,18826.000000,16,0,3
malloc_growth,77,65536,20018.000000,16,0,3
malloc_growth,78,65536,38383.000000,16,0,3
malloc_growth,79,65536,18564.000000,16,0,3
malloc_growth,80,65536,20098.000000,16,0,3
malloc_growth,81,65536,18865.000000,16,0,3
malloc_growth,82,65536,18745.000000,16,0,3
malloc_growth,83,65536,20599.000000,16,0,3
malloc_growth,84,65536,18415.000000,16,0,3
malloc_growth,85,65536,18976.000000,16,0,3
malloc_growth,86,65536,19728.000000,16,0,3
malloc_growth,87,65536,18826.000000,16,0,3
malloc_growth,88,65536,18535.000000,16,0,3
malloc_growth,89,65536,19617.000000,16,0,3
malloc_growth,90,65536,18445.000000,16,0,3
malloc_growth,91,65536,18975.000000,16,0,3
malloc_growth,92,65536,19637.000000,16,0,3
malloc_growth,93,65536,19556.000000,16,0,3
malloc_growth,94,65536,18365.000000,16,0,3
malloc_growth,95,65536,19517.000000,16,0,3
malloc_growth,96,65536,18896.000000,16,0,3
malloc_growth,97,65536,19256.000000,16,0,3
malloc_growth,98,65536,18976.000000,16,0,3
malloc_growth,99,65536,19237.000000,16,0,3
malloc_growth,100,65536,18455.000000,16,0,3
malloc_growth,101,65536,28373.000000,16,0,3
malloc_growth,102,65536,19968.000000,16,0,3
malloc_growth,103,65536,18564.000000,16,0,3
malloc_growth,104,65536,20639.000000,16,0,3
malloc_growth,105,65536,18465.000000,16,0,3
malloc_growth,106,65536,18435.000000,16,0,3
malloc_growth,107,65536,20678.000000,16,0,3
malloc_growth,108,65536,18325.000000,16,0,3
malloc_growth,109,65536,19377.000000,16,0,3
malloc_growth,110,65536,19757.000000,16,0,3
malloc_growth,111,65536,18446.000000,16,0,3
malloc_growth,112,65536,18064.000000,16,0,3
malloc_growth,113,65536,19396.000000,16,0,3
malloc_growth,114,65536,18615.000000,16,0,3
malloc_growth,115,65536,20920.000000,16,0,3
malloc_growth,116,65536,21309.000000,16,0,3
malloc_growth,117,65536,26721.000000,16,0,3
malloc_growth,118,65536,21931.000000,16,0,3
malloc_growth,119,65536,21361.000000,16,0,3
malloc_growth,120,65536,18885.000000,16,0,3
malloc_growth,121,65536,20929.000000,16,0,3
malloc_growth,122,65536,26370.000000,16,0,3
malloc_growth,123,65536,39885.000000,16,0,3
malloc_growth,124,65536,28383.000000,16,0,3
malloc_growth,125,65536,24427.000000,16,0,3
malloc_growth,126,65536,25899.000000,16,0,3
malloc_growth,127,65536,19907.000000,16,0,3
malloc_growth,128,65536,18495.000000,16,0,3
malloc_growth,129,65536,18245.000000,16,0,3
malloc_growth,130,65536,19046.000000,16,0,3
malloc_growth,131,65536,18104.000000,16,0,3
malloc_growth,132,65536,18274.000000,16,0,3
malloc_growth,133,65536,19077.000000,16,0,3
malloc_growth,134,65536,18746.000000,16,0,3
malloc_growth,135,65536,18245.000000,16,0,3
malloc_growth,136,65536,20519.000000,16,0,3
malloc_growth,137,65536,18394.000000,16,0,3
malloc_growth,138,65536,18104.000000,16,0,3
malloc_growth,139,65536,18274.000000,16,0,3
malloc_growth,140,65536,18464.000000,16,0,3
malloc_growth,141,65536,19186.000000,16,0,3
malloc_growth,142,65536,19718.000000,16,0,3
malloc_growth,143,65536,18204.000000,16,0,3
malloc_growth,144,65536,18174.000000,16,0,3
malloc_growth,145,65536,19376.000000,16,0,3
malloc_growth,146,65536,18575.000000,16,0,3
malloc_growth,147,65536,26439.000000,16,0,3
malloc_growth,148,65536,23655.000000,16,0,3
malloc_growth,149,65536,18214.000000,16,0,3
malloc_growth,150,65536,18857.000000,16,0,3
malloc_growth,151,65536,20298.000000,16,0,3
malloc_growth,152,65536,20990.000000,16,0,3
malloc_growth,153,65536,19697.000000,16,0,3
malloc_growth,154,65536,22302.000000,16,0,3
malloc_growth,155,65536,18375.000000,16,0,3
malloc_growth,156,65536,18645.000000,16,0,3
malloc_growth,157,65536,19156.000000,16,0,3
malloc_growth,158,65536,17773.000000,16,0,3
malloc_growth,159,65536,18776.000000,16,0,3
malloc_growth,160,65536,19025.000000,16,0,3
malloc_growth,161,65536,18525.000000,16,0,3
malloc_growth,162,65536,23494.000000,16,0,3
malloc_growth,163,65536,25047.000000,16,0,3
malloc_growth,164,65536,18665.000000,16,0,3
malloc_growth,165,65536,20659.000000,16,0,3
malloc_growth,166,65536,18665.000000,16,0,3
malloc_growth,167,65536,17874.000000,16,0,3
malloc_growth,168,65536,43962.000000,16,0,3
malloc_growth,169,65536,21971.000000,16,0,3
malloc_growth,170,65536,18514.000000,16,0,3
malloc_growth,171,65536,24646.000000,16,0,3
malloc_growth,172,65536,24075.000000,16,0,3
malloc_growth,173,65536,18125.000000,16,0,3
malloc_growth,174,65536,20508.000000,16,0,3
malloc_growth,175,65536,18355.000000,16,0,3
malloc_growth,176,65536,18605.000000,16,0,3
malloc_growth,177,65536,18946.000000,16,0,3
malloc_growth,178,65536,17814.000000,16,0,3
malloc_growth,179,65536,19286.000000,16,0,3
malloc_growth,180,65536,20628.000000,16,0,3
malloc_growth,181,65536,18054.000000,16,0,3
malloc_growth,182,65536,18255.000000,16,0,3
malloc_growth,183,65536,18575.000000,16,0,3
malloc_growth,184,65536,17894.000000,16,0,3
malloc_growth,185,65536,17983.000000,16,0,3
malloc_growth,186,65536,18885.000000,16,0,3
malloc_growth,187,65536,17974.000000,16,0,3
malloc_growth,188,65536,18334.000000,16,0,3
malloc_growth,189,65536,18434.000000,16,0,3
malloc_growth,190,65536,18895.000000,16,0,3
malloc_growth,191,65536,17523.000000,16,0,3
malloc_growth,192,65536,19546.000000,16,0,3
malloc_growth,193,65536,17833.000000,16,0,3
malloc_growth,194,65536,17954.000000,16,0,3
malloc_growth,195,65536,19477.000000,16,0,3
malloc_growth,196,65536,17844.000000,16,0,3
malloc_growth,197,65536,17863.000000,16,0,3
malloc_growth,198,65536,18775.000000,16,0,3
malloc_growth,199,65536,18064.000000,16,0,3
malloc_growth,200,65536,18134.000000,16,0,3
malloc_growth,201,65536,18977.000000,16,0,3
malloc_growth,202,65536,18285.000000,16,0,3
malloc_growth,203,65536,17473.000000,16,0,3
malloc_growth,204,65536,19146.000000,16,0,3
malloc_growth,205,65536,17974.000000,16,0,3
malloc_growth,206,65536,18985.000000,16,0,3
malloc_growth,207,65536,18144.000000,16,0,3
malloc_growth,208,65536,18094.000000,16,0,3
malloc_growth,209,65536,20188.000000,16,0,3
malloc_growth,210,65536,25409.000000,16,0,3
malloc_growth,211,65536,29606.000000,16,0,3
malloc_growth,212,65536,27782.000000,16,0,3
malloc_growth,213,65536,17784.000000,16,0,3
malloc_growth,214,65536,41467.000000,16,0,3
malloc_growth,215,65536,24045.000000,16,0,3
malloc_growth,216,65536,18707.000000,16,0,3
malloc_growth,217,65536,18665.000000,16,0,3
malloc_growth,218,65536,20028.000000,16,0,3
malloc_growth,219,65536,28914.000000,16,0,3
malloc_growth,220,65536,23774.000000,16,0,3
malloc_growth,221,65536,26519.000000,16,0,3
malloc_growth,222,65536,20218.000000,16,0,3
malloc_growth,223,65536,18245.000000,16,0,3
malloc_growth,224,65536,20077.000000,16,0,3
malloc_growth,225,65536,18675.000000,16,0,3
malloc_growth,226,65536,18314.000000,16,0,3
malloc_growth,227,65536,18885.000000,16,0,3
malloc_growth,228,65536,18685.000000,16,0,3
malloc_growth,229,65536,17984.000000,16,0,3
malloc_growth,230,65536,19136.000000,16,0,3
malloc_growth,231,65536,18244.000000,16,0,3
malloc_growth,232,65536,18586.000000,16,0,3
malloc_growth,233,65536,19687.000000,16,0,3
malloc_growth,234,65536,18004.000000,16,0,3
malloc_growth,235,65536,18895.000000,16,0,3
malloc_growth,236,65536,19036.000000,16,0,3
malloc_growth,237,65536,18144.000000,16,0,3
malloc_growth,238,65536,19517.000000,16,0,3
malloc_growth,239,65536,19106.000000,16,0,3
malloc_growth,240,65536,20288.000000,16,0,3
malloc_growth,241,65536,17814.000000,16,0,3
malloc_growth,242,65536,18936.000000,16,0,3
malloc_growth,243,65536,18715.000000,16,0,3
malloc_growth,244,65536,17493.000000,16,0,3
malloc_growth,245,65536,18424.000000,16,0,3
malloc_growth,246,65536,18014.000000,16,0,3
malloc_growth,247,65536,17933.000000,16,0,3
malloc_growth,248,65536,18374.000000,16,0,3
malloc_growth,249,65536,17583.000000,16,0,3
malloc_growth,250,65536,18376.000000,16,0,3
malloc_growth,251,65536,17814.000000,16,0,3
malloc_growth,252,65536,18875.000000,16,0,3
malloc_growth,253,65536,18494.000000,16,0,3
malloc_growth,254,65536,18455.000000,16,0,3
malloc_growth,255,65536,18284.000000,16,0,3
malloc_growth,256,65536,26209.000000,16,0,3
malloc_growth,257,65536,20408.000000,16,0,3
malloc_growth,258,65536,18175.000000,16,0,3
malloc_growth,259,65536,19567.000000,16,0,3
malloc_growth,260,65536,58129.000000,16,0,3
malloc_growth,261,65536,18876.000000,16,0,3
malloc_growth,262,65536,22211.000000,16,0,3
malloc_growth,263,65536,18515.000000,16,0,3
malloc_growth,264,65536,19667.000000,16,0,3
malloc_growth,265,65536,19447.000000,16,0,3
malloc_growth,266,65536,18454.000000,16,0,3
malloc_growth,267,65536,20008.000000,16,0,3
malloc_growth,268,65536,29996.000000,16,0,3
malloc_growth,269,65536,18394.000000,16,0,3
malloc_growth,270,65536,19036.000000,16,0,3
malloc_growth,271,65536,21099.000000,16,0,3
malloc_growth,272,65536,18666.000000,16,0,3
malloc_growth,273,65536,19386.000000,16,0,3
malloc_growth,274,65536,19537.000000,16,0,3
malloc_growth,275,65536,19657.000000,16,0,3
malloc_growth,276,65536,18605.000000,16,0,3
malloc_growth,277,65536,19386.000000,16,0,3
malloc_growth,278,65536,28724.000000,16,0,3
malloc_growth,279,65536,21390.000000,16,0,3
malloc_growth,280,65536,20820.000000,16,0,3
malloc_growth,281,65536,17964.000000,16,0,3
malloc_growth,282,65536,19717.000000,16,0,3
malloc_growth,283,65536,18655.000000,16,0,3
malloc_growth,284,65536,18765.000000,16,0,3
malloc_growth,285,65536,17753.000000,16,0,3
malloc_growth,286,65536,20007.000000,16,0,3
malloc_growth,287,65536,19156.000000,16,0,3
malloc_growth,288,65536,18665.000000,16,0,3
malloc_growth,289,65536,18505.000000,16,0,3
malloc_growth,290,65536,17934.000000,16,0,3
malloc_growth,291,65536,19226.000000,16,0,3
malloc_growth,292,65536,18855.000000,16,0,3
malloc_growth,293,65536,18716.000000,16,0,3
malloc_growth,294,65536,19316.000000,16,0,3
malloc_growth,295,65536,18054.000000,16,0,3
malloc_growth,296,65536,18965.000000,16,0,3
malloc_growth,297,65536,18735.000000,16,0,3
malloc_growth,298,65536,18325.000000,16,0,3
malloc_growth,299,65536,17773.000000,16,0,3
malloc_growth,300,65536,19496.000000,16,0,3
malloc_growth,301,65536,20839.000000,16,0,3
malloc_growth,302,65536,25257.000000,16,0,3
malloc_growth,303,65536,19938.000000,16,0,3
malloc_growth,304,65536,18696.000000,16,0,3
malloc_growth,305,65536,36199.000000,16,0,3
malloc_growth,306,65536,19186.000000,16,0,3
malloc_growth,307,65536,19206.000000,16,0,3
malloc_growth,308,65536,19036.000000,16,0,3
malloc_growth,309,65536,18705.000000,16,0,3
malloc_growth,310,65536,18364.000000,16,0,3
malloc_growth,311,65536,19326.000000,16,0,3
malloc_growth,312,65536,19667.000000,16,0,3
malloc_growth,313,65536,18054.000000,16,0,3
malloc_growth,314,65536,24297.000000,16,0,3
malloc_growth,315,65536,29284.000000,16,0,3
malloc_growth,316,65536,23284.000000,16,0,3
malloc_growth,317,65536,18355.000000,16,0,3
malloc_growth,318,65536,19827.000000,16,0,3
malloc_growth,319,65536,18174.000000,16,0,3
malloc_growth,320,65536,18374.000000,16,0,3
malloc_growth,321,65536,18706.000000,16,0,3
malloc_growth,322,65536,18234.000000,16,0,3
malloc_growth,323,65536,17893.000000,16,0,3
malloc_growth,324,65536,18965.000000,16,0,3
malloc_growth,325,65536,18325.000000,16,0,3
malloc_growth,326,65536,19247.000000,16,0,3
malloc_growth,327,65536,19597.000000,16,0,3
malloc_growth,328,65536,18354.000000,16,0,3
malloc_growth,329,65536,17913.000000,16,0,3
malloc_growth,330,65536,18887.000000,16,0,3
malloc_growth,331,65536,18695.000000,16,0,3
malloc_growth,332,65536,20819.000000,16,0,3
malloc_growth,333,65536,19827.000000,16,0,3
malloc_growth,334,65536,18925.000000,16,0,3
malloc_growth,335,65536,18084.000000,16,0,3
malloc_growth,336,65536,19927.000000,16,0,3
malloc_growth,337,65536,18114.000000,16,0,3
malloc_growth,338,65536,20117.000000,16,0,3
malloc_growth,339,65536,19357.000000,16,0,3
malloc_growth,340,65536,19506.000000,16,0,3
malloc_growth,341,65536,18866.000000,16,0,3
malloc_growth,342,65536,19898.000000,16,0,3
malloc_growth,343,65536,18495.000000,16,0,3
malloc_growth,344,65536,19186.000000,16,0,3
malloc_growth,345,65536,19908.000000,16,0,3
malloc_growth,346,65536,18385.000000,16,0,3
malloc_growth,347,65536,18565.000000,16,0,3
malloc_growth,348,65536,21400.000000,16,0,3
malloc_growth,349,65536,26139.000000,16,0,3
malloc_growth,350,65536,18375.000000,16,0,3
malloc_growth,351,65536,40355.000000,16,0,3
malloc_growth,352,65536,21871.000000,16,0,3
malloc_growth,353,65536,18154.000000,16,0,3
malloc_growth,354,65536,20660.000000,16,0,3
malloc_growth,355,65536,19667.000000,16,0,3
malloc_growth,356,65536,18124.000000,16,0,3
malloc_growth,357,65536,19296.000000,16,0,3
malloc_growth,358,65536,18104.000000,16,0,3
malloc_growth,359,65536,18725.000000,16,0,3
malloc_growth,360,65536,19126.000000,16,0,3
malloc_growth,361,65536,18114.000000,16,0,3
malloc_growth,362,65536,31340.000000,16,0,3
malloc_growth,363,65536,29616.000000,16,0,3
malloc_growth,364,65536,19005.000000,16,0,3
malloc_growth,365,65536,20248.000000,16,0,3
malloc_growth,366,65536,24155.000000,16,0,3
malloc_growth,367,65536,18595.000000,16,0,3
malloc_growth,368,65536,18124.000000,16,0,3
malloc_growth,369,65536,20919.000000,16,0,3
malloc_growth,370,65536,22393.000000,16,0,3
malloc_growth,371,65536,24646.000000,16,0,3
malloc_growth,372,65536,26459.000000,16,0,3
malloc_growth,373,65536,25017.000000,16,0,3
malloc_growth,374,65536,27532.000000,16,0,3
malloc_growth,375,65536,27882.000000,16,0,3
malloc_growth,376,65536,24947.000000,16,0,3
malloc_growth,377,65536,27331.000000,16,0,3
malloc_growth,378,65536,24977.000000,16,0,3
malloc_growth,379,65536,24105.000000,16,0,3
malloc_growth,380,65536,25999.000000,16,0,3
malloc_growth,381,65536,25378.000000,16,0,3
malloc_growth,382,65536,24065.000000,16,0,3
malloc_growth,383,65536,27824.000000,16,0,3
malloc_growth,384,65536,25848.000000,16,0,3
malloc_growth,385,65536,24456.000000,16,0,3
malloc_growth,386,65536,28413.000000,16,0,3
malloc_growth,387,65536,28083.000000,16,0,3
malloc_growth,388,65536,25117.000000,16,0,3
malloc_growth,389,65536,19798.000000,16,0,3
malloc_growth,390,65536,88225.000000,16,0,3
malloc_growth,391,65536,18384.000000,16,0,3
malloc_growth,392,65536,21279.000000,16,0,3
malloc_growth,393,65536,18225.000000,16,0,3
malloc_growth,394,65536,19137.000000,16,0,3
malloc_growth,395,65536,19036.000000,16,0,3
malloc_growth,396,65536,19026.000000,16,0,3
malloc_growth,397,65536,17873.000000,16,0,3
malloc_growth,398,65536,20018.000000,16,0,3
malloc_growth,399,65536,18816.000000,16,0,3
malloc_growth,400,65536,18295.000000,16,0,3
malloc_growth,401,65536,18665.000000,16,0,3
malloc_growth,402,65536,19256.000000,16,0,3
malloc_growth,403,65536,17804.000000,16,0,3
malloc_growth,404,65536,19476.000000,16,0,3
malloc_growth,405,65536,18064.000000,16,0,3
malloc_growth,406,65536,18244.000000,16,0,3
malloc_growth,407,65536,19066.000000,16,0,3
malloc_growth,408,65536,17924.000000,16,0,3
malloc_growth,409,65536,18255.000000,16,0,3
malloc_growth,410,65536,19226.000000,16,0,3
malloc_growth,411,65536,18174.000000,16,0,3
malloc_growth,412,65536,18485.000000,16,0,3
malloc_growth,413,65536,19907.000000,16,0,3
malloc_growth,414,65536,18535.000000,16,0,3
malloc_growth,415,65536,18345.000000,16,0,3
malloc_growth,416,65536,19727.000000,16,0,3
malloc_growth,417,65536,18345.000000,16,0,3
malloc_growth,418,65536,18154.000000,16,0,3
malloc_growth,419,65536,18334.000000,16,0,3
malloc_growth,420,65536,18646.000000,16,0,3
malloc_growth,421,65536,18435.000000,16,0,3
malloc_growth,422,65536,24596.000000,16,0,3
malloc_growth,423,65536,18335.000000,16,0,3
malloc_growth,424,65536,19277.000000,16,0,3
malloc_growth,425,65536,18194.000000,16,0,3
malloc_growth,426,65536,17903.000000,16,0,3
malloc_growth,427,65536,20419.000000,16,0,3
malloc_growth,428,65536,18544.000000,16,0,3
malloc_growth,429,65536,18516.000000,16,0,3
malloc_growth,430,65536,18906.000000,16,0,3
malloc_growth,431,65536,18534.000000,16,0,3
malloc_growth,432,65536,19206.000000,16,0,3
malloc_growth,433,65536,19667.000000,16,0,3
malloc_growth,434,65536,19267.000000,16,0,3
malloc_growth,435,65536,41669.000000,16,0,3
malloc_growth,436,65536,21501.000000,16,0,3
malloc_growth,437,65536,18604.000000,16,0,3
malloc_growth,438,65536,18585.000000,16,0,3
malloc_growth,439,65536,19637.000000,16,0,3
malloc_growth,440,65536,18835.000000,16,0,3
malloc_growth,441,65536,18515.000000,16,0,3
malloc_growth,442,65536,20609.000000,16,0,3
malloc_growth,443,65536,18936.000000,16,0,3
malloc_growth,444,65536,18435.000000,16,0,3
malloc_growth,445,65536,19006.000000,16,0,3
malloc_growth,446,65536,18084.000000,16,0,3
malloc_growth,447,65536,19326.000000,16,0,3
malloc_growth,448,65536,19096.000000,16,0,3
malloc_growth,449,65536,27271.000000,16,0,3
malloc_growth,450,65536,18765.000000,16,0,3
malloc_growth,451,65536,21150.000000,16,0,3
malloc_growth,452,65536,18555.000000,16,0,3
malloc_growth,453,65536,18466.000000,16,0,3
malloc_growth,454,65536,18925.000000,16,0,3
malloc_growth,455,65536,18394.000000,16,0,3
malloc_growth,456,65536,17834.000000,16,0,3
malloc_growth,457,65536,20609.000000,16,0,3
malloc_growth,458,65536,18164.000000,16,0,3
malloc_growth,459,65536,18084.000000,16,0,3
malloc_growth,460,65536,19055.000000,16,0,3
malloc_growth,461,65536,20478.000000,16,0,3
malloc_growth,462,65536,19808.000000,16,0,3
malloc_growth,463,65536,18435.000000,16,0,3
malloc_growth,464,65536,18776.000000,16,0,3
malloc_growth,465,65536,19006.000000,16,0,3
malloc_growth,466,65536,19767.000000,16,0,3
malloc_growth,467,65536,18324.000000,16,0,3
malloc_growth,468,65536,18585.000000,16,0,3
malloc_growth,469,65536,18174.000000,16,0,3
malloc_growth,470,65536,18124.000000,16,0,3
malloc_growth,471,65536,20640.000000,16,0,3
malloc_growth,472,65536,18124.000000,16,0,3
malloc_growth,473,65536,18364.000000,16,0,3
malloc_growth,474,65536,19536.000000,16,0,3
malloc_growth,475,65536,18905.000000,16,0,3
malloc_growth,476,65536,18054.000000,16,0,3
malloc_growth,477,65536,19827.000000,16,0,3
malloc_growth,478,65536,19156.000000,16,0,3
malloc_growth,479,65536,18356.000000,16,0,3
malloc_growth,480,65536,19046.000000,16,0,3
malloc_growth,481,65536,18615.000000,16,0,3
malloc_growth,482,65536,41699.000000,16,0,3
malloc_growth,483,65536,21490.000000,16,0,3
malloc_growth,484,65536,19046.000000,16,0,3
malloc_growth,485,65536,18705.000000,16,0,3
malloc_growth,486,65536,20518.000000,16,0,3
malloc_growth,487,65536,18696.000000,16,0,3
malloc_growth,488,65536,18835.000000,16,0,3
malloc_growth,489,65536,19356.000000,16,0,3
malloc_growth,490,65536,18905.000000,16,0,3
malloc_growth,491,65536,19106.000000,16,0,3
malloc_growth,492,65536,19136.000000,16,0,3
malloc_growth,493,65536,18474.000000,16,0,3
malloc_growth,494,65536,18314.000000,16,0,3
malloc_growth,495,65536,19316.000000,16,0,3
malloc_growth,496,65536,18826.000000,16,0,3
malloc_growth,497,65536,18485.000000,16,0,3
malloc_growth,498,65536,32060.000000,16,0,3
malloc_growth,499,65536,20078.000000,16,0,3
malloc_growth,500,65536,18625.000000,16,0,3
malloc_growth,501,65536,22582.000000,16,0,3
malloc_growth,502,65536,19286.000000,16,0,3
malloc_growth,503,65536,18755.000000,16,0,3
malloc_growth,504,65536,19075.000000,16,0,3
malloc_growth,505,65536,18154.000000,16,0,3
malloc_growth,506,65536,19146.000000,16,0,3
malloc_growth,507,65536,18234.000000,16,0,3
malloc_growth,508,65536,17964.000000,16,0,3
malloc_growth,509,65536,19287.000000,16,0,3
malloc_growth,510,65536,18235.000000,16,0,3
malloc_growth,511,65536,19096.000000,16,0,3
prefaulted,0,65536,571.000000,3,0,4
prefaulted,1,65536,571.000000,0,0,4
prefaulted,2,65536,521.000000,0,0,4
prefaulted,3,65536,271.000000,0,0,4
prefaulted,4,65536,251.000000,0,0,4
prefaulted,5,65536,220.000000,0,0,4
prefaulted,6,65536,230.000000,0,0,4
prefaulted,7,65536,331.000000,0,0,4
prefaulted,8,65536,231.000000,0,0,4
prefaulted,9,65536,231.000000,0,0,4
prefaulted,10,65536,230.000000,0,0,4
prefaulted,11,65536,220.000000,0,0,4
prefaulted,12,65536,581.000000,0,0,4
prefaulted,13,65536,231.000000,0,0,4
prefaulted,14,65536,270.000000,0,0,4
prefaulted,15,65536,230.000000,0,0,4
prefaulted,16,65536,391.000000,0,0,4
prefaulted,17,65536,511.000000,0,0,4
prefaulted,18,65536,220.000000,0,0,4
prefaulted,19,65536,230.000000,0,0,4
prefaulted,20,65536,221.000000,0,0,4
prefaulted,21,65536,260.000000,0,0,4
prefaulted,22,65536,230.000000,0,0,4
prefaulted,23,65536,220.000000,0,0,4
prefaulted,24,65536,221.000000,0,0,4
prefaulted,25,65536,231.000000,0,0,4
prefaulted,26,65536,220.000000,0,0,4
prefaulted,27,65536,220.000000,0,0,4
prefaulted,28,65536,221.000000,0,0,4
prefaulted,29,65536,271.000000,0,0,4
prefaulted,30,65536,230.000000,0,0,4
prefaulted,31,65536,230.000000,0,0,4
prefaulted,32,65536,351.000000,0,0,4
prefaulted,33,65536,341.000000,0,0,4
prefaulted,34,65536,221.000000,0,0,4
prefaulted,35,65536,230.000000,0,0,4
prefaulted,36,65536,240.000000,0,0,4
prefaulted,37,65536,241.000000,0,0,4
prefaulted,38,65536,501.000000,0,0,4
prefaulted,39,65536,251.000000,0,0,4
prefaulted,40,65536,221.000000,0,0,4
prefaulted,41,65536,270.000000,0,0,4
prefaulted,42,65536,221.000000,0,0,4
prefaulted,43,65536,231.000000,0,0,4
prefaulted,44,65536,230.000000,0,0,4
prefaulted,45,65536,230.000000,0,0,4
prefaulted,46,65536,221.000000,0,0,4
prefaulted,47,65536,210.000000,0,0,4
prefaulted,48,65536,220.000000,0,0,4
prefaulted,49,65536,260.000000,0,0,4
prefaulted,50,65536,211.000000,0,0,4
prefaulted,51,65536,661.000000,0,0,4
prefaulted,52,65536,741.000000,0,0,4
prefaulted,53,65536,221.000000,0,0,4
prefaulted,54,65536,311.000000,0,0,4
prefaulted,55,65536,210.000000,0,0,4
prefaulted,56,65536,220.000000,0,0,4
prefaulted,57,65536,221.000000,0,0,4
prefaulted,58,65536,221.000000,0,0,4
prefaulted,59,65536,230.000000,0,0,4
prefaulted,60,65536,230.000000,0,0,4
prefaulted,61,65536,221.000000,0,0,4
prefaulted,62,65536,230.000000,0,0,4
prefaulted,63,65536,220.000000,0,0,4
prefaulted,64,65536,351.000000,0,0,4
prefaulted,65,65536,341.000000,0,0,4
prefaulted,66,65536,221.000000,0,0,4
prefaulted,67,65536,220.000000,0,0,4
prefaulted,68,65536,230.000000,0,0,4
prefaulted,69,65536,220.000000,0,0,4
prefaulted,70,65536,251.000000,0,0,4
prefaulted,71,65536,231.000000,0,0,4
prefaulted,72,65536,220.000000,0,0,4
prefaulted,73,65536,601.000000,0,0,4
prefaulted,74,65536,221.000000,0,0,4
prefaulted,75,65536,220.000000,0,0,4
prefaulted,76,65536,230.000000,0,0,4
prefaulted,77,65536,241.000000,0,0,4
prefaulted,78,65536,240.000000,0,0,4
prefaulted,79,65536,230.000000,0,0,4
prefaulted,80,65536,221.000000,0,0,4
prefaulted,81,65536,251.000000,0,0,4
prefaulted,82,65536,220.000000,0,0,4
prefaulted,83,65536,230.000000,0,0,4
prefaulted,84,65536,251.000000,0,0,4
prefaulted,85,65536,241.000000,0,0,4
prefaulted,86,65536,220.000000,0,0,4
prefaulted,87,65536,230.000000,0,0,4
prefaulted,88,65536,221.000000,0,0,4
prefaulted,89,65536,341.000000,0,0,4
prefaulted,90,65536,221.000000,0,0,4
prefaulted,91,65536,220.000000,0,0,4
prefaulted,92,65536,220.000000,0,0,4
prefaulted,93,65536,521.000000,0,0,4
prefaulted,94,65536,230.000000,0,0,4
prefaulted,95,65536,221.000000,0,0,4
prefaulted,96,65536,331.000000,0,0,4
prefaulted,97,65536,341.000000,0,0,4
prefaulted,98,65536,521.000000,0,0,4
prefaulted,99,65536,231.000000,0,0,4
prefaulted,100,65536,220.000000,0,0,4
prefaulted,101,65536,230.000000,0,0,4
prefaulted,102,65536,431.000000,0,0,4
prefaulted,103,65536,510.000000,0,0,4
prefaulted,104,65536,220.000000,0,0,4
prefaulted,105,65536,231.000000,0,0,4
prefaulted,106,65536,561.000000,0,0,4
prefaulted,107,65536,220.000000,0,0,4
prefaulted,108,65536,250.000000,0,0,4
prefaulted,109,65536,221.000000,0,0,4
prefaulted,110,65536,220.000000,0,0,4
prefaulted,111,65536,210.000000,0,0,4
prefaulted,112,65536,221.000000,0,0,4
prefaulted,113,65536,230.000000,0,0,4
prefaulted,114,65536,210.000000,0,0,4
prefaulted,115,65536,331.000000,0,0,4
prefaulted,116,65536,421.000000,0,0,4
prefaulted,117,65536,281.000000,0,0,4
prefaulted,118,65536,231.000000,0,0,4
prefaulted,119,65536,230.000000,0,0,4
prefaulted,120,65536,220.000000,0,0,4
prefaulted,121,65536,221.000000,0,0,4
prefaulted,122,65536,281.000000,0,0,4
prefaulted,123,65536,230.000000,0,0,4
prefaulted,124,65536,230.000000,0,0,4
prefaulted,125,65536,261.000000,0,0,4
prefaulted,126,65536,230.000000,0,0,4
prefaulted,127,65536,220.000000,0,0,4
prefaulted,128,65536,311.000000,0,0,4
prefaulted,129,65536,331.000000,0,0,4
prefaulted,130,65536,221.000000,0,0,4
prefaulted,131,65536,220.000000,0,0,4
prefaulted,132,65536,220.000000,0,0,4
prefaulted,133,65536,221.000000,0,0,4
prefaulted,134,65536,340.000000,0,0,4
prefaulted,135,65536,220.000000,0,0,4
prefaulted,136,65536,231.000000,0,0,4
prefaulted,137,65536,221.000000,0,0,4
prefaulted,138,65536,381.000000,0,0,4
prefaulted,139,65536,220.000000,0,0,4
prefaulted,140,65536,221.000000,0,0,4
prefaulted,141,65536,231.000000,0,0,4
prefaulted,142,65536,230.000000,0,0,4
prefaulted,143,65536,220.000000,0,0,4
prefaulted,144,65536,230.000000,0,0,4
prefaulted,145,65536,230.000000,0,0,4
prefaulted,146,65536,221.000000,0,0,4
prefaulted,147,65536,411.000000,0,0,4
prefaulted,148,65536,231.000000,0,0,4
prefaulted,149,65536,250.000000,0,0,4
prefaulted,150,65536,220.000000,0,0,4
prefaulted,151,65536,231.000000,0,0,4
prefaulted,152,65536,220.000000,0,0,4
prefaulted,153,65536,230.000000,0,0,4
prefaulted,154,65536,231.000000,0,0,4
prefaulted,155,65536,220.000000,0,0,4
prefaulted,156,65536,220.000000,0,0,4
prefaulted,157,65536,221.000000,0,0,4
prefaulted,158,65536,230.000000,0,0,4
prefaulted,159,65536,571.000000,0,0,4
prefaulted,160,65536,341.000000,0,0,4
prefaulted,161,65536,321.000000,0,0,4
prefaulted,162,65536,270.000000,0,0,4
prefaulted,163,65536,280.000000,0,0,4
prefaulted,164,65536,561.000000,0,0,4
prefaulted,165,65536,210.000000,0,0,4
prefaulted,166,65536,311.000000,0,0,4
prefaulted,167,65536,231.000000,0,0,4
prefaulted,168,65536,230.000000,0,0,4
prefaulted,169,65536,220.000000,0,0,4
prefaulted,170,65536,250.000000,0,0,4
prefaulted,171,65536,231.000000,0,0,4
prefaulted,172,65536,230.000000,0,0,4
prefaulted,173,65536,260.000000,0,0,4
prefaulted,174,65536,241.000000,0,0,4
prefaulted,175,65536,241.000000,0,0,4
prefaulted,176,65536,220.000000,0,0,4
prefaulted,177,65536,221.000000,0,0,4
prefaulted,178,65536,221.000000,0,0,4
prefaulted,179,65536,260.000000,0,0,4
prefaulted,180,65536,390.000000,0,0,4
prefaulted,181,65536,210.000000,0,0,4
prefaulted,182,65536,231.000000,0,0,4
prefaulted,183,65536,230.000000,0,0,4
prefaulted,184,65536,440.000000,0,0,4
prefaulted,185,65536,240.000000,0,0,4
prefaulted,186,65536,231.000000,0,0,4
prefaulted,187,65536,241.000000,0,0,4
prefaulted,188,65536,240.000000,0,0,4
prefaulted,189,65536,220.000000,0,0,4
prefaulted,190,65536,231.000000,0,0,4
prefaulted,191,65536,220.000000,0,0,4
prefaulted,192,65536,320.000000,0,0,4
prefaulted,193,65536,341.000000,0,0,4
prefaulted,194,65536,241.000000,0,0,4
prefaulted,195,65536,220.000000,0,0,4
prefaulted,196,65536,140.000000,0,0,4
prefaulted,197,65536,220.000000,0,0,4
prefaulted,198,65536,221.000000,0,0,4
prefaulted,199,65536,321.000000,0,0,4
prefaulted,200,65536,721.000000,0,0,4
prefaulted,201,65536,230.000000,0,0,4
prefaulted,202,65536,231.000000,0,0,4
prefaulted,203,65536,251.000000,0,0,4
prefaulted,204,65536,290.000000,0,0,4
prefaulted,205,65536,481.000000,0,0,4
prefaulted,206,65536,220.000000,0,0,4
prefaulted,207,65536,220.000000,0,0,4
prefaulted,208,65536,321.000000,0,0,4
prefaulted,209,65536,401.000000,0,0,4
prefaulted,210,65536,571.000000,0,0,4
prefaulted,211,65536,270.000000,0,0,4
prefaulted,212,65536,231.000000,0,0,4
prefaulted,213,65536,220.000000,0,0,4
prefaulted,214,65536,300.000000,0,0,4
prefaulted,215,65536,240.000000,0,0,4
prefaulted,216,65536,221.000000,0,0,4
prefaulted,217,65536,221.000000,0,0,4
prefaulted,218,65536,230.000000,0,0,4
prefaulted,219,65536,210.000000,0,0,4
prefaulted,220,65536,231.000000,0,0,4
prefaulted,221,65536,240.000000,0,0,4
prefaulted,222,65536,210.000000,0,0,4
prefaulted,223,65536,221.000000,0,0,4
prefaulted,224,65536,331.000000,0,0,4
prefaulted,225,65536,341.000000,0,0,4
prefaulted,226,65536,351.000000,0,0,4
prefaulted,227,65536,240.000000,0,0,4
prefaulted,228,65536,240.000000,0,0,4
prefaulted,229,65536,211.000000,0,0,4
prefaulted,230,65536,220.000000,0,0,4
prefaulted,231,65536,541.000000,0,0,4
prefaulted,232,65536,250.000000,0,0,4
prefaulted,233,65536,260.000000,0,0,4
prefaulted,234,65536,491.000000,0,0,4
prefaulted,235,65536,351.000000,0,0,4
prefaulted,236,65536,211.000000,0,0,4
prefaulted,237,65536,250.000000,0,0,4
prefaulted,238,65536,210.000000,0,0,4
prefaulted,239,65536,231.000000,0,0,4
prefaulted,240,65536,240.000000,0,0,4
prefaulted,241,65536,220.000000,0,0,4
prefaulted,242,65536,241.000000,0,0,4
prefaulted,243,65536,221.000000,0,0,4
prefaulted,244,65536,280.000000,0,0,4
prefaulted,245,65536,220.000000,0,0,4
prefaulted,246,65536,481.000000,0,0,4
prefaulted,247,65536,230.000000,0,0,4
prefaulted,248,65536,221.000000,0,0,4
prefaulted,249,65536,481.000000,0,0,4
prefaulted,250,65536,221.000000,0,0,4
prefaulted,251,65536,220.000000,0,0,4
prefaulted,252,65536,220.000000,0,0,4
prefaulted,253,65536,251.000000,0,0,4
prefaulted,254,65536,371.000000,0,0,4
prefaulted,255,65536,270.000000,0,0,4
prefaulted,256,65536,400.000000,0,0,4
prefaulted,257,65536,391.000000,0,0,4
prefaulted,258,65536,231.000000,0,0,4
prefaulted,259,65536,270.000000,0,0,4
prefaulted,260,65536,271.000000,0,0,4
prefaulted,261,65536,250.000000,0,0,4
prefaulted,262,65536,251.000000,0,0,4
prefaulted,263,65536,340.000000,0,0,4
prefaulted,264,65536,361.000000,0,0,4
prefaulted,265,65536,240.000000,0,0,4
prefaulted,266,65536,261.000000,0,0,4
prefaulted,267,65536,250.000000,0,0,4
prefaulted,268,65536,251.000000,0,0,4
prefaulted,269,65536,270.000000,0,0,4
prefaulted,270,65536,231.000000,0,0,4
prefaulted,271,65536,410.000000,0,0,4
prefaulted,272,65536,481.000000,0,0,4
prefaulted,273,65536,261.000000,0,0,4
prefaulted,274,65536,280.000000,0,0,4
prefaulted,275,65536,561.000000,0,0,4
prefaulted,276,65536,531.000000,0,0,4
prefaulted,277,65536,401.000000,0,0,4
prefaulted,278,65536,280.000000,0,0,4
prefaulted,279,65536,401.000000,0,0,4
prefaulted,280,65536,471.000000,0,0,4
prefaulted,281,65536,251.000000,0,0,4
prefaulted,282,65536,250.000000,0,0,4
prefaulted,283,65536,561.000000,0,0,4
prefaulted,284,65536,511.000000,0,0,4
prefaulted,285,65536,241.000000,0,0,4
prefaulted,286,65536,271.000000,0,0,4
prefaulted,287,65536,611.000000,0,0,4
prefaulted,288,65536,431.000000,0,0,4
prefaulted,289,65536,340.000000,0,0,4
prefaulted,290,65536,251.000000,0,0,4
prefaulted,291,65536,581.000000,0,0,4
prefaulted,292,65536,351.000000,0,0,4
prefaulted,293,65536,330.000000,0,0,4
prefaulted,294,65536,441.000000,0,0,4
prefaulted,295,65536,220.000000,0,0,4
prefaulted,296,65536,231.000000,0,0,4
prefaulted,297,65536,250.000000,0,0,4
prefaulted,298,65536,221.000000,0,0,4
prefaulted,299,65536,250.000000,0,0,4
prefaulted,300,65536,230.000000,0,0,4
prefaulted,301,65536,250.000000,0,0,4
prefaulted,302,65536,231.000000,0,0,4
prefaulted,303,65536,220.000000,0,0,4
prefaulted,304,65536,270.000000,0,0,4
prefaulted,305,65536,261.000000,0,0,4
prefaulted,306,65536,551.000000,0,0,4
prefaulted,307,65536,240.000000,0,0,4
prefaulted,308,65536,221.000000,0,0,4
prefaulted,309,65536,230.000000,0,0,4
prefaulted,310,65536,410.000000,0,0,4
prefaulted,311,65536,240.000000,0,0,4
prefaulted,312,65536,231.000000,0,0,4
prefaulted,313,65536,230.000000,0,0,4
prefaulted,314,65536,230.000000,0,0,4
prefaulted,315,65536,231.000000,0,0,4
prefaulted,316,65536,220.000000,0,0,4
prefaulted,317,65536,230.000000,0,0,4
prefaulted,318,65536,231.000000,0,0,4
prefaulted,319,65536,231.000000,0,0,4
prefaulted,320,65536,340.000000,0,0,4
prefaulted,321,65536,370.000000,0,0,4
prefaulted,322,65536,350.000000,0,0,4
prefaulted,323,65536,230.000000,0,0,4
prefaulted,324,65536,251.000000,0,0,4
prefaulted,325,65536,230.000000,0,0,4
prefaulted,326,65536,430.000000,0,0,4
prefaulted,327,65536,230.000000,0,0,4
prefaulted,328,65536,241.000000,0,0,4
prefaulted,329,65536,240.000000,0,0,4
prefaulted,330,65536,220.000000,0,0,4
prefaulted,331,65536,211.000000,0,0,4
prefaulted,332,65536,220.000000,0,0,4
prefaulted,333,65536,250.000000,0,0,4
prefaulted,334,65536,231.000000,0,0,4
prefaulted,335,65536,231.000000,0,0,4
prefaulted,336,65536,280.000000,0,0,4
prefaulted,337,65536,230.000000,0,0,4
prefaulted,338,65536,511.000000,0,0,4
prefaulted,339,65536,251.000000,0,0,4
prefaulted,340,65536,221.000000,0,0,4
prefaulted,341,65536,250.000000,0,0,4
prefaulted,342,65536,410.000000,0,0,4
prefaulted,343,65536,230.000000,0,0,4
prefaulted,344,65536,231.000000,0,0,4
prefaulted,345,65536,230.000000,0,0,4
prefaulted,346,65536,230.000000,0,0,4
prefaulted,347,65536,211.000000,0,0,4
prefaulted,348,65536,241.000000,0,0,4
prefaulted,349,65536,221.000000,0,0,4
prefaulted,350,65536,231.000000,0,0,4
prefaulted,351,65536,240.000000,0,0,4
prefaulted,352,65536,320.000000,0,0,4
prefaulted,353,65536,431.000000,0,0,4
prefaulted,354,65536,271.000000,0,0,4
prefaulted,355,65536,241.000000,0,0,4
prefaulted,356,65536,240.000000,0,0,4
prefaulted,357,65536,571.000000,0,0,4
prefaulted,358,65536,411.000000,0,0,4
prefaulted,359,65536,240.000000,0,0,4
prefaulted,360,65536,240.000000,0,0,4
prefaulted,361,65536,221.000000,0,0,4
prefaulted,362,65536,231.000000,0,0,4
prefaulted,363,65536,241.000000,0,0,4
prefaulted,364,65536,220.000000,0,0,4
prefaulted,365,65536,240.000000,0,0,4
prefaulted,366,65536,231.000000,0,0,4
prefaulted,367,65536,250.000000,0,0,4
prefaulted,368,65536,230.000000,0,0,4
prefaulted,369,65536,251.000000,0,0,4
prefaulted,370,65536,241.000000,0,0,4
prefaulted,371,65536,330.000000,0,0,4
prefaulted,372,65536,481.000000,0,0,4
prefaulted,373,65536,441.000000,0,0,4
prefaulted,374,65536,240.000000,0,0,4
prefaulted,375,65536,220.000000,0,0,4
prefaulted,376,65536,231.000000,0,0,4
prefaulted,377,65536,441.000000,0,0,4
prefaulted,378,65536,231.000000,0,0,4
prefaulted,379,65536,230.000000,0,0,4
prefaulted,380,65536,251.000000,0,0,4
prefaulted,381,65536,221.000000,0,0,4
prefaulted,382,65536,240.000000,0,0,4
prefaulted,383,65536,220.000000,0,0,4
prefaulted,384,65536,331.000000,0,0,4
prefaulted,385,65536,381.000000,0,0,4
prefaulted,386,65536,270.000000,0,0,4
prefaulted,387,65536,250.000000,0,0,4
prefaulted,388,65536,221.000000,0,0,4
prefaulted,389,65536,351.000000,0,0,4
prefaulted,390,65536,230.000000,0,0,4
prefaulted,391,65536,240.000000,0,0,4
prefaulted,392,65536,221.000000,0,0,4
prefaulted,393,65536,341.000000,0,0,4
prefaulted,394,65536,270.000000,0,0,4
prefaulted,395,65536,240.000000,0,0,4
prefaulted,396,65536,241.000000,0,0,4
prefaulted,397,65536,220.000000,0,0,4
prefaulted,398,65536,220.000000,0,0,4
prefaulted,399,65536,230.000000,0,0,4
prefaulted,400,65536,220.000000,0,0,4
prefaulted,401,65536,250.000000,0,0,4
prefaulted,402,65536,221.000000,0,0,4
prefaulted,403,65536,230.000000,0,0,4
prefaulted,404,65536,551.000000,0,0,4
prefaulted,405,65536,280.000000,0,0,4
prefaulted,406,65536,250.000000,0,0,4
prefaulted,407,65536,221.000000,0,0,4
prefaulted,408,65536,311.000000,0,0,4
prefaulted,409,65536,220.000000,0,0,4
prefaulted,410,65536,220.000000,0,0,4
prefaulted,411,65536,221.000000,0,0,4
prefaulted,412,65536,250.000000,0,0,4
prefaulted,413,65536,251.000000,0,0,4
prefaulted,414,65536,241.000000,0,0,4
prefaulted,415,65536,361.000000,0,0,4
prefaulted,416,65536,361.000000,0,0,4
prefaulted,417,65536,360.000000,0,0,4
prefaulted,418,65536,230.000000,0,0,4
prefaulted,419,65536,231.000000,0,0,4
prefaulted,420,65536,391.000000,0,0,4
prefaulted,421,65536,271.000000,0,0,4
prefaulted,422,65536,230.000000,0,0,4
prefaulted,423,65536,221.000000,0,0,4
prefaulted,424,65536,291.000000,0,0,4
prefaulted,425,65536,230.000000,0,0,4
prefaulted,426,65536,270.000000,0,0,4
prefaulted,427,65536,310.000000,0,0,4
prefaulted,428,65536,250.000000,0,0,4
prefaulted,429,65536,290.000000,0,0,4
prefaulted,430,65536,281.000000,0,0,4
prefaulted,431,65536,340.000000,0,0,4
prefaulted,432,65536,231.000000,0,0,4
prefaulted,433,65536,321.000000,0,0,4
prefaulted,434,65536,240.000000,0,0,4
prefaulted,435,65536,511.000000,0,0,4
prefaulted,436,65536,221.000000,0,0,4
prefaulted,437,65536,250.000000,0,0,4
prefaulted,438,65536,260.000000,0,0,4
prefaulted,439,65536,261.000000,0,0,4
prefaulted,440,65536,250.000000,0,0,4
prefaulted,441,65536,240.000000,0,0,4
prefaulted,442,65536,251.000000,0,0,4
prefaulted,443,65536,250.000000,0,0,4
prefaulted,444,65536,300.000000,0,0,4
prefaulted,445,65536,271.000000,0,0,4
prefaulted,446,65536,240.000000,0,0,4
prefaulted,447,65536,241.000000,0,0,4
prefaulted,448,65536,371.000000,0,0,4
prefaulted,449,65536,211.000000,0,0,4
prefaulted,450,65536,230.000000,0,0,4
prefaulted,451,65536,241.000000,0,0,4
prefaulted,452,65536,230.000000,0,0,4
prefaulted,453,65536,251.000000,0,0,4
prefaulted,454,65536,441.000000,0,0,4
prefaulted,455,65536,261.000000,0,0,4
prefaulted,456,65536,230.000000,0,0,4
prefaulted,457,65536,221.000000,0,0,4
prefaulted,458,65536,291.000000,0,0,4
prefaulted,459,65536,601.000000,0,0,4
prefaulted,460,65536,211.000000,0,0,4
prefaulted,461,65536,250.000000,0,0,4
prefaulted,462,65536,211.000000,0,0,4
prefaulted,463,65536,501.000000,0,0,4
prefaulted,464,65536,221.000000,0,0,4
prefaulted,465,65536,270.000000,0,0,4
prefaulted,466,65536,231.000000,0,0,4
prefaulted,467,65536,220.000000,0,0,4
prefaulted,468,65536,220.000000,0,0,4
prefaulted,469,65536,221.000000,0,0,4
prefaulted,470,65536,220.000000,0,0,4
prefaulted,471,65536,221.000000,0,0,4
prefaulted,472,65536,210.000000,0,0,4
prefaulted,473,65536,240.000000,0,0,4
prefaulted,474,65536,401.000000,0,0,4
prefaulted,475,65536,231.000000,0,0,4
prefaulted,476,65536,230.000000,0,0,4
prefaulted,477,65536,230.000000,0,0,4
prefaulted,478,65536,241.000000,0,0,4
prefaulted,479,65536,220.000000,0,0,4
prefaulted,480,65536,361.000000,0,0,4
prefaulted,481,65536,321.000000,0,0,4
prefaulted,482,65536,251.000000,0,0,4
prefaulted,483,65536,270.000000,0,0,4
prefaulted,484,65536,231.000000,0,0,4
prefaulted,485,65536,291.000000,0,0,4
prefaulted,486,65536,531.000000,0,0,4
prefaulted,487,65536,241.000000,0,0,4
prefaulted,488,65536,230.000000,0,0,4
prefaulted,489,65536,231.000000,0,0,4
prefaulted,490,65536,521.000000,0,0,4
prefaulted,491,65536,231.000000,0,0,4
prefaulted,492,65536,250.000000,0,0,4
prefaulted,493,65536,231.000000,0,0,4
prefaulted,494,65536,220.000000,0,0,4
prefaulted,495,65536,260.000000,0,0,4
prefaulted,496,65536,221.000000,0,0,4
prefaulted,497,65536,270.000000,0,0,4
prefaulted,498,65536,240.000000,0,0,4
prefaulted,499,65536,261.000000,0,0,4
prefaulted,500,65536,220.000000,0,0,4
prefaulted,501,65536,410.000000,0,0,4
prefaulted,502,65536,210.000000,0,0,4
prefaulted,503,65536,230.000000,0,0,4
prefaulted,504,65536,220.000000,0,0,4
prefaulted,505,65536,231.000000,0,0,4
prefaulted,506,65536,220.000000,0,0,4
prefaulted,507,65536,291.000000,0,0,4
prefaulted,508,65536,221.000000,0,0,4
prefaulted,509,65536,220.000000,0,0,4
prefaulted,510,65536,231.000000,0,0,4
prefaulted,511,65536,391.000000,0,0,4
malloc_growth,0,65536,20689.000000,19,0,4
malloc_growth,1,65536,19176.000000,16,0,4
malloc_growth,2,65536,19126.000000,16,0,4
malloc_growth,3,65536,20639.000000,16,0,4
malloc_growth,4,65536,18936.000000,16,0,4
malloc_growth,5,65536,19417.000000,16,0,4
malloc_growth,6,65536,18895.000000,16,0,4
malloc_growth,7,65536,17944.000000,16,0,4
malloc_growth,8,65536,17894.000000,16,0,4
malloc_growth,9,65536,18685.000000,16,0,4
malloc_growth,10,65536,18234.000000,16,0,4
malloc_growth,11,65536,18695.000000,16,0,4
malloc_growth,12,65536,18965.000000,16,0,4
malloc_growth,13,65536,18625.000000,16,0,4
malloc_growth,14,65536,17653.000000,16,0,4
malloc_growth,15,65536,18695.000000,16,0,4
malloc_growth,16,65536,17975.000000,16,0,4
malloc_growth,17,65536,17863.000000,16,0,4
malloc_growth,18,65536,18274.000000,16,0,4
malloc_growth,19,65536,18204.000000,16,0,4
malloc_growth,20,65536,18264.000000,16,0,4
malloc_growth,21,65536,38913.000000,16,0,4
malloc_growth,22,65536,18034.000000,16,0,4
malloc_growth,23,65536,17593.000000,16,0,4
malloc_growth,24,65536,19357.000000,16,0,4
malloc_growth,25,65536,17893.000000,16,0,4
malloc_growth,26,65536,19036.000000,16,0,4
malloc_growth,27,65536,18845.000000,16,0,4
malloc_growth,28,65536,17422.000000,16,0,4
malloc_growth,29,65536,18385.000000,16,0,4
malloc_growth,30,65536,19277.000000,16,0,4
malloc_growth,31,65536,18335.000000,16,0,4
malloc_growth,32,65536,17684.000000,16,0,4
malloc_growth,33,65536,18887.000000,16,0,4
malloc_growth,34,65536,18815.000000,16,0,4
malloc_growth,35,65536,18975.000000,16,0,4
malloc_growth,36,65536,18855.000000,16,0,4
malloc_growth,37,65536,18335.000000,16,0,4
malloc_growth,38,65536,18395.000000,16,0,4
malloc_growth,39,65536,18756.000000,16,0,4
malloc_growth,40,65536,18415.000000,16,0,4
malloc_growth,41,65536,19686.000000,16,0,4
malloc_growth,42,65536,18646.000000,16,0,4
malloc_growth,43,65536,19076.000000,16,0,4
malloc_growth,44,65536,20068.000000,16,0,4
malloc_growth,45,65536,18575.000000,16,0,4
malloc_growth,46,65536,18464.000000,16,0,4
malloc_growth,47,65536,18885.000000,16,0,4
malloc_growth,48,65536,22041.000000,16,0,4
malloc_growth,49,65536,20318.000000,16,0,4
malloc_growth,50,65536,18736.000000,16,0,4
malloc_growth,51,65536,17884.000000,16,0,4
malloc_growth,52,65536,18154.000000,16,0,4
malloc_growth,53,65536,19307.000000,16,0,4
malloc_growth,54,65536,18325.000000,16,0,4
malloc_growth,55,65536,17833.000000,16,0,4
malloc_growth,56,65536,18625.000000,16,0,4
malloc_growth,57,65536,17513.000000,16,0,4
malloc_growth,58,65536,18975.000000,16,0,4
malloc_growth,59,65536,18285.000000,16,0,4
malloc_growth,60,65536,17543.000000,16,0,4
malloc_growth,61,65536,19387.000000,16,0,4
malloc_growth,62,65536,18926.000000,16,0,4
malloc_growth,63,65536,18565.000000,16,0,4
malloc_growth,64,65536,19537.000000,16,0,4
malloc_growth,65,65536,19236.000000,16,0,4
malloc_growth,66,65536,17993.000000,16,0,4
malloc_growth,67,65536,18174.000000,16,0,4
malloc_growth,68,65536,19287.000000,16,0,4
malloc_growth,69,65536,18545.000000,16,0,4
malloc_growth,70,65536,37279.000000,16,0,4
malloc_growth,71,65536,19607.000000,16,0,4
malloc_growth,72,65536,18244.000000,16,0,4
malloc_growth,73,65536,18334.000000,16,0,4
malloc_growth,74,65536,19637.000000,16,0,4
malloc_growth,75,65536,18835.000000,16,0,4
malloc_growth,76,65536,18155.000000,16,0,4
malloc_growth,77,65536,20349.000000,16,0,4
malloc_growth,78,65536,19606.000000,16,0,4
malloc_growth,79,65536,18485.000000,16,0,4
malloc_growth,80,65536,20027.000000,16,0,4
malloc_growth,81,65536,19256.000000,16,0,4
malloc_growth,82,65536,18855.000000,16,0,4
malloc_growth,83,65536,19397.000000,16,0,4
malloc_growth,84,65536,19067.000000,16,0,4
malloc_growth,85,65536,18795.000000,16,0,4
malloc_growth,86,65536,19156.000000,16,0,4
malloc_growth,87,65536,18384.000000,16,0,4
malloc_growth,88,65536,18906.000000,16,0,4
malloc_growth,89,65536,19587.000000,16,0,4
malloc_growth,90,65536,19506.000000,16,0,4
malloc_growth,91,65536,18886.000000,16,0,4
malloc_growth,92,65536,19908.000000,16,0,4
malloc_growth,93,65536,19577.000000,16,0,4
malloc_growth,94,65536,18425.000000,16,0,4
malloc_growth,95,65536,19587.000000,16,0,4
malloc_growth,96,65536,18956.000000,16,0,4
malloc_growth,97,65536,18014.000000,16,0,4
malloc_growth,98,65536,19336.000000,16,0,4
malloc_growth,99,65536,18184.000000,16,0,4
malloc_growth,100,65536,18244.000000,16,0,4
malloc_growth,101,65536,19106.000000,16,0,4
malloc_growth,102,65536,18506.000000,16,0,4
malloc_growth,103,65536,20178.000000,16,0,4
malloc_growth,104,65536,19797.000000,16,0,4
malloc_growth,105,65536,21340.000000,16,0,4
malloc_growth,106,65536,19296.000000,16,0,4
malloc_growth,107,65536,19917.000000,16,0,4
malloc_growth,108,65536,18515.000000,16,0,4
malloc_growth,109,65536,18635.000000,16,0,4
malloc_growth,110,65536,20149.000000,16,0,4
malloc_growth,111,65536,19226.000000,16,0,4
malloc_growth,112,65536,19176.000000,16,0,4
malloc_growth,113,65536,20107.000000,16,0,4
malloc_growth,114,65536,19336.000000,16,0,4
malloc_growth,115,65536,18084.000000,16,0,4
malloc_growth,116,65536,19887.000000,16,0,4
malloc_growth,117,65536,68650.000000,16,0,4
malloc_growth,118,65536,18405.000000,16,0,4
malloc_growth,119,65536,19536.000000,16,0,4
malloc_growth,120,65536,18555.000000,16,0,4
malloc_growth,121,65536,19988.000000,16,0,4
malloc_growth,122,65536,18836.000000,16,0,4
malloc_growth,123,65536,18235.000000,16,0,4
malloc_growth,124,65536,19367.000000,16,0,4
malloc_growth,125,65536,18656.000000,16,0,4
malloc_growth,126,65536,19026.000000,16,0,4
malloc_growth,127,65536,18855.000000,16,0,4
malloc_growth,128,65536,18665.000000,16,0,4
malloc_growth,129,65536,18073.000000,16,0,4
malloc_growth,130,65536,18765.000000,16,0,4
malloc_growth,131,65536,23965.000000,16,0,4
malloc_growth,132,65536,24106.000000,16,0,4
malloc_growth,133,65536,25458.000000,16,0,4
malloc_growth,134,65536,18034.000000,16,0,4
malloc_growth,135,65536,18114.000000,16,0,4
malloc_growth,136,65536,21019.000000,16,0,4
malloc_growth,137,65536,18385.000000,16,0,4
malloc_growth,138,65536,18554.000000,16,0,4
malloc_growth,139,65536,18635.000000,16,0,4
malloc_growth,140,65536,18284.000000,16,0,4
malloc_growth,141,65536,18264.000000,16,0,4
malloc_growth,142,65536,18806.000000,16,0,4
malloc_growth,143,65536,17904.000000,16,0,4
malloc_growth,144,65536,18405.000000,16,0,4
malloc_growth,145,65536,19096.000000,16,0,4
malloc_growth,146,65536,18084.000000,16,0,4
malloc_growth,147,65536,18565.000000,16,0,4
malloc_growth,148,65536,18835.000000,16,0,4
malloc_growth,149,65536,18114.000000,16,0,4
malloc_growth,150,65536,18355.000000,16,0,4
malloc_growth,151,65536,20410.000000,16,0,4
malloc_growth,152,65536,18284.000000,16,0,4
malloc_growth,153,65536,17933.000000,16,0,4
malloc_growth,154,65536,19787.000000,16,0,4
malloc_growth,155,65536,19096.000000,16,0,4
malloc_growth,156,65536,19297.000000,16,0,4
malloc_growth,157,65536,18946.000000,16,0,4
malloc_growth,158,65536,18805.000000,16,0,4
malloc_growth,159,65536,18475.000000,16,0,4
malloc_growth,160,65536,18906.000000,16,0,4
malloc_growth,161,65536,18154.000000,16,0,4
malloc_growth,162,65536,18164.000000,16,0,4
malloc_growth,163,65536,33272.000000,16,0,4
malloc_growth,164,65536,18575.000000,16,0,4
malloc_growth,165,65536,20178.000000,16,0,4
malloc_growth,166,65536,18434.000000,16,0,4
malloc_growth,167,65536,18045.000000,16,0,4
malloc_growth,168,65536,18875.000000,16,0,4
malloc_growth,169,65536,17473.000000,16,0,4
malloc_growth,170,65536,18204.000000,16,0,4
malloc_growth,171,65536,18825.000000,16,0,4
malloc_growth,172,65536,18414.000000,16,0,4
malloc_growth,173,65536,18014.000000,16,0,4
malloc_growth,174,65536,19256.000000,16,0,4
malloc_growth,175,65536,18354.000000,16,0,4
malloc_growth,176,65536,17884.000000,16,0,4
malloc_growth,177,65536,18946.000000,16,0,4
malloc_growth,178,65536,18024.000000,16,0,4
malloc_growth,179,65536,18054.000000,16,0,4
malloc_growth,180,65536,19997.000000,16,0,4
malloc_growth,181,65536,18094.000000,16,0,4
malloc_growth,182,65536,18294.000000,16,0,4
malloc_growth,183,65536,23113.000000,16,0,4
malloc_growth,184,65536,24496.000000,16,0,4
malloc_growth,185,65536,24425.000000,16,0,4
malloc_growth,186,65536,20639.000000,16,0,4
malloc_growth,187,65536,18275.000000,16,0,4
malloc_growth,188,65536,18034.000000,16,0,4
malloc_growth,189,65536,18555.000000,16,0,4
malloc_growth,190,65536,17803.000000,16,0,4
malloc_growth,191,65536,18074.000000,16,0,4
malloc_growth,192,65536,19446.000000,16,0,4
malloc_growth,193,65536,20078.000000,16,0,4
malloc_growth,194,65536,18625.000000,16,0,4
malloc_growth,195,65536,20077.000000,16,0,4
malloc_growth,196,65536,18074.000000,16,0,4
malloc_growth,197,65536,18064.000000,16,0,4
malloc_growth,198,65536,18455.000000,16,0,4
malloc_growth,199,65536,18104.000000,16,0,4
malloc_growth,200,65536,18755.000000,16,0,4
malloc_growth,201,65536,18886.000000,16,0,4
malloc_growth,202,65536,17964.000000,16,0,4
malloc_growth,203,65536,18164.000000,16,0,4
malloc_growth,204,65536,19126.000000,16,0,4
malloc_growth,205,65536,17933.000000,16,0,4
malloc_growth,206,65536,18896.000000,16,0,4
malloc_growth,207,65536,17834.000000,16,0,4
malloc_growth,208,65536,18264.000000,16,0,4
malloc_growth,209,65536,19787.000000,16,0,4
malloc_growth,210,65536,17873.000000,16,0,4
malloc_growth,211,65536,36149.000000,16,0,4
malloc_growth,212,65536,19286.000000,16,0,4
malloc_growth,213,65536,18084.000000,16,0,4
malloc_growth,214,65536,18114.000000,16,0,4
malloc_growth,215,65536,18195.000000,16,0,4
malloc_growth,216,65536,18305.000000,16,0,4
malloc_growth,217,65536,18585.000000,16,0,4
malloc_growth,218,65536,19937.000000,16,0,4
malloc_growth,219,65536,18035.000000,16,0,4
malloc_growth,220,65536,18454.000000,16,0,4
malloc_growth,221,65536,19236.000000,16,0,4
malloc_growth,222,65536,18475.000000,16,0,4
malloc_growth,223,65536,17874.000000,16,0,4
malloc_growth,224,65536,19967.000000,16,0,4
malloc_growth,225,65536,18294.000000,16,0,4
malloc_growth,226,65536,18254.000000,16,0,4
malloc_growth,227,65536,18314.000000,16,0,4
malloc_growth,228,65536,18616.000000,16,0,4
malloc_growth,229,65536,18084.000000,16,0,4
malloc_growth,230,65536,19757.000000,16,0,4
malloc_growth,231,65536,17693.000000,16,0,4
malloc_growth,232,65536,18545.000000,16,0,4
malloc_growth,233,65536,18925.000000,16,0,4
malloc_growth,234,65536,17813.000000,16,0,4
malloc_growth,235,65536,17563.000000,16,0,4
malloc_growth,236,65536,18665.000000,16,0,4
malloc_growth,237,65536,17923.000000,16,0,4
malloc_growth,238,65536,18645.000000,16,0,4
malloc_growth,239,65536,18524.000000,16,0,4
malloc_growth,240,65536,17884.000000,16,0,4
malloc_growth,241,65536,20078.000000,16,0,4
malloc_growth,242,65536,20037.000000,16,0,4
malloc_growth,243,65536,18134.000000,16,0,4
malloc_growth,244,65536,18174.000000,16,0,4
malloc_growth,245,65536,18776.000000,16,0,4
malloc_growth,246,65536,18855.000000,16,0,4
malloc_growth,247,65536,18144.000000,16,0,4
malloc_growth,248,65536,18224.000000,16,0,4
malloc_growth,249,65536,17903.000000,16,0,4
malloc_growth,250,65536,19076.000000,16,0,4
malloc_growth,251,65536,17623.000000,16,0,4
malloc_growth,252,65536,19456.000000,16,0,4
malloc_growth,253,65536,18885.000000,16,0,4
malloc_growth,254,65536,18305.000000,16,0,4
malloc_growth,255,65536,17874.000000,16,0,4
malloc_growth,256,65536,19336.000000,16,0,4
malloc_growth,257,65536,17814.000000,16,0,4
malloc_growth,258,65536,19076.000000,16,0,4
malloc_growth,259,65536,19737.000000,16,0,4
malloc_growth,260,65536,42660.000000,16,0,4
malloc_growth,261,65536,25248.000000,16,0,4
malloc_growth,262,65536,25598.000000,16,0,4
malloc_growth,263,65536,23804.000000,16,0,4
malloc_growth,264,65536,25658.000000,16,0,4
malloc_growth,265,65536,24015.000000,16,0,4
malloc_growth,266,65536,23975.000000,16,0,4
malloc_growth,267,65536,24286.000000,16,0,4
malloc_growth,268,65536,19477.000000,16,0,4
malloc_growth,269,65536,18455.000000,16,0,4
malloc_growth,270,65536,18315.000000,16,0,4
malloc_growth,271,65536,19276.000000,16,0,4
malloc_growth,272,65536,18274.000000,16,0,4
malloc_growth,273,65536,18635.000000,16,0,4
malloc_growth,274,65536,19226.000000,16,0,4
malloc_growth,275,65536,18365.000000,16,0,4
malloc_growth,276,65536,18625.000000,16,0,4
malloc_growth,277,65536,19317.000000,16,0,4
malloc_growth,278,65536,18144.000000,16,0,4
malloc_growth,279,65536,18164.000000,16,0,4
malloc_growth,280,65536,19817.000000,16,0,4
malloc_growth,281,65536,18855.000000,16,0,4
malloc_growth,282,65536,20779.000000,16,0,4
malloc_growth,283,65536,19256.000000,16,0,4
malloc_growth,284,65536,18305.000000,16,0,4
malloc_growth,285,65536,18154.000000,16,0,4
malloc_growth,286,65536,18997.000000,16,0,4
malloc_growth,287,65536,18374.000000,16,0,4
malloc_growth,288,65536,18284.000000,16,0,4
malloc_growth,289,65536,18865.000000,16,0,4
malloc_growth,290,65536,18345.000000,16,0,4
malloc_growth,291,65536,20047.000000,16,0,4
malloc_growth,292,65536,19617.000000,16,0,4
malloc_growth,293,65536,20439.000000,16,0,4
malloc_growth,294,65536,20710.000000,16,0,4
malloc_growth,295,65536,18104.000000,16,0,4
malloc_growth,296,65536,19576.000000,16,0,4
malloc_growth,297,65536,18745.000000,16,0,4
malloc_growth,298,65536,18665.000000,16,0,4
malloc_growth,299,65536,18224.000000,16,0,4
malloc_growth,300,65536,18905.000000,16,0,4
malloc_growth,301,65536,18805.000000,16,0,4
malloc_growth,302,65536,18685.000000,16,0,4
malloc_growth,303,65536,18916.000000,16,0,4
malloc_growth,304,65536,18976.000000,16,0,4
malloc_growth,305,65536,61295.000000,16,0,4
malloc_growth,306,65536,20008.000000,16,0,4
malloc_growth,307,65536,18504.000000,16,0,4
malloc_growth,308,65536,18424.000000,16,0,4
malloc_growth,309,65536,19777.000000,16,0,4
malloc_growth,310,65536,18506.000000,16,0,4
malloc_growth,311,65536,19768.000000,16,0,4
malloc_growth,312,65536,19186.000000,16,0,4
malloc_growth,313,65536,19116.000000,16,0,4
malloc_growth,314,65536,18364.000000,16,0,4
malloc_growth,315,65536,19096.000000,16,0,4
malloc_growth,316,65536,18445.000000,16,0,4
malloc_growth,317,65536,17863.000000,16,0,4
malloc_growth,318,65536,19356.000000,16,0,4
malloc_growth,319,65536,17885.000000,16,0,4
malloc_growth,320,65536,18215.000000,16,0,4
malloc_growth,321,65536,19196.000000,16,0,4
malloc_growth,322,65536,19196.000000,16,0,4
malloc_growth,323,65536,18555.000000,16,0,4
malloc_growth,324,65536,19076.000000,16,0,4
malloc_growth,325,65536,18014.000000,16,0,4
malloc_growth,326,65536,19396.000000,16,0,4
malloc_growth,327,65536,19187.000000,16,0,4
malloc_growth,328,65536,18635.000000,16,0,4
malloc_growth,329,65536,18745.000000,16,0,4
malloc_growth,330,65536,19346.000000,16,0,4
malloc_growth,331,65536,19076.000000,16,0,4
malloc_growth,332,65536,18214.000000,16,0,4
malloc_growth,333,65536,18956.000000,16,0,4
malloc_growth,334,65536,18575.000000,16,0,4
malloc_growth,335,65536,18635.000000,16,0,4
malloc_growth,336,65536,19668.000000,16,0,4
malloc_growth,337,65536,18685.000000,16,0,4
malloc_growth,338,65536,19006.000000,16,0,4
malloc_growth,339,65536,19446.000000,16,0,4
malloc_growth,340,65536,19927.000000,16,0,4
malloc_growth,341,65536,18685.000000,16,0,4
malloc_growth,342,65536,19817.000000,16,0,4
malloc_growth,343,65536,18815.000000,16,0,4
malloc_growth,344,65536,19116.000000,16,0,4
malloc_growth,345,65536,19738.000000,16,0,4
malloc_growth,346,65536,18194.000000,16,0,4
malloc_growth,347,65536,18354.000000,16,0,4
malloc_growth,348,65536,18956.000000,16,0,4
malloc_growth,349,65536,17874.000000,16,0,4
malloc_growth,350,65536,18835.000000,16,0,4
malloc_growth,351,65536,19105.000000,16,0,4
malloc_growth,352,65536,42580.000000,16,0,4
malloc_growth,353,65536,23424.000000,16,0,4
malloc_growth,354,65536,23664.000000,16,0,4
malloc_growth,355,65536,22943.000000,16,0,4
malloc_growth,356,65536,18304.000000,16,0,4
malloc_growth,357,65536,19116.000000,16,0,4
malloc_growth,358,65536,18194.000000,16,0,4
malloc_growth,359,65536,18405.000000,16,0,4
malloc_growth,360,65536,19506.000000,16,0,4
malloc_growth,361,65536,18005.000000,16,0,4
malloc_growth,362,65536,17894.000000,16,0,4
malloc_growth,363,65536,19657.000000,16,0,4
malloc_growth,364,65536,18535.000000,16,0,4
malloc_growth,365,65536,18775.000000,16,0,4
malloc_growth,366,65536,19466.000000,16,0,4
malloc_growth,367,65536,18755.000000,16,0,4
malloc_growth,368,65536,18114.000000,16,0,4
malloc_growth,369,65536,20079.000000,16,0,4
malloc_growth,370,65536,18535.000000,16,0,4
malloc_growth,371,65536,18345.000000,16,0,4
malloc_growth,372,65536,18865.000000,16,0,4
malloc_growth,373,65536,19566.000000,16,0,4
malloc_growth,374,65536,18394.000000,16,0,4
malloc_growth,375,65536,19777.000000,16,0,4
malloc_growth,376,65536,18495.000000,16,0,4
malloc_growth,377,65536,20007.000000,16,0,4
malloc_growth,378,65536,18015.000000,16,0,4
malloc_growth,379,65536,18825.000000,16,0,4
malloc_growth,380,65536,19316.000000,16,0,4
malloc_growth,381,65536,18725.000000,16,0,4
malloc_growth,382,65536,20358.000000,16,0,4
malloc_growth,383,65536,20168.000000,16,0,4
malloc_growth,384,65536,17773.000000,16,0,4
malloc_growth,385,65536,18545.000000,16,0,4
malloc_growth,386,65536,19016.000000,16,0,4
malloc_growth,387,65536,18205.000000,16,0,4
malloc_growth,388,65536,18114.000000,16,0,4
malloc_growth,389,65536,20247.000000,16,0,4
malloc_growth,390,65536,18034.000000,16,0,4
malloc_growth,391,65536,18775.000000,16,0,4
malloc_growth,392,65536,18825.000000,16,0,4
malloc_growth,393,65536,18675.000000,16,0,4
malloc_growth,394,65536,18224.000000,16,0,4
malloc_growth,395,65536,19026.000000,16,0,4
malloc_growth,396,65536,18524.000000,16,0,4
malloc_growth,397,65536,18194.000000,16,0,4
malloc_growth,398,65536,19827.000000,16,0,4
malloc_growth,399,65536,35787.000000,16,0,4
malloc_growth,400,65536,29586.000000,16,0,4
malloc_growth,401,65536,30908.000000,16,0,4
malloc_growth,402,65536,26330.000000,16,0,4
malloc_growth,403,65536,28493.000000,16,0,4
malloc_growth,404,65536,29125.000000,16,0,4
malloc_growth,405,65536,25678.000000,16,0,4
malloc_growth,406,65536,24686.000000,16,0,4
malloc_growth,407,65536,26500.000000,16,0,4
malloc_growth,408,65536,22493.000000,16,0,4
malloc_growth,409,65536,25739.000000,16,0,4
malloc_growth,410,65536,28884.000000,16,0,4
malloc_growth,411,65536,26930.000000,16,0,4
malloc_growth,412,65536,24415.000000,16,0,4
malloc_growth,413,65536,25969.000000,16,0,4
malloc_growth,414,65536,22874.000000,16,0,4
malloc_growth,415,65536,18746.000000,16,0,4
malloc_growth,416,65536,19076.000000,16,0,4
malloc_growth,417,65536,18585.000000,16,0,4
malloc_growth,418,65536,18023.000000,16,0,4
malloc_growth,419,65536,18454.000000,16,0,4
malloc_growth,420,65536,26540.000000,16,0,4
malloc_growth,421,65536,26089.000000,16,0,4
malloc_growth,422,65536,27152.000000,16,0,4
malloc_growth,423,65536,22733.000000,16,0,4
malloc_growth,424,65536,19266.000000,16,0,4
malloc_growth,425,65536,17903.000000,16,0,4
malloc_growth,426,65536,18164.000000,16,0,4
malloc_growth,427,65536,21560.000000,16,0,4
malloc_growth,428,65536,18675.000000,16,0,4
malloc_growth,429,65536,18204.000000,16,0,4
malloc_growth,430,65536,19798.000000,16,0,4
malloc_growth,431,65536,18905.000000,16,0,4
malloc_growth,432,65536,17883.000000,16,0,4
malloc_growth,433,65536,19246.000000,16,0,4
malloc_growth,434,65536,18244.000000,16,0,4
malloc_growth,435,65536,18174.000000,16,0,4
malloc_growth,436,65536,18645.000000,16,0,4
malloc_growth,437,65536,18174.000000,16,0,4
malloc_growth,438,65536,18405.000000,16,0,4
malloc_growth,439,65536,19177.000000,16,0,4
malloc_growth,440,65536,27151.000000,16,0,4
malloc_growth,441,65536,24085.000000,16,0,4
malloc_growth,442,65536,26620.000000,16,0,4
malloc_growth,443,65536,18034.000000,16,0,4
malloc_growth,444,65536,18565.000000,16,0,4
malloc_growth,445,65536,18816.000000,16,0,4
malloc_growth,446,65536,17925.000000,16,0,4
malloc_growth,447,65536,18765.000000,16,0,4
malloc_growth,448,65536,18986.000000,16,0,4
malloc_growth,449,65536,18054.000000,16,0,4
malloc_growth,450,65536,17884.000000,16,0,4
malloc_growth,451,65536,19397.000000,16,0,4
malloc_growth,452,65536,18295.000000,16,0,4
malloc_growth,453,65536,18165.000000,16,0,4
malloc_growth,454,65536,18976.000000,16,0,4
malloc_growth,455,65536,18306.000000,16,0,4
malloc_growth,456,65536,18144.000000,16,0,4
malloc_growth,457,65536,19978.000000,16,0,4
malloc_growth,458,65536,19446.000000,16,0,4
malloc_growth,459,65536,18945.000000,16,0,4
malloc_growth,460,65536,19166.000000,16,0,4
malloc_growth,461,65536,18204.000000,16,0,4
malloc_growth,462,65536,19085.000000,16,0,4
malloc_growth,463,65536,18174.000000,16,0,4
malloc_growth,464,65536,18185.000000,16,0,4
malloc_growth,465,65536,19115.000000,16,0,4
malloc_growth,466,65536,18244.000000,16,0,4
malloc_growth,467,65536,18485.000000,16,0,4
malloc_growth,468,65536,19917.000000,16,0,4
malloc_growth,469,65536,18164.000000,16,0,4
malloc_growth,470,65536,18054.000000,16,0,4
malloc_growth,471,65536,20248.000000,16,0,4
malloc_growth,472,65536,18124.000000,16,0,4
malloc_growth,473,65536,18946.000000,16,0,4
malloc_growth,474,65536,18424.000000,16,0,4
malloc_growth,475,65536,19026.000000,16,0,4
malloc_growth,476,65536,17964.000000,16,0,4
malloc_growth,477,65536,19767.000000,16,0,4
malloc_growth,478,65536,18034.000000,16,0,4
malloc_growth,479,65536,18244.000000,16,0,4
malloc_growth,480,65536,18605.000000,16,0,4
malloc_growth,481,65536,17464.000000,16,0,4
malloc_growth,482,65536,17593.000000,16,0,4
malloc_growth,483,65536,18635.000000,16,0,4
malloc_growth,484,65536,17523.000000,16,0,4
malloc_growth,485,65536,17462.000000,16,0,4
malloc_growth,486,65536,19567.000000,16,0,4
malloc_growth,487,65536,42640.000000,16,0,4
malloc_growth,488,65536,18705.000000,16,0,4
malloc_growth,489,65536,19368.000000,16,0,4
malloc_growth,490,65536,18555.000000,16,0,4
malloc_growth,491,65536,18645.000000,16,0,4
malloc_growth,492,65536,19276.000000,16,0,4
malloc_growth,493,65536,18315.000000,16,0,4
malloc_growth,494,65536,18285.000000,16,0,4
malloc_growth,495,65536,19778.000000,16,0,4
malloc_growth,496,65536,18375.000000,16,0,4
malloc_growth,497,65536,18325.000000,16,0,4
malloc_growth,498,65536,18816.000000,16,0,4
malloc_growth,499,65536,26239.000000,16,0,4
malloc_growth,500,65536,18485.000000,16,0,4
malloc_growth,501,65536,20087.000000,16,0,4
malloc_growth,502,65536,18875.000000,16,0,4
malloc_growth,503,65536,18675.000000,16,0,4
malloc_growth,504,65536,18304.000000,16,0,4
malloc_growth,505,65536,19136.000000,16,0,4
malloc_growth,506,65536,19807.000000,16,0,4
malloc_growth,507,65536,18205.000000,16,0,4
malloc_growth,508,65536,17874.000000,16,0,4
malloc_growth,509,65536,19417.000000,16,0,4
malloc_growth,510,65536,18124.000000,16,0,4
malloc_growth,511,65536,21601.000000,16,0,4
first_touch,0,65536,21881.000000,19,0,4
first_touch,1,65536,21691.000000,16,0,4
first_touch,2,65536,21421.000000,16,0,4
first_touch,3,65536,19388.000000,16,0,4
first_touch,4,65536,18564.000000,16,0,4
first_touch,5,65536,20018.000000,16,0,4
first_touch,6,65536,18776.000000,16,0,4
first_touch,7,65536,18796.000000,16,0,4
first_touch,8,65536,18685.000000,16,0,4
first_touch,9,65536,19306.000000,16,0,4
first_touch,10,65536,19036.000000,16,0,4
first_touch,11,65536,19628.000000,16,0,4
first_touch,12,65536,34725.000000,16,0,4
first_touch,13,65536,18705.000000,16,0,4
first_touch,14,65536,19226.000000,16,0,4
first_touch,15,65536,19146.000000,16,0,4
first_touch,16,65536,18985.000000,16,0,4
first_touch,17,65536,18505.000000,16,0,4
first_touch,18,65536,18805.000000,16,0,4
first_touch,19,65536,18987.000000,16,0,4
first_touch,20,65536,19166.000000,16,0,4
first_touch,21,65536,18725.000000,16,0,4
first_touch,22,65536,18344.000000,16,0,4
first_touch,23,65536,18915.000000,16,0,4
first_touch,24,65536,19196.000000,16,0,4
first_touch,25,65536,19005.000000,16,0,4
first_touch,26,65536,18785.000000,16,0,4
first_touch,27,65536,18625.000000,16,0,4
first_touch,28,65536,18636.000000,16,0,4
first_touch,29,65536,19537.000000,16,0,4
first_touch,30,65536,18334.000000,16,0,4
first_touch,31,65536,18424.000000,16,0,4
first_touch,32,65536,19256.000000,16,0,4
first_touch,33,65536,18474.000000,16,0,4
first_touch,34,65536,18865.000000,16,0,4
first_touch,35,65536,19286.000000,16,0,4
first_touch,36,65536,19026.000000,16,0,4
first_touch,37,65536,18666.000000,16,0,4
first_touch,38,65536,19046.000000,16,0,4
first_touch,39,65536,19095.000000,16,0,4
first_touch,40,65536,27983.000000,16,0,4
first_touch,41,65536,23063.000000,16,0,4
first_touch,42,65536,18956.000000,16,0,4
first_touch,43,65536,18785.000000,16,0,4
first_touch,44,65536,24877.000000,16,0,4
first_touch,45,65536,28364.000000,16,0,4
first_touch,46,65536,19807.000000,16,0,4
first_touch,47,65536,19256.000000,16,0,4
first_touch,48,65536,19647.000000,16,0,4
first_touch,49,65536,20579.000000,16,0,4
first_touch,50,65536,19115.000000,16,0,4
first_touch,51,65536,19216.000000,16,0,4
first_touch,52,65536,18706.000000,16,0,4
first_touch,53,65536,18555.000000,16,0,4
first_touch,54,65536,18946.000000,16,0,4
first_touch,55,65536,18274.000000,16,0,4
first_touch,56,65536,18846.000000,16,0,4
first_touch,57,65536,18655.000000,16,0,4
first_touch,58,65536,18825.000000,16,0,4
first_touch,59,65536,37330.000000,16,0,4
first_touch,60,65536,18155.000000,16,0,4
first_touch,61,65536,18144.000000,16,0,4
first_touch,62,65536,18374.000000,16,0,4
first_touch,63,65536,18094.000000,16,0,4
first_touch,64,65536,21129.000000,16,0,4
first_touch,65,65536,17934.000000,16,0,4
first_touch,66,65536,18194.000000,16,0,4
first_touch,67,65536,18916.000000,16,0,4
first_touch,68,65536,18525.000000,16,0,4
first_touch,69,65536,18826.000000,16,0,4
first_touch,70,65536,19757.000000,16,0,4
first_touch,71,65536,19256.000000,16,0,4
first_touch,72,65536,25037.000000,16,0,4
first_touch,73,65536,31719.000000,16,0,4
first_touch,74,65536,27010.000000,16,0,4
first_touch,75,65536,25197.000000,16,0,4
first_touch,76,65536,26721.000000,16,0,4
first_touch,77,65536,25067.000000,16,0,4
first_touch,78,65536,22562.000000,16,0,4
first_touch,79,65536,19777.000000,16,0,4
first_touch,80,65536,20138.000000,16,0,4
first_touch,81,65536,27892.000000,16,0,4
first_touch,82,65536,28283.000000,16,0,4
first_touch,83,65536,26541.000000,16,0,4
first_touch,84,65536,29886.000000,16,0,4
first_touch,85,65536,18434.000000,16,0,4
first_touch,86,65536,20268.000000,16,0,4
first_touch,87,65536,17984.000000,16,0,4
first_touch,88,65536,17813.000000,16,0,4
first_touch,89,65536,17813.000000,16,0,4
first_touch,90,65536,18404.000000,16,0,4
first_touch,91,65536,18726.000000,16,0,4
first_touch,92,65536,17703.000000,16,0,4
first_touch,93,65536,18815.000000,16,0,4
first_touch,94,65536,18925.000000,16,0,4
first_touch,95,65536,23434.000000,16,0,4
first_touch,96,65536,28393.000000,16,0,4
first_touch,97,65536,18345.000000,16,0,4
first_touch,98,65536,18845.000000,16,0,4
first_touch,99,65536,18015.000000,16,0,4
first_touch,100,65536,18275.000000,16,0,4
first_touch,101,65536,52718.000000,16,0,4
first_touch,102,65536,19296.000000,16,0,4
first_touch,103,65536,18665.000000,16,0,4
first_touch,104,65536,18775.000000,16,0,4
first_touch,105,65536,18354.000000,16,0,4
first_touch,106,65536,18976.000000,16,0,4
first_touch,107,65536,19156.000000,16,0,4
first_touch,108,65536,18364.000000,16,0,4
first_touch,109,65536,18244.000000,16,0,4
first_touch,110,65536,18484.000000,16,0,4
first_touch,111,65536,18214.000000,16,0,4
first_touch,112,65536,18414.000000,16,0,4
first_touch,113,65536,18575.000000,16,0,4
first_touch,114,65536,18624.000000,16,0,4
first_touch,115,65536,18366.000000,16,0,4
first_touch,116,65536,18495.000000,16,0,4
first_touch,117,65536,18535.000000,16,0,4
first_touch,118,65536,18645.000000,16,0,4
first_touch,119,65536,19196.000000,16,0,4
first_touch,120,65536,18224.000000,16,0,4
first_touch,121,65536,18044.000000,16,0,4
first_touch,122,65536,20478.000000,16,0,4
first_touch,123,65536,18244.000000,16,0,4
first_touch,124,65536,19116.000000,16,0,4
first_touch,125,65536,18755.000000,16,0,4
first_touch,126,65536,18976.000000,16,0,4
first_touch,127,65536,18926.000000,16,0,4
first_touch,128,65536,20038.000000,16,0,4
first_touch,129,65536,19075.000000,16,0,4
first_touch,130,65536,19637.000000,16,0,4
first_touch,131,65536,18625.000000,16,0,4
first_touch,132,65536,18435.000000,16,0,4
first_touch,133,65536,18626.000000,16,0,4
first_touch,134,65536,18905.000000,16,0,4
first_touch,135,65536,23354.000000,16,0,4
first_touch,136,65536,20960.000000,16,0,4
first_touch,137,65536,19727.000000,16,0,4
first_touch,138,65536,18575.000000,16,0,4
first_touch,139,65536,18625.000000,16,0,4
first_touch,140,65536,18495.000000,16,0,4
first_touch,141,65536,19006.000000,16,0,4
first_touch,142,65536,18455.000000,16,0,4
first_touch,143,65536,18976.000000,16,0,4
first_touch,144,65536,21521.000000,16,0,4
first_touch,145,65536,24095.000000,16,0,4
first_touch,146,65536,25808.000000,16,0,4
first_touch,147,65536,55355.000000,16,0,4
first_touch,148,65536,29896.000000,16,0,4
first_touch,149,65536,24225.000000,16,0,4
first_touch,150,65536,26459.000000,16,0,4
first_touch,151,65536,27983.000000,16,0,4
first_touch,152,65536,23243.000000,16,0,4
first_touch,153,65536,23625.000000,16,0,4
first_touch,154,65536,25969.000000,16,0,4
first_touch,155,65536,26560.000000,16,0,4
first_touch,156,65536,25849.000000,16,0,4
first_touch,157,65536,27311.000000,16,0,4
first_touch,158,65536,24927.000000,16,0,4
first_touch,159,65536,26229.000000,16,0,4
first_touch,160,65536,28014.000000,16,0,4
first_touch,161,65536,25648.000000,16,0,4
first_touch,162,65536,25288.000000,16,0,4
first_touch,163,65536,25167.000000,16,0,4
first_touch,164,65536,27161.000000,16,0,4
first_touch,165,65536,25588.000000,16,0,4
first_touch,166,65536,26671.000000,16,0,4
first_touch,167,65536,23594.000000,16,0,4
first_touch,168,65536,19426.000000,16,0,4
first_touch,169,65536,18485.000000,16,0,4
first_touch,170,65536,19306.000000,16,0,4
first_touch,171,65536,19206.000000,16,0,4
first_touch,172,65536,19246.000000,16,0,4
first_touch,173,65536,18815.000000,16,0,4
first_touch,174,65536,21381.000000,16,0,4
first_touch,175,65536,23283.000000,16,0,4
first_touch,176,65536,18414.000000,16,0,4
first_touch,177,65536,18304.000000,16,0,4
first_touch,178,65536,18334.000000,16,0,4
first_touch,179,65536,18124.000000,16,0,4
first_touch,180,65536,18575.000000,16,0,4
first_touch,181,65536,26540.000000,16,0,4
first_touch,182,65536,25960.000000,16,0,4
first_touch,183,65536,18655.000000,16,0,4
first_touch,184,65536,18796.000000,16,0,4
first_touch,185,65536,18204.000000,16,0,4
first_touch,186,65536,66785.000000,16,0,4
first_touch,187,65536,18454.000000,16,0,4
first_touch,188,65536,18476.000000,16,0,4
first_touch,189,65536,18726.000000,16,0,4
first_touch,190,65536,18966.000000,16,0,4
first_touch,191,65536,18555.000000,16,0,4
first_touch,192,65536,20047.000000,16,0,4
first_touch,193,65536,18575.000000,16,0,4
first_touch,194,65536,19136.000000,16,0,4
first_touch,195,65536,19096.000000,16,0,4
first_touch,196,65536,18766.000000,16,0,4
first_touch,197,65536,18857.000000,16,0,4
first_touch,198,65536,24306.000000,16,0,4
first_touch,199,65536,26760.000000,16,0,4
first_touch,200,65536,18686.000000,16,0,4
first_touch,201,65536,18395.000000,16,0,4
first_touch,202,65536,19166.000000,16,0,4
first_touch,203,65536,18344.000000,16,0,4
first_touch,204,65536,19847.000000,16,0,4
first_touch,205,65536,18415.000000,16,0,4
first_touch,206,65536,18806.000000,16,0,4
first_touch,207,65536,18485.000000,16,0,4
first_touch,208,65536,18795.000000,16,0,4
first_touch,209,65536,18365.000000,16,0,4
first_touch,210,65536,20248.000000,16,0,4
first_touch,211,65536,18335.000000,16,0,4
first_touch,212,65536,18725.000000,16,0,4
first_touch,213,65536,18755.000000,16,0,4
first_touch,214,65536,18405.000000,16,0,4
first_touch,215,65536,20308.000000,16,0,4
first_touch,216,65536,20328.000000,16,0,4
first_touch,217,65536,18294.000000,16,0,4
first_touch,218,65536,18885.000000,16,0,4
first_touch,219,65536,18014.000000,16,0,4
first_touch,220,65536,18094.000000,16,0,4
first_touch,221,65536,18405.000000,16,0,4
first_touch,222,65536,18916.000000,16,0,4
first_touch,223,65536,18626.000000,16,0,4
first_touch,224,65536,19236.000000,16,0,4
first_touch,225,65536,19767.000000,16,0,4
first_touch,226,65536,19126.000000,16,0,4
first_touch,227,65536,18945.000000,16,0,4
first_touch,228,65536,18294.000000,16,0,4
first_touch,229,65536,19496.000000,16,0,4
first_touch,230,65536,18385.000000,16,0,4
first_touch,231,65536,18396.000000,16,0,4
first_touch,232,65536,43191.000000,16,0,4
first_touch,233,65536,19076.000000,16,0,4
first_touch,234,65536,19557.000000,16,0,4
first_touch,235,65536,18936.000000,16,0,4
first_touch,236,65536,18434.000000,16,0,4
first_touch,237,65536,18855.000000,16,0,4
first_touch,238,65536,18815.000000,16,0,4
first_touch,239,65536,19938.000000,16,0,4
first_touch,240,65536,18384.000000,16,0,4
first_touch,241,65536,18936.000000,16,0,4
first_touch,242,65536,19367.000000,16,0,4
first_touch,243,65536,20018.000000,16,0,4
first_touch,244,65536,18765.000000,16,0,4
first_touch,245,65536,18615.000000,16,0,4
first_touch,246,65536,18795.000000,16,0,4
first_touch,247,65536,26210.000000,16,0,4
first_touch,248,65536,26951.000000,16,0,4
first_touch,249,65536,19717.000000,16,0,4
first_touch,250,65536,18906.000000,16,0,4
first_touch,251,65536,18555.000000,16,0,4
first_touch,252,65536,18364.000000,16,0,4
first_touch,253,65536,19677.000000,16,0,4
first_touch,254,65536,18404.000000,16,0,4
first_touch,255,65536,19077.000000,16,0,4
first_touch,256,65536,19677.000000,16,0,4
first_touch,257,65536,18344.000000,16,0,4
first_touch,258,65536,18896.000000,16,0,4
first_touch,259,65536,17934.000000,16,0,4
first_touch,260,65536,18205.000000,16,0,4
first_touch,261,65536,18475.000000,16,0,4
first_touch,262,65536,18234.000000,16,0,4
first_touch,263,65536,18174.000000,16,0,4
first_touch,264,65536,18165.000000,16,0,4
first_touch,265,65536,17893.000000,16,0,4
first_touch,266,65536,18515.000000,16,0,4
first_touch,267,65536,18625.000000,16,0,4
first_touch,268,65536,24897.000000,16,0,4
first_touch,269,65536,18965.000000,16,0,4
first_touch,270,65536,18485.000000,16,0,4
first_touch,271,65536,25648.000000,16,0,4
first_touch,272,65536,26671.000000,16,0,4
first_touch,273,65536,24756.000000,16,0,4
first_touch,274,65536,25829.000000,16,0,4
first_touch,275,65536,26239.000000,16,0,4
first_touch,276,65536,66104.000000,16,0,4
first_touch,277,65536,22653.000000,16,0,4
first_touch,278,65536,26029.000000,16,0,4
first_touch,279,65536,26059.000000,16,0,4
first_touch,280,65536,23625.000000,16,0,4
first_touch,281,65536,24936.000000,16,0,4
first_touch,282,65536,25528.000000,16,0,4
first_touch,283,65536,26610.000000,16,0,4
first_touch,284,65536,24648.000000,16,0,4
first_touch,285,65536,23755.000000,16,0,4
first_touch,286,65536,25148.000000,16,0,4
first_touch,287,65536,24436.000000,16,0,4
first_touch,288,65536,27892.000000,16,0,4
first_touch,289,65536,25188.000000,16,0,4
first_touch,290,65536,23575.000000,16,0,4
first_touch,291,65536,24646.000000,16,0,4
first_touch,292,65536,26269.000000,16,0,4
first_touch,293,65536,23243.000000,16,0,4
first_touch,294,65536,18595.000000,16,0,4
first_touch,295,65536,21120.000000,16,0,4
first_touch,296,65536,26560.000000,16,0,4
first_touch,297,65536,28104.000000,16,0,4
first_touch,298,65536,26400.000000,16,0,4
first_touch,299,65536,25638.000000,16,0,4
first_touch,300,65536,25228.000000,16,0,4
first_touch,301,65536,23674.000000,16,0,4
first_touch,302,65536,18345.000000,16,0,4
first_touch,303,65536,25799.000000,16,0,4
first_touch,304,65536,18184.000000,16,0,4
first_touch,305,65536,18014.000000,16,0,4
first_touch,306,65536,18114.000000,16,0,4
first_touch,307,65536,18154.000000,16,0,4
first_touch,308,65536,18545.000000,16,0,4
first_touch,309,65536,18374.000000,16,0,4
first_touch,310,65536,18274.000000,16,0,4
first_touch,311,65536,18084.000000,16,0,4
first_touch,312,65536,19276.000000,16,0,4
first_touch,313,65536,18185.000000,16,0,4
first_touch,314,65536,18585.000000,16,0,4
first_touch,315,65536,42840.000000,16,0,4
first_touch,316,65536,19166.000000,16,0,4
first_touch,317,65536,26960.000000,16,0,4
first_touch,318,65536,20047.000000,16,0,4
first_touch,319,65536,18144.000000,16,0,4
first_touch,320,65536,19387.000000,16,0,4
first_touch,321,65536,18114.000000,16,0,4
first_touch,322,65536,18114.000000,16,0,4
first_touch,323,65536,18875.000000,16,0,4
first_touch,324,65536,18525.000000,16,0,4
first_touch,325,65536,18966.000000,16,0,4
first_touch,326,65536,18394.000000,16,0,4
first_touch,327,65536,19687.000000,16,0,4
first_touch,328,65536,17853.000000,16,0,4
first_touch,329,65536,18765.000000,16,0,4
first_touch,330,65536,18454.000000,16,0,4
first_touch,331,65536,18254.000000,16,0,4
first_touch,332,65536,18504.000000,16,0,4
first_touch,333,65536,18465.000000,16,0,4
first_touch,334,65536,18205.000000,16,0,4
first_touch,335,65536,18184.000000,16,0,4
first_touch,336,65536,18034.000000,16,0,4
first_touch,337,65536,18945.000000,16,0,4
first_touch,338,65536,18605.000000,16,0,4
first_touch,339,65536,18725.000000,16,0,4
first_touch,340,65536,18144.000000,16,0,4
first_touch,341,65536,18475.000000,16,0,4
first_touch,342,65536,20018.000000,16,0,4
first_touch,343,65536,18705.000000,16,0,4
first_touch,344,65536,18295.000000,16,0,4
first_touch,345,65536,18445.000000,16,0,4
first_touch,346,65536,25829.000000,16,0,4
first_touch,347,65536,19767.000000,16,0,4
first_touch,348,65536,18806.000000,16,0,4
first_touch,349,65536,18124.000000,16,0,4
first_touch,350,65536,17893.000000,16,0,4
first_touch,351,65536,18204.000000,16,0,4
first_touch,352,65536,24666.000000,16,0,4
first_touch,353,65536,24977.000000,16,0,4
first_touch,354,65536,18245.000000,16,0,4
first_touch,355,65536,18816.000000,16,0,4
first_touch,356,65536,19506.000000,16,0,4
first_touch,357,65536,28964.000000,16,0,4
first_touch,358,65536,24837.000000,16,0,4
first_touch,359,65536,22242.000000,16,0,4
first_touch,360,65536,38462.000000,16,0,4
first_touch,361,65536,18566.000000,16,0,4
first_touch,362,65536,17864.000000,16,0,4
first_touch,363,65536,18204.000000,16,0,4
first_touch,364,65536,18154.000000,16,0,4
first_touch,365,65536,17974.000000,16,0,4
first_touch,366,65536,18124.000000,16,0,4
first_touch,367,65536,18234.000000,16,0,4
first_touch,368,65536,18204.000000,16,0,4
first_touch,369,65536,18925.000000,16,0,4
first_touch,370,65536,19508.000000,16,0,4
first_touch,371,65536,19407.000000,16,0,4
first_touch,372,65536,18104.000000,16,0,4
first_touch,373,65536,19016.000000,16,0,4
first_touch,374,65536,17914.000000,16,0,4
first_touch,375,65536,18124.000000,16,0,4
first_touch,376,65536,18284.000000,16,0,4
first_touch,377,65536,18334.000000,16,0,4
first_touch,378,65536,18234.000000,16,0,4
first_touch,379,65536,19648.000000,16,0,4
first_touch,380,65536,30577.000000,16,0,4
first_touch,381,65536,22452.000000,16,0,4
first_touch,382,65536,18305.000000,16,0,4
first_touch,383,65536,18475.000000,16,0,4
first_touch,384,65536,19436.000000,16,0,4
first_touch,385,65536,19887.000000,16,0,4
first_touch,386,65536,18104.000000,16,0,4
first_touch,387,65536,17925.000000,16,0,4
first_touch,388,65536,30247.000000,16,0,4
first_touch,389,65536,26700.000000,16,0,4
first_touch,390,65536,20668.000000,16,0,4
first_touch,391,65536,23735.000000,16,0,4
first_touch,392,65536,23675.000000,16,0,4
first_touch,393,65536,33614.000000,16,0,4
first_touch,394,65536,27391.000000,16,0,4
first_touch,395,65536,30818.000000,16,0,4
first_touch,396,65536,29074.000000,16,0,4
first_touch,397,65536,25838.000000,16,0,4
first_touch,398,65536,25998.000000,16,0,4
first_touch,399,65536,23495.000000,16,0,4
first_touch,400,65536,18074.000000,16,0,4
first_touch,401,65536,18545.000000,16,0,4
first_touch,402,65536,45866.000000,16,0,4
first_touch,403,65536,19927.000000,16,0,4
first_touch,404,65536,18494.000000,16,0,4
first_touch,405,65536,18615.000000,16,0,4
first_touch,406,65536,18295.000000,16,0,4
first_touch,407,65536,18755.000000,16,0,4
first_touch,408,65536,18645.000000,16,0,4
first_touch,409,65536,18896.000000,16,0,4
first_touch,410,65536,18464.000000,16,0,4
first_touch,411,65536,18314.000000,16,0,4
first_touch,412,65536,18906.000000,16,0,4
first_touch,413,65536,18715.000000,16,0,4
first_touch,414,65536,19276.000000,16,0,4
first_touch,415,65536,18305.000000,16,0,4
first_touch,416,65536,20047.000000,16,0,4
first_touch,417,65536,18946.000000,16,0,4
first_touch,418,65536,27302.000000,16,0,4
first_touch,419,65536,26950.000000,16,0,4
first_touch,420,65536,22582.000000,16,0,4
first_touch,421,65536,26800.000000,16,0,4
first_touch,422,65536,25128.000000,16,0,4
first_touch,423,65536,25067.000000,16,0,4
first_touch,424,65536,25387.000000,16,0,4
first_touch,425,65536,25578.000000,16,0,4
first_touch,426,65536,24927.000000,16,0,4
first_touch,427,65536,25408.000000,16,0,4
first_touch,428,65536,25307.000000,16,0,4
first_touch,429,65536,28754.000000,16,0,4
first_touch,430,65536,25979.000000,16,0,4
first_touch,431,65536,24877.000000,16,0,4
first_touch,432,65536,24787.000000,16,0,4
first_touch,433,65536,25017.000000,16,0,4
first_touch,434,65536,18014.000000,16,0,4
first_touch,435,65536,18005.000000,16,0,4
first_touch,436,65536,17843.000000,16,0,4
first_touch,437,65536,18474.000000,16,0,4
first_touch,438,65536,18364.000000,16,0,4
first_touch,439,65536,18825.000000,16,0,4
first_touch,440,65536,18645.000000,16,0,4
first_touch,441,65536,18604.000000,16,0,4
first_touch,442,65536,18144.000000,16,0,4
first_touch,443,65536,18234.000000,16,0,4
first_touch,444,65536,60304.000000,16,0,4
first_touch,445,65536,18605.000000,16,0,4
first_touch,446,65536,18866.000000,16,0,4
first_touch,447,65536,18735.000000,16,0,4
first_touch,448,65536,20699.000000,16,0,4
first_touch,449,65536,18615.000000,16,0,4
first_touch,450,65536,18455.000000,16,0,4
first_touch,451,65536,18977.000000,16,0,4
first_touch,452,65536,18665.000000,16,0,4
first_touch,453,65536,19126.000000,16,0,4
first_touch,454,65536,19206.000000,16,0,4
first_touch,455,65536,18575.000000,16,0,4
first_touch,456,65536,18434.000000,16,0,4
first_touch,457,65536,19026.000000,16,0,4
first_touch,458,65536,20368.000000,16,0,4
first_touch,459,65536,18867.000000,16,0,4
first_touch,460,65536,18645.000000,16,0,4
first_touch,461,65536,19707.000000,16,0,4
first_touch,462,65536,18916.000000,16,0,4
first_touch,463,65536,18434.000000,16,0,4
first_touch,464,65536,18314.000000,16,0,4
first_touch,465,65536,18144.000000,16,0,4
first_touch,466,65536,18806.000000,16,0,4
first_touch,467,65536,18725.000000,16,0,4
first_touch,468,65536,19007.000000,16,0,4
first_touch,469,65536,18765.000000,16,0,4
first_touch,470,65536,18485.000000,16,0,4
first_touch,471,65536,18736.000000,16,0,4
first_touch,472,65536,18415.000000,16,0,4
first_touch,473,65536,20158.000000,16,0,4
first_touch,474,65536,18675.000000,16,0,4
first_touch,475,65536,19757.000000,16,0,4
first_touch,476,65536,19567.000000,16,0,4
first_touch,477,65536,19097.000000,16,0,4
first_touch,478,65536,21180.000000,16,0,4
first_touch,479,65536,20208.000000,16,0,4
first_touch,480,65536,22142.000000,16,0,4
first_touch,481,65536,18715.000000,16,0,4
first_touch,482,65536,18725.000000,16,0,4
first_touch,483,65536,18895.000000,16,0,4
first_touch,484,65536,19376.000000,16,0,4
first_touch,485,65536,19046.000000,16,0,4
first_touch,486,65536,18184.000000,16,0,4
first_touch,487,65536,18314.000000,16,0,4
first_touch,488,65536,20078.000000,16,0,4
first_touch,489,65536,19287.000000,16,0,4
first_touch,490,65536,57618.000000,16,0,4
first_touch,491,65536,18715.000000,16,0,4
first_touch,492,65536,18285.000000,16,0,4
first_touch,493,65536,19336.000000,16,0,4
first_touch,494,65536,19497.000000,16,0,4
first_touch,495,65536,18956.000000,16,0,4
first_touch,496,65536,18926.000000,16,0,4
first_touch,497,65536,19366.000000,16,0,4
first_touch,498,65536,18014.000000,16,0,4
first_touch,499,65536,19076.000000,16,0,4
first_touch,500,65536,18896.000000,16,0,4
first_touch,501,65536,19928.000000,16,0,4
first_touch,502,65536,19476.000000,16,0,4
first_touch,503,65536,18705.000000,16,0,4
first_touch,504,65536,18745.000000,16,0,4
first_touch,505,65536,18675.000000,16,0,4
first_touch,506,65536,18044.000000,16,0,4
first_touch,507,65536,18304.000000,16,0,4
first_touch,508,65536,18234.000000,16,0,4
first_touch,509,65536,19218.000000,16,0,4
first_touch,510,65536,18535.000000,16,0,4
first_touch,511,65536,18425.000000,16,0,4
malloc_growth,0,65536,21640.000000,19,0,5
malloc_growth,1,65536,27542.000000,16,0,5
malloc_growth,2,65536,19548.000000,16,0,5
malloc_growth,3,65536,19587.000000,16,0,5
malloc_growth,4,65536,18364.000000,16,0,5
malloc_growth,5,65536,20218.000000,16,0,5
malloc_growth,6,65536,19156.000000,16,0,5
malloc_growth,7,65536,18735.000000,16,0,5
malloc_growth,8,65536,21540.000000,16,0,5
malloc_growth,9,65536,20528.000000,16,0,5
malloc_growth,10,65536,18315.000000,16,0,5
malloc_growth,11,65536,18205.000000,16,0,5
malloc_growth,12,65536,18835.000000,16,0,5
malloc_growth,13,65536,18715.000000,16,0,5
malloc_growth,14,65536,17823.000000,16,0,5
malloc_growth,15,65536,18805.000000,16,0,5
malloc_growth,16,65536,18114.000000,16,0,5
malloc_growth,17,65536,18184.000000,16,0,5
malloc_growth,18,65536,21120.000000,16,0,5
malloc_growth,19,65536,23275.000000,16,0,5
malloc_growth,20,65536,23625.000000,16,0,5
malloc_growth,21,65536,19126.000000,16,0,5
malloc_growth,22,65536,18064.000000,16,0,5
malloc_growth,23,65536,19196.000000,16,0,5
malloc_growth,24,65536,36429.000000,16,0,5
malloc_growth,25,65536,26580.000000,16,0,5
malloc_growth,26,65536,18466.000000,16,0,5
malloc_growth,27,65536,20949.000000,16,0,5
malloc_growth,28,65536,18275.000000,16,0,5
malloc_growth,29,65536,18425.000000,16,0,5
malloc_growth,30,65536,19536.000000,16,0,5
malloc_growth,31,65536,18916.000000,16,0,5
malloc_growth,32,65536,60163.000000,16,0,5
malloc_growth,33,65536,19798.000000,16,0,5
malloc_growth,34,65536,18765.000000,16,0,5
malloc_growth,35,65536,19687.000000,16,0,5
malloc_growth,36,65536,19837.000000,16,0,5
malloc_growth,37,65536,25568.000000,16,0,5
malloc_growth,38,65536,26499.000000,16,0,5
malloc_growth,39,65536,18565.000000,16,0,5
malloc_growth,40,65536,19166.000000,16,0,5
malloc_growth,41,65536,22734.000000,16,0,5
malloc_growth,42,65536,25738.000000,16,0,5
malloc_growth,43,65536,27100.000000,16,0,5
malloc_growth,44,65536,20749.000000,16,0,5
malloc_growth,45,65536,18324.000000,16,0,5
malloc_growth,46,65536,18685.000000,16,0,5
malloc_growth,47,65536,19246.000000,16,0,5
malloc_growth,48,65536,18876.000000,16,0,5
malloc_growth,49,65536,20037.000000,16,0,5
malloc_growth,50,65536,19196.000000,16,0,5
malloc_growth,51,65536,19437.000000,16,0,5
malloc_growth,52,65536,26339.000000,16,0,5
malloc_growth,53,65536,31439.000000,16,0,5
malloc_growth,54,65536,20217.000000,16,0,5
malloc_growth,55,65536,18856.000000,16,0,5
malloc_growth,56,65536,21841.000000,16,0,5
malloc_growth,57,65536,18696.000000,16,0,5
malloc_growth,58,65536,18555.000000,16,0,5
malloc_growth,59,65536,19095.000000,16,0,5
malloc_growth,60,65536,18475.000000,16,0,5
malloc_growth,61,65536,19066.000000,16,0,5
malloc_growth,62,65536,21942.000000,16,0,5
malloc_growth,63,65536,30478.000000,16,0,5
malloc_growth,64,65536,34043.000000,16,0,5
malloc_growth,65,65536,30747.000000,16,0,5
malloc_growth,66,65536,29916.000000,16,0,5
malloc_growth,67,65536,30286.000000,16,0,5
malloc_growth,68,65536,33964.000000,16,0,5
malloc_growth,69,65536,18945.000000,16,0,5
malloc_growth,70,65536,34635.000000,16,0,5
malloc_growth,71,65536,20429.000000,16,0,5
malloc_growth,72,65536,19045.000000,16,0,5
malloc_growth,73,65536,18896.000000,16,0,5
malloc_growth,74,65536,19716.000000,16,0,5
malloc_growth,75,65536,19407.000000,16,0,5
malloc_growth,76,65536,18826.000000,16,0,5
malloc_growth,77,65536,24716.000000,16,0,5
malloc_growth,78,65536,26389.000000,16,0,5
malloc_growth,79,65536,21571.000000,16,0,5
malloc_growth,80,65536,20388.000000,16,0,5
malloc_growth,81,65536,18635.000000,16,0,5
malloc_growth,82,65536,27862.000000,16,0,5
malloc_growth,83,65536,22203.000000,16,0,5
malloc_growth,84,65536,26099.000000,16,0,5
malloc_growth,85,65536,29916.000000,16,0,5
malloc_growth,86,65536,32712.000000,16,0,5
malloc_growth,87,65536,27612.000000,16,0,5
malloc_growth,88,65536,29165.000000,16,0,5
malloc_growth,89,65536,20378.000000,16,0,5
malloc_growth,90,65536,18504.000000,16,0,5
malloc_growth,91,65536,18225.000000,16,0,5
malloc_growth,92,65536,18996.000000,16,0,5
malloc_growth,93,65536,19827.000000,16,0,5
malloc_growth,94,65536,18174.000000,16,0,5
malloc_growth,95,65536,19396.000000,16,0,5
malloc_growth,96,65536,17984.000000,16,0,5
malloc_growth,97,65536,20028.000000,16,0,5
malloc_growth,98,65536,25628.000000,16,0,5
malloc_growth,99,65536,18354.000000,16,0,5
malloc_growth,100,65536,17954.000000,16,0,5
malloc_growth,101,65536,19437.000000,16,0,5
malloc_growth,102,65536,17803.000000,16,0,5
malloc_growth,103,65536,18104.000000,16,0,5
malloc_growth,104,65536,27351.000000,16,0,5
malloc_growth,105,65536,29918.000000,16,0,5
malloc_growth,106,65536,28323.000000,16,0,5
malloc_growth,107,65536,33923.000000,16,0,5
malloc_growth,108,65536,34685.000000,16,0,5
malloc_growth,109,65536,43823.000000,16,0,5
malloc_growth,110,65536,21220.000000,16,0,5
malloc_growth,111,65536,18775.000000,16,0,5
malloc_growth,112,65536,18395.000000,16,0,5
malloc_growth,113,65536,19446.000000,16,0,5
malloc_growth,114,65536,18214.000000,16,0,5
malloc_growth,115,65536,19757.000000,16,0,5
malloc_growth,116,65536,19046.000000,16,0,5
malloc_growth,117,65536,25288.000000,16,0,5
malloc_growth,118,65536,25207.000000,16,0,5
malloc_growth,119,65536,19877.000000,16,0,5
malloc_growth,120,65536,18745.000000,16,0,5
malloc_growth,121,65536,20528.000000,16,0,5
malloc_growth,122,65536,18495.000000,16,0,5
malloc_growth,123,65536,18474.000000,16,0,5
malloc_growth,124,65536,19376.000000,16,0,5
malloc_growth,125,65536,25259.000000,16,0,5
malloc_growth,126,65536,29084.000000,16,0,5
malloc_growth,127,65536,30487.000000,16,0,5
malloc_growth,128,65536,26911.000000,16,0,5
malloc_growth,129,65536,25598.000000,16,0,5
malloc_growth,130,65536,31299.000000,16,0,5
malloc_growth,131,65536,25900.000000,16,0,5
malloc_growth,132,65536,18876.000000,16,0,5
malloc_growth,133,65536,20659.000000,16,0,5
malloc_growth,134,65536,18114.000000,16,0,5
malloc_growth,135,65536,17964.000000,16,0,5
malloc_growth,136,65536,20348.000000,16,0,5
malloc_growth,137,65536,20017.000000,16,0,5
malloc_growth,138,65536,21841.000000,16,0,5
malloc_growth,139,65536,19167.000000,16,0,5
malloc_growth,140,65536,19226.000000,16,0,5
malloc_growth,141,65536,19326.000000,16,0,5
malloc_growth,142,65536,21300.000000,16,0,5
malloc_growth,143,65536,20047.000000,16,0,5
malloc_growth,144,65536,22202.000000,16,0,5
malloc_growth,145,65536,23474.000000,16,0,5
malloc_growth,146,65536,18134.000000,16,0,5
malloc_growth,147,65536,19388.000000,16,0,5
malloc_growth,148,65536,19406.000000,16,0,5
malloc_growth,149,65536,25728.000000,16,0,5
malloc_growth,150,65536,53751.000000,16,0,5
malloc_growth,151,65536,22532.000000,16,0,5
malloc_growth,152,65536,19075.000000,16,0,5
malloc_growth,153,65536,18214.000000,16,0,5
malloc_growth,154,65536,25538.000000,16,0,5
malloc_growth,155,65536,18184.000000,16,0,5
malloc_growth,156,65536,18475.000000,16,0,5
malloc_growth,157,65536,23715.000000,16,0,5
malloc_growth,158,65536,25537.000000,16,0,5
malloc_growth,159,65536,24857.000000,16,0,5
malloc_growth,160,65536,28093.000000,16,0,5
malloc_growth,161,65536,24577.000000,16,0,5
malloc_growth,162,65536,24856.000000,16,0,5
malloc_growth,163,65536,24265.000000,16,0,5
malloc_growth,164,65536,25057.000000,16,0,5
malloc_growth,165,65536,30407.000000,16,0,5
malloc_growth,166,65536,25207.000000,16,0,5
malloc_growth,167,65536,24346.000000,16,0,5
malloc_growth,168,65536,26510.000000,16,0,5
malloc_growth,169,65536,25368.000000,16,0,5
malloc_growth,170,65536,25047.000000,16,0,5
malloc_growth,171,65536,27351.000000,16,0,5
malloc_growth,172,65536,25107.000000,16,0,5
malloc_growth,173,65536,26320.000000,16,0,5
malloc_growth,174,65536,27752.000000,16,0,5
malloc_growth,175,65536,26721.000000,16,0,5
malloc_growth,176,65536,24626.000000,16,0,5
malloc_growth,177,65536,25367.000000,16,0,5
malloc_growth,178,65536,29325.000000,16,0,5
malloc_growth,179,65536,29796.000000,16,0,5
malloc_growth,180,65536,28924.000000,16,0,5
malloc_growth,181,65536,24946.000000,16,0,5
malloc_growth,182,65536,25087.000000,16,0,5
malloc_growth,183,65536,24336.000000,16,0,5
malloc_growth,184,65536,24817.000000,16,0,5
malloc_growth,185,65536,23314.000000,16,0,5
malloc_growth,186,65536,32010.000000,16,0,5
malloc_growth,187,65536,25317.000000,16,0,5
malloc_growth,188,65536,27001.000000,16,0,5
malloc_growth,189,65536,27832.000000,16,0,5
malloc_growth,190,65536,24166.000000,16,0,5
malloc_growth,191,65536,24676.000000,16,0,5
malloc_growth,192,65536,24085.000000,16,0,5
malloc_growth,193,65536,18445.000000,16,0,5
malloc_growth,194,65536,19296.000000,16,0,5
malloc_growth,195,65536,29796.000000,16,0,5
malloc_growth,196,65536,19226.000000,16,0,5
malloc_growth,197,65536,39745.000000,16,0,5
malloc_growth,198,65536,27601.000000,16,0,5
malloc_growth,199,65536,28564.000000,16,0,5
malloc_growth,200,65536,26519.000000,16,0,5
malloc_growth,201,65536,28523.000000,16,0,5
malloc_growth,202,65536,24537.000000,16,0,5
malloc_growth,203,65536,26289.000000,16,0,5
malloc_growth,204,65536,27662.000000,16,0,5
malloc_growth,205,65536,26099.000000,16,0,5
malloc_growth,206,65536,30697.000000,16,0,5
malloc_growth,207,65536,27923.000000,16,0,5
malloc_growth,208,65536,26330.000000,16,0,5
malloc_growth,209,65536,29065.000000,16,0,5
malloc_growth,210,65536,25828.000000,16,0,5
malloc_growth,211,65536,26620.000000,16,0,5
malloc_growth,212,65536,28012.000000,16,0,5
malloc_growth,213,65536,24296.000000,16,0,5
malloc_growth,214,65536,26821.000000,16,0,5
malloc_growth,215,65536,24255.000000,16,0,5
malloc_growth,216,65536,26970.000000,16,0,5
malloc_growth,217,65536,44123.000000,16,0,5
malloc_growth,218,65536,28814.000000,16,0,5
malloc_growth,219,65536,27062.000000,16,0,5
malloc_growth,220,65536,28624.000000,16,0,5
malloc_growth,221,65536,21550.000000,16,0,5
malloc_growth,222,65536,18345.000000,16,0,5
malloc_growth,223,65536,18294.000000,16,0,5
malloc_growth,224,65536,20388.000000,16,0,5
malloc_growth,225,65536,18274.000000,16,0,5
malloc_growth,226,65536,18244.000000,16,0,5
malloc_growth,227,65536,19166.000000,16,0,5
malloc_growth,228,65536,18565.000000,16,0,5
malloc_growth,229,65536,18555.000000,16,0,5
malloc_growth,230,65536,18545.000000,16,0,5
malloc_growth,231,65536,18745.000000,16,0,5
malloc_growth,232,65536,18374.000000,16,0,5
malloc_growth,233,65536,18755.000000,16,0,5
malloc_growth,234,65536,18425.000000,16,0,5
malloc_growth,235,65536,18013.000000,16,0,5
malloc_growth,236,65536,19338.000000,16,0,5
malloc_growth,237,65536,18695.000000,16,0,5
malloc_growth,238,65536,19326.000000,16,0,5
malloc_growth,239,65536,19116.000000,16,0,5
malloc_growth,240,65536,18675.000000,16,0,5
malloc_growth,241,65536,19436.000000,16,0,5
malloc_growth,242,65536,29054.000000,16,0,5
malloc_growth,243,65536,21189.000000,16,0,5
malloc_growth,244,65536,18966.000000,16,0,5
malloc_growth,245,65536,19817.000000,16,0,5
malloc_growth,246,65536,18384.000000,16,0,5
malloc_growth,247,65536,18535.000000,16,0,5
malloc_growth,248,65536,20598.000000,16,0,5
malloc_growth,249,65536,20498.000000,16,0,5
malloc_growth,250,65536,19837.000000,16,0,5
malloc_growth,251,65536,22352.000000,16,0,5
malloc_growth,252,65536,20360.000000,16,0,5
malloc_growth,253,65536,19877.000000,16,0,5
malloc_growth,254,65536,18535.000000,16,0,5
malloc_growth,255,65536,18575.000000,16,0,5
malloc_growth,256,65536,18925.000000,16,0,5
malloc_growth,257,65536,18325.000000,16,0,5
malloc_growth,258,65536,18645.000000,16,0,5
malloc_growth,259,65536,19377.000000,16,0,5
malloc_growth,260,65536,18424.000000,16,0,5
malloc_growth,261,65536,18075.000000,16,0,5
malloc_growth,262,65536,32541.000000,16,0,5
malloc_growth,263,65536,18855.000000,16,0,5
malloc_growth,264,65536,18335.000000,16,0,5
malloc_growth,265,65536,19928.000000,16,0,5
malloc_growth,266,65536,18294.000000,16,0,5
malloc_growth,267,65536,19667.000000,16,0,5
malloc_growth,268,65536,19035.000000,16,0,5
malloc_growth,269,65536,18466.000000,16,0,5
malloc_growth,270,65536,19246.000000,16,0,5
malloc_growth,271,65536,19517.000000,16,0,5
malloc_growth,272,65536,18625.000000,16,0,5
malloc_growth,273,65536,24165.000000,16,0,5
malloc_growth,274,65536,25007.000000,16,0,5
malloc_growth,275,65536,24235.000000,16,0,5
malloc_growth,276,65536,20599.000000,16,0,5
malloc_growth,277,65536,19407.000000,16,0,5
malloc_growth,278,65536,18805.000000,16,0,5
malloc_growth,279,65536,18585.000000,16,0,5
malloc_growth,280,65536,19386.000000,16,0,5
malloc_growth,281,65536,18545.000000,16,0,5
malloc_growth,282,65536,19587.000000,16,0,5
malloc_growth,283,65536,19607.000000,16,0,5
malloc_growth,284,65536,20970.000000,16,0,5
malloc_growth,285,65536,29156.000000,16,0,5
malloc_growth,286,65536,22202.000000,16,0,5
malloc_growth,287,65536,18525.000000,16,0,5
malloc_growth,288,65536,17853.000000,16,0,5
malloc_growth,289,65536,19627.000000,16,0,5
malloc_growth,290,65536,17953.000000,16,0,5
malloc_growth,291,65536,19427.000000,16,0,5
malloc_growth,292,65536,24325.000000,16,0,5
malloc_growth,293,65536,27592.000000,16,0,5
malloc_growth,294,65536,21751.000000,16,0,5
malloc_growth,295,65536,18414.000000,16,0,5
malloc_growth,296,65536,20689.000000,16,0,5
malloc_growth,297,65536,19266.000000,16,0,5
malloc_growth,298,65536,20378.000000,16,0,5
malloc_growth,299,65536,20388.000000,16,0,5
malloc_growth,300,65536,22562.000000,16,0,5
malloc_growth,301,65536,25709.000000,16,0,5
malloc_growth,302,65536,18825.000000,16,0,5
malloc_growth,303,65536,18985.000000,16,0,5
malloc_growth,304,65536,18254.000000,16,0,5
malloc_growth,305,65536,18264.000000,16,0,5
malloc_growth,306,65536,19266.000000,16,0,5
malloc_growth,307,65536,73679.000000,16,0,5
malloc_growth,308,65536,18525.000000,16,0,5
malloc_growth,309,65536,21210.000000,16,0,5
malloc_growth,310,65536,18244.000000,16,0,5
malloc_growth,311,65536,19186.000000,16,0,5
malloc_growth,312,65536,19035.000000,16,0,5
malloc_growth,313,65536,18564.000000,16,0,5
malloc_growth,314,65536,18314.000000,16,0,5
malloc_growth,315,65536,19538.000000,16,0,5
malloc_growth,316,65536,18344.000000,16,0,5
malloc_growth,317,65536,18555.000000,16,0,5
malloc_growth,318,65536,31790.000000,16,0,5
malloc_growth,319,65536,23564.000000,16,0,5
malloc_growth,320,65536,18454.000000,16,0,5
malloc_growth,321,65536,20689.000000,16,0,5
malloc_growth,322,65536,18185.000000,16,0,5
malloc_growth,323,65536,18354.000000,16,0,5
malloc_growth,324,65536,19306.000000,16,0,5
malloc_growth,325,65536,18334.000000,16,0,5
malloc_growth,326,65536,19707.000000,16,0,5
malloc_growth,327,65536,20338.000000,16,0,5
malloc_growth,328,65536,17883.000000,16,0,5
malloc_growth,329,65536,18104.000000,16,0,5
malloc_growth,330,65536,18825.000000,16,0,5
malloc_growth,331,65536,18015.000000,16,0,5
malloc_growth,332,65536,18695.000000,16,0,5
malloc_growth,333,65536,19717.000000,16,0,5
malloc_growth,334,65536,18395.000000,16,0,5
malloc_growth,335,65536,18826.000000,16,0,5
malloc_growth,336,65536,19547.000000,16,0,5
malloc_growth,337,65536,18254.000000,16,0,5
malloc_growth,338,65536,18775.000000,16,0,5
malloc_growth,339,65536,20378.000000,16,0,5
malloc_growth,340,65536,20099.000000,16,0,5
malloc_growth,341,65536,25017.000000,16,0,5
malloc_growth,342,65536,25307.000000,16,0,5
malloc_growth,343,65536,18906.000000,16,0,5
malloc_growth,344,65536,18265.000000,16,0,5
malloc_growth,345,65536,19407.000000,16,0,5
malloc_growth,346,65536,18104.000000,16,0,5
malloc_growth,347,65536,22863.000000,16,0,5
malloc_growth,348,65536,19497.000000,16,0,5
malloc_growth,349,65536,18024.000000,16,0,5
malloc_growth,350,65536,18174.000000,16,0,5
malloc_growth,351,65536,44563.000000,16,0,5
malloc_growth,352,65536,18815.000000,16,0,5
malloc_growth,353,65536,18825.000000,16,0,5
malloc_growth,354,65536,20018.000000,16,0,5
malloc_growth,355,65536,19738.000000,16,0,5
malloc_growth,356,65536,18905.000000,16,0,5
malloc_growth,357,65536,19356.000000,16,0,5
malloc_growth,358,65536,18405.000000,16,0,5
malloc_growth,359,65536,18825.000000,16,0,5
malloc_growth,360,65536,18995.000000,16,0,5
malloc_growth,361,65536,19387.000000,16,0,5
malloc_growth,362,65536,18384.000000,16,0,5
malloc_growth,363,65536,19407.000000,16,0,5
malloc_growth,364,65536,18266.000000,16,0,5
malloc_growth,365,65536,18525.000000,16,0,5
malloc_growth,366,65536,19837.000000,16,0,5
malloc_growth,367,65536,20939.000000,16,0,5
malloc_growth,368,65536,25898.000000,16,0,5
malloc_growth,369,65536,32501.000000,16,0,5
malloc_growth,370,65536,26841.000000,16,0,5
malloc_growth,371,65536,20880.000000,16,0,5
malloc_growth,372,65536,20789.000000,16,0,5
malloc_growth,373,65536,18535.000000,16,0,5
malloc_growth,374,65536,17964.000000,16,0,5
malloc_growth,375,65536,19287.000000,16,0,5
malloc_growth,376,65536,18715.000000,16,0,5
malloc_growth,377,65536,18945.000000,16,0,5
malloc_growth,378,65536,18354.000000,16,0,5
malloc_growth,379,65536,17905.000000,16,0,5
malloc_growth,380,65536,19306.000000,16,0,5
malloc_growth,381,65536,18084.000000,16,0,5
malloc_growth,382,65536,18495.000000,16,0,5
malloc_growth,383,65536,22142.000000,16,0,5
malloc_growth,384,65536,18304.000000,16,0,5
malloc_growth,385,65536,18705.000000,16,0,5
malloc_growth,386,65536,18965.000000,16,0,5
malloc_growth,387,65536,28975.000000,16,0,5
malloc_growth,388,65536,24385.000000,16,0,5
malloc_growth,389,65536,29605.000000,16,0,5
malloc_growth,390,65536,27862.000000,16,0,5
malloc_growth,391,65536,20509.000000,16,0,5
malloc_growth,392,65536,28553.000000,16,0,5
malloc_growth,393,65536,47800.000000,16,0,5
malloc_growth,394,65536,28443.000000,16,0,5
malloc_growth,395,65536,30136.000000,16,0,5
malloc_growth,396,65536,25679.000000,16,0,5
malloc_growth,397,65536,25017.000000,16,0,5
malloc_growth,398,65536,26600.000000,16,0,5
malloc_growth,399,65536,18525.000000,16,0,5
malloc_growth,400,65536,17904.000000,16,0,5
malloc_growth,401,65536,19466.000000,16,0,5
malloc_growth,402,65536,18174.000000,16,0,5
malloc_growth,403,65536,19707.000000,16,0,5
malloc_growth,404,65536,18886.000000,16,0,5
malloc_growth,405,65536,17833.000000,16,0,5
malloc_growth,406,65536,18294.000000,16,0,5
malloc_growth,407,65536,19557.000000,16,0,5
malloc_growth,408,65536,18605.000000,16,0,5
malloc_growth,409,65536,18094.000000,16,0,5
malloc_growth,410,65536,19406.000000,16,0,5
malloc_growth,411,65536,18364.000000,16,0,5
malloc_growth,412,65536,18304.000000,16,0,5
malloc_growth,413,65536,20018.000000,16,0,5
malloc_growth,414,65536,18455.000000,16,0,5
malloc_growth,415,65536,18705.000000,16,0,5
malloc_growth,416,65536,18356.000000,16,0,5
malloc_growth,417,65536,17994.000000,16,0,5
malloc_growth,418,65536,18124.000000,16,0,5
malloc_growth,419,65536,18415.000000,16,0,5
malloc_growth,420,65536,18525.000000,16,0,5
malloc_growth,421,65536,20008.000000,16,0,5
malloc_growth,422,65536,18184.000000,16,0,5
malloc_growth,423,65536,18746.000000,16,0,5
malloc_growth,424,65536,18886.000000,16,0,5
malloc_growth,425,65536,18225.000000,16,0,5
malloc_growth,426,65536,18325.000000,16,0,5
malloc_growth,427,65536,20168.000000,16,0,5
malloc_growth,428,65536,18074.000000,16,0,5
malloc_growth,429,65536,18935.000000,16,0,5
malloc_growth,430,65536,19857.000000,16,0,5
malloc_growth,431,65536,19366.000000,16,0,5
malloc_growth,432,65536,20869.000000,16,0,5
malloc_growth,433,65536,31280.000000,16,0,5
malloc_growth,434,65536,26049.000000,16,0,5
malloc_growth,435,65536,20388.000000,16,0,5
malloc_growth,436,65536,21170.000000,16,0,5
malloc_growth,437,65536,49994.000000,16,0,5
malloc_growth,438,65536,18915.000000,16,0,5
malloc_growth,439,65536,22252.000000,16,0,5
malloc_growth,440,65536,18655.000000,16,0,5
malloc_growth,441,65536,18745.000000,16,0,5
malloc_growth,442,65536,27341.000000,16,0,5
malloc_growth,443,65536,26009.000000,16,0,5
malloc_growth,444,65536,21259.000000,16,0,5
malloc_growth,445,65536,19336.000000,16,0,5
malloc_growth,446,65536,18695.000000,16,0,5
malloc_growth,447,65536,18716.000000,16,0,5
malloc_growth,448,65536,19947.000000,16,0,5
malloc_growth,449,65536,18334.000000,16,0,5
malloc_growth,450,65536,18404.000000,16,0,5
malloc_growth,451,65536,19647.000000,16,0,5
malloc_growth,452,65536,18094.000000,16,0,5
malloc_growth,453,65536,18906.000000,16,0,5
malloc_growth,454,65536,18935.000000,16,0,5
malloc_growth,455,65536,19126.000000,16,0,5
malloc_growth,456,65536,18186.000000,16,0,5
malloc_growth,457,65536,19998.000000,16,0,5
malloc_growth,458,65536,29094.000000,16,0,5
malloc_growth,459,65536,23023.000000,16,0,5
malloc_growth,460,65536,20378.000000,16,0,5
malloc_growth,461,65536,18234.000000,16,0,5
malloc_growth,462,65536,19186.000000,16,0,5
malloc_growth,463,65536,19206.000000,16,0,5
malloc_growth,464,65536,17925.000000,16,0,5
malloc_growth,465,65536,18675.000000,16,0,5
malloc_growth,466,65536,19316.000000,16,0,5
malloc_growth,467,65536,18084.000000,16,0,5
malloc_growth,468,65536,18625.000000,16,0,5
malloc_growth,469,65536,18405.000000,16,0,5
malloc_growth,470,65536,18234.000000,16,0,5
malloc_growth,471,65536,20478.000000,16,0,5
malloc_growth,472,65536,17953.000000,16,0,5
malloc_growth,473,65536,17885.000000,16,0,5
malloc_growth,474,65536,18615.000000,16,0,5
malloc_growth,475,65536,17954.000000,16,0,5
malloc_growth,476,65536,17523.000000,16,0,5
malloc_growth,477,65536,18625.000000,16,0,5
malloc_growth,478,65536,17392.000000,16,0,5
malloc_growth,479,65536,18354.000000,16,0,5
malloc_growth,480,65536,18375.000000,16,0,5
malloc_growth,481,65536,17953.000000,16,0,5
malloc_growth,482,65536,18195.000000,16,0,5
malloc_growth,483,65536,43602.000000,16,0,5
malloc_growth,484,65536,17463.000000,16,0,5
malloc_growth,485,65536,17854.000000,16,0,5
malloc_growth,486,65536,20208.000000,16,0,5
malloc_growth,487,65536,18114.000000,16,0,5
malloc_growth,488,65536,17383.000000,16,0,5
malloc_growth,489,65536,18465.000000,16,0,5
malloc_growth,490,65536,17664.000000,16,0,5
malloc_growth,491,65536,18364.000000,16,0,5
malloc_growth,492,65536,18464.000000,16,0,5
malloc_growth,493,65536,17994.000000,16,0,5
malloc_growth,494,65536,18395.000000,16,0,5
malloc_growth,495,65536,18825.000000,16,0,5
malloc_growth,496,65536,17793.000000,16,0,5
malloc_growth,497,65536,18154.000000,16,0,5
malloc_growth,498,65536,19797.000000,16,0,5
malloc_growth,499,65536,17844.000000,16,0,5
malloc_growth,500,65536,18424.000000,16,0,5
malloc_growth,501,65536,22683.000000,16,0,5
malloc_growth,502,65536,27451.000000,16,0,5
malloc_growth,503,65536,20007.000000,16,0,5
malloc_growth,504,65536,18284.000000,16,0,5
malloc_growth,505,65536,18385.000000,16,0,5
malloc_growth,506,65536,18574.000000,16,0,5
malloc_growth,507,65536,18045.000000,16,0,5
malloc_growth,508,65536,18605.000000,16,0,5
malloc_growth,509,65536,18875.000000,16,0,5
malloc_growth,510,65536,18054.000000,16,0,5
malloc_growth,511,65536,18365.000000,16,0,5
first_touch,0,65536,22913.000000,19,0,5
first_touch,1,65536,19086.000000,16,0,5
first_touch,2,65536,21501.000000,16,0,5
first_touch,3,65536,23704.000000,16,0,5
first_touch,4,65536,18586.000000,16,0,5
first_touch,5,65536,24896.000000,16,0,5
first_touch,6,65536,27391.000000,16,0,5
first_touch,7,65536,19136.000000,16,0,5
first_touch,8,65536,17733.000000,16,0,5
first_touch,9,65536,18264.000000,16,0,5
first_touch,10,65536,18685.000000,16,0,5
first_touch,11,65536,18374.000000,16,0,5
first_touch,12,65536,26420.000000,16,0,5
first_touch,13,65536,22022.000000,16,0,5
first_touch,14,65536,18314.000000,16,0,5
first_touch,15,65536,18545.000000,16,0,5
first_touch,16,65536,18254.000000,16,0,5
first_touch,17,65536,18334.000000,16,0,5
first_touch,18,65536,17924.000000,16,0,5
first_touch,19,65536,17914.000000,16,0,5
first_touch,20,65536,19197.000000,16,0,5
first_touch,21,65536,64701.000000,16,0,5
first_touch,22,65536,19566.000000,16,0,5
first_touch,23,65536,18645.000000,16,0,5
first_touch,24,65536,25006.000000,16,0,5
first_touch,25,65536,20258.000000,16,0,5
first_touch,26,65536,18897.000000,16,0,5
first_touch,27,65536,19236.000000,16,0,5
first_touch,28,65536,18544.000000,16,0,5
first_touch,29,65536,18314.000000,16,0,5
first_touch,30,65536,18866.000000,16,0,5
first_touch,31,65536,18275.000000,16,0,5
first_touch,32,65536,19507.000000,16,0,5
first_touch,33,65536,18154.000000,16,0,5
first_touch,34,65536,18344.000000,16,0,5
first_touch,35,65536,19517.000000,16,0,5
first_touch,36,65536,18214.000000,16,0,5
first_touch,37,65536,18795.000000,16,0,5
first_touch,38,65536,19366.000000,16,0,5
first_touch,39,65536,18304.000000,16,0,5
first_touch,40,65536,18064.000000,16,0,5
first_touch,41,65536,18585.000000,16,0,5
first_touch,42,65536,26340.000000,16,0,5
first_touch,43,65536,22273.000000,16,0,5
first_touch,44,65536,21901.000000,16,0,5
first_touch,45,65536,19006.000000,16,0,5
first_touch,46,65536,18645.000000,16,0,5
first_touch,47,65536,25488.000000,16,0,5
first_touch,48,65536,30106.000000,16,0,5
first_touch,49,65536,27662.000000,16,0,5
first_touch,50,65536,20880.000000,16,0,5
first_touch,51,65536,18855.000000,16,0,5
first_touch,52,65536,19607.000000,16,0,5
first_touch,53,65536,18274.000000,16,0,5
first_touch,54,65536,18154.000000,16,0,5
first_touch,55,65536,18114.000000,16,0,5
first_touch,56,65536,17754.000000,16,0,5
first_touch,57,65536,18545.000000,16,0,5
first_touch,58,65536,18204.000000,16,0,5
first_touch,59,65536,17804.000000,16,0,5
first_touch,60,65536,24726.000000,16,0,5
first_touch,61,65536,17753.000000,16,0,5
first_touch,62,65536,18144.000000,16,0,5
first_touch,63,65536,17773.000000,16,0,5
first_touch,64,65536,19917.000000,16,0,5
first_touch,65,65536,31379.000000,16,0,5
first_touch,66,65536,18695.000000,16,0,5
first_touch,67,65536,18616.000000,16,0,5
first_touch,68,65536,17803.000000,16,0,5
first_touch,69,65536,18384.000000,16,0,5
first_touch,70,65536,23314.000000,16,0,5
first_touch,71,65536,20639.000000,16,0,5
first_touch,72,65536,18004.000000,16,0,5
first_touch,73,65536,18234.000000,16,0,5
first_touch,74,65536,18225.000000,16,0,5
first_touch,75,65536,18204.000000,16,0,5
first_touch,76,65536,18225.000000,16,0,5
first_touch,77,65536,17854.000000,16,0,5
first_touch,78,65536,20258.000000,16,0,5
first_touch,79,65536,29195.000000,16,0,5
first_touch,80,65536,18625.000000,16,0,5
first_touch,81,65536,17973.000000,16,0,5
first_touch,82,65536,18354.000000,16,0,5
first_touch,83,65536,18144.000000,16,0,5
first_touch,84,65536,18526.000000,16,0,5
first_touch,85,65536,18996.000000,16,0,5
first_touch,86,65536,18975.000000,16,0,5
first_touch,87,65536,17964.000000,16,0,5
first_touch,88,65536,18655.000000,16,0,5
first_touch,89,65536,18875.000000,16,0,5
first_touch,90,65536,25248.000000,16,0,5
first_touch,91,65536,18204.000000,16,0,5
first_touch,92,65536,17964.000000,16,0,5
first_touch,93,65536,24076.000000,16,0,5
first_touch,94,65536,20097.000000,16,0,5
first_touch,95,65536,18355.000000,16,0,5
first_touch,96,65536,23584.000000,16,0,5
first_touch,97,65536,18094.000000,16,0,5
first_touch,98,65536,18074.000000,16,0,5
first_touch,99,65536,24025.000000,16,0,5
first_touch,100,65536,25068.000000,16,0,5
first_touch,101,65536,18365.000000,16,0,5
first_touch,102,65536,17954.000000,16,0,5
first_touch,103,65536,17973.000000,16,0,5
first_touch,104,65536,18625.000000,16,0,5
first_touch,105,65536,18264.000000,16,0,5
first_touch,106,65536,18254.000000,16,0,5
first_touch,107,65536,26860.000000,16,0,5
first_touch,108,65536,25309.000000,16,0,5
first_touch,109,65536,23174.000000,16,0,5
first_touch,110,65536,49823.000000,16,0,5
first_touch,111,65536,30046.000000,16,0,5
first_touch,112,65536,21059.000000,16,0,5
first_touch,113,65536,26489.000000,16,0,5
first_touch,114,65536,26291.000000,16,0,5
first_touch,115,65536,25768.000000,16,0,5
first_touch,116,65536,26670.000000,16,0,5
first_touch,117,65536,20899.000000,16,0,5
first_touch,118,65536,18796.000000,16,0,5
first_touch,119,65536,18124.000000,16,0,5
first_touch,120,65536,26309.000000,16,0,5
first_touch,121,65536,25218.000000,16,0,5
first_touch,122,65536,26560.000000,16,0,5
first_touch,123,65536,22422.000000,16,0,5
first_touch,124,65536,23464.000000,16,0,5
first_touch,125,65536,25949.000000,16,0,5
first_touch,126,65536,25488.000000,16,0,5
first_touch,127,65536,25739.000000,16,0,5
first_touch,128,65536,27862.000000,16,0,5
first_touch,129,65536,25157.000000,16,0,5
first_touch,130,65536,26580.000000,16,0,5
first_touch,131,65536,26901.000000,16,0,5
first_touch,132,65536,25478.000000,16,0,5
first_touch,133,65536,24767.000000,16,0,5
first_touch,134,65536,27111.000000,16,0,5
first_touch,135,65536,28394.000000,16,0,5
first_touch,136,65536,18415.000000,16,0,5
first_touch,137,65536,19517.000000,16,0,5
first_touch,138,65536,18885.000000,16,0,5
first_touch,139,65536,18745.000000,16,0,5
first_touch,140,65536,25578.000000,16,0,5
first_touch,141,65536,27202.000000,16,0,5
first_touch,142,65536,27021.000000,16,0,5
first_touch,143,65536,27111.000000,16,0,5
first_touch,144,65536,25778.000000,16,0,5
first_touch,145,65536,20218.000000,16,0,5
first_touch,146,65536,42089.000000,16,0,5
first_touch,147,65536,22342.000000,16,0,5
first_touch,148,65536,18315.000000,16,0,5
first_touch,149,65536,17733.000000,16,0,5
first_touch,150,65536,18394.000000,16,0,5
first_touch,151,65536,18665.000000,16,0,5
first_touch,152,65536,17623.000000,16,0,5
first_touch,153,65536,21801.000000,16,0,5
first_touch,154,65536,23785.000000,16,0,5
first_touch,155,65536,17885.000000,16,0,5
first_touch,156,65536,18225.000000,16,0,5
first_touch,157,65536,28704.000000,16,0,5
first_touch,158,65536,23444.000000,16,0,5
first_touch,159,65536,17633.000000,16,0,5
first_touch,160,65536,19246.000000,16,0,5
first_touch,161,65536,18013.000000,16,0,5
first_touch,162,65536,18194.000000,16,0,5
first_touch,163,65536,22884.000000,16,0,5
first_touch,164,65536,23023.000000,16,0,5
first_touch,165,65536,24676.000000,16,0,5
first_touch,166,65536,29395.000000,16,0,5
first_touch,167,65536,23714.000000,16,0,5
first_touch,168,65536,25367.000000,16,0,5
first_touch,169,65536,24336.000000,16,0,5
first_touch,170,65536,25859.000000,16,0,5
first_touch,171,65536,25999.000000,16,0,5
first_touch,172,65536,23464.000000,16,0,5
first_touch,173,65536,22212.000000,16,0,5
first_touch,174,65536,25819.000000,16,0,5
first_touch,175,65536,18695.000000,16,0,5
first_touch,176,65536,26150.000000,16,0,5
first_touch,177,65536,27281.000000,16,0,5
first_touch,178,65536,19065.000000,16,0,5
first_touch,179,65536,17914.000000,16,0,5
first_touch,180,65536,18074.000000,16,0,5
first_touch,181,65536,19366.000000,16,0,5
first_touch,182,65536,18024.000000,16,0,5
first_touch,183,65536,17884.000000,16,0,5
first_touch,184,65536,17594.000000,16,0,5
first_touch,185,65536,27742.000000,16,0,5
first_touch,186,65536,29155.000000,16,0,5
first_touch,187,65536,54963.000000,16,0,5
first_touch,188,65536,18745.000000,16,0,5
first_touch,189,65536,18174.000000,16,0,5
first_touch,190,65536,18286.000000,16,0,5
first_touch,191,65536,17643.000000,16,0,5
first_touch,192,65536,19016.000000,16,0,5
first_touch,193,65536,18094.000000,16,0,5
first_touch,194,65536,18434.000000,16,0,5
first_touch,195,65536,18445.000000,16,0,5
first_touch,196,65536,18835.000000,16,0,5
first_touch,197,65536,18375.000000,16,0,5
first_touch,198,65536,18386.000000,16,0,5
first_touch,199,65536,18174.000000,16,0,5
first_touch,200,65536,18304.000000,16,0,5
first_touch,201,65536,18785.000000,16,0,5
first_touch,202,65536,18575.000000,16,0,5
first_touch,203,65536,18444.000000,16,0,5
first_touch,204,65536,18294.000000,16,0,5
first_touch,205,65536,18545.000000,16,0,5
first_touch,206,65536,18354.000000,16,0,5
first_touch,207,65536,18525.000000,16,0,5
first_touch,208,65536,26991.000000,16,0,5
first_touch,209,65536,30617.000000,16,0,5
first_touch,210,65536,31209.000000,16,0,5
first_touch,211,65536,17733.000000,16,0,5
first_touch,212,65536,17793.000000,16,0,5
first_touch,213,65536,18424.000000,16,0,5
first_touch,214,65536,17424.000000,16,0,5
first_touch,215,65536,17724.000000,16,0,5
first_touch,216,65536,17563.000000,16,0,5
first_touch,217,65536,17833.000000,16,0,5
first_touch,218,65536,18184.000000,16,0,5
first_touch,219,65536,17783.000000,16,0,5
first_touch,220,65536,17653.000000,16,0,5
first_touch,221,65536,18154.000000,16,0,5
first_touch,222,65536,17903.000000,16,0,5
first_touch,223,65536,17503.000000,16,0,5
first_touch,224,65536,18675.000000,16,0,5
first_touch,225,65536,18785.000000,16,0,5
first_touch,226,65536,18354.000000,16,0,5
first_touch,227,65536,17583.000000,16,0,5
first_touch,228,65536,18474.000000,16,0,5
first_touch,229,65536,18014.000000,16,0,5
first_touch,230,65536,18255.000000,16,0,5
first_touch,231,65536,18365.000000,16,0,5
first_touch,232,65536,27242.000000,16,0,5
first_touch,233,65536,35316.000000,16,0,5
first_touch,234,65536,19166.000000,16,0,5
first_touch,235,65536,18404.000000,16,0,5
first_touch,236,65536,18785.000000,16,0,5
first_touch,237,65536,19386.000000,16,0,5
first_touch,238,65536,18354.000000,16,0,5
first_touch,239,65536,19517.000000,16,0,5
first_touch,240,65536,18035.000000,16,0,5
first_touch,241,65536,18024.000000,16,0,5
first_touch,242,65536,18435.000000,16,0,5
first_touch,243,65536,18554.000000,16,0,5
first_touch,244,65536,17994.000000,16,0,5
first_touch,245,65536,18024.000000,16,0,5
first_touch,246,65536,18435.000000,16,0,5
first_touch,247,65536,18054.000000,16,0,5
first_touch,248,65536,24897.000000,16,0,5
first_touch,249,65536,30648.000000,16,0,5
first_touch,250,65536,27120.000000,16,0,5
first_touch,251,65536,25638.000000,16,0,5
first_touch,252,65536,26920.000000,16,0,5
first_touch,253,65536,28414.000000,16,0,5
first_touch,254,65536,19216.000000,16,0,5
first_touch,255,65536,17945.000000,16,0,5
first_touch,256,65536,20138.000000,16,0,5
first_touch,257,65536,18454.000000,16,0,5
first_touch,258,65536,18224.000000,16,0,5
first_touch,259,65536,18154.000000,16,0,5
first_touch,260,65536,18054.000000,16,0,5
first_touch,261,65536,18405.000000,16,0,5
first_touch,262,65536,18565.000000,16,0,5
first_touch,263,65536,18405.000000,16,0,5
first_touch,264,65536,18356.000000,16,0,5
first_touch,265,65536,18755.000000,16,0,5
first_touch,266,65536,18134.000000,16,0,5
first_touch,267,65536,18324.000000,16,0,5
first_touch,268,65536,23143.000000,16,0,5
first_touch,269,65536,24516.000000,16,0,5
first_touch,270,65536,23925.000000,16,0,5
first_touch,271,65536,25458.000000,16,0,5
first_touch,272,65536,26209.000000,16,0,5
first_touch,273,65536,24846.000000,16,0,5
first_touch,274,65536,24606.000000,16,0,5
first_touch,275,65536,23955.000000,16,0,5
first_touch,276,65536,44083.000000,16,0,5
first_touch,277,65536,24818.000000,16,0,5
first_touch,278,65536,24656.000000,16,0,5
first_touch,279,65536,24165.000000,16,0,5
first_touch,280,65536,25318.000000,16,0,5
first_touch,281,65536,25198.000000,16,0,5
first_touch,282,65536,26801.000000,16,0,5
first_touch,283,65536,34154.000000,16,0,5
first_touch,284,65536,27291.000000,16,0,5
first_touch,285,65536,24887.000000,16,0,5
first_touch,286,65536,26419.000000,16,0,5
first_touch,287,65536,25939.000000,16,0,5
first_touch,288,65536,26359.000000,16,0,5
first_touch,289,65536,25438.000000,16,0,5
first_touch,290,65536,21331.000000,16,0,5
first_touch,291,65536,18535.000000,16,0,5
first_touch,292,65536,18395.000000,16,0,5
first_touch,293,65536,29986.000000,16,0,5
first_touch,294,65536,20659.000000,16,0,5
first_touch,295,65536,17753.000000,16,0,5
first_touch,296,65536,18103.000000,16,0,5
first_touch,297,65536,18245.000000,16,0,5
first_touch,298,65536,22383.000000,16,0,5
first_touch,299,65536,25027.000000,16,0,5
first_touch,300,65536,24996.000000,16,0,5
first_touch,301,65536,25458.000000,16,0,5
first_touch,302,65536,25508.000000,16,0,5
first_touch,303,65536,26199.000000,16,0,5
first_touch,304,65536,26210.000000,16,0,5
first_touch,305,65536,25879.000000,16,0,5
first_touch,306,65536,25498.000000,16,0,5
first_touch,307,65536,24736.000000,16,0,5
first_touch,308,65536,25679.000000,16,0,5
first_touch,309,65536,24827.000000,16,0,5
first_touch,310,65536,24977.000000,16,0,5
first_touch,311,65536,23886.000000,16,0,5
first_touch,312,65536,53951.000000,16,0,5
first_touch,313,65536,25518.000000,16,0,5
first_touch,314,65536,25839.000000,16,0,5
first_touch,315,65536,24105.000000,16,0,5
first_touch,316,65536,24165.000000,16,0,5
first_touch,317,65536,24537.000000,16,0,5
first_touch,318,65536,24055.000000,16,0,5
first_touch,319,65536,24827.000000,16,0,5
first_touch,320,65536,26389.000000,16,0,5
first_touch,321,65536,24576.000000,16,0,5
first_touch,322,65536,23925.000000,16,0,5
first_touch,323,65536,25238.000000,16,0,5
first_touch,324,65536,24646.000000,16,0,5
first_touch,325,65536,24125.000000,16,0,5
first_touch,326,65536,24656.000000,16,0,5
first_touch,327,65536,28203.000000,16,0,5
first_touch,328,65536,26579.000000,16,0,5
first_touch,329,65536,26670.000000,16,0,5
first_touch,330,65536,26560.000000,16,0,5
first_touch,331,65536,25618.000000,16,0,5
first_touch,332,65536,25377.000000,16,0,5
first_touch,333,65536,26119.000000,16,0,5
first_touch,334,65536,25578.000000,16,0,5
first_touch,335,65536,25778.000000,16,0,5
first_touch,336,65536,25098.000000,16,0,5
first_touch,337,65536,25809.000000,16,0,5
first_touch,338,65536,24185.000000,16,0,5
first_touch,339,65536,24646.000000,16,0,5
first_touch,340,65536,25217.000000,16,0,5
first_touch,341,65536,25468.000000,16,0,5
first_touch,342,65536,27413.000000,16,0,5
first_touch,343,65536,24546.000000,16,0,5
first_touch,344,65536,25027.000000,16,0,5
first_touch,345,65536,26189.000000,16,0,5
first_touch,346,65536,24767.000000,16,0,5
first_touch,347,65536,81514.000000,16,0,5
first_touch,348,65536,25799.000000,16,0,5
first_touch,349,65536,24816.000000,16,0,5
first_touch,350,65536,25798.000000,16,0,5
first_touch,351,65536,26239.000000,16,0,5
first_touch,352,65536,33272.000000,16,0,5
first_touch,353,65536,26189.000000,16,0,5
first_touch,354,65536,25007.000000,16,0,5
first_touch,355,65536,25428.000000,16,0,5
first_touch,356,65536,28524.000000,16,0,5
first_touch,357,65536,26009.000000,16,0,5
first_touch,358,65536,26650.000000,16,0,5
first_touch,359,65536,25689.000000,16,0,5
first_touch,360,65536,26219.000000,16,0,5
first_touch,361,65536,26980.000000,16,0,5
first_touch,362,65536,29265.000000,16,0,5
first_touch,363,65536,25598.000000,16,0,5
first_touch,364,65536,29515.000000,16,0,5
first_touch,365,65536,27932.000000,16,0,5
first_touch,366,65536,26780.000000,16,0,5
first_touch,367,65536,27242.000000,16,0,5
first_touch,368,65536,27111.000000,16,0,5
first_touch,369,65536,29015.000000,16,0,5
first_touch,370,65536,29055.000000,16,0,5
first_touch,371,65536,32100.000000,16,0,5
first_touch,372,65536,24045.000000,16,0,5
first_touch,373,65536,25678.000000,16,0,5
first_touch,374,65536,18384.000000,16,0,5
first_touch,375,65536,17783.000000,16,0,5
first_touch,376,65536,17733.000000,16,0,5
first_touch,377,65536,18034.000000,16,0,5
first_touch,378,65536,17815.000000,16,0,5
first_touch,379,65536,18275.000000,16,0,5
first_touch,380,65536,17804.000000,16,0,5
first_touch,381,65536,37230.000000,16,0,5
first_touch,382,65536,17974.000000,16,0,5
first_touch,383,65536,18074.000000,16,0,5
first_touch,384,65536,20208.000000,16,0,5
first_touch,385,65536,20148.000000,16,0,5
first_touch,386,65536,19326.000000,16,0,5
first_touch,387,65536,20699.000000,16,0,5
first_touch,388,65536,23504.000000,16,0,5
first_touch,389,65536,25457.000000,16,0,5
first_touch,390,65536,25688.000000,16,0,5
first_touch,391,65536,18033.000000,16,0,5
first_touch,392,65536,17874.000000,16,0,5
first_touch,393,65536,18485.000000,16,0,5
first_touch,394,65536,17773.000000,16,0,5
first_touch,395,65536,18294.000000,16,0,5
first_touch,396,65536,18304.000000,16,0,5
first_touch,397,65536,18434.000000,16,0,5
first_touch,398,65536,18515.000000,16,0,5
first_touch,399,65536,18063.000000,16,0,5
first_touch,400,65536,17954.000000,16,0,5
first_touch,401,65536,18415.000000,16,0,5
first_touch,402,65536,18296.000000,16,0,5
first_touch,403,65536,28083.000000,16,0,5
first_touch,404,65536,24857.000000,16,0,5
first_touch,405,65536,22572.000000,16,0,5
first_touch,406,65536,18324.000000,16,0,5
first_touch,407,65536,18074.000000,16,0,5
first_touch,408,65536,17974.000000,16,0,5
first_touch,409,65536,18304.000000,16,0,5
first_touch,410,65536,17974.000000,16,0,5
first_touch,411,65536,18956.000000,16,0,5
first_touch,412,65536,23625.000000,16,0,5
first_touch,413,65536,21660.000000,16,0,5
first_touch,414,65536,19226.000000,16,0,5
first_touch,415,65536,18305.000000,16,0,5
first_touch,416,65536,19767.000000,16,0,5
first_touch,417,65536,19507.000000,16,0,5
first_touch,418,65536,19047.000000,16,0,5
first_touch,419,65536,20728.000000,16,0,5
first_touch,420,65536,20048.000000,16,0,5
first_touch,421,65536,17884.000000,16,0,5
first_touch,422,65536,17773.000000,16,0,5
first_touch,423,65536,18404.000000,16,0,5
first_touch,424,65536,17853.000000,16,0,5
first_touch,425,65536,17934.000000,16,0,5
first_touch,426,65536,18204.000000,16,0,5
first_touch,427,65536,53151.000000,16,0,5
first_touch,428,65536,20659.000000,16,0,5
first_touch,429,65536,19727.000000,16,0,5
first_touch,430,65536,17964.000000,16,0,5
first_touch,431,65536,17853.000000,16,0,5
first_touch,432,65536,18374.000000,16,0,5
first_touch,433,65536,18785.000000,16,0,5
first_touch,434,65536,17985.000000,16,0,5
first_touch,435,65536,17974.000000,16,0,5
first_touch,436,65536,18184.000000,16,0,5
first_touch,437,65536,17934.000000,16,0,5
first_touch,438,65536,17753.000000,16,0,5
first_touch,439,65536,18034.000000,16,0,5
first_touch,440,65536,18235.000000,16,0,5
first_touch,441,65536,18345.000000,16,0,5
first_touch,442,65536,19246.000000,16,0,5
first_touch,443,65536,17875.000000,16,0,5
first_touch,444,65536,19086.000000,16,0,5
first_touch,445,65536,17923.000000,16,0,5
first_touch,446,65536,18224.000000,16,0,5
first_touch,447,65536,19096.000000,16,0,5
first_touch,448,65536,19046.000000,16,0,5
first_touch,449,65536,25628.000000,16,0,5
first_touch,450,65536,22131.000000,16,0,5
first_touch,451,65536,18305.000000,16,0,5
first_touch,452,65536,18865.000000,16,0,5
first_touch,453,65536,18405.000000,16,0,5
first_touch,454,65536,18114.000000,16,0,5
first_touch,455,65536,18395.000000,16,0,5
first_touch,456,65536,17934.000000,16,0,5
first_touch,457,65536,17923.000000,16,0,5
first_touch,458,65536,19717.000000,16,0,5
first_touch,459,65536,18014.000000,16,0,5
first_touch,460,65536,22243.000000,16,0,5
first_touch,461,65536,27943.000000,16,0,5
first_touch,462,65536,24777.000000,16,0,5
first_touch,463,65536,26249.000000,16,0,5
first_touch,464,65536,26260.000000,16,0,5
first_touch,465,65536,26028.000000,16,0,5
first_touch,466,65536,25779.000000,16,0,5
first_touch,467,65536,21982.000000,16,0,5
first_touch,468,65536,18024.000000,16,0,5
first_touch,469,65536,18465.000000,16,0,5
first_touch,470,65536,37049.000000,16,0,5
first_touch,471,65536,18495.000000,16,0,5
first_touch,472,65536,53511.000000,16,0,5
first_touch,473,65536,26599.000000,16,0,5
first_touch,474,65536,18305.000000,16,0,5
first_touch,475,65536,19115.000000,16,0,5
first_touch,476,65536,24526.000000,16,0,5
first_touch,477,65536,25067.000000,16,0,5
first_touch,478,65536,19025.000000,16,0,5
first_touch,479,65536,18656.000000,16,0,5
first_touch,480,65536,19216.000000,16,0,5
first_touch,481,65536,18214.000000,16,0,5
first_touch,482,65536,17823.000000,16,0,5
first_touch,483,65536,18094.000000,16,0,5
first_touch,484,65536,26299.000000,16,0,5
first_touch,485,65536,18074.000000,16,0,5
first_touch,486,65536,17843.000000,16,0,5
first_touch,487,65536,18625.000000,16,0,5
first_touch,488,65536,19457.000000,16,0,5
first_touch,489,65536,18765.000000,16,0,5
first_touch,490,65536,20288.000000,16,0,5
first_touch,491,65536,27110.000000,16,0,5
first_touch,492,65536,17773.000000,16,0,5
first_touch,493,65536,18264.000000,16,0,5
first_touch,494,65536,18434.000000,16,0,5
first_touch,495,65536,18274.000000,16,0,5
first_touch,496,65536,18065.000000,16,0,5
first_touch,497,65536,18154.000000,16,0,5
first_touch,498,65536,18124.000000,16,0,5
first_touch,499,65536,18264.000000,16,0,5
first_touch,500,65536,18264.000000,16,0,5
first_touch,501,65536,18304.000000,16,0,5
first_touch,502,65536,17823.000000,16,0,5
first_touch,503,65536,32901.000000,16,0,5
first_touch,504,65536,22192.000000,16,0,5
first_touch,505,65536,26760.000000,16,0,5
first_touch,506,65536,23755.000000,16,0,5
first_touch,507,65536,23624.000000,16,0,5
first_touch,508,65536,24285.000000,16,0,5
first_touch,509,65536,23264.000000,16,0,5
first_touch,510,65536,21941.000000,16,0,5
first_touch,511,65536,19017.000000,16,0,5
prefaulted,0,65536,722.000000,3,0,5
prefaulted,1,65536,310.000000,0,0,5
prefaulted,2,65536,510.000000,0,0,5
prefaulted,3,65536,721.000000,0,0,5
prefaulted,4,65536,230.000000,0,0,5
prefaulted,5,65536,231.000000,0,0,5
prefaulted,6,65536,231.000000,0,0,5
prefaulted,7,65536,230.000000,0,0,5
prefaulted,8,65536,581.000000,0,0,5
prefaulted,9,65536,230.000000,0,0,5
prefaulted,10,65536,230.000000,0,0,5
prefaulted,11,65536,250.000000,0,0,5
prefaulted,12,65536,220.000000,0,0,5
prefaulted,13,65536,531.000000,0,0,5
prefaulted,14,65536,220.000000,0,0,5
prefaulted,15,65536,230.000000,0,0,5
prefaulted,16,65536,241.000000,0,0,5
prefaulted,17,65536,230.000000,0,0,5
prefaulted,18,65536,220.000000,0,0,5
prefaulted,19,65536,231.000000,0,0,5
prefaulted,20,65536,241.000000,0,0,5
prefaulted,21,65536,230.000000,0,0,5
prefaulted,22,65536,220.000000,0,0,5
prefaulted,23,65536,221.000000,0,0,5
prefaulted,24,65536,251.000000,0,0,5
prefaulted,25,65536,220.000000,0,0,5
prefaulted,26,65536,280.000000,0,0,5
prefaulted,27,65536,231.000000,0,0,5
prefaulted,28,65536,221.000000,0,0,5
prefaulted,29,65536,240.000000,0,0,5
prefaulted,30,65536,250.000000,0,0,5
prefaulted,31,65536,231.000000,0,0,5
prefaulted,32,65536,321.000000,0,0,5
prefaulted,33,65536,341.000000,0,0,5
prefaulted,34,65536,541.000000,0,0,5
prefaulted,35,65536,211.000000,0,0,5
prefaulted,36,65536,230.000000,0,0,5
prefaulted,37,65536,220.000000,0,0,5
prefaulted,38,65536,251.000000,0,0,5
prefaulted,39,65536,241.000000,0,0,5
prefaulted,40,65536,220.000000,0,0,5
prefaulted,41,65536,220.000000,0,0,5
prefaulted,42,65536,541.000000,0,0,5
prefaulted,43,65536,230.000000,0,0,5
prefaulted,44,65536,220.000000,0,0,5
prefaulted,45,65536,221.000000,0,0,5
prefaulted,46,65536,281.000000,0,0,5
prefaulted,47,65536,230.000000,0,0,5
prefaulted,48,65536,240.000000,0,0,5
prefaulted,49,65536,231.000000,0,0,5
prefaulted,50,65536,221.000000,0,0,5
prefaulted,51,65536,411.000000,0,0,5
prefaulted,52,65536,431.000000,0,0,5
prefaulted,53,65536,241.000000,0,0,5
prefaulted,54,65536,230.000000,0,0,5
prefaulted,55,65536,230.000000,0,0,5
prefaulted,56,65536,231.000000,0,0,5
prefaulted,57,65536,231.000000,0,0,5
prefaulted,58,65536,250.000000,0,0,5
prefaulted,59,65536,360.000000,0,0,5
prefaulted,60,65536,240.000000,0,0,5
prefaulted,61,65536,221.000000,0,0,5
prefaulted,62,65536,231.000000,0,0,5
prefaulted,63,65536,231.000000,0,0,5
prefaulted,64,65536,501.000000,0,0,5
prefaulted,65,65536,331.000000,0,0,5
prefaulted,66,65536,221.000000,0,0,5
prefaulted,67,65536,230.000000,0,0,5
prefaulted,68,65536,240.000000,0,0,5
prefaulted,69,65536,221.000000,0,0,5
prefaulted,70,65536,250.000000,0,0,5
prefaulted,71,65536,220.000000,0,0,5
prefaulted,72,65536,230.000000,0,0,5
prefaulted,73,65536,221.000000,0,0,5
prefaulted,74,65536,220.000000,0,0,5
prefaulted,75,65536,220.000000,0,0,5
prefaulted,76,65536,281.000000,0,0,5
prefaulted,77,65536,241.000000,0,0,5
prefaulted,78,65536,231.000000,0,0,5
prefaulted,79,65536,220.000000,0,0,5
prefaulted,80,65536,230.000000,0,0,5
prefaulted,81,65536,211.000000,0,0,5
prefaulted,82,65536,251.000000,0,0,5
prefaulted,83,65536,220.000000,0,0,5
prefaulted,84,65536,220.000000,0,0,5
prefaulted,85,65536,561.000000,0,0,5
prefaulted,86,65536,230.000000,0,0,5
prefaulted,87,65536,221.000000,0,0,5
prefaulted,88,65536,221.000000,0,0,5
prefaulted,89,65536,311.000000,0,0,5
prefaulted,90,65536,220.000000,0,0,5
prefaulted,91,65536,230.000000,0,0,5
prefaulted,92,65536,221.000000,0,0,5
prefaulted,93,65536,220.000000,0,0,5
prefaulted,94,65536,220.000000,0,0,5
prefaulted,95,65536,221.000000,0,0,5
prefaulted,96,65536,331.000000,0,0,5
prefaulted,97,65536,351.000000,0,0,5
prefaulted,98,65536,230.000000,0,0,5
prefaulted,99,65536,230.000000,0,0,5
prefaulted,100,65536,221.000000,0,0,5
prefaulted,101,65536,221.000000,0,0,5
prefaulted,102,65536,230.000000,0,0,5
prefaulted,103,65536,230.000000,0,0,5
prefaulted,104,65536,271.000000,0,0,5
prefaulted,105,65536,451.000000,0,0,5
prefaulted,106,65536,250.000000,0,0,5
prefaulted,107,65536,240.000000,0,0,5
prefaulted,108,65536,411.000000,0,0,5
prefaulted,109,65536,251.000000,0,0,5
prefaulted,110,65536,241.000000,0,0,5
prefaulted,111,65536,231.000000,0,0,5
prefaulted,112,65536,240.000000,0,0,5
prefaulted,113,65536,220.000000,0,0,5
prefaulted,114,65536,221.000000,0,0,5
prefaulted,115,65536,381.000000,0,0,5
prefaulted,116,65536,491.000000,0,0,5
prefaulted,117,65536,271.000000,0,0,5
prefaulted,118,65536,250.000000,0,0,5
prefaulted,119,65536,220.000000,0,0,5
prefaulted,120,65536,241.000000,0,0,5
prefaulted,121,65536,251.000000,0,0,5
prefaulted,122,65536,230.000000,0,0,5
prefaulted,123,65536,280.000000,0,0,5
prefaulted,124,65536,231.000000,0,0,5
prefaulted,125,65536,411.000000,0,0,5
prefaulted,126,65536,220.000000,0,0,5
prefaulted,127,65536,230.000000,0,0,5
prefaulted,128,65536,341.000000,0,0,5
prefaulted,129,65536,321.000000,0,0,5
prefaulted,130,65536,561.000000,0,0,5
prefaulted,131,65536,240.000000,0,0,5
prefaulted,132,65536,231.000000,0,0,5
prefaulted,133,65536,240.000000,0,0,5
prefaulted,134,65536,310.000000,0,0,5
prefaulted,135,65536,220.000000,0,0,5
prefaulted,136,65536,261.000000,0,0,5
prefaulted,137,65536,221.000000,0,0,5
prefaulted,138,65536,220.000000,0,0,5
prefaulted,139,65536,251.000000,0,0,5
prefaulted,140,65536,221.000000,0,0,5
prefaulted,141,65536,220.000000,0,0,5
prefaulted,142,65536,230.000000,0,0,5
prefaulted,143,65536,231.000000,0,0,5
prefaulted,144,65536,231.000000,0,0,5
prefaulted,145,65536,220.000000,0,0,5
prefaulted,146,65536,230.000000,0,0,5
prefaulted,147,65536,241.000000,0,0,5
prefaulted,148,65536,221.000000,0,0,5
prefaulted,149,65536,230.000000,0,0,5
prefaulted,150,65536,230.000000,0,0,5
prefaulted,151,65536,221.000000,0,0,5
prefaulted,152,65536,220.000000,0,0,5
prefaulted,153,65536,230.000000,0,0,5
prefaulted,154,65536,221.000000,0,0,5
prefaulted,155,65536,271.000000,0,0,5
prefaulted,156,65536,250.000000,0,0,5
prefaulted,157,65536,210.000000,0,0,5
prefaulted,158,65536,240.000000,0,0,5
prefaulted,159,65536,361.000000,0,0,5
prefaulted,160,65536,671.000000,0,0,5
prefaulted,161,65536,350.000000,0,0,5
prefaulted,162,65536,220.000000,0,0,5
prefaulted,163,65536,241.000000,0,0,5
prefaulted,164,65536,221.000000,0,0,5
prefaulted,165,65536,521.000000,0,0,5
prefaulted,166,65536,231.000000,0,0,5
prefaulted,167,65536,270.000000,0,0,5
prefaulted,168,65536,260.000000,0,0,5
prefaulted,169,65536,391.000000,0,0,5
prefaulted,170,65536,541.000000,0,0,5
prefaulted,171,65536,250.000000,0,0,5
prefaulted,172,65536,220.000000,0,0,5
prefaulted,173,65536,281.000000,0,0,5
prefaulted,174,65536,431.000000,0,0,5
prefaulted,175,65536,551.000000,0,0,5
prefaulted,176,65536,231.000000,0,0,5
prefaulted,177,65536,241.000000,0,0,5
prefaulted,178,65536,220.000000,0,0,5
prefaulted,179,65536,410.000000,0,0,5
prefaulted,180,65536,260.000000,0,0,5
prefaulted,181,65536,221.000000,0,0,5
prefaulted,182,65536,241.000000,0,0,5
prefaulted,183,65536,240.000000,0,0,5
prefaulted,184,65536,230.000000,0,0,5
prefaulted,185,65536,241.000000,0,0,5
prefaulted,186,65536,241.000000,0,0,5
prefaulted,187,65536,240.000000,0,0,5
prefaulted,188,65536,220.000000,0,0,5
prefaulted,189,65536,221.000000,0,0,5
prefaulted,190,65536,230.000000,0,0,5
prefaulted,191,65536,270.000000,0,0,5
prefaulted,192,65536,350.000000,0,0,5
prefaulted,193,65536,330.000000,0,0,5
prefaulted,194,65536,221.000000,0,0,5
prefaulted,195,65536,221.000000,0,0,5
prefaulted,196,65536,241.000000,0,0,5
prefaulted,197,65536,221.000000,0,0,5
prefaulted,198,65536,220.000000,0,0,5
prefaulted,199,65536,651.000000,0,0,5
prefaulted,200,65536,681.000000,0,0,5
prefaulted,201,65536,250.000000,0,0,5
prefaulted,202,65536,231.000000,0,0,5
prefaulted,203,65536,291.000000,0,0,5
prefaulted,204,65536,240.000000,0,0,5
prefaulted,205,65536,271.000000,0,0,5
prefaulted,206,65536,281.000000,0,0,5
prefaulted,207,65536,230.000000,0,0,5
prefaulted,208,65536,230.000000,0,0,5
prefaulted,209,65536,221.000000,0,0,5
prefaulted,210,65536,261.000000,0,0,5
prefaulted,211,65536,230.000000,0,0,5
prefaulted,212,65536,250.000000,0,0,5
prefaulted,213,65536,251.000000,0,0,5
prefaulted,214,65536,361.000000,0,0,5
prefaulted,215,65536,241.000000,0,0,5
prefaulted,216,65536,240.000000,0,0,5
prefaulted,217,65536,230.000000,0,0,5
prefaulted,218,65536,341.000000,0,0,5
prefaulted,219,65536,241.000000,0,0,5
prefaulted,220,65536,230.000000,0,0,5
prefaulted,221,65536,230.000000,0,0,5
prefaulted,222,65536,241.000000,0,0,5
prefaulted,223,65536,271.000000,0,0,5
prefaulted,224,65536,341.000000,0,0,5
prefaulted,225,65536,341.000000,0,0,5
prefaulted,226,65536,230.000000,0,0,5
prefaulted,227,65536,240.000000,0,0,5
prefaulted,228,65536,221.000000,0,0,5
prefaulted,229,65536,240.000000,0,0,5
prefaulted,230,65536,230.000000,0,0,5
prefaulted,231,65536,230.000000,0,0,5
prefaulted,232,65536,221.000000,0,0,5
prefaulted,233,65536,240.000000,0,0,5
prefaulted,234,65536,562.000000,0,0,5
prefaulted,235,65536,230.000000,0,0,5
prefaulted,236,65536,250.000000,0,0,5
prefaulted,237,65536,251.000000,0,0,5
prefaulted,238,65536,231.000000,0,0,5
prefaulted,239,65536,521.000000,0,0,5
prefaulted,240,65536,221.000000,0,0,5
prefaulted,241,65536,230.000000,0,0,5
prefaulted,242,65536,240.000000,0,0,5
prefaulted,243,65536,331.000000,0,0,5
prefaulted,244,65536,682.000000,0,0,5
prefaulted,245,65536,230.000000,0,0,5
prefaulted,246,65536,230.000000,0,0,5
prefaulted,247,65536,411.000000,0,0,5
prefaulted,248,65536,220.000000,0,0,5
prefaulted,249,65536,230.000000,0,0,5
prefaulted,250,65536,340.000000,0,0,5
prefaulted,251,65536,320.000000,0,0,5
prefaulted,252,65536,481.000000,0,0,5
prefaulted,253,65536,250.000000,0,0,5
prefaulted,254,65536,221.000000,0,0,5
prefaulted,255,65536,210.000000,0,0,5
prefaulted,256,65536,340.000000,0,0,5
prefaulted,257,65536,691.000000,0,0,5
prefaulted,258,65536,221.000000,0,0,5
prefaulted,259,65536,220.000000,0,0,5
prefaulted,260,65536,230.000000,0,0,5
prefaulted,261,65536,221.000000,0,0,5
prefaulted,262,65536,230.000000,0,0,5
prefaulted,263,65536,220.000000,0,0,5
prefaulted,264,65536,221.000000,0,0,5
prefaulted,265,65536,221.000000,0,0,5
prefaulted,266,65536,250.000000,0,0,5
prefaulted,267,65536,230.000000,0,0,5
prefaulted,268,65536,231.000000,0,0,5
prefaulted,269,65536,581.000000,0,0,5
prefaulted,270,65536,241.000000,0,0,5
prefaulted,271,65536,221.000000,0,0,5
prefaulted,272,65536,230.000000,0,0,5
prefaulted,273,65536,240.000000,0,0,5
prefaulted,274,65536,241.000000,0,0,5
prefaulted,275,65536,261.000000,0,0,5
prefaulted,276,65536,230.000000,0,0,5
prefaulted,277,65536,290.000000,0,0,5
prefaulted,278,65536,541.000000,0,0,5
prefaulted,279,65536,270.000000,0,0,5
prefaulted,280,65536,220.000000,0,0,5
prefaulted,281,65536,281.000000,0,0,5
prefaulted,282,65536,230.000000,0,0,5
prefaulted,283,65536,230.000000,0,0,5
prefaulted,284,65536,241.000000,0,0,5
prefaulted,285,65536,241.000000,0,0,5
prefaulted,286,65536,250.000000,0,0,5
prefaulted,287,65536,220.000000,0,0,5
prefaulted,288,65536,351.000000,0,0,5
prefaulted,289,65536,321.000000,0,0,5
prefaulted,290,65536,261.000000,0,0,5
prefaulted,291,65536,241.000000,0,0,5
prefaulted,292,65536,230.000000,0,0,5
prefaulted,293,65536,220.000000,0,0,5
prefaulted,294,65536,231.000000,0,0,5
prefaulted,295,65536,271.000000,0,0,5
prefaulted,296,65536,230.000000,0,0,5
prefaulted,297,65536,240.000000,0,0,5
prefaulted,298,65536,241.000000,0,0,5
prefaulted,299,65536,241.000000,0,0,5
prefaulted,300,65536,231.000000,0,0,5
prefaulted,301,65536,250.000000,0,0,5
prefaulted,302,65536,260.000000,0,0,5
prefaulted,303,65536,231.000000,0,0,5
prefaulted,304,65536,391.000000,0,0,5
prefaulted,305,65536,231.000000,0,0,5
prefaulted,306,65536,260.000000,0,0,5
prefaulted,307,65536,330.000000,0,0,5
prefaulted,308,65536,441.000000,0,0,5
prefaulted,309,65536,340.000000,0,0,5
prefaulted,310,65536,251.000000,0,0,5
prefaulted,311,65536,241.000000,0,0,5
prefaulted,312,65536,260.000000,0,0,5
prefaulted,313,65536,370.000000,0,0,5
prefaulted,314,65536,230.000000,0,0,5
prefaulted,315,65536,221.000000,0,0,5
prefaulted,316,65536,231.000000,0,0,5
prefaulted,317,65536,230.000000,0,0,5
prefaulted,318,65536,231.000000,0,0,5
prefaulted,319,65536,241.000000,0,0,5
prefaulted,320,65536,391.000000,0,0,5
prefaulted,321,65536,341.000000,0,0,5
prefaulted,322,65536,270.000000,0,0,5
prefaulted,323,65536,270.000000,0,0,5
prefaulted,324,65536,251.000000,0,0,5
prefaulted,325,65536,231.000000,0,0,5
prefaulted,326,65536,230.000000,0,0,5
prefaulted,327,65536,240.000000,0,0,5
prefaulted,328,65536,241.000000,0,0,5
prefaulted,329,65536,261.000000,0,0,5
prefaulted,330,65536,571.000000,0,0,5
prefaulted,331,65536,281.000000,0,0,5
prefaulted,332,65536,240.000000,0,0,5
prefaulted,333,65536,240.000000,0,0,5
prefaulted,334,65536,241.000000,0,0,5
prefaulted,335,65536,231.000000,0,0,5
prefaulted,336,65536,230.000000,0,0,5
prefaulted,337,65536,230.000000,0,0,5
prefaulted,338,65536,231.000000,0,0,5
prefaulted,339,65536,250.000000,0,0,5
prefaulted,340,65536,220.000000,0,0,5
prefaulted,341,65536,211.000000,0,0,5
prefaulted,342,65536,221.000000,0,0,5
prefaulted,343,65536,240.000000,0,0,5
prefaulted,344,65536,281.000000,0,0,5
prefaulted,345,65536,251.000000,0,0,5
prefaulted,346,65536,421.000000,0,0,5
prefaulted,347,65536,221.000000,0,0,5
prefaulted,348,65536,230.000000,0,0,5
prefaulted,349,65536,361.000000,0,0,5
prefaulted,350,65536,531.000000,0,0,5
prefaulted,351,65536,220.000000,0,0,5
prefaulted,352,65536,351.000000,0,0,5
prefaulted,353,65536,351.000000,0,0,5
prefaulted,354,65536,281.000000,0,0,5
prefaulted,355,65536,561.000000,0,0,5
prefaulted,356,65536,281.000000,0,0,5
prefaulted,357,65536,241.000000,0,0,5
prefaulted,358,65536,250.000000,0,0,5
prefaulted,359,65536,250.000000,0,0,5
prefaulted,360,65536,281.000000,0,0,5
prefaulted,361,65536,281.000000,0,0,5
prefaulted,362,65536,241.000000,0,0,5
prefaulted,363,65536,241.000000,0,0,5
prefaulted,364,65536,250.000000,0,0,5
prefaulted,365,65536,230.000000,0,0,5
prefaulted,366,65536,231.000000,0,0,5
prefaulted,367,65536,251.000000,0,0,5
prefaulted,368,65536,220.000000,0,0,5
prefaulted,369,65536,250.000000,0,0,5
prefaulted,370,65536,351.000000,0,0,5
prefaulted,371,65536,341.000000,0,0,5
prefaulted,372,65536,441.000000,0,0,5
prefaulted,373,65536,241.000000,0,0,5
prefaulted,374,65536,240.000000,0,0,5
prefaulted,375,65536,541.000000,0,0,5
prefaulted,376,65536,251.000000,0,0,5
prefaulted,377,65536,240.000000,0,0,5
prefaulted,378,65536,290.000000,0,0,5
prefaulted,379,65536,311.000000,0,0,5
prefaulted,380,65536,581.000000,0,0,5
prefaulted,381,65536,220.000000,0,0,5
prefaulted,382,65536,251.000000,0,0,5
prefaulted,383,65536,241.000000,0,0,5
prefaulted,384,65536,451.000000,0,0,5
prefaulted,385,65536,621.000000,0,0,5
prefaulted,386,65536,231.000000,0,0,5
prefaulted,387,65536,251.000000,0,0,5
prefaulted,388,65536,220.000000,0,0,5
prefaulted,389,65536,260.000000,0,0,5
prefaulted,390,65536,231.000000,0,0,5
prefaulted,391,65536,261.000000,0,0,5
prefaulted,392,65536,211.000000,0,0,5
prefaulted,393,65536,240.000000,0,0,5
prefaulted,394,65536,341.000000,0,0,5
prefaulted,395,65536,241.000000,0,0,5
prefaulted,396,65536,261.000000,0,0,5
prefaulted,397,65536,230.000000,0,0,5
prefaulted,398,65536,240.000000,0,0,5
prefaulted,399,65536,251.000000,0,0,5
prefaulted,400,65536,311.000000,0,0,5
prefaulted,401,65536,241.000000,0,0,5
prefaulted,402,65536,241.000000,0,0,5
prefaulted,403,65536,250.000000,0,0,5
prefaulted,404,65536,270.000000,0,0,5
prefaulted,405,65536,241.000000,0,0,5
prefaulted,406,65536,241.000000,0,0,5
prefaulted,407,65536,250.000000,0,0,5
prefaulted,408,65536,220.000000,0,0,5
prefaulted,409,65536,221.000000,0,0,5
prefaulted,410,65536,230.000000,0,0,5
prefaulted,411,65536,250.000000,0,0,5
prefaulted,412,65536,270.000000,0,0,5
prefaulted,413,65536,311.000000,0,0,5
prefaulted,414,65536,241.000000,0,0,5
prefaulted,415,65536,240.000000,0,0,5
prefaulted,416,65536,340.000000,0,0,5
prefaulted,417,65536,430.000000,0,0,5
prefaulted,418,65536,280.000000,0,0,5
prefaulted,419,65536,241.000000,0,0,5
prefaulted,420,65536,251.000000,0,0,5
prefaulted,421,65536,361.000000,0,0,5
prefaulted,422,65536,311.000000,0,0,5
prefaulted,423,65536,330.000000,0,0,5
prefaulted,424,65536,230.000000,0,0,5
prefaulted,425,65536,231.000000,0,0,5
prefaulted,426,65536,551.000000,0,0,5
prefaulted,427,65536,241.000000,0,0,5
prefaulted,428,65536,251.000000,0,0,5
prefaulted,429,65536,260.000000,0,0,5
prefaulted,430,65536,390.000000,0,0,5
prefaulted,431,65536,561.000000,0,0,5
prefaulted,432,65536,241.000000,0,0,5
prefaulted,433,65536,250.000000,0,0,5
prefaulted,434,65536,240.000000,0,0,5
prefaulted,435,65536,271.000000,0,0,5
prefaulted,436,65536,251.000000,0,0,5
prefaulted,437,65536,230.000000,0,0,5
prefaulted,438,65536,240.000000,0,0,5
prefaulted,439,65536,261.000000,0,0,5
prefaulted,440,65536,231.000000,0,0,5
prefaulted,441,65536,280.000000,0,0,5
prefaulted,442,65536,240.000000,0,0,5
prefaulted,443,65536,250.000000,0,0,5
prefaulted,444,65536,251.000000,0,0,5
prefaulted,445,65536,231.000000,0,0,5
prefaulted,446,65536,230.000000,0,0,5
prefaulted,447,65536,240.000000,0,0,5
prefaulted,448,65536,351.000000,0,0,5
prefaulted,449,65536,251.000000,0,0,5
prefaulted,450,65536,250.000000,0,0,5
prefaulted,451,65536,241.000000,0,0,5
prefaulted,452,65536,241.000000,0,0,5
prefaulted,453,65536,261.000000,0,0,5
prefaulted,454,65536,261.000000,0,0,5
prefaulted,455,65536,541.000000,0,0,5
prefaulted,456,65536,251.000000,0,0,5
prefaulted,457,65536,230.000000,0,0,5
prefaulted,458,65536,230.000000,0,0,5
prefaulted,459,65536,261.000000,0,0,5
prefaulted,460,65536,601.000000,0,0,5
prefaulted,461,65536,240.000000,0,0,5
prefaulted,462,65536,261.000000,0,0,5
prefaulted,463,65536,221.000000,0,0,5
prefaulted,464,65536,441.000000,0,0,5
prefaulted,465,65536,541.000000,0,0,5
prefaulted,466,65536,241.000000,0,0,5
prefaulted,467,65536,271.000000,0,0,5
prefaulted,468,65536,240.000000,0,0,5
prefaulted,469,65536,370.000000,0,0,5
prefaulted,470,65536,240.000000,0,0,5
prefaulted,471,65536,231.000000,0,0,5
prefaulted,472,65536,241.000000,0,0,5
prefaulted,473,65536,250.000000,0,0,5
prefaulted,474,65536,531.000000,0,0,5
prefaulted,475,65536,250.000000,0,0,5
prefaulted,476,65536,230.000000,0,0,5
prefaulted,477,65536,231.000000,0,0,5
prefaulted,478,65536,231.000000,0,0,5
prefaulted,479,65536,220.000000,0,0,5
prefaulted,480,65536,350.000000,0,0,5
prefaulted,481,65536,250.000000,0,0,5
prefaulted,482,65536,241.000000,0,0,5
prefaulted,483,65536,220.000000,0,0,5
prefaulted,484,65536,250.000000,0,0,5
prefaulted,485,65536,270.000000,0,0,5
prefaulted,486,65536,511.000000,0,0,5
prefaulted,487,65536,240.000000,0,0,5
prefaulted,488,65536,231.000000,0,0,5
prefaulted,489,65536,220.000000,0,0,5
prefaulted,490,65536,250.000000,0,0,5
prefaulted,491,65536,450.000000,0,0,5
prefaulted,492,65536,250.000000,0,0,5
prefaulted,493,65536,230.000000,0,0,5
prefaulted,494,65536,251.000000,0,0,5
prefaulted,495,65536,241.000000,0,0,5
prefaulted,496,65536,571.000000,0,0,5
prefaulted,497,65536,231.000000,0,0,5
prefaulted,498,65536,230.000000,0,0,5
prefaulted,499,65536,250.000000,0,0,5
prefaulted,500,65536,291.000000,0,0,5
prefaulted,501,65536,221.000000,0,0,5
prefaulted,502,65536,281.000000,0,0,5
prefaulted,503,65536,281.000000,0,0,5
prefaulted,504,65536,241.000000,0,0,5
prefaulted,505,65536,230.000000,0,0,5
prefaulted,506,65536,230.000000,0,0,5
prefaulted,507,65536,231.000000,0,0,5
prefaulted,508,65536,311.000000,0,0,5
prefaulted,509,65536,271.000000,0,0,5
prefaulted,510,65536,240.000000,0,0,5
prefaulted,511,65536,220.000000,0,0,5
first_touch,0,65536,20439.000000,19,0,6
first_touch,1,65536,18746.000000,16,0,6
first_touch,2,65536,27261.000000,16,0,6
first_touch,3,65536,21200.000000,16,0,6
first_touch,4,65536,18806.000000,16,0,6
first_touch,5,65536,19877.000000,16,0,6
first_touch,6,65536,19978.000000,16,0,6
first_touch,7,65536,28273.000000,16,0,6
first_touch,8,65536,18014.000000,16,0,6
first_touch,9,65536,17733.000000,16,0,6
first_touch,10,65536,18254.000000,16,0,6
first_touch,11,65536,18435.000000,16,0,6
first_touch,12,65536,18276.000000,16,0,6
first_touch,13,65536,18254.000000,16,0,6
first_touch,14,65536,18335.000000,16,0,6
first_touch,15,65536,18084.000000,16,0,6
first_touch,16,65536,18274.000000,16,0,6
first_touch,17,65536,17873.000000,16,0,6
first_touch,18,65536,18414.000000,16,0,6
first_touch,19,65536,38392.000000,16,0,6
first_touch,20,65536,19197.000000,16,0,6
first_touch,21,65536,18215.000000,16,0,6
first_touch,22,65536,18395.000000,16,0,6
first_touch,23,65536,25558.000000,16,0,6
first_touch,24,65536,26981.000000,16,0,6
first_touch,25,65536,26139.000000,16,0,6
first_touch,26,65536,28754.000000,16,0,6
first_touch,27,65536,26340.000000,16,0,6
first_touch,28,65536,18404.000000,16,0,6
first_touch,29,65536,18104.000000,16,0,6
first_touch,30,65536,18936.000000,16,0,6
first_touch,31,65536,18565.000000,16,0,6
first_touch,32,65536,19356.000000,16,0,6
first_touch,33,65536,18054.000000,16,0,6
first_touch,34,65536,18785.000000,16,0,6
first_touch,35,65536,19177.000000,16,0,6
first_touch,36,65536,18234.000000,16,0,6
first_touch,37,65536,18174.000000,16,0,6
first_touch,38,65536,18715.000000,16,0,6
first_touch,39,65536,18093.000000,16,0,6
first_touch,40,65536,18234.000000,16,0,6
first_touch,41,65536,18184.000000,16,0,6
first_touch,42,65536,18204.000000,16,0,6
first_touch,43,65536,17974.000000,16,0,6
first_touch,44,65536,18837.000000,16,0,6
first_touch,45,65536,19006.000000,16,0,6
first_touch,46,65536,18795.000000,16,0,6
first_touch,47,65536,18284.000000,16,0,6
first_touch,48,65536,19546.000000,16,0,6
first_touch,49,65536,28764.000000,16,0,6
first_touch,50,65536,19536.000000,16,0,6
first_touch,51,65536,18575.000000,16,0,6
first_touch,52,65536,30728.000000,16,0,6
first_touch,53,65536,26931.000000,16,0,6
first_touch,54,65536,24666.000000,16,0,6
first_touch,55,65536,23875.000000,16,0,6
first_touch,56,65536,24385.000000,16,0,6
first_touch,57,65536,23795.000000,16,0,6
first_touch,58,65536,25930.000000,16,0,6
first_touch,59,65536,23564.000000,16,0,6
first_touch,60,65536,18736.000000,16,0,6
first_touch,61,65536,37461.000000,16,0,6
first_touch,62,65536,18334.000000,16,0,6
first_touch,63,65536,18775.000000,16,0,6
first_touch,64,65536,21330.000000,16,0,6
first_touch,65,65536,18384.000000,16,0,6
first_touch,66,65536,18546.000000,16,0,6
first_touch,67,65536,20448.000000,16,0,6
first_touch,68,65536,28273.000000,16,0,6
first_touch,69,65536,25919.000000,16,0,6
first_touch,70,65536,27782.000000,16,0,6
first_touch,71,65536,27151.000000,16,0,6
first_touch,72,65536,30027.000000,16,0,6
first_touch,73,65536,18685.000000,16,0,6
first_touch,74,65536,18645.000000,16,0,6
first_touch,75,65536,18274.000000,16,0,6
first_touch,76,65536,18314.000000,16,0,6
first_touch,77,65536,18575.000000,16,0,6
first_touch,78,65536,18986.000000,16,0,6
first_touch,79,65536,19837.000000,16,0,6
first_touch,80,65536,18606.000000,16,0,6
first_touch,81,65536,18525.000000,16,0,6
first_touch,82,65536,18855.000000,16,0,6
first_touch,83,65536,18414.000000,16,0,6
first_touch,84,65536,18515.000000,16,0,6
first_touch,85,65536,18835.000000,16,0,6
first_touch,86,65536,18675.000000,16,0,6
first_touch,87,65536,18645.000000,16,0,6
first_touch,88,65536,18284.000000,16,0,6
first_touch,89,65536,18476.000000,16,0,6
first_touch,90,65536,17964.000000,16,0,6
first_touch,91,65536,17913.000000,16,0,6
first_touch,92,65536,26870.000000,16,0,6
first_touch,93,65536,27782.000000,16,0,6
first_touch,94,65536,18845.000000,16,0,6
first_touch,95,65536,18244.000000,16,0,6
first_touch,96,65536,19316.000000,16,0,6
first_touch,97,65536,18145.000000,16,0,6
first_touch,98,65536,19036.000000,16,0,6
first_touch,99,65536,18324.000000,16,0,6
first_touch,100,65536,18615.000000,16,0,6
first_touch,101,65536,18966.000000,16,0,6
first_touch,102,65536,18204.000000,16,0,6
first_touch,103,65536,18104.000000,16,0,6
first_touch,104,65536,18284.000000,16,0,6
first_touch,105,65536,18464.000000,16,0,6
first_touch,106,65536,32381.000000,16,0,6
first_touch,107,65536,20278.000000,16,0,6
first_touch,108,65536,18344.000000,16,0,6
first_touch,109,65536,18775.000000,16,0,6
first_touch,110,65536,18936.000000,16,0,6
first_touch,111,65536,18184.000000,16,0,6
first_touch,112,65536,18634.000000,16,0,6
first_touch,113,65536,18435.000000,16,0,6
first_touch,114,65536,20700.000000,16,0,6
first_touch,115,65536,27952.000000,16,0,6
first_touch,116,65536,27312.000000,16,0,6
first_touch,117,65536,27601.000000,16,0,6
first_touch,118,65536,29535.000000,16,0,6
first_touch,119,65536,23394.000000,16,0,6
first_touch,120,65536,18565.000000,16,0,6
first_touch,121,65536,18536.000000,16,0,6
first_touch,122,65536,19267.000000,16,0,6
first_touch,123,65536,18205.000000,16,0,6
first_touch,124,65536,18315.000000,16,0,6
first_touch,125,65536,18214.000000,16,0,6
first_touch,126,65536,18615.000000,16,0,6
first_touch,127,65536,17884.000000,16,0,6
first_touch,128,65536,19748.000000,16,0,6
first_touch,129,65536,18725.000000,16,0,6
first_touch,130,65536,18215.000000,16,0,6
first_touch,131,65536,30928.000000,16,0,6
first_touch,132,65536,18745.000000,16,0,6
first_touch,133,65536,18625.000000,16,0,6
first_touch,134,65536,18515.000000,16,0,6
first_touch,135,65536,18615.000000,16,0,6
first_touch,136,65536,18394.000000,16,0,6
first_touch,137,65536,19987.000000,16,0,6
first_touch,138,65536,18545.000000,16,0,6
first_touch,139,65536,29606.000000,16,0,6
first_touch,140,65536,29425.000000,16,0,6
first_touch,141,65536,31279.000000,16,0,6
first_touch,142,65536,32311.000000,16,0,6
first_touch,143,65536,23154.000000,16,0,6
first_touch,144,65536,18916.000000,16,0,6
first_touch,145,65536,18445.000000,16,0,6
first_touch,146,65536,18515.000000,16,0,6
first_touch,147,65536,18855.000000,16,0,6
first_touch,148,65536,61024.000000,16,0,6
first_touch,149,65536,19697.000000,16,0,6
first_touch,150,65536,19166.000000,16,0,6
first_touch,151,65536,19929.000000,16,0,6
first_touch,152,65536,18766.000000,16,0,6
first_touch,153,65536,18765.000000,16,0,6
first_touch,154,65536,18835.000000,16,0,6
first_touch,155,65536,18435.000000,16,0,6
first_touch,156,65536,18785.000000,16,0,6
first_touch,157,65536,27892.000000,16,0,6
first_touch,158,65536,18505.000000,16,0,6
first_touch,159,65536,18335.000000,16,0,6
first_touch,160,65536,27412.000000,16,0,6
first_touch,161,65536,30236.000000,16,0,6
first_touch,162,65536,26860.000000,16,0,6
first_touch,163,65536,25978.000000,16,0,6
first_touch,164,65536,24827.000000,16,0,6
first_touch,165,65536,23926.000000,16,0,6
first_touch,166,65536,25668.000000,16,0,6
first_touch,167,65536,24416.000000,16,0,6
first_touch,168,65536,24997.000000,16,0,6
first_touch,169,65536,26951.000000,16,0,6
first_touch,170,65536,25338.000000,16,0,6
first_touch,171,65536,25338.000000,16,0,6
first_touch,172,65536,25970.000000,16,0,6
first_touch,173,65536,27973.000000,16,0,6
first_touch,174,65536,25397.000000,16,0,6
first_touch,175,65536,24115.000000,16,0,6
first_touch,176,65536,23915.000000,16,0,6
first_touch,177,65536,27251.000000,16,0,6
first_touch,178,65536,26240.000000,16,0,6
first_touch,179,65536,25338.000000,16,0,6
first_touch,180,65536,28594.000000,16,0,6
first_touch,181,65536,30327.000000,16,0,6
first_touch,182,65536,28033.000000,16,0,6
first_touch,183,65536,29455.000000,16,0,6
first_touch,184,65536,40025.000000,16,0,6
first_touch,185,65536,18926.000000,16,0,6
first_touch,186,65536,18785.000000,16,0,6
first_touch,187,65536,18695.000000,16,0,6
first_touch,188,65536,18565.000000,16,0,6
first_touch,189,65536,18475.000000,16,0,6
first_touch,190,65536,19226.000000,16,0,6
first_touch,191,65536,19037.000000,16,0,6
first_touch,192,65536,19657.000000,16,0,6
first_touch,193,65536,18555.000000,16,0,6
first_touch,194,65536,18385.000000,16,0,6
first_touch,195,65536,18836.000000,16,0,6
first_touch,196,65536,18735.000000,16,0,6
first_touch,197,65536,18905.000000,16,0,6
first_touch,198,65536,18775.000000,16,0,6
first_touch,199,65536,18494.000000,16,0,6
first_touch,200,65536,18676.000000,16,0,6
first_touch,201,65536,19206.000000,16,0,6
first_touch,202,65536,18455.000000,16,0,6
first_touch,203,65536,25247.000000,16,0,6
first_touch,204,65536,27141.000000,16,0,6
first_touch,205,65536,20168.000000,16,0,6
first_touch,206,65536,18836.000000,16,0,6
first_touch,207,65536,18605.000000,16,0,6
first_touch,208,65536,18296.000000,16,0,6
first_touch,209,65536,18615.000000,16,0,6
first_touch,210,65536,20238.000000,16,0,6
first_touch,211,65536,18494.000000,16,0,6
first_touch,212,65536,18174.000000,16,0,6
first_touch,213,65536,18224.000000,16,0,6
first_touch,214,65536,19246.000000,16,0,6
first_touch,215,65536,18545.000000,16,0,6
first_touch,216,65536,18424.000000,16,0,6
first_touch,217,65536,31379.000000,16,0,6
first_touch,218,65536,18234.000000,16,0,6
first_touch,219,65536,18424.000000,16,0,6
first_touch,220,65536,18535.000000,16,0,6
first_touch,221,65536,18915.000000,16,0,6
first_touch,222,65536,18144.000000,16,0,6
first_touch,223,65536,18354.000000,16,0,6
first_touch,224,65536,20418.000000,16,0,6
first_touch,225,65536,19427.000000,16,0,6
first_touch,226,65536,22873.000000,16,0,6
first_touch,227,65536,27832.000000,16,0,6
first_touch,228,65536,27873.000000,16,0,6
first_touch,229,65536,81373.000000,16,0,6
first_touch,230,65536,24065.000000,16,0,6
first_touch,231,65536,23084.000000,16,0,6
first_touch,232,65536,23995.000000,16,0,6
first_touch,233,65536,25077.000000,16,0,6
first_touch,234,65536,26139.000000,16,0,6
first_touch,235,65536,25949.000000,16,0,6
first_touch,236,65536,23595.000000,16,0,6
first_touch,237,65536,26219.000000,16,0,6
first_touch,238,65536,18124.000000,16,0,6
first_touch,239,65536,27682.000000,16,0,6
first_touch,240,65536,24917.000000,16,0,6
first_touch,241,65536,27982.000000,16,0,6
first_touch,242,65536,27643.000000,16,0,6
first_touch,243,65536,22852.000000,16,0,6
first_touch,244,65536,28183.000000,16,0,6
first_touch,245,65536,26440.000000,16,0,6
first_touch,246,65536,18454.000000,16,0,6
first_touch,247,65536,18074.000000,16,0,6
first_touch,248,65536,17954.000000,16,0,6
first_touch,249,65536,18024.000000,16,0,6
first_touch,250,65536,18254.000000,16,0,6
first_touch,251,65536,17934.000000,16,0,6
first_touch,252,65536,18144.000000,16,0,6
first_touch,253,65536,19307.000000,16,0,6
first_touch,254,65536,18505.000000,16,0,6
first_touch,255,65536,18194.000000,16,0,6
first_touch,256,65536,19486.000000,16,0,6
first_touch,257,65536,18204.000000,16,0,6
first_touch,258,65536,17534.000000,16,0,6
first_touch,259,65536,17764.000000,16,0,6
first_touch,260,65536,18295.000000,16,0,6
first_touch,261,65536,18114.000000,16,0,6
first_touch,262,65536,18174.000000,16,0,6
first_touch,263,65536,18184.000000,16,0,6
first_touch,264,65536,17813.000000,16,0,6
first_touch,265,65536,18004.000000,16,0,6
first_touch,266,65536,17834.000000,16,0,6
first_touch,267,65536,23986.000000,16,0,6
first_touch,268,65536,28033.000000,16,0,6
first_touch,269,65536,44985.000000,16,0,6
first_touch,270,65536,20499.000000,16,0,6
first_touch,271,65536,18234.000000,16,0,6
first_touch,272,65536,18535.000000,16,0,6
first_touch,273,65536,18515.000000,16,0,6
first_touch,274,65536,18686.000000,16,0,6
first_touch,275,65536,18845.000000,16,0,6
first_touch,276,65536,18435.000000,16,0,6
first_touch,277,65536,18504.000000,16,0,6
first_touch,278,65536,18625.000000,16,0,6
first_touch,279,65536,19065.000000,16,0,6
first_touch,280,65536,18645.000000,16,0,6
first_touch,281,65536,19116.000000,16,0,6
first_touch,282,65536,18965.000000,16,0,6
first_touch,283,65536,19407.000000,16,0,6
first_touch,284,65536,18785.000000,16,0,6
first_touch,285,65536,18434.000000,16,0,6
first_touch,286,65536,18445.000000,16,0,6
first_touch,287,65536,18925.000000,16,0,6
first_touch,288,65536,19246.000000,16,0,6
first_touch,289,65536,19286.000000,16,0,6
first_touch,290,65536,18485.000000,16,0,6
first_touch,291,65536,17843.000000,16,0,6
first_touch,292,65536,22693.000000,16,0,6
first_touch,293,65536,25467.000000,16,0,6
first_touch,294,65536,18034.000000,16,0,6
first_touch,295,65536,18645.000000,16,0,6
first_touch,296,65536,18295.000000,16,0,6
first_touch,297,65536,18415.000000,16,0,6
first_touch,298,65536,17803.000000,16,0,6
first_touch,299,65536,18515.000000,16,0,6
first_touch,300,65536,18656.000000,16,0,6
first_touch,301,65536,18164.000000,16,0,6
first_touch,302,65536,18084.000000,16,0,6
first_touch,303,65536,18034.000000,16,0,6
first_touch,304,65536,18124.000000,16,0,6
first_touch,305,65536,18174.000000,16,0,6
first_touch,306,65536,18214.000000,16,0,6
first_touch,307,65536,18074.000000,16,0,6
first_touch,308,65536,18464.000000,16,0,6
first_touch,309,65536,18435.000000,16,0,6
first_touch,310,65536,17984.000000,16,0,6
first_touch,311,65536,18094.000000,16,0,6
first_touch,312,65536,19096.000000,16,0,6
first_touch,313,65536,18564.000000,16,0,6
first_touch,314,65536,18715.000000,16,0,6
first_touch,315,65536,17954.000000,16,0,6
first_touch,316,65536,41608.000000,16,0,6
first_touch,317,65536,26992.000000,16,0,6
first_touch,318,65536,26099.000000,16,0,6
first_touch,319,65536,18394.000000,16,0,6
first_touch,320,65536,18675.000000,16,0,6
first_touch,321,65536,18695.000000,16,0,6
first_touch,322,65536,17903.000000,16,0,6
first_touch,323,65536,18204.000000,16,0,6
first_touch,324,65536,18475.000000,16,0,6
first_touch,325,65536,19237.000000,16,0,6
first_touch,326,65536,18325.000000,16,0,6
first_touch,327,65536,19707.000000,16,0,6
first_touch,328,65536,18645.000000,16,0,6
first_touch,329,65536,18855.000000,16,0,6
first_touch,330,65536,18445.000000,16,0,6
first_touch,331,65536,18064.000000,16,0,6
first_touch,332,65536,18124.000000,16,0,6
first_touch,333,65536,18304.000000,16,0,6
first_touch,334,65536,17955.000000,16,0,6
first_touch,335,65536,17953.000000,16,0,6
first_touch,336,65536,18134.000000,16,0,6
first_touch,337,65536,18144.000000,16,0,6
first_touch,338,65536,18715.000000,16,0,6
first_touch,339,65536,17773.000000,16,0,6
first_touch,340,65536,18244.000000,16,0,6
first_touch,341,65536,21640.000000,16,0,6
first_touch,342,65536,28064.000000,16,0,6
first_touch,343,65536,18294.000000,16,0,6
first_touch,344,65536,18464.000000,16,0,6
first_touch,345,65536,18645.000000,16,0,6
first_touch,346,65536,17933.000000,16,0,6
first_touch,347,65536,18344.000000,16,0,6
first_touch,348,65536,18184.000000,16,0,6
first_touch,349,65536,18324.000000,16,0,6
first_touch,350,65536,18545.000000,16,0,6
first_touch,351,65536,18265.000000,16,0,6
first_touch,352,65536,18996.000000,16,0,6
first_touch,353,65536,18805.000000,16,0,6
first_touch,354,65536,18525.000000,16,0,6
first_touch,355,65536,18034.000000,16,0,6
first_touch,356,65536,19457.000000,16,0,6
first_touch,357,65536,18525.000000,16,0,6
first_touch,358,65536,18454.000000,16,0,6
first_touch,359,65536,18525.000000,16,0,6
first_touch,360,65536,18266.000000,16,0,6
first_touch,361,65536,18445.000000,16,0,6
first_touch,362,65536,18164.000000,16,0,6
first_touch,363,65536,18695.000000,16,0,6
first_touch,364,65536,35967.000000,16,0,6
first_touch,365,65536,27792.000000,16,0,6
first_touch,366,65536,27592.000000,16,0,6
first_touch,367,65536,24036.000000,16,0,6
first_touch,368,65536,18134.000000,16,0,6
first_touch,369,65536,18435.000000,16,0,6
first_touch,370,65536,20047.000000,16,0,6
first_touch,371,65536,18244.000000,16,0,6
first_touch,372,65536,18154.000000,16,0,6
first_touch,373,65536,18064.000000,16,0,6
first_touch,374,65536,18715.000000,16,0,6
first_touch,375,65536,18085.000000,16,0,6
first_touch,376,65536,18044.000000,16,0,6
first_touch,377,65536,17993.000000,16,0,6
first_touch,378,65536,18184.000000,16,0,6
first_touch,379,65536,17583.000000,16,0,6
first_touch,380,65536,18024.000000,16,0,6
first_touch,381,65536,18294.000000,16,0,6
first_touch,382,65536,17723.000000,16,0,6
first_touch,383,65536,18695.000000,16,0,6
first_touch,384,65536,19055.000000,16,0,6
first_touch,385,65536,19657.000000,16,0,6
first_touch,386,65536,18926.000000,16,0,6
first_touch,387,65536,18925.000000,16,0,6
first_touch,388,65536,18685.000000,16,0,6
first_touch,389,65536,19828.000000,16,0,6
first_touch,390,65536,21801.000000,16,0,6
first_touch,391,65536,27542.000000,16,0,6
first_touch,392,65536,28234.000000,16,0,6
first_touch,393,65536,29275.000000,16,0,6
first_touch,394,65536,19686.000000,16,0,6
first_touch,395,65536,18345.000000,16,0,6
first_touch,396,65536,18114.000000,16,0,6
first_touch,397,65536,18605.000000,16,0,6
first_touch,398,65536,18405.000000,16,0,6
first_touch,399,65536,19798.000000,16,0,6
first_touch,400,65536,21081.000000,16,0,6
first_touch,401,65536,18504.000000,16,0,6
first_touch,402,65536,18094.000000,16,0,6
first_touch,403,65536,18414.000000,16,0,6
first_touch,404,65536,18495.000000,16,0,6
first_touch,405,65536,18505.000000,16,0,6
first_touch,406,65536,18434.000000,16,0,6
first_touch,407,65536,18104.000000,16,0,6
first_touch,408,65536,18225.000000,16,0,6
first_touch,409,65536,18256.000000,16,0,6
first_touch,410,65536,18104.000000,16,0,6
first_touch,411,65536,18034.000000,16,0,6
first_touch,412,65536,18475.000000,16,0,6
first_touch,413,65536,19146.000000,16,0,6
first_touch,414,65536,19437.000000,16,0,6
first_touch,415,65536,25998.000000,16,0,6
first_touch,416,65536,24346.000000,16,0,6
first_touch,417,65536,18535.000000,16,0,6
first_touch,418,65536,18184.000000,16,0,6
first_touch,419,65536,17643.000000,16,0,6
first_touch,420,65536,18334.000000,16,0,6
first_touch,421,65536,18755.000000,16,0,6
first_touch,422,65536,18194.000000,16,0,6
first_touch,423,65536,19045.000000,16,0,6
first_touch,424,65536,18996.000000,16,0,6
first_touch,425,65536,17944.000000,16,0,6
first_touch,426,65536,18505.000000,16,0,6
first_touch,427,65536,18204.000000,16,0,6
first_touch,428,65536,18214.000000,16,0,6
first_touch,429,65536,19677.000000,16,0,6
first_touch,430,65536,18244.000000,16,0,6
first_touch,431,65536,18575.000000,16,0,6
first_touch,432,65536,18214.000000,16,0,6
first_touch,433,65536,18355.000000,16,0,6
first_touch,434,65536,18285.000000,16,0,6
first_touch,435,65536,18296.000000,16,0,6
first_touch,436,65536,18926.000000,16,0,6
first_touch,437,65536,18414.000000,16,0,6
first_touch,438,65536,19757.000000,16,0,6
first_touch,439,65536,27492.000000,16,0,6
first_touch,440,65536,27843.000000,16,0,6
first_touch,441,65536,27512.000000,16,0,6
first_touch,442,65536,18215.000000,16,0,6
first_touch,443,65536,18394.000000,16,0,6
first_touch,444,65536,19947.000000,16,0,6
first_touch,445,65536,18926.000000,16,0,6
first_touch,446,65536,17934.000000,16,0,6
first_touch,447,65536,17783.000000,16,0,6
first_touch,448,65536,19857.000000,16,0,6
first_touch,449,65536,18284.000000,16,0,6
first_touch,450,65536,19186.000000,16,0,6
first_touch,451,65536,18376.000000,16,0,6
first_touch,452,65536,18514.000000,16,0,6
first_touch,453,65536,18956.000000,16,0,6
first_touch,454,65536,18084.000000,16,0,6
first_touch,455,65536,18134.000000,16,0,6
first_touch,456,65536,30407.000000,16,0,6
first_touch,457,65536,17984.000000,16,0,6
first_touch,458,65536,19436.000000,16,0,6
first_touch,459,65536,17754.000000,16,0,6
first_touch,460,65536,18034.000000,16,0,6
first_touch,461,65536,18334.000000,16,0,6
first_touch,462,65536,17813.000000,16,0,6
first_touch,463,65536,22041.000000,16,0,6
first_touch,464,65536,26680.000000,16,0,6
first_touch,465,65536,18244.000000,16,0,6
first_touch,466,65536,18514.000000,16,0,6
first_touch,467,65536,18936.000000,16,0,6
first_touch,468,65536,18796.000000,16,0,6
first_touch,469,65536,18695.000000,16,0,6
first_touch,470,65536,18395.000000,16,0,6
first_touch,471,65536,19095.000000,16,0,6
first_touch,472,65536,18265.000000,16,0,6
first_touch,473,65536,19998.000000,16,0,6
first_touch,474,65536,18575.000000,16,0,6
first_touch,475,65536,18434.000000,16,0,6
first_touch,476,65536,18485.000000,16,0,6
first_touch,477,65536,18345.000000,16,0,6
first_touch,478,65536,18324.000000,16,0,6
first_touch,479,65536,18104.000000,16,0,6
first_touch,480,65536,20167.000000,16,0,6
first_touch,481,65536,18114.000000,16,0,6
first_touch,482,65536,18565.000000,16,0,6
first_touch,483,65536,18124.000000,16,0,6
first_touch,484,65536,18365.000000,16,0,6
first_touch,485,65536,18023.000000,16,0,6
first_touch,486,65536,17965.000000,16,0,6
first_touch,487,65536,23854.000000,16,0,6
first_touch,488,65536,28454.000000,16,0,6
first_touch,489,65536,25578.000000,16,0,6
first_touch,490,65536,25938.000000,16,0,6
first_touch,491,65536,19577.000000,16,0,6
first_touch,492,65536,26180.000000,16,0,6
first_touch,493,65536,25297.000000,16,0,6
first_touch,494,65536,26089.000000,16,0,6
first_touch,495,65536,22402.000000,16,0,6
first_touch,496,65536,25237.000000,16,0,6
first_touch,497,65536,25919.000000,16,0,6
first_touch,498,65536,25929.000000,16,0,6
first_touch,499,65536,27843.000000,16,0,6
first_touch,500,65536,39474.000000,16,0,6
first_touch,501,65536,18515.000000,16,0,6
first_touch,502,65536,18715.000000,16,0,6
first_touch,503,65536,18615.000000,16,0,6
first_touch,504,65536,18645.000000,16,0,6
first_touch,505,65536,18795.000000,16,0,6
first_touch,506,65536,18596.000000,16,0,6
first_touch,507,65536,18866.000000,16,0,6
first_touch,508,65536,18736.000000,16,0,6
first_touch,509,65536,18876.000000,16,0,6
first_touch,510,65536,18776.000000,16,0,6
first_touch,511,65536,19647.000000,16,0,6
prefaulted,0,65536,691.000000,3,0,6
prefaulted,1,65536,471.000000,0,0,6
prefaulted,2,65536,381.000000,0,0,6
prefaulted,3,65536,361.000000,0,0,6
prefaulted,4,65536,250.000000,0,0,6
prefaulted,5,65536,250.000000,0,0,6
prefaulted,6,65536,231.000000,0,0,6
prefaulted,7,65536,231.000000,0,0,6
prefaulted,8,65536,230.000000,0,0,6
prefaulted,9,65536,250.000000,0,0,6
prefaulted,10,65536,211.000000,0,0,6
prefaulted,11,65536,260.000000,0,0,6
prefaulted,12,65536,240.000000,0,0,6
prefaulted,13,65536,230.000000,0,0,6
prefaulted,14,65536,231.000000,0,0,6
prefaulted,15,65536,221.000000,0,0,6
prefaulted,16,65536,240.000000,0,0,6
prefaulted,17,65536,210.000000,0,0,6
prefaulted,18,65536,241.000000,0,0,6
prefaulted,19,65536,231.000000,0,0,6
prefaulted,20,65536,341.000000,0,0,6
prefaulted,21,65536,220.000000,0,0,6
prefaulted,22,65536,230.000000,0,0,6
prefaulted,23,65536,221.000000,0,0,6
prefaulted,24,65536,341.000000,0,0,6
prefaulted,25,65536,230.000000,0,0,6
prefaulted,26,65536,220.000000,0,0,6
prefaulted,27,65536,221.000000,0,0,6
prefaulted,28,65536,221.000000,0,0,6
prefaulted,29,65536,240.000000,0,0,6
prefaulted,30,65536,260.000000,0,0,6
prefaulted,31,65536,251.000000,0,0,6
prefaulted,32,65536,341.000000,0,0,6
prefaulted,33,65536,321.000000,0,0,6
prefaulted,34,65536,210.000000,0,0,6
prefaulted,35,65536,220.000000,0,0,6
prefaulted,36,65536,221.000000,0,0,6
prefaulted,37,65536,240.000000,0,0,6
prefaulted,38,65536,220.000000,0,0,6
prefaulted,39,65536,290.000000,0,0,6
prefaulted,40,65536,221.000000,0,0,6
prefaulted,41,65536,501.000000,0,0,6
prefaulted,42,65536,151.000000,0,0,6
prefaulted,43,65536,231.000000,0,0,6
prefaulted,44,65536,230.000000,0,0,6
prefaulted,45,65536,230.000000,0,0,6
prefaulted,46,65536,291.000000,0,0,6
prefaulted,47,65536,321.000000,0,0,6
prefaulted,48,65536,231.000000,0,0,6
prefaulted,49,65536,230.000000,0,0,6
prefaulted,50,65536,290.000000,0,0,6
prefaulted,51,65536,330.000000,0,0,6
prefaulted,52,65536,471.000000,0,0,6
prefaulted,53,65536,220.000000,0,0,6
prefaulted,54,65536,311.000000,0,0,6
prefaulted,55,65536,451.000000,0,0,6
prefaulted,56,65536,220.000000,0,0,6
prefaulted,57,65536,231.000000,0,0,6
prefaulted,58,65536,230.000000,0,0,6
prefaulted,59,65536,270.000000,0,0,6
prefaulted,60,65536,521.000000,0,0,6
prefaulted,61,65536,251.000000,0,0,6
prefaulted,62,65536,280.000000,0,0,6
prefaulted,63,65536,220.000000,0,0,6
prefaulted,64,65536,331.000000,0,0,6
prefaulted,65,65536,612.000000,0,0,6
prefaulted,66,65536,331.000000,0,0,6
prefaulted,67,65536,240.000000,0,0,6
prefaulted,68,65536,230.000000,0,0,6
prefaulted,69,65536,281.000000,0,0,6
prefaulted,70,65536,451.000000,0,0,6
prefaulted,71,65536,241.000000,0,0,6
prefaulted,72,65536,221.000000,0,0,6
prefaulted,73,65536,240.000000,0,0,6
prefaulted,74,65536,380.000000,0,0,6
prefaulted,75,65536,531.000000,0,0,6
prefaulted,76,65536,280.000000,0,0,6
prefaulted,77,65536,250.000000,0,0,6
prefaulted,78,65536,240.000000,0,0,6
prefaulted,79,65536,241.000000,0,0,6
prefaulted,80,65536,230.000000,0,0,6
prefaulted,81,65536,220.000000,0,0,6
prefaulted,82,65536,230.000000,0,0,6
prefaulted,83,65536,221.000000,0,0,6
prefaulted,84,65536,220.000000,0,0,6
prefaulted,85,65536,260.000000,0,0,6
prefaulted,86,65536,261.000000,0,0,6
prefaulted,87,65536,241.000000,0,0,6
prefaulted,88,65536,220.000000,0,0,6
prefaulted,89,65536,310.000000,0,0,6
prefaulted,90,65536,220.000000,0,0,6
prefaulted,91,65536,211.000000,0,0,6
prefaulted,92,65536,241.000000,0,0,6
prefaulted,93,65536,230.000000,0,0,6
prefaulted,94,65536,792.000000,0,0,6
prefaulted,95,65536,231.000000,0,0,6
prefaulted,96,65536,451.000000,0,0,6
prefaulted,97,65536,421.000000,0,0,6
prefaulted,98,65536,361.000000,0,0,6
prefaulted,99,65536,261.000000,0,0,6
prefaulted,100,65536,231.000000,0,0,6
prefaulted,101,65536,391.000000,0,0,6
prefaulted,102,65536,291.000000,0,0,6
prefaulted,103,65536,241.000000,0,0,6
prefaulted,104,65536,230.000000,0,0,6
prefaulted,105,65536,231.000000,0,0,6
prefaulted,106,65536,320.000000,0,0,6
prefaulted,107,65536,340.000000,0,0,6
prefaulted,108,65536,241.000000,0,0,6
prefaulted,109,65536,231.000000,0,0,6
prefaulted,110,65536,240.000000,0,0,6
prefaulted,111,65536,290.000000,0,0,6
prefaulted,112,65536,251.000000,0,0,6
prefaulted,113,65536,241.000000,0,0,6
prefaulted,114,65536,370.000000,0,0,6
prefaulted,115,65536,230.000000,0,0,6
prefaulted,116,65536,211.000000,0,0,6
prefaulted,117,65536,231.000000,0,0,6
prefaulted,118,65536,330.000000,0,0,6
prefaulted,119,65536,250.000000,0,0,6
prefaulted,120,65536,240.000000,0,0,6
prefaulted,121,65536,231.000000,0,0,6
prefaulted,122,65536,220.000000,0,0,6
prefaulted,123,65536,240.000000,0,0,6
prefaulted,124,65536,221.000000,0,0,6
prefaulted,125,65536,230.000000,0,0,6
prefaulted,126,65536,270.000000,0,0,6
prefaulted,127,65536,231.000000,0,0,6
prefaulted,128,65536,341.000000,0,0,6
prefaulted,129,65536,311.000000,0,0,6
prefaulted,130,65536,291.000000,0,0,6
prefaulted,131,65536,210.000000,0,0,6
prefaulted,132,65536,230.000000,0,0,6
prefaulted,133,65536,231.000000,0,0,6
prefaulted,134,65536,240.000000,0,0,6
prefaulted,135,65536,220.000000,0,0,6
prefaulted,136,65536,261.000000,0,0,6
prefaulted,137,65536,271.000000,0,0,6
prefaulted,138,65536,290.000000,0,0,6
prefaulted,139,65536,270.000000,0,0,6
prefaulted,140,65536,250.000000,0,0,6
prefaulted,141,65536,221.000000,0,0,6
prefaulted,142,65536,220.000000,0,0,6
prefaulted,143,65536,230.000000,0,0,6
prefaulted,144,65536,430.000000,0,0,6
prefaulted,145,65536,230.000000,0,0,6
prefaulted,146,65536,231.000000,0,0,6
prefaulted,147,65536,251.000000,0,0,6
prefaulted,148,65536,231.000000,0,0,6
prefaulted,149,65536,571.000000,0,0,6
prefaulted,150,65536,241.000000,0,0,6
prefaulted,151,65536,220.000000,0,0,6
prefaulted,152,65536,220.000000,0,0,6
prefaulted,153,65536,401.000000,0,0,6
prefaulted,154,65536,231.000000,0,0,6
prefaulted,155,65536,221.000000,0,0,6
prefaulted,156,65536,240.000000,0,0,6
prefaulted,157,65536,230.000000,0,0,6
prefaulted,158,65536,231.000000,0,0,6
prefaulted,159,65536,220.000000,0,0,6
prefaulted,160,65536,330.000000,0,0,6
prefaulted,161,65536,330.000000,0,0,6
prefaulted,162,65536,261.000000,0,0,6
prefaulted,163,65536,221.000000,0,0,6
prefaulted,164,65536,240.000000,0,0,6
prefaulted,165,65536,230.000000,0,0,6
prefaulted,166,65536,241.000000,0,0,6
prefaulted,167,65536,231.000000,0,0,6
prefaulted,168,65536,240.000000,0,0,6
prefaulted,169,65536,410.000000,0,0,6
prefaulted,170,65536,571.000000,0,0,6
prefaulted,171,65536,230.000000,0,0,6
prefaulted,172,65536,230.000000,0,0,6
prefaulted,173,65536,241.000000,0,0,6
prefaulted,174,65536,431.000000,0,0,6
prefaulted,175,65536,551.000000,0,0,6
prefaulted,176,65536,240.000000,0,0,6
prefaulted,177,65536,231.000000,0,0,6
prefaulted,178,65536,220.000000,0,0,6
prefaulted,179,65536,330.000000,0,0,6
prefaulted,180,65536,221.000000,0,0,6
prefaulted,181,65536,241.000000,0,0,6
prefaulted,182,65536,220.000000,0,0,6
prefaulted,183,65536,230.000000,0,0,6
prefaulted,184,65536,241.000000,0,0,6
prefaulted,185,65536,231.000000,0,0,6
prefaulted,186,65536,280.000000,0,0,6
prefaulted,187,65536,230.000000,0,0,6
prefaulted,188,65536,221.000000,0,0,6
prefaulted,189,65536,240.000000,0,0,6
prefaulted,190,65536,250.000000,0,0,6
prefaulted,191,65536,481.000000,0,0,6
prefaulted,192,65536,340.000000,0,0,6
prefaulted,193,65536,320.000000,0,0,6
prefaulted,194,65536,231.000000,0,0,6
prefaulted,195,65536,220.000000,0,0,6
prefaulted,196,65536,230.000000,0,0,6
prefaulted,197,65536,230.000000,0,0,6
prefaulted,198,65536,221.000000,0,0,6
prefaulted,199,65536,411.000000,0,0,6
prefaulted,200,65536,632.000000,0,0,6
prefaulted,201,65536,230.000000,0,0,6
prefaulted,202,65536,260.000000,0,0,6
prefaulted,203,65536,231.000000,0,0,6
prefaulted,204,65536,371.000000,0,0,6
prefaulted,205,65536,561.000000,0,0,6
prefaulted,206,65536,241.000000,0,0,6
prefaulted,207,65536,241.000000,0,0,6
prefaulted,208,65536,220.000000,0,0,6
prefaulted,209,65536,290.000000,0,0,6
prefaulted,210,65536,330.000000,0,0,6
prefaulted,211,65536,251.000000,0,0,6
prefaulted,212,65536,241.000000,0,0,6
prefaulted,213,65536,321.000000,0,0,6
prefaulted,214,65536,310.000000,0,0,6
prefaulted,215,65536,240.000000,0,0,6
prefaulted,216,65536,261.000000,0,0,6
prefaulted,217,65536,301.000000,0,0,6
prefaulted,218,65536,581.000000,0,0,6
prefaulted,219,65536,281.000000,0,0,6
prefaulted,220,65536,231.000000,0,0,6
prefaulted,221,65536,260.000000,0,0,6
prefaulted,222,65536,300.000000,0,0,6
prefaulted,223,65536,411.000000,0,0,6
prefaulted,224,65536,411.000000,0,0,6
prefaulted,225,65536,341.000000,0,0,6
prefaulted,226,65536,270.000000,0,0,6
prefaulted,227,65536,240.000000,0,0,6
prefaulted,228,65536,241.000000,0,0,6
prefaulted,229,65536,411.000000,0,0,6
prefaulted,230,65536,341.000000,0,0,6
prefaulted,231,65536,360.000000,0,0,6
prefaulted,232,65536,240.000000,0,0,6
prefaulted,233,65536,241.000000,0,0,6
prefaulted,234,65536,241.000000,0,0,6
prefaulted,235,65536,261.000000,0,0,6
prefaulted,236,65536,270.000000,0,0,6
prefaulted,237,65536,300.000000,0,0,6
prefaulted,238,65536,240.000000,0,0,6
prefaulted,239,65536,231.000000,0,0,6
prefaulted,240,65536,230.000000,0,0,6
prefaulted,241,65536,230.000000,0,0,6
prefaulted,242,65536,251.000000,0,0,6
prefaulted,243,65536,251.000000,0,0,6
prefaulted,244,65536,300.000000,0,0,6
prefaulted,245,65536,240.000000,0,0,6
prefaulted,246,65536,561.000000,0,0,6
prefaulted,247,65536,231.000000,0,0,6
prefaulted,248,65536,211.000000,0,0,6
prefaulted,249,65536,350.000000,0,0,6
prefaulted,250,65536,240.000000,0,0,6
prefaulted,251,65536,221.000000,0,0,6
prefaulted,252,65536,220.000000,0,0,6
prefaulted,253,65536,240.000000,0,0,6
prefaulted,254,65536,221.000000,0,0,6
prefaulted,255,65536,231.000000,0,0,6
prefaulted,256,65536,360.000000,0,0,6
prefaulted,257,65536,340.000000,0,0,6
prefaulted,258,65536,230.000000,0,0,6
prefaulted,259,65536,221.000000,0,0,6
prefaulted,260,65536,220.000000,0,0,6
prefaulted,261,65536,410.000000,0,0,6
prefaulted,262,65536,230.000000,0,0,6
prefaulted,263,65536,241.000000,0,0,6
prefaulted,264,65536,230.000000,0,0,6
prefaulted,265,65536,430.000000,0,0,6
prefaulted,266,65536,250.000000,0,0,6
prefaulted,267,65536,241.000000,0,0,6
prefaulted,268,65536,240.000000,0,0,6
prefaulted,269,65536,230.000000,0,0,6
prefaulted,270,65536,241.000000,0,0,6
prefaulted,271,65536,230.000000,0,0,6
prefaulted,272,65536,230.000000,0,0,6
prefaulted,273,65536,221.000000,0,0,6
prefaulted,274,65536,240.000000,0,0,6
prefaulted,275,65536,220.000000,0,0,6
prefaulted,276,65536,271.000000,0,0,6
prefaulted,277,65536,240.000000,0,0,6
prefaulted,278,65536,220.000000,0,0,6
prefaulted,279,65536,231.000000,0,0,6
prefaulted,280,65536,231.000000,0,0,6
prefaulted,281,65536,240.000000,0,0,6
prefaulted,282,65536,270.000000,0,0,6
prefaulted,283,65536,241.000000,0,0,6
prefaulted,284,65536,261.000000,0,0,6
prefaulted,285,65536,260.000000,0,0,6
prefaulted,286,65536,290.000000,0,0,6
prefaulted,287,65536,301.000000,0,0,6
prefaulted,288,65536,451.000000,0,0,6
prefaulted,289,65536,331.000000,0,0,6
prefaulted,290,65536,251.000000,0,0,6
prefaulted,291,65536,240.000000,0,0,6
prefaulted,292,65536,260.000000,0,0,6
prefaulted,293,65536,531.000000,0,0,6
prefaulted,294,65536,241.000000,0,0,6
prefaulted,295,65536,261.000000,0,0,6
prefaulted,296,65536,280.000000,0,0,6
prefaulted,297,65536,370.000000,0,0,6
prefaulted,298,65536,261.000000,0,0,6
prefaulted,299,65536,240.000000,0,0,6
prefaulted,300,65536,260.000000,0,0,6
prefaulted,301,65536,331.000000,0,0,6
prefaulted,302,65536,261.000000,0,0,6
prefaulted,303,65536,240.000000,0,0,6
prefaulted,304,65536,270.000000,0,0,6
prefaulted,305,65536,231.000000,0,0,6
prefaulted,306,65536,251.000000,0,0,6
prefaulted,307,65536,371.000000,0,0,6
prefaulted,308,65536,431.000000,0,0,6
prefaulted,309,65536,230.000000,0,0,6
prefaulted,310,65536,231.000000,0,0,6
prefaulted,311,65536,241.000000,0,0,6
prefaulted,312,65536,220.000000,0,0,6
prefaulted,313,65536,280.000000,0,0,6
prefaulted,314,65536,221.000000,0,0,6
prefaulted,315,65536,311.000000,0,0,6
prefaulted,316,65536,330.000000,0,0,6
prefaulted,317,65536,240.000000,0,0,6
prefaulted,318,65536,571.000000,0,0,6
prefaulted,319,65536,250.000000,0,0,6
prefaulted,320,65536,381.000000,0,0,6
prefaulted,321,65536,371.000000,0,0,6
prefaulted,322,65536,351.000000,0,0,6
prefaulted,323,65536,511.000000,0,0,6
prefaulted,324,65536,221.000000,0,0,6
prefaulted,325,65536,361.000000,0,0,6
prefaulted,326,65536,441.000000,0,0,6
prefaulted,327,65536,271.000000,0,0,6
prefaulted,328,65536,531.000000,0,0,6
prefaulted,329,65536,241.000000,0,0,6
prefaulted,330,65536,220.000000,0,0,6
prefaulted,331,65536,220.000000,0,0,6
prefaulted,332,65536,321.000000,0,0,6
prefaulted,333,65536,251.000000,0,0,6
prefaulted,334,65536,240.000000,0,0,6
prefaulted,335,65536,270.000000,0,0,6
prefaulted,336,65536,261.000000,0,0,6
prefaulted,337,65536,251.000000,0,0,6
prefaulted,338,65536,250.000000,0,0,6
prefaulted,339,65536,290.000000,0,0,6
prefaulted,340,65536,241.000000,0,0,6
prefaulted,341,65536,250.000000,0,0,6
prefaulted,342,65536,240.000000,0,0,6
prefaulted,343,65536,261.000000,0,0,6
prefaulted,344,65536,411.000000,0,0,6
prefaulted,345,65536,231.000000,0,0,6
prefaulted,346,65536,280.000000,0,0,6
prefaulted,347,65536,270.000000,0,0,6
prefaulted,348,65536,461.000000,0,0,6
prefaulted,349,65536,251.000000,0,0,6
prefaulted,350,65536,231.000000,0,0,6
prefaulted,351,65536,240.000000,0,0,6
prefaulted,352,65536,561.000000,0,0,6
prefaulted,353,65536,591.000000,0,0,6
prefaulted,354,65536,221.000000,0,0,6
prefaulted,355,65536,230.000000,0,0,6
prefaulted,356,65536,220.000000,0,0,6
prefaulted,357,65536,521.000000,0,0,6
prefaulted,358,65536,221.000000,0,0,6
prefaulted,359,65536,221.000000,0,0,6
prefaulted,360,65536,220.000000,0,0,6
prefaulted,361,65536,221.000000,0,0,6
prefaulted,362,65536,231.000000,0,0,6
prefaulted,363,65536,221.000000,0,0,6
prefaulted,364,65536,210.000000,0,0,6
prefaulted,365,65536,230.000000,0,0,6
prefaulted,366,65536,241.000000,0,0,6
prefaulted,367,65536,230.000000,0,0,6
prefaulted,368,65536,230.000000,0,0,6
prefaulted,369,65536,211.000000,0,0,6
prefaulted,370,65536,220.000000,0,0,6
prefaulted,371,65536,310.000000,0,0,6
prefaulted,372,65536,430.000000,0,0,6
prefaulted,373,65536,210.000000,0,0,6
prefaulted,374,65536,231.000000,0,0,6
prefaulted,375,65536,240.000000,0,0,6
prefaulted,376,65536,230.000000,0,0,6
prefaulted,377,65536,220.000000,0,0,6
prefaulted,378,65536,241.000000,0,0,6
prefaulted,379,65536,451.000000,0,0,6
prefaulted,380,65536,230.000000,0,0,6
prefaulted,381,65536,220.000000,0,0,6
prefaulted,382,65536,221.000000,0,0,6
prefaulted,383,65536,291.000000,0,0,6
prefaulted,384,65536,661.000000,0,0,6
prefaulted,385,65536,361.000000,0,0,6
prefaulted,386,65536,281.000000,0,0,6
prefaulted,387,65536,230.000000,0,0,6
prefaulted,388,65536,240.000000,0,0,6
prefaulted,389,65536,251.000000,0,0,6
prefaulted,390,65536,251.000000,0,0,6
prefaulted,391,65536,210.000000,0,0,6
prefaulted,392,65536,220.000000,0,0,6
prefaulted,393,65536,221.000000,0,0,6
prefaulted,394,65536,230.000000,0,0,6
prefaulted,395,65536,230.000000,0,0,6
prefaulted,396,65536,221.000000,0,0,6
prefaulted,397,65536,230.000000,0,0,6
prefaulted,398,65536,240.000000,0,0,6
prefaulted,399,65536,251.000000,0,0,6
prefaulted,400,65536,241.000000,0,0,6
prefaulted,401,65536,231.000000,0,0,6
prefaulted,402,65536,220.000000,0,0,6
prefaulted,403,65536,230.000000,0,0,6
prefaulted,404,65536,221.000000,0,0,6
prefaulted,405,65536,220.000000,0,0,6
prefaulted,406,65536,230.000000,0,0,6
prefaulted,407,65536,241.000000,0,0,6
prefaulted,408,65536,220.000000,0,0,6
prefaulted,409,65536,240.000000,0,0,6
prefaulted,410,65536,541.000000,0,0,6
prefaulted,411,65536,230.000000,0,0,6
prefaulted,412,65536,221.000000,0,0,6
prefaulted,413,65536,240.000000,0,0,6
prefaulted,414,65536,450.000000,0,0,6
prefaulted,415,65536,220.000000,0,0,6
prefaulted,416,65536,341.000000,0,0,6
prefaulted,417,65536,331.000000,0,0,6
prefaulted,418,65536,231.000000,0,0,6
prefaulted,419,65536,250.000000,0,0,6
prefaulted,420,65536,231.000000,0,0,6
prefaulted,421,65536,311.000000,0,0,6
prefaulted,422,65536,220.000000,0,0,6
prefaulted,423,65536,230.000000,0,0,6
prefaulted,424,65536,231.000000,0,0,6
prefaulted,425,65536,291.000000,0,0,6
prefaulted,426,65536,271.000000,0,0,6
prefaulted,427,65536,270.000000,0,0,6
prefaulted,428,65536,240.000000,0,0,6
prefaulted,429,65536,261.000000,0,0,6
prefaulted,430,65536,261.000000,0,0,6
prefaulted,431,65536,581.000000,0,0,6
prefaulted,432,65536,241.000000,0,0,6
prefaulted,433,65536,250.000000,0,0,6
prefaulted,434,65536,220.000000,0,0,6
prefaulted,435,65536,401.000000,0,0,6
prefaulted,436,65536,221.000000,0,0,6
prefaulted,437,65536,240.000000,0,0,6
prefaulted,438,65536,230.000000,0,0,6
prefaulted,439,65536,221.000000,0,0,6
prefaulted,440,65536,280.000000,0,0,6
prefaulted,441,65536,240.000000,0,0,6
prefaulted,442,65536,231.000000,0,0,6
prefaulted,443,65536,230.000000,0,0,6
prefaulted,444,65536,270.000000,0,0,6
prefaulted,445,65536,271.000000,0,0,6
prefaulted,446,65536,231.000000,0,0,6
prefaulted,447,65536,531.000000,0,0,6
prefaulted,448,65536,351.000000,0,0,6
prefaulted,449,65536,231.000000,0,0,6
prefaulted,450,65536,230.000000,0,0,6
prefaulted,451,65536,241.000000,0,0,6
prefaulted,452,65536,240.000000,0,0,6
prefaulted,453,65536,261.000000,0,0,6
prefaulted,454,65536,251.000000,0,0,6
prefaulted,455,65536,250.000000,0,0,6
prefaulted,456,65536,290.000000,0,0,6
prefaulted,457,65536,231.000000,0,0,6
prefaulted,458,65536,240.000000,0,0,6
prefaulted,459,65536,220.000000,0,0,6
prefaulted,460,65536,301.000000,0,0,6
prefaulted,461,65536,241.000000,0,0,6
prefaulted,462,65536,290.000000,0,0,6
prefaulted,463,65536,220.000000,0,0,6
prefaulted,464,65536,281.000000,0,0,6
prefaulted,465,65536,231.000000,0,0,6
prefaulted,466,65536,250.000000,0,0,6
prefaulted,467,65536,230.000000,0,0,6
prefaulted,468,65536,231.000000,0,0,6
prefaulted,469,65536,230.000000,0,0,6
prefaulted,470,65536,220.000000,0,0,6
prefaulted,471,65536,241.000000,0,0,6
prefaulted,472,65536,481.000000,0,0,6
prefaulted,473,65536,261.000000,0,0,6
prefaulted,474,65536,250.000000,0,0,6
prefaulted,475,65536,220.000000,0,0,6
prefaulted,476,65536,351.000000,0,0,6
prefaulted,477,65536,281.000000,0,0,6
prefaulted,478,65536,230.000000,0,0,6
prefaulted,479,65536,230.000000,0,0,6
prefaulted,480,65536,331.000000,0,0,6
prefaulted,481,65536,561.000000,0,0,6
prefaulted,482,65536,230.000000,0,0,6
prefaulted,483,65536,221.000000,0,0,6
prefaulted,484,65536,240.000000,0,0,6
prefaulted,485,65536,270.000000,0,0,6
prefaulted,486,65536,221.000000,0,0,6
prefaulted,487,65536,240.000000,0,0,6
prefaulted,488,65536,270.000000,0,0,6
prefaulted,489,65536,221.000000,0,0,6
prefaulted,490,65536,221.000000,0,0,6
prefaulted,491,65536,230.000000,0,0,6
prefaulted,492,65536,231.000000,0,0,6
prefaulted,493,65536,251.000000,0,0,6
prefaulted,494,65536,250.000000,0,0,6
prefaulted,495,65536,250.000000,0,0,6
prefaulted,496,65536,241.000000,0,0,6
prefaulted,497,65536,230.000000,0,0,6
prefaulted,498,65536,230.000000,0,0,6
prefaulted,499,65536,211.000000,0,0,6
prefaulted,500,65536,220.000000,0,0,6
prefaulted,501,65536,230.000000,0,0,6
prefaulted,502,65536,221.000000,0,0,6
prefaulted,503,65536,251.000000,0,0,6
prefaulted,504,65536,241.000000,0,0,6
prefaulted,505,65536,251.000000,0,0,6
prefaulted,506,65536,230.000000,0,0,6
prefaulted,507,65536,251.000000,0,0,6
prefaulted,508,65536,221.000000,0,0,6
prefaulted,509,65536,230.000000,0,0,6
prefaulted,510,65536,241.000000,0,0,6
prefaulted,511,65536,231.000000,0,0,6
malloc_growth,0,65536,20218.000000,19,0,6
malloc_growth,1,65536,18656.000000,16,0,6
malloc_growth,2,65536,18705.000000,16,0,6
malloc_growth,3,65536,22362.000000,16,0,6
malloc_growth,4,65536,18986.000000,16,0,6
malloc_growth,5,65536,20248.000000,16,0,6
malloc_growth,6,65536,19036.000000,16,0,6
malloc_growth,7,65536,17843.000000,16,0,6
malloc_growth,8,65536,21740.000000,16,0,6
malloc_growth,9,65536,53251.000000,16,0,6
malloc_growth,10,65536,19206.000000,16,0,6
malloc_growth,11,65536,17894.000000,16,0,6
malloc_growth,12,65536,27692.000000,16,0,6
malloc_growth,13,65536,68720.000000,16,0,6
malloc_growth,14,65536,24055.000000,16,0,6
malloc_growth,15,65536,24907.000000,16,0,6
malloc_growth,16,65536,18164.000000,16,0,6
malloc_growth,17,65536,19046.000000,16,0,6
malloc_growth,18,65536,19627.000000,16,0,6
malloc_growth,19,65536,27321.000000,16,0,6
malloc_growth,20,65536,26341.000000,16,0,6
malloc_growth,21,65536,21531.000000,16,0,6
malloc_growth,22,65536,18134.000000,16,0,6
malloc_growth,23,65536,17803.000000,16,0,6
malloc_growth,24,65536,18304.000000,16,0,6
malloc_growth,25,65536,26049.000000,16,0,6
malloc_growth,26,65536,20118.000000,16,0,6
malloc_growth,27,65536,20469.000000,16,0,6
malloc_growth,28,65536,17895.000000,16,0,6
malloc_growth,29,65536,18314.000000,16,0,6
malloc_growth,30,65536,18645.000000,16,0,6
malloc_growth,31,65536,18285.000000,16,0,6
malloc_growth,32,65536,17784.000000,16,0,6
malloc_growth,33,65536,18816.000000,16,0,6
malloc_growth,34,65536,17913.000000,16,0,6
malloc_growth,35,65536,19146.000000,16,0,6
malloc_growth,36,65536,17803.000000,16,0,6
malloc_growth,37,65536,18004.000000,16,0,6
malloc_growth,38,65536,18896.000000,16,0,6
malloc_growth,39,65536,18054.000000,16,0,6
malloc_growth,40,65536,17693.000000,16,0,6
malloc_growth,41,65536,18955.000000,16,0,6
malloc_growth,42,65536,17743.000000,16,0,6
malloc_growth,43,65536,17733.000000,16,0,6
malloc_growth,44,65536,19396.000000,16,0,6
malloc_growth,45,65536,18374.000000,16,0,6
malloc_growth,46,65536,18796.000000,16,0,6
malloc_growth,47,65536,19126.000000,16,0,6
malloc_growth,48,65536,17803.000000,16,0,6
malloc_growth,49,65536,19566.000000,16,0,6
malloc_growth,50,65536,19807.000000,16,0,6
malloc_growth,51,65536,17703.000000,16,0,6
malloc_growth,52,65536,42770.000000,16,0,6
malloc_growth,53,65536,20829.000000,16,0,6
malloc_growth,54,65536,18085.000000,16,0,6
malloc_growth,55,65536,21511.000000,16,0,6
malloc_growth,56,65536,25147.000000,16,0,6
malloc_growth,57,65536,18415.000000,16,0,6
malloc_growth,58,65536,18444.000000,16,0,6
malloc_growth,59,65536,19937.000000,16,0,6
malloc_growth,60,65536,18264.000000,16,0,6
malloc_growth,61,65536,18364.000000,16,0,6
malloc_growth,62,65536,18816.000000,16,0,6
malloc_growth,63,65536,17944.000000,16,0,6
malloc_growth,64,65536,19226.000000,16,0,6
malloc_growth,65,65536,19186.000000,16,0,6
malloc_growth,66,65536,18284.000000,16,0,6
malloc_growth,67,65536,17903.000000,16,0,6
malloc_growth,68,65536,19577.000000,16,0,6
malloc_growth,69,65536,18675.000000,16,0,6
malloc_growth,70,65536,18665.000000,16,0,6
malloc_growth,71,65536,19077.000000,16,0,6
malloc_growth,72,65536,17923.000000,16,0,6
malloc_growth,73,65536,18966.000000,16,0,6
malloc_growth,74,65536,20418.000000,16,0,6
malloc_growth,75,65536,29546.000000,16,0,6
malloc_growth,76,65536,18745.000000,16,0,6
malloc_growth,77,65536,21360.000000,16,0,6
malloc_growth,78,65536,19257.000000,16,0,6
malloc_growth,79,65536,18165.000000,16,0,6
malloc_growth,80,65536,19557.000000,16,0,6
malloc_growth,81,65536,18695.000000,16,0,6
malloc_growth,82,65536,18655.000000,16,0,6
malloc_growth,83,65536,19567.000000,16,0,6
malloc_growth,84,65536,19156.000000,16,0,6
malloc_growth,85,65536,20618.000000,16,0,6
malloc_growth,86,65536,33643.000000,16,0,6
malloc_growth,87,65536,21420.000000,16,0,6
malloc_growth,88,65536,18364.000000,16,0,6
malloc_growth,89,65536,20368.000000,16,0,6
malloc_growth,90,65536,18725.000000,16,0,6
malloc_growth,91,65536,18545.000000,16,0,6
malloc_growth,92,65536,19035.000000,16,0,6
malloc_growth,93,65536,50515.000000,16,0,6
malloc_growth,94,65536,25428.000000,16,0,6
malloc_growth,95,65536,70933.000000,16,0,6
malloc_growth,96,65536,25417.000000,16,0,6
malloc_growth,97,65536,26530.000000,16,0,6
malloc_growth,98,65536,26620.000000,16,0,6
malloc_growth,99,65536,18765.000000,16,0,6
malloc_growth,100,65536,18244.000000,16,0,6
malloc_growth,101,65536,20088.000000,16,0,6
malloc_growth,102,65536,19747.000000,16,0,6
malloc_growth,103,65536,19596.000000,16,0,6
malloc_growth,104,65536,19356.000000,16,0,6
malloc_growth,105,65536,18906.000000,16,0,6
malloc_growth,106,65536,18485.000000,16,0,6
malloc_growth,107,65536,21019.000000,16,0,6
malloc_growth,108,65536,18555.000000,16,0,6
malloc_growth,109,65536,19857.000000,16,0,6
malloc_growth,110,65536,19446.000000,16,0,6
malloc_growth,111,65536,18595.000000,16,0,6
malloc_growth,112,65536,18685.000000,16,0,6
malloc_growth,113,65536,19386.000000,16,0,6
malloc_growth,114,65536,18675.000000,16,0,6
malloc_growth,115,65536,18906.000000,16,0,6
malloc_growth,116,65536,30136.000000,16,0,6
malloc_growth,117,65536,24797.000000,16,0,6
malloc_growth,118,65536,24095.000000,16,0,6
malloc_growth,119,65536,27301.000000,16,0,6
malloc_growth,120,65536,27832.000000,16,0,6
malloc_growth,121,65536,22964.000000,16,0,6
malloc_growth,122,65536,18004.000000,16,0,6
malloc_growth,123,65536,17673.000000,16,0,6
malloc_growth,124,65536,19076.000000,16,0,6
malloc_growth,125,65536,18885.000000,16,0,6
malloc_growth,126,65536,18274.000000,16,0,6
malloc_growth,127,65536,19136.000000,16,0,6
malloc_growth,128,65536,18866.000000,16,0,6
malloc_growth,129,65536,18484.000000,16,0,6
malloc_growth,130,65536,19628.000000,16,0,6
malloc_growth,131,65536,19036.000000,16,0,6
malloc_growth,132,65536,18965.000000,16,0,6
malloc_growth,133,65536,19386.000000,16,0,6
malloc_growth,134,65536,19727.000000,16,0,6
malloc_growth,135,65536,21892.000000,16,0,6
malloc_growth,136,65536,24065.000000,16,0,6
malloc_growth,137,65536,44755.000000,16,0,6
malloc_growth,138,65536,18856.000000,16,0,6
malloc_growth,139,65536,20799.000000,16,0,6
malloc_growth,140,65536,18435.000000,16,0,6
malloc_growth,141,65536,19016.000000,16,0,6
malloc_growth,142,65536,27542.000000,16,0,6
malloc_growth,143,65536,21440.000000,16,0,6
malloc_growth,144,65536,18785.000000,16,0,6
malloc_growth,145,65536,20559.000000,16,0,6
malloc_growth,146,65536,19026.000000,16,0,6
malloc_growth,147,65536,19456.000000,16,0,6
malloc_growth,148,65536,20679.000000,16,0,6
malloc_growth,149,65536,19016.000000,16,0,6
malloc_growth,150,65536,18895.000000,16,0,6
malloc_growth,151,65536,20278.000000,16,0,6
malloc_growth,152,65536,18675.000000,16,0,6
malloc_growth,153,65536,19076.000000,16,0,6
malloc_growth,154,65536,19628.000000,16,0,6
malloc_growth,155,65536,18374.000000,16,0,6
malloc_growth,156,65536,19075.000000,16,0,6
malloc_growth,157,65536,19296.000000,16,0,6
malloc_growth,158,65536,18956.000000,16,0,6
malloc_growth,159,65536,18435.000000,16,0,6
malloc_growth,160,65536,20258.000000,16,0,6
malloc_growth,161,65536,30207.000000,16,0,6
malloc_growth,162,65536,18256.000000,16,0,6
malloc_growth,163,65536,17704.000000,16,0,6
malloc_growth,164,65536,17954.000000,16,0,6
malloc_growth,165,65536,20488.000000,16,0,6
malloc_growth,166,65536,18084.000000,16,0,6
malloc_growth,167,65536,18224.000000,16,0,6
malloc_growth,168,65536,18835.000000,16,0,6
malloc_growth,169,65536,18074.000000,16,0,6
malloc_growth,170,65536,18064.000000,16,0,6
malloc_growth,171,65536,27473.000000,16,0,6
malloc_growth,172,65536,25057.000000,16,0,6
malloc_growth,173,65536,19206.000000,16,0,6
malloc_growth,174,65536,21610.000000,16,0,6
malloc_growth,175,65536,18835.000000,16,0,6
malloc_growth,176,65536,20659.000000,16,0,6
malloc_growth,177,65536,19216.000000,16,0,6
malloc_growth,178,65536,18254.000000,16,0,6
malloc_growth,179,65536,18906.000000,16,0,6
malloc_growth,180,65536,20779.000000,16,0,6
malloc_growth,181,65536,18504.000000,16,0,6
malloc_growth,182,65536,65022.000000,16,0,6
malloc_growth,183,65536,29575.000000,16,0,6
malloc_growth,184,65536,19958.000000,16,0,6
malloc_growth,185,65536,17944.000000,16,0,6
malloc_growth,186,65536,28683.000000,16,0,6
malloc_growth,187,65536,18795.000000,16,0,6
malloc_growth,188,65536,17984.000000,16,0,6
malloc_growth,189,65536,19467.000000,16,0,6
malloc_growth,190,65536,17833.000000,16,0,6
malloc_growth,191,65536,17823.000000,16,0,6
malloc_growth,192,65536,19026.000000,16,0,6
malloc_growth,193,65536,19207.000000,16,0,6
malloc_growth,194,65536,18325.000000,16,0,6
malloc_growth,195,65536,21070.000000,16,0,6
malloc_growth,196,65536,18255.000000,16,0,6
malloc_growth,197,65536,18966.000000,16,0,6
malloc_growth,198,65536,19316.000000,16,0,6
malloc_growth,199,65536,18304.000000,16,0,6
malloc_growth,200,65536,18234.000000,16,0,6
malloc_growth,201,65536,19167.000000,16,0,6
malloc_growth,202,65536,18104.000000,16,0,6
malloc_growth,203,65536,18124.000000,16,0,6
malloc_growth,204,65536,19186.000000,16,0,6
malloc_growth,205,65536,18635.000000,16,0,6
malloc_growth,206,65536,18775.000000,16,0,6
malloc_growth,207,65536,17673.000000,16,0,6
malloc_growth,208,65536,18284.000000,16,0,6
malloc_growth,209,65536,20198.000000,16,0,6
malloc_growth,210,65536,18015.000000,16,0,6
malloc_growth,211,65536,18114.000000,16,0,6
malloc_growth,212,65536,20168.000000,16,0,6
malloc_growth,213,65536,18315.000000,16,0,6
malloc_growth,214,65536,18064.000000,16,0,6
malloc_growth,215,65536,18996.000000,16,0,6
malloc_growth,216,65536,18245.000000,16,0,6
malloc_growth,217,65536,17944.000000,16,0,6
malloc_growth,218,65536,19376.000000,16,0,6
malloc_growth,219,65536,18165.000000,16,0,6
malloc_growth,220,65536,17983.000000,16,0,6
malloc_growth,221,65536,19116.000000,16,0,6
malloc_growth,222,65536,18434.000000,16,0,6
malloc_growth,223,65536,18515.000000,16,0,6
malloc_growth,224,65536,22252.000000,16,0,6
malloc_growth,225,65536,18284.000000,16,0,6
malloc_growth,226,65536,20418.000000,16,0,6
malloc_growth,227,65536,46508.000000,16,0,6
malloc_growth,228,65536,18485.000000,16,0,6
malloc_growth,229,65536,23424.000000,16,0,6
malloc_growth,230,65536,24767.000000,16,0,6
malloc_growth,231,65536,18114.000000,16,0,6
malloc_growth,232,65536,18786.000000,16,0,6
malloc_growth,233,65536,23665.000000,16,0,6
malloc_growth,234,65536,22393.000000,16,0,6
malloc_growth,235,65536,18374.000000,16,0,6
malloc_growth,236,65536,19797.000000,16,0,6
malloc_growth,237,65536,18184.000000,16,0,6
malloc_growth,238,65536,19868.000000,16,0,6
malloc_growth,239,65536,19096.000000,16,0,6
malloc_growth,240,65536,18164.000000,16,0,6
malloc_growth,241,65536,18515.000000,16,0,6
malloc_growth,242,65536,19196.000000,16,0,6
malloc_growth,243,65536,19447.000000,16,0,6
malloc_growth,244,65536,20900.000000,16,0,6
malloc_growth,245,65536,19146.000000,16,0,6
malloc_growth,246,65536,18595.000000,16,0,6
malloc_growth,247,65536,18124.000000,16,0,6
malloc_growth,248,65536,18625.000000,16,0,6
malloc_growth,249,65536,18444.000000,16,0,6
malloc_growth,250,65536,19356.000000,16,0,6
malloc_growth,251,65536,18305.000000,16,0,6
malloc_growth,252,65536,19567.000000,16,0,6
malloc_growth,253,65536,19707.000000,16,0,6
malloc_growth,254,65536,18445.000000,16,0,6
malloc_growth,255,65536,18845.000000,16,0,6
malloc_growth,256,65536,19907.000000,16,0,6
malloc_growth,257,65536,18244.000000,16,0,6
malloc_growth,258,65536,18084.000000,16,0,6
malloc_growth,259,65536,18856.000000,16,0,6
malloc_growth,260,65536,18245.000000,16,0,6
malloc_growth,261,65536,18134.000000,16,0,6
malloc_growth,262,65536,19156.000000,16,0,6
malloc_growth,263,65536,26169.000000,16,0,6
malloc_growth,264,65536,24887.000000,16,0,6
malloc_growth,265,65536,20328.000000,16,0,6
malloc_growth,266,65536,18224.000000,16,0,6
malloc_growth,267,65536,19336.000000,16,0,6
malloc_growth,268,65536,18976.000000,16,0,6
malloc_growth,269,65536,17703.000000,16,0,6
malloc_growth,270,65536,18114.000000,16,0,6
malloc_growth,271,65536,19647.000000,16,0,6
malloc_growth,272,65536,18905.000000,16,0,6
malloc_growth,273,65536,50905.000000,16,0,6
malloc_growth,274,65536,27001.000000,16,0,6
malloc_growth,275,65536,18465.000000,16,0,6
malloc_growth,276,65536,21089.000000,16,0,6
malloc_growth,277,65536,29105.000000,16,0,6
malloc_growth,278,65536,25929.000000,16,0,6
malloc_growth,279,65536,20859.000000,16,0,6
malloc_growth,280,65536,21300.000000,16,0,6
malloc_growth,281,65536,18114.000000,16,0,6
malloc_growth,282,65536,19227.000000,16,0,6
malloc_growth,283,65536,18965.000000,16,0,6
malloc_growth,284,65536,18755.000000,16,0,6
malloc_growth,285,65536,18124.000000,16,0,6
malloc_growth,286,65536,18816.000000,16,0,6
malloc_growth,287,65536,18295.000000,16,0,6
malloc_growth,288,65536,18295.000000,16,0,6
malloc_growth,289,65536,19056.000000,16,0,6
malloc_growth,290,65536,18175.000000,16,0,6
malloc_growth,291,65536,18885.000000,16,0,6
malloc_growth,292,65536,18324.000000,16,0,6
malloc_growth,293,65536,17954.000000,16,0,6
malloc_growth,294,65536,18876.000000,16,0,6
malloc_growth,295,65536,18604.000000,16,0,6
malloc_growth,296,65536,19787.000000,16,0,6
malloc_growth,297,65536,18795.000000,16,0,6
malloc_growth,298,65536,18044.000000,16,0,6
malloc_growth,299,65536,17985.000000,16,0,6
malloc_growth,300,65536,18645.000000,16,0,6
malloc_growth,301,65536,18435.000000,16,0,6
malloc_growth,302,65536,18224.000000,16,0,6
malloc_growth,303,65536,18514.000000,16,0,6
malloc_growth,304,65536,18004.000000,16,0,6
malloc_growth,305,65536,17903.000000,16,0,6
malloc_growth,306,65536,19056.000000,16,0,6
malloc_growth,307,65536,18134.000000,16,0,6
malloc_growth,308,65536,19167.000000,16,0,6
malloc_growth,309,65536,18785.000000,16,0,6
malloc_growth,310,65536,18795.000000,16,0,6
malloc_growth,311,65536,19056.000000,16,0,6
malloc_growth,312,65536,20930.000000,16,0,6
malloc_growth,313,65536,17663.000000,16,0,6
malloc_growth,314,65536,18314.000000,16,0,6
malloc_growth,315,65536,18414.000000,16,0,6
malloc_growth,316,65536,18114.000000,16,0,6
malloc_growth,317,65536,18155.000000,16,0,6
malloc_growth,318,65536,19186.000000,16,0,6
malloc_growth,319,65536,19727.000000,16,0,6
malloc_growth,320,65536,18093.000000,16,0,6
malloc_growth,321,65536,18735.000000,16,0,6
malloc_growth,322,65536,17904.000000,16,0,6
malloc_growth,323,65536,18445.000000,16,0,6
malloc_growth,324,65536,26489.000000,16,0,6
malloc_growth,325,65536,19718.000000,16,0,6
malloc_growth,326,65536,18986.000000,16,0,6
malloc_growth,327,65536,20458.000000,16,0,6
malloc_growth,328,65536,18324.000000,16,0,6
malloc_growth,329,65536,17563.000000,16,0,6
malloc_growth,330,65536,18725.000000,16,0,6
malloc_growth,331,65536,18134.000000,16,0,6
malloc_growth,332,65536,18545.000000,16,0,6
malloc_growth,333,65536,18385.000000,16,0,6
malloc_growth,334,65536,17974.000000,16,0,6
malloc_growth,335,65536,17583.000000,16,0,6
malloc_growth,336,65536,19336.000000,16,0,6
malloc_growth,337,65536,18064.000000,16,0,6
malloc_growth,338,65536,17903.000000,16,0,6
malloc_growth,339,65536,18855.000000,16,0,6
malloc_growth,340,65536,20107.000000,16,0,6
malloc_growth,341,65536,17784.000000,16,0,6
malloc_growth,342,65536,18566.000000,16,0,6
malloc_growth,343,65536,17643.000000,16,0,6
malloc_growth,344,65536,18574.000000,16,0,6
malloc_growth,345,65536,19036.000000,16,0,6
malloc_growth,346,65536,17763.000000,16,0,6
malloc_growth,347,65536,17843.000000,16,0,6
malloc_growth,348,65536,18845.000000,16,0,6
malloc_growth,349,65536,18214.000000,16,0,6
malloc_growth,350,65536,18023.000000,16,0,6
malloc_growth,351,65536,19037.000000,16,0,6
malloc_growth,352,65536,18134.000000,16,0,6
malloc_growth,353,65536,18505.000000,16,0,6
malloc_growth,354,65536,19386.000000,16,0,6
malloc_growth,355,65536,19446.000000,16,0,6
malloc_growth,356,65536,18174.000000,16,0,6
malloc_growth,357,65536,18946.000000,16,0,6
malloc_growth,358,65536,30076.000000,16,0,6
malloc_growth,359,65536,20469.000000,16,0,6
malloc_growth,360,65536,21139.000000,16,0,6
malloc_growth,361,65536,18405.000000,16,0,6
malloc_growth,362,65536,18014.000000,16,0,6
malloc_growth,363,65536,19426.000000,16,0,6
malloc_growth,364,65536,18615.000000,16,0,6
malloc_growth,365,65536,17934.000000,16,0,6
malloc_growth,366,65536,39925.000000,16,0,6
malloc_growth,367,65536,18716.000000,16,0,6
malloc_growth,368,65536,18445.000000,16,0,6
malloc_growth,369,65536,21020.000000,16,0,6
malloc_growth,370,65536,18835.000000,16,0,6
malloc_growth,371,65536,18013.000000,16,0,6
malloc_growth,372,65536,30828.000000,16,0,6
malloc_growth,373,65536,17783.000000,16,0,6
malloc_growth,374,65536,17713.000000,16,0,6
malloc_growth,375,65536,20610.000000,16,0,6
malloc_growth,376,65536,18395.000000,16,0,6
malloc_growth,377,65536,18796.000000,16,0,6
malloc_growth,378,65536,18094.000000,16,0,6
malloc_growth,379,65536,18004.000000,16,0,6
malloc_growth,380,65536,19637.000000,16,0,6
malloc_growth,381,65536,17994.000000,16,0,6
malloc_growth,382,65536,17914.000000,16,0,6
malloc_growth,383,65536,19827.000000,16,0,6
malloc_growth,384,65536,18747.000000,16,0,6
malloc_growth,385,65536,18295.000000,16,0,6
malloc_growth,386,65536,19126.000000,16,0,6
malloc_growth,387,65536,17944.000000,16,0,6
malloc_growth,388,65536,18355.000000,16,0,6
malloc_growth,389,65536,18685.000000,16,0,6
malloc_growth,390,65536,18224.000000,16,0,6
malloc_growth,391,65536,19466.000000,16,0,6
malloc_growth,392,65536,20679.000000,16,0,6
malloc_growth,393,65536,19527.000000,16,0,6
malloc_growth,394,65536,18414.000000,16,0,6
malloc_growth,395,65536,19476.000000,16,0,6
malloc_growth,396,65536,17984.000000,16,0,6
malloc_growth,397,65536,18535.000000,16,0,6
malloc_growth,398,65536,19386.000000,16,0,6
malloc_growth,399,65536,18174.000000,16,0,6
malloc_growth,400,65536,18375.000000,16,0,6
malloc_growth,401,65536,18476.000000,16,0,6
malloc_growth,402,65536,17843.000000,16,0,6
malloc_growth,403,65536,18294.000000,16,0,6
malloc_growth,404,65536,19897.000000,16,0,6
malloc_growth,405,65536,17913.000000,16,0,6
malloc_growth,406,65536,17773.000000,16,0,6
malloc_growth,407,65536,19006.000000,16,0,6
malloc_growth,408,65536,18245.000000,16,0,6
malloc_growth,409,65536,18044.000000,16,0,6
malloc_growth,410,65536,18656.000000,16,0,6
malloc_growth,411,65536,18405.000000,16,0,6
malloc_growth,412,65536,18315.000000,16,0,6
malloc_growth,413,65536,19387.000000,16,0,6
malloc_growth,414,65536,41838.000000,16,0,6
malloc_growth,415,65536,18224.000000,16,0,6
malloc_growth,416,65536,21039.000000,16,0,6
malloc_growth,417,65536,17874.000000,16,0,6
malloc_growth,418,65536,18155.000000,16,0,6
malloc_growth,419,65536,20098.000000,16,0,6
malloc_growth,420,65536,31489.000000,16,0,6
malloc_growth,421,65536,30117.000000,16,0,6
malloc_growth,422,65536,18746.000000,16,0,6
malloc_growth,423,65536,19447.000000,16,0,6
malloc_growth,424,65536,25598.000000,16,0,6
malloc_growth,425,65536,18916.000000,16,0,6
malloc_growth,426,65536,18365.000000,16,0,6
malloc_growth,427,65536,20779.000000,16,0,6
malloc_growth,428,65536,22903.000000,16,0,6
malloc_growth,429,65536,25198.000000,16,0,6
malloc_growth,430,65536,25247.000000,16,0,6
malloc_growth,431,65536,26480.000000,16,0,6
malloc_growth,432,65536,24928.000000,16,0,6
malloc_growth,433,65536,27642.000000,16,0,6
malloc_growth,434,65536,25749.000000,16,0,6
malloc_growth,435,65536,26870.000000,16,0,6
malloc_growth,436,65536,58329.000000,16,0,6
malloc_growth,437,65536,24918.000000,16,0,6
malloc_growth,438,65536,38512.000000,16,0,6
malloc_growth,439,65536,26630.000000,16,0,6
malloc_growth,440,65536,25949.000000,16,0,6
malloc_growth,441,65536,25728.000000,16,0,6
malloc_growth,442,65536,29516.000000,16,0,6
malloc_growth,443,65536,25569.000000,16,0,6
malloc_growth,444,65536,34014.000000,16,0,6
malloc_growth,445,65536,21079.000000,16,0,6
malloc_growth,446,65536,22943.000000,16,0,6
malloc_growth,447,65536,29646.000000,16,0,6
malloc_growth,448,65536,25658.000000,16,0,6
malloc_growth,449,65536,32461.000000,16,0,6
malloc_growth,450,65536,17774.000000,16,0,6
malloc_growth,451,65536,20017.000000,16,0,6
malloc_growth,452,65536,24326.000000,16,0,6
malloc_growth,453,65536,19056.000000,16,0,6
malloc_growth,454,65536,19657.000000,16,0,6
malloc_growth,455,65536,17954.000000,16,0,6
malloc_growth,456,65536,18856.000000,16,0,6
malloc_growth,457,65536,19907.000000,16,0,6
malloc_growth,458,65536,18945.000000,16,0,6
malloc_growth,459,65536,19006.000000,16,0,6
malloc_growth,460,65536,19126.000000,16,0,6
malloc_growth,461,65536,18264.000000,16,0,6
malloc_growth,462,65536,19116.000000,16,0,6
malloc_growth,463,65536,17693.000000,16,0,6
malloc_growth,464,65536,18214.000000,16,0,6
malloc_growth,465,65536,18775.000000,16,0,6
malloc_growth,466,65536,18073.000000,16,0,6
malloc_growth,467,65536,19918.000000,16,0,6
malloc_growth,468,65536,19006.000000,16,0,6
malloc_growth,469,65536,17743.000000,16,0,6
malloc_growth,470,65536,18194.000000,16,0,6
malloc_growth,471,65536,20288.000000,16,0,6
malloc_growth,472,65536,18054.000000,16,0,6
malloc_growth,473,65536,17933.000000,16,0,6
malloc_growth,474,65536,18947.000000,16,0,6
malloc_growth,475,65536,18084.000000,16,0,6
malloc_growth,476,65536,18144.000000,16,0,6
malloc_growth,477,65536,18855.000000,16,0,6
malloc_growth,478,65536,22131.000000,16,0,6
malloc_growth,479,65536,19867.000000,16,0,6
malloc_growth,480,65536,20208.000000,16,0,6
malloc_growth,481,65536,18294.000000,16,0,6
malloc_growth,482,65536,18746.000000,16,0,6
malloc_growth,483,65536,104526.000000,16,0,6
malloc_growth,484,65536,18555.000000,16,0,6
malloc_growth,485,65536,19217.000000,16,0,6
malloc_growth,486,65536,20489.000000,16,0,6
malloc_growth,487,65536,18786.000000,16,0,6
malloc_growth,488,65536,18104.000000,16,0,6
malloc_growth,489,65536,21210.000000,16,0,6
malloc_growth,490,65536,20488.000000,16,0,6
malloc_growth,491,65536,42370.000000,16,0,6
malloc_growth,492,65536,20609.000000,16,0,6
malloc_growth,493,65536,19056.000000,16,0,6
malloc_growth,494,65536,18005.000000,16,0,6
malloc_growth,495,65536,19056.000000,16,0,6
malloc_growth,496,65536,18965.000000,16,0,6
malloc_growth,497,65536,18124.000000,16,0,6
malloc_growth,498,65536,18765.000000,16,0,6
malloc_growth,499,65536,20940.000000,16,0,6
malloc_growth,500,65536,18475.000000,16,0,6
malloc_growth,501,65536,31058.000000,16,0,6
malloc_growth,502,65536,18115.000000,16,0,6
malloc_growth,503,65536,18695.000000,16,0,6
malloc_growth,504,65536,18114.000000,16,0,6
malloc_growth,505,65536,18865.000000,16,0,6
malloc_growth,506,65536,19617.000000,16,0,6
malloc_growth,507,65536,18164.000000,16,0,6
malloc_growth,508,65536,18524.000000,16,0,6
malloc_growth,509,65536,19677.000000,16,0,6
malloc_growth,510,65536,18785.000000,16,0,6
malloc_growth,511,65536,19116.000000,16,0,6
prefaulted,0,65536,742.000000,3,0,7
prefaulted,1,65536,311.000000,0,0,7
prefaulted,2,65536,230.000000,0,0,7
prefaulted,3,65536,290.000000,0,0,7
prefaulted,4,65536,390.000000,0,0,7
prefaulted,5,65536,230.000000,0,0,7
prefaulted,6,65536,240.000000,0,0,7
prefaulted,7,65536,240.000000,0,0,7
prefaulted,8,65536,231.000000,0,0,7
prefaulted,9,65536,301.000000,0,0,7
prefaulted,10,65536,230.000000,0,0,7
prefaulted,11,65536,241.000000,0,0,7
prefaulted,12,65536,270.000000,0,0,7
prefaulted,13,65536,391.000000,0,0,7
prefaulted,14,65536,350.000000,0,0,7
prefaulted,15,65536,731.000000,0,0,7
prefaulted,16,65536,220.000000,0,0,7
prefaulted,17,65536,241.000000,0,0,7
prefaulted,18,65536,221.000000,0,0,7
prefaulted,19,65536,220.000000,0,0,7
prefaulted,20,65536,511.000000,0,0,7
prefaulted,21,65536,230.000000,0,0,7
prefaulted,22,65536,230.000000,0,0,7
prefaulted,23,65536,211.000000,0,0,7
prefaulted,24,65536,431.000000,0,0,7
prefaulted,25,65536,531.000000,0,0,7
prefaulted,26,65536,231.000000,0,0,7
prefaulted,27,65536,231.000000,0,0,7
prefaulted,28,65536,230.000000,0,0,7
prefaulted,29,65536,380.000000,0,0,7
prefaulted,30,65536,230.000000,0,0,7
prefaulted,31,65536,231.000000,0,0,7
prefaulted,32,65536,351.000000,0,0,7
prefaulted,33,65536,331.000000,0,0,7
prefaulted,34,65536,531.000000,0,0,7
prefaulted,35,65536,221.000000,0,0,7
prefaulted,36,65536,220.000000,0,0,7
prefaulted,37,65536,240.000000,0,0,7
prefaulted,38,65536,231.000000,0,0,7
prefaulted,39,65536,220.000000,0,0,7
prefaulted,40,65536,250.000000,0,0,7
prefaulted,41,65536,211.000000,0,0,7
prefaulted,42,65536,251.000000,0,0,7
prefaulted,43,65536,301.000000,0,0,7
prefaulted,44,65536,521.000000,0,0,7
prefaulted,45,65536,231.000000,0,0,7
prefaulted,46,65536,250.000000,0,0,7
prefaulted,47,65536,240.000000,0,0,7
prefaulted,48,65536,351.000000,0,0,7
prefaulted,49,65536,541.000000,0,0,7
prefaulted,50,65536,230.000000,0,0,7
prefaulted,51,65536,321.000000,0,0,7
prefaulted,52,65536,411.000000,0,0,7
prefaulted,53,65536,291.000000,0,0,7
prefaulted,54,65536,491.000000,0,0,7
prefaulted,55,65536,250.000000,0,0,7
prefaulted,56,65536,251.000000,0,0,7
prefaulted,57,65536,251.000000,0,0,7
prefaulted,58,65536,250.000000,0,0,7
prefaulted,59,65536,531.000000,0,0,7
prefaulted,60,65536,250.000000,0,0,7
prefaulted,61,65536,240.000000,0,0,7
prefaulted,62,65536,231.000000,0,0,7
prefaulted,63,65536,451.000000,0,0,7
prefaulted,64,65536,601.000000,0,0,7
prefaulted,65,65536,320.000000,0,0,7
prefaulted,66,65536,230.000000,0,0,7
prefaulted,67,65536,240.000000,0,0,7
prefaulted,68,65536,251.000000,0,0,7
prefaulted,69,65536,511.000000,0,0,7
prefaulted,70,65536,261.000000,0,0,7
prefaulted,71,65536,221.000000,0,0,7
prefaulted,72,65536,220.000000,0,0,7
prefaulted,73,65536,270.000000,0,0,7
prefaulted,74,65536,230.000000,0,0,7
prefaulted,75,65536,231.000000,0,0,7
prefaulted,76,65536,220.000000,0,0,7
prefaulted,77,65536,230.000000,0,0,7
prefaulted,78,65536,251.000000,0,0,7
prefaulted,79,65536,221.000000,0,0,7
prefaulted,80,65536,230.000000,0,0,7
prefaulted,81,65536,240.000000,0,0,7
prefaulted,82,65536,241.000000,0,0,7
prefaulted,83,65536,231.000000,0,0,7
prefaulted,84,65536,230.000000,0,0,7
prefaulted,85,65536,220.000000,0,0,7
prefaulted,86,65536,231.000000,0,0,7
prefaulted,87,65536,231.000000,0,0,7
prefaulted,88,65536,240.000000,0,0,7
prefaulted,89,65536,340.000000,0,0,7
prefaulted,90,65536,561.000000,0,0,7
prefaulted,91,65536,220.000000,0,0,7
prefaulted,92,65536,230.000000,0,0,7
prefaulted,93,65536,251.000000,0,0,7
prefaulted,94,65536,240.000000,0,0,7
prefaulted,95,65536,240.000000,0,0,7
prefaulted,96,65536,370.000000,0,0,7
prefaulted,97,65536,321.000000,0,0,7
prefaulted,98,65536,451.000000,0,0,7
prefaulted,99,65536,230.000000,0,0,7
prefaulted,100,65536,221.000000,0,0,7
prefaulted,101,65536,251.000000,0,0,7
prefaulted,102,65536,240.000000,0,0,7
prefaulted,103,65536,220.000000,0,0,7
prefaulted,104,65536,231.000000,0,0,7
prefaulted,105,65536,230.000000,0,0,7
prefaulted,106,65536,231.000000,0,0,7
prefaulted,107,65536,231.000000,0,0,7
prefaulted,108,65536,240.000000,0,0,7
prefaulted,109,65536,350.000000,0,0,7
prefaulted,110,65536,290.000000,0,0,7
prefaulted,111,65536,261.000000,0,0,7
prefaulted,112,65536,231.000000,0,0,7
prefaulted,113,65536,291.000000,0,0,7
prefaulted,114,65536,521.000000,0,0,7
prefaulted,115,65536,361.000000,0,0,7
prefaulted,116,65536,461.000000,0,0,7
prefaulted,117,65536,251.000000,0,0,7
prefaulted,118,65536,231.000000,0,0,7
prefaulted,119,65536,541.000000,0,0,7
prefaulted,120,65536,231.000000,0,0,7
prefaulted,121,65536,230.000000,0,0,7
prefaulted,122,65536,220.000000,0,0,7
prefaulted,123,65536,271.000000,0,0,7
prefaulted,124,65536,240.000000,0,0,7
prefaulted,125,65536,240.000000,0,0,7
prefaulted,126,65536,231.000000,0,0,7
prefaulted,127,65536,231.000000,0,0,7
prefaulted,128,65536,320.000000,0,0,7
prefaulted,129,65536,320.000000,0,0,7
prefaulted,130,65536,250.000000,0,0,7
prefaulted,131,65536,231.000000,0,0,7
prefaulted,132,65536,251.000000,0,0,7
prefaulted,133,65536,220.000000,0,0,7
prefaulted,134,65536,280.000000,0,0,7
prefaulted,135,65536,301.000000,0,0,7
prefaulted,136,65536,241.000000,0,0,7
prefaulted,137,65536,230.000000,0,0,7
prefaulted,138,65536,240.000000,0,0,7
prefaulted,139,65536,241.000000,0,0,7
prefaulted,140,65536,541.000000,0,0,7
prefaulted,141,65536,251.000000,0,0,7
prefaulted,142,65536,231.000000,0,0,7
prefaulted,143,65536,260.000000,0,0,7
prefaulted,144,65536,231.000000,0,0,7
prefaulted,145,65536,261.000000,0,0,7
prefaulted,146,65536,230.000000,0,0,7
prefaulted,147,65536,541.000000,0,0,7
prefaulted,148,65536,251.000000,0,0,7
prefaulted,149,65536,220.000000,0,0,7
prefaulted,150,65536,270.000000,0,0,7
prefaulted,151,65536,261.000000,0,0,7
prefaulted,152,65536,231.000000,0,0,7
prefaulted,153,65536,220.000000,0,0,7
prefaulted,154,65536,250.000000,0,0,7
prefaulted,155,65536,281.000000,0,0,7
prefaulted,156,65536,291.000000,0,0,7
prefaulted,157,65536,221.000000,0,0,7
prefaulted,158,65536,220.000000,0,0,7
prefaulted,159,65536,320.000000,0,0,7
prefaulted,160,65536,351.000000,0,0,7
prefaulted,161,65536,440.000000,0,0,7
prefaulted,162,65536,220.000000,0,0,7
prefaulted,163,65536,231.000000,0,0,7
prefaulted,164,65536,241.000000,0,0,7
prefaulted,165,65536,271.000000,0,0,7
prefaulted,166,65536,230.000000,0,0,7
prefaulted,167,65536,230.000000,0,0,7
prefaulted,168,65536,221.000000,0,0,7
prefaulted,169,65536,521.000000,0,0,7
prefaulted,170,65536,231.000000,0,0,7
prefaulted,171,65536,230.000000,0,0,7
prefaulted,172,65536,250.000000,0,0,7
prefaulted,173,65536,460.000000,0,0,7
prefaulted,174,65536,551.000000,0,0,7
prefaulted,175,65536,281.000000,0,0,7
prefaulted,176,65536,240.000000,0,0,7
prefaulted,177,65536,240.000000,0,0,7
prefaulted,178,65536,231.000000,0,0,7
prefaulted,179,65536,231.000000,0,0,7
prefaulted,180,65536,230.000000,0,0,7
prefaulted,181,65536,230.000000,0,0,7
prefaulted,182,65536,231.000000,0,0,7
prefaulted,183,65536,281.000000,0,0,7
prefaulted,184,65536,240.000000,0,0,7
prefaulted,185,65536,310.000000,0,0,7
prefaulted,186,65536,260.000000,0,0,7
prefaulted,187,65536,221.000000,0,0,7
prefaulted,188,65536,201.000000,0,0,7
prefaulted,189,65536,220.000000,0,0,7
prefaulted,190,65536,360.000000,0,0,7
prefaulted,191,65536,220.000000,0,0,7
prefaulted,192,65536,341.000000,0,0,7
prefaulted,193,65536,321.000000,0,0,7
prefaulted,194,65536,251.000000,0,0,7
prefaulted,195,65536,301.000000,0,0,7
prefaulted,196,65536,261.000000,0,0,7
prefaulted,197,65536,230.000000,0,0,7
prefaulted,198,65536,330.000000,0,0,7
prefaulted,199,65536,661.000000,0,0,7
prefaulted,200,65536,401.000000,0,0,7
prefaulted,201,65536,231.000000,0,0,7
prefaulted,202,65536,241.000000,0,0,7
prefaulted,203,65536,230.000000,0,0,7
prefaulted,204,65536,240.000000,0,0,7
prefaulted,205,65536,221.000000,0,0,7
prefaulted,206,65536,230.000000,0,0,7
prefaulted,207,65536,250.000000,0,0,7
prefaulted,208,65536,271.000000,0,0,7
prefaulted,209,65536,241.000000,0,0,7
prefaulted,210,65536,231.000000,0,0,7
prefaulted,211,65536,280.000000,0,0,7
prefaulted,212,65536,240.000000,0,0,7
prefaulted,213,65536,220.000000,0,0,7
prefaulted,214,65536,231.000000,0,0,7
prefaulted,215,65536,220.000000,0,0,7
prefaulted,216,65536,220.000000,0,0,7
prefaulted,217,65536,221.000000,0,0,7
prefaulted,218,65536,231.000000,0,0,7
prefaulted,219,65536,230.000000,0,0,7
prefaulted,220,65536,561.000000,0,0,7
prefaulted,221,65536,220.000000,0,0,7
prefaulted,222,65536,230.000000,0,0,7
prefaulted,223,65536,251.000000,0,0,7
prefaulted,224,65536,691.000000,0,0,7
prefaulted,225,65536,581.000000,0,0,7
prefaulted,226,65536,251.000000,0,0,7
prefaulted,227,65536,250.000000,0,0,7
prefaulted,228,65536,310.000000,0,0,7
prefaulted,229,65536,230.000000,0,0,7
prefaulted,230,65536,351.000000,0,0,7
prefaulted,231,65536,231.000000,0,0,7
prefaulted,232,65536,271.000000,0,0,7
prefaulted,233,65536,240.000000,0,0,7
prefaulted,234,65536,231.000000,0,0,7
prefaulted,235,65536,220.000000,0,0,7
prefaulted,236,65536,250.000000,0,0,7
prefaulted,237,65536,231.000000,0,0,7
prefaulted,238,65536,241.000000,0,0,7
prefaulted,239,65536,220.000000,0,0,7
prefaulted,240,65536,250.000000,0,0,7
prefaulted,241,65536,231.000000,0,0,7
prefaulted,242,65536,231.000000,0,0,7
prefaulted,243,65536,230.000000,0,0,7
prefaulted,244,65536,250.000000,0,0,7
prefaulted,245,65536,581.000000,0,0,7
prefaulted,246,65536,260.000000,0,0,7
prefaulted,247,65536,270.000000,0,0,7
prefaulted,248,65536,240.000000,0,0,7
prefaulted,249,65536,561.000000,0,0,7
prefaulted,250,65536,230.000000,0,0,7
prefaulted,251,65536,230.000000,0,0,7
prefaulted,252,65536,231.000000,0,0,7
prefaulted,253,65536,291.000000,0,0,7
prefaulted,254,65536,220.000000,0,0,7
prefaulted,255,65536,340.000000,0,0,7
prefaulted,256,65536,341.000000,0,0,7
prefaulted,257,65536,340.000000,0,0,7
prefaulted,258,65536,380.000000,0,0,7
prefaulted,259,65536,210.000000,0,0,7
prefaulted,260,65536,221.000000,0,0,7
prefaulted,261,65536,220.000000,0,0,7
prefaulted,262,65536,220.000000,0,0,7
prefaulted,263,65536,221.000000,0,0,7
prefaulted,264,65536,211.000000,0,0,7
prefaulted,265,65536,270.000000,0,0,7
prefaulted,266,65536,230.000000,0,0,7
prefaulted,267,65536,231.000000,0,0,7
prefaulted,268,65536,251.000000,0,0,7
prefaulted,269,65536,210.000000,0,0,7
prefaulted,270,65536,350.000000,0,0,7
prefaulted,271,65536,220.000000,0,0,7
prefaulted,272,65536,221.000000,0,0,7
prefaulted,273,65536,220.000000,0,0,7
prefaulted,274,65536,260.000000,0,0,7
prefaulted,275,65536,300.000000,0,0,7
prefaulted,276,65536,251.000000,0,0,7
prefaulted,277,65536,241.000000,0,0,7
prefaulted,278,65536,230.000000,0,0,7
prefaulted,279,65536,240.000000,0,0,7
prefaulted,280,65536,221.000000,0,0,7
prefaulted,281,65536,221.000000,0,0,7
prefaulted,282,65536,220.000000,0,0,7
prefaulted,283,65536,250.000000,0,0,7
prefaulted,284,65536,251.000000,0,0,7
prefaulted,285,65536,221.000000,0,0,7
prefaulted,286,65536,260.000000,0,0,7
prefaulted,287,65536,250.000000,0,0,7
prefaulted,288,65536,340.000000,0,0,7
prefaulted,289,65536,341.000000,0,0,7
prefaulted,290,65536,281.000000,0,0,7
prefaulted,291,65536,391.000000,0,0,7
prefaulted,292,65536,331.000000,0,0,7
prefaulted,293,65536,351.000000,0,0,7
prefaulted,294,65536,271.000000,0,0,7
prefaulted,295,65536,340.000000,0,0,7
prefaulted,296,65536,751.000000,0,0,7
prefaulted,297,65536,270.000000,0,0,7
prefaulted,298,65536,330.000000,0,0,7
prefaulted,299,65536,300.000000,0,0,7
prefaulted,300,65536,240.000000,0,0,7
prefaulted,301,65536,331.000000,0,0,7
prefaulted,302,65536,240.000000,0,0,7
prefaulted,303,65536,241.000000,0,0,7
prefaulted,304,65536,270.000000,0,0,7
prefaulted,305,65536,211.000000,0,0,7
prefaulted,306,65536,230.000000,0,0,7
prefaulted,307,65536,230.000000,0,0,7
prefaulted,308,65536,250.000000,0,0,7
prefaulted,309,65536,401.000000,0,0,7
prefaulted,310,65536,301.000000,0,0,7
prefaulted,311,65536,281.000000,0,0,7
prefaulted,312,65536,270.000000,0,0,7
prefaulted,313,65536,230.000000,0,0,7
prefaulted,314,65536,310.000000,0,0,7
prefaulted,315,65536,250.000000,0,0,7
prefaulted,316,65536,411.000000,0,0,7
prefaulted,317,65536,301.000000,0,0,7
prefaulted,318,65536,231.000000,0,0,7
prefaulted,319,65536,241.000000,0,0,7
prefaulted,320,65536,531.000000,0,0,7
prefaulted,321,65536,261.000000,0,0,7
prefaulted,322,65536,280.000000,0,0,7
prefaulted,323,65536,251.000000,0,0,7
prefaulted,324,65536,221.000000,0,0,7
prefaulted,325,65536,251.000000,0,0,7
prefaulted,326,65536,241.000000,0,0,7
prefaulted,327,65536,280.000000,0,0,7
prefaulted,328,65536,280.000000,0,0,7
prefaulted,329,65536,271.000000,0,0,7
prefaulted,330,65536,251.000000,0,0,7
prefaulted,331,65536,230.000000,0,0,7
prefaulted,332,65536,260.000000,0,0,7
prefaulted,333,65536,261.000000,0,0,7
prefaulted,334,65536,231.000000,0,0,7
prefaulted,335,65536,240.000000,0,0,7
prefaulted,336,65536,220.000000,0,0,7
prefaulted,337,65536,241.000000,0,0,7
prefaulted,338,65536,240.000000,0,0,7
prefaulted,339,65536,240.000000,0,0,7
prefaulted,340,65536,221.000000,0,0,7
prefaulted,341,65536,230.000000,0,0,7
prefaulted,342,65536,230.000000,0,0,7
prefaulted,343,65536,241.000000,0,0,7
prefaulted,344,65536,231.000000,0,0,7
prefaulted,345,65536,210.000000,0,0,7
prefaulted,346,65536,231.000000,0,0,7
prefaulted,347,65536,221.000000,0,0,7
prefaulted,348,65536,401.000000,0,0,7
prefaulted,349,65536,220.000000,0,0,7
prefaulted,350,65536,220.000000,0,0,7
prefaulted,351,65536,221.000000,0,0,7
prefaulted,352,65536,391.000000,0,0,7
prefaulted,353,65536,321.000000,0,0,7
prefaulted,354,65536,230.000000,0,0,7
prefaulted,355,65536,220.000000,0,0,7
prefaulted,356,65536,221.000000,0,0,7
prefaulted,357,65536,531.000000,0,0,7
prefaulted,358,65536,231.000000,0,0,7
prefaulted,359,65536,240.000000,0,0,7
prefaulted,360,65536,220.000000,0,0,7
prefaulted,361,65536,421.000000,0,0,7
prefaulted,362,65536,210.000000,0,0,7
prefaulted,363,65536,230.000000,0,0,7
prefaulted,364,65536,221.000000,0,0,7
prefaulted,365,65536,220.000000,0,0,7
prefaulted,366,65536,240.000000,0,0,7
prefaulted,367,65536,221.000000,0,0,7
prefaulted,368,65536,220.000000,0,0,7
prefaulted,369,65536,230.000000,0,0,7
prefaulted,370,65536,251.000000,0,0,7
prefaulted,371,65536,231.000000,0,0,7
prefaulted,372,65536,541.000000,0,0,7
prefaulted,373,65536,230.000000,0,0,7
prefaulted,374,65536,230.000000,0,0,7
prefaulted,375,65536,220.000000,0,0,7
prefaulted,376,65536,291.000000,0,0,7
prefaulted,377,65536,221.000000,0,0,7
prefaulted,378,65536,220.000000,0,0,7
prefaulted,379,65536,230.000000,0,0,7
prefaulted,380,65536,221.000000,0,0,7
prefaulted,381,65536,220.000000,0,0,7
prefaulted,382,65536,240.000000,0,0,7
prefaulted,383,65536,231.000000,0,0,7
prefaulted,384,65536,371.000000,0,0,7
prefaulted,385,65536,361.000000,0,0,7
prefaulted,386,65536,230.000000,0,0,7
prefaulted,387,65536,220.000000,0,0,7
prefaulted,388,65536,391.000000,0,0,7
prefaulted,389,65536,221.000000,0,0,7
prefaulted,390,65536,210.000000,0,0,7
prefaulted,391,65536,220.000000,0,0,7
prefaulted,392,65536,271.000000,0,0,7
prefaulted,393,65536,221.000000,0,0,7
prefaulted,394,65536,240.000000,0,0,7
prefaulted,395,65536,221.000000,0,0,7
prefaulted,396,65536,241.000000,0,0,7
prefaulted,397,65536,230.000000,0,0,7
prefaulted,398,65536,230.000000,0,0,7
prefaulted,399,65536,261.000000,0,0,7
prefaulted,400,65536,140.000000,0,0,7
prefaulted,401,65536,231.000000,0,0,7
prefaulted,402,65536,241.000000,0,0,7
prefaulted,403,65536,531.000000,0,0,7
prefaulted,404,65536,221.000000,0,0,7
prefaulted,405,65536,230.000000,0,0,7
prefaulted,406,65536,231.000000,0,0,7
prefaulted,407,65536,331.000000,0,0,7
prefaulted,408,65536,271.000000,0,0,7
prefaulted,409,65536,220.000000,0,0,7
prefaulted,410,65536,130.000000,0,0,7
prefaulted,411,65536,261.000000,0,0,7
prefaulted,412,65536,230.000000,0,0,7
prefaulted,413,65536,210.000000,0,0,7
prefaulted,414,65536,261.000000,0,0,7
prefaulted,415,65536,240.000000,0,0,7
prefaulted,416,65536,350.000000,0,0,7
prefaulted,417,65536,410.000000,0,0,7
prefaulted,418,65536,230.000000,0,0,7
prefaulted,419,65536,241.000000,0,0,7
prefaulted,420,65536,221.000000,0,0,7
prefaulted,421,65536,220.000000,0,0,7
prefaulted,422,65536,220.000000,0,0,7
prefaulted,423,65536,261.000000,0,0,7
prefaulted,424,65536,241.000000,0,0,7
prefaulted,425,65536,240.000000,0,0,7
prefaulted,426,65536,130.000000,0,0,7
prefaulted,427,65536,231.000000,0,0,7
prefaulted,428,65536,230.000000,0,0,7
prefaulted,429,65536,220.000000,0,0,7
prefaulted,430,65536,261.000000,0,0,7
prefaulted,431,65536,231.000000,0,0,7
prefaulted,432,65536,230.000000,0,0,7
prefaulted,433,65536,240.000000,0,0,7
prefaulted,434,65536,221.000000,0,0,7
prefaulted,435,65536,411.000000,0,0,7
prefaulted,436,65536,241.000000,0,0,7
prefaulted,437,65536,240.000000,0,0,7
prefaulted,438,65536,250.000000,0,0,7
prefaulted,439,65536,231.000000,0,0,7
prefaulted,440,65536,241.000000,0,0,7
prefaulted,441,65536,230.000000,0,0,7
prefaulted,442,65536,231.000000,0,0,7
prefaulted,443,65536,231.000000,0,0,7
prefaulted,444,65536,230.000000,0,0,7
prefaulted,445,65536,240.000000,0,0,7
prefaulted,446,65536,231.000000,0,0,7
prefaulted,447,65536,240.000000,0,0,7
prefaulted,448,65536,350.000000,0,0,7
prefaulted,449,65536,340.000000,0,0,7
prefaulted,450,65536,230.000000,0,0,7
prefaulted,451,65536,271.000000,0,0,7
prefaulted,452,65536,261.000000,0,0,7
prefaulted,453,65536,331.000000,0,0,7
prefaulted,454,65536,331.000000,0,0,7
prefaulted,455,65536,231.000000,0,0,7
prefaulted,456,65536,230.000000,0,0,7
prefaulted,457,65536,220.000000,0,0,7
prefaulted,458,65536,231.000000,0,0,7
prefaulted,459,65536,401.000000,0,0,7
prefaulted,460,65536,240.000000,0,0,7
prefaulted,461,65536,250.000000,0,0,7
prefaulted,462,65536,231.000000,0,0,7
prefaulted,463,65536,301.000000,0,0,7
prefaulted,464,65536,241.000000,0,0,7
prefaulted,465,65536,240.000000,0,0,7
prefaulted,466,65536,231.000000,0,0,7
prefaulted,467,65536,271.000000,0,0,7
prefaulted,468,65536,301.000000,0,0,7
prefaulted,469,65536,271.000000,0,0,7
prefaulted,470,65536,260.000000,0,0,7
prefaulted,471,65536,330.000000,0,0,7
prefaulted,472,65536,230.000000,0,0,7
prefaulted,473,65536,241.000000,0,0,7
prefaulted,474,65536,261.000000,0,0,7
prefaulted,475,65536,230.000000,0,0,7
prefaulted,476,65536,230.000000,0,0,7
prefaulted,477,65536,251.000000,0,0,7
prefaulted,478,65536,241.000000,0,0,7
prefaulted,479,65536,260.000000,0,0,7
prefaulted,480,65536,641.000000,0,0,7
prefaulted,481,65536,231.000000,0,0,7
prefaulted,482,65536,250.000000,0,0,7
prefaulted,483,65536,260.000000,0,0,7
prefaulted,484,65536,231.000000,0,0,7
prefaulted,485,65536,261.000000,0,0,7
prefaulted,486,65536,230.000000,0,0,7
prefaulted,487,65536,240.000000,0,0,7
prefaulted,488,65536,221.000000,0,0,7
prefaulted,489,65536,221.000000,0,0,7
prefaulted,490,65536,240.000000,0,0,7
prefaulted,491,65536,220.000000,0,0,7
prefaulted,492,65536,311.000000,0,0,7
prefaulted,493,65536,231.000000,0,0,7
prefaulted,494,65536,220.000000,0,0,7
prefaulted,495,65536,230.000000,0,0,7
prefaulted,496,65536,240.000000,0,0,7
prefaulted,497,65536,231.000000,0,0,7
prefaulted,498,65536,220.000000,0,0,7
prefaulted,499,65536,240.000000,0,0,7
prefaulted,500,65536,241.000000,0,0,7
prefaulted,501,65536,251.000000,0,0,7
prefaulted,502,65536,220.000000,0,0,7
prefaulted,503,65536,231.000000,0,0,7
prefaulted,504,65536,241.000000,0,0,7
prefaulted,505,65536,231.000000,0,0,7
prefaulted,506,65536,220.000000,0,0,7
prefaulted,507,65536,270.000000,0,0,7
prefaulted,508,65536,241.000000,0,0,7
prefaulted,509,65536,251.000000,0,0,7
prefaulted,510,65536,250.000000,0,0,7
prefaulted,511,65536,230.000000,0,0,7
malloc_growth,0,65536,28984.000000,19,0,7
malloc_growth,1,65536,18775.000000,16,0,7
malloc_growth,2,65536,18856.000000,16,0,7
malloc_growth,3,65536,19607.000000,16,0,7
malloc_growth,4,65536,17993.000000,16,0,7
malloc_growth,5,65536,41869.000000,16,0,7
malloc_growth,6,65536,20719.000000,16,0,7
malloc_growth,7,65536,18234.000000,16,0,7
malloc_growth,8,65536,17483.000000,16,0,7
malloc_growth,9,65536,18375.000000,16,0,7
malloc_growth,10,65536,17904.000000,16,0,7
malloc_growth,11,65536,17673.000000,16,0,7
malloc_growth,12,65536,18965.000000,16,0,7
malloc_growth,13,65536,17693.000000,16,0,7
malloc_growth,14,65536,18324.000000,16,0,7
malloc_growth,15,65536,18394.000000,16,0,7
malloc_growth,16,65536,17433.000000,16,0,7
malloc_growth,17,65536,18043.000000,16,0,7
malloc_growth,18,65536,19237.000000,16,0,7
malloc_growth,19,65536,17513.000000,16,0,7
malloc_growth,20,65536,28493.000000,16,0,7
malloc_growth,21,65536,29175.000000,16,0,7
malloc_growth,22,65536,19266.000000,16,0,7
malloc_growth,23,65536,18204.000000,16,0,7
malloc_growth,24,65536,19106.000000,16,0,7
malloc_growth,25,65536,18304.000000,16,0,7
malloc_growth,26,65536,18185.000000,16,0,7
malloc_growth,27,65536,18385.000000,16,0,7
malloc_growth,28,65536,17733.000000,16,0,7
malloc_growth,29,65536,18304.000000,16,0,7
malloc_growth,30,65536,19446.000000,16,0,7
malloc_growth,31,65536,19977.000000,16,0,7
malloc_growth,32,65536,24596.000000,16,0,7
malloc_growth,33,65536,19316.000000,16,0,7
malloc_growth,34,65536,18826.000000,16,0,7
malloc_growth,35,65536,19496.000000,16,0,7
malloc_growth,36,65536,18855.000000,16,0,7
malloc_growth,37,65536,18364.000000,16,0,7
malloc_growth,38,65536,18906.000000,16,0,7
malloc_growth,39,65536,18274.000000,16,0,7
malloc_growth,40,65536,19136.000000,16,0,7
malloc_growth,41,65536,19427.000000,16,0,7
malloc_growth,42,65536,18696.000000,16,0,7
malloc_growth,43,65536,23115.000000,16,0,7
malloc_growth,44,65536,29445.000000,16,0,7
malloc_growth,45,65536,27882.000000,16,0,7
malloc_growth,46,65536,24246.000000,16,0,7
malloc_growth,47,65536,20469.000000,16,0,7
malloc_growth,48,65536,18204.000000,16,0,7
malloc_growth,49,65536,19346.000000,16,0,7
malloc_growth,50,65536,49664.000000,16,0,7
malloc_growth,51,65536,21310.000000,16,0,7
malloc_growth,52,65536,19026.000000,16,0,7
malloc_growth,53,65536,20799.000000,16,0,7
malloc_growth,54,65536,18425.000000,16,0,7
malloc_growth,55,65536,18204.000000,16,0,7
malloc_growth,56,65536,18365.000000,16,0,7
malloc_growth,57,65536,17665.000000,16,0,7
malloc_growth,58,65536,17974.000000,16,0,7
malloc_growth,59,65536,18494.000000,16,0,7
malloc_growth,60,65536,17383.000000,16,0,7
malloc_growth,61,65536,18074.000000,16,0,7
malloc_growth,62,65536,18274.000000,16,0,7
malloc_growth,63,65536,18164.000000,16,0,7
malloc_growth,64,65536,19216.000000,16,0,7
malloc_growth,65,65536,19076.000000,16,0,7
malloc_growth,66,65536,20078.000000,16,0,7
malloc_growth,67,65536,28754.000000,16,0,7
malloc_growth,68,65536,26089.000000,16,0,7
malloc_growth,69,65536,18775.000000,16,0,7
malloc_growth,70,65536,18815.000000,16,0,7
malloc_growth,71,65536,19287.000000,16,0,7
malloc_growth,72,65536,18635.000000,16,0,7
malloc_growth,73,65536,18595.000000,16,0,7
malloc_growth,74,65536,19146.000000,16,0,7
malloc_growth,75,65536,17874.000000,16,0,7
malloc_growth,76,65536,19427.000000,16,0,7
malloc_growth,77,65536,26901.000000,16,0,7
malloc_growth,78,65536,19817.000000,16,0,7
malloc_growth,79,65536,18214.000000,16,0,7
malloc_growth,80,65536,19346.000000,16,0,7
malloc_growth,81,65536,18645.000000,16,0,7
malloc_growth,82,65536,18986.000000,16,0,7
malloc_growth,83,65536,19156.000000,16,0,7
malloc_growth,84,65536,19466.000000,16,0,7
malloc_growth,85,65536,18385.000000,16,0,7
malloc_growth,86,65536,19587.000000,16,0,7
malloc_growth,87,65536,18354.000000,16,0,7
malloc_growth,88,65536,19587.000000,16,0,7
malloc_growth,89,65536,27581.000000,16,0,7
malloc_growth,90,65536,30058.000000,16,0,7
malloc_growth,91,65536,29716.000000,16,0,7
malloc_growth,92,65536,20929.000000,16,0,7
malloc_growth,93,65536,19857.000000,16,0,7
malloc_growth,94,65536,26219.000000,16,0,7
malloc_growth,95,65536,20628.000000,16,0,7
malloc_growth,96,65536,18015.000000,16,0,7
malloc_growth,97,65536,17924.000000,16,0,7
malloc_growth,98,65536,19006.000000,16,0,7
malloc_growth,99,65536,17924.000000,16,0,7
malloc_growth,100,65536,18114.000000,16,0,7
malloc_growth,101,65536,18926.000000,16,0,7
malloc_growth,102,65536,18385.000000,16,0,7
malloc_growth,103,65536,17784.000000,16,0,7
malloc_growth,104,65536,19036.000000,16,0,7
malloc_growth,105,65536,17955.000000,16,0,7
malloc_growth,106,65536,18164.000000,16,0,7
malloc_growth,107,65536,19997.000000,16,0,7
malloc_growth,108,65536,18194.000000,16,0,7
malloc_growth,109,65536,18414.000000,16,0,7
malloc_growth,110,65536,19527.000000,16,0,7
malloc_growth,111,65536,17964.000000,16,0,7
malloc_growth,112,65536,23454.000000,16,0,7
malloc_growth,113,65536,30368.000000,16,0,7
malloc_growth,114,65536,19466.000000,16,0,7
malloc_growth,115,65536,18375.000000,16,0,7
malloc_growth,116,65536,20208.000000,16,0,7
malloc_growth,117,65536,18355.000000,16,0,7
malloc_growth,118,65536,18043.000000,16,0,7
malloc_growth,119,65536,19086.000000,16,0,7
malloc_growth,120,65536,18645.000000,16,0,7
malloc_growth,121,65536,21020.000000,16,0,7
malloc_growth,122,65536,24716.000000,16,0,7
malloc_growth,123,65536,19246.000000,16,0,7
malloc_growth,124,65536,19025.000000,16,0,7
malloc_growth,125,65536,18295.000000,16,0,7
malloc_growth,126,65536,18104.000000,16,0,7
malloc_growth,127,65536,19397.000000,16,0,7
malloc_growth,128,65536,17824.000000,16,0,7
malloc_growth,129,65536,18014.000000,16,0,7
malloc_growth,130,65536,18455.000000,16,0,7
malloc_growth,131,65536,17994.000000,16,0,7
malloc_growth,132,65536,17903.000000,16,0,7
malloc_growth,133,65536,19146.000000,16,0,7
malloc_growth,134,65536,17853.000000,16,0,7
malloc_growth,135,65536,19927.000000,16,0,7
malloc_growth,136,65536,29174.000000,16,0,7
malloc_growth,137,65536,27181.000000,16,0,7
malloc_growth,138,65536,39634.000000,16,0,7
malloc_growth,139,65536,20759.000000,16,0,7
malloc_growth,140,65536,18275.000000,16,0,7
malloc_growth,141,65536,19146.000000,16,0,7
malloc_growth,142,65536,19246.000000,16,0,7
malloc_growth,143,65536,18565.000000,16,0,7
malloc_growth,144,65536,18335.000000,16,0,7
malloc_growth,145,65536,18896.000000,16,0,7
malloc_growth,146,65536,18214.000000,16,0,7
malloc_growth,147,65536,18244.000000,16,0,7
malloc_growth,148,65536,19937.000000,16,0,7
malloc_growth,149,65536,18184.000000,16,0,7
malloc_growth,150,65536,18514.000000,16,0,7
malloc_growth,151,65536,20028.000000,16,0,7
malloc_growth,152,65536,18325.000000,16,0,7
malloc_growth,153,65536,18545.000000,16,0,7
malloc_growth,154,65536,18506.000000,16,0,7
malloc_growth,155,65536,19096.000000,16,0,7
malloc_growth,156,65536,18835.000000,16,0,7
malloc_growth,157,65536,19286.000000,16,0,7
malloc_growth,158,65536,18274.000000,16,0,7
malloc_growth,159,65536,18054.000000,16,0,7
malloc_growth,160,65536,25839.000000,16,0,7
malloc_growth,161,65536,27952.000000,16,0,7
malloc_growth,162,65536,27683.000000,16,0,7
malloc_growth,163,65536,22412.000000,16,0,7
malloc_growth,164,65536,18415.000000,16,0,7
malloc_growth,165,65536,20658.000000,16,0,7
malloc_growth,166,65536,18594.000000,16,0,7
malloc_growth,167,65536,19276.000000,16,0,7
malloc_growth,168,65536,26410.000000,16,0,7
malloc_growth,169,65536,18626.000000,16,0,7
malloc_growth,170,65536,19116.000000,16,0,7
malloc_growth,171,65536,19837.000000,16,0,7
malloc_growth,172,65536,18114.000000,16,0,7
malloc_growth,173,65536,18305.000000,16,0,7
malloc_growth,174,65536,19276.000000,16,0,7
malloc_growth,175,65536,18205.000000,16,0,7
malloc_growth,176,65536,18244.000000,16,0,7
malloc_growth,177,65536,19647.000000,16,0,7
malloc_growth,178,65536,18285.000000,16,0,7
malloc_growth,179,65536,18284.000000,16,0,7
malloc_growth,180,65536,20678.000000,16,0,7
malloc_growth,181,65536,18385.000000,16,0,7
malloc_growth,182,65536,18375.000000,16,0,7
malloc_growth,183,65536,18715.000000,16,0,7
malloc_growth,184,65536,19566.000000,16,0,7
malloc_growth,185,65536,39394.000000,16,0,7
malloc_growth,186,65536,20520.000000,16,0,7
malloc_growth,187,65536,18364.000000,16,0,7
malloc_growth,188,65536,18675.000000,16,0,7
malloc_growth,189,65536,19617.000000,16,0,7
malloc_growth,190,65536,18675.000000,16,0,7
malloc_growth,191,65536,18185.000000,16,0,7
malloc_growth,192,65536,19056.000000,16,0,7
malloc_growth,193,65536,18715.000000,16,0,7
malloc_growth,194,65536,18244.000000,16,0,7
malloc_growth,195,65536,20039.000000,16,0,7
malloc_growth,196,65536,18434.000000,16,0,7
malloc_growth,197,65536,18675.000000,16,0,7
malloc_growth,198,65536,20057.000000,16,0,7
malloc_growth,199,65536,17904.000000,16,0,7
malloc_growth,200,65536,18755.000000,16,0,7
malloc_growth,201,65536,19567.000000,16,0,7
malloc_growth,202,65536,18244.000000,16,0,7
malloc_growth,203,65536,18625.000000,16,0,7
malloc_growth,204,65536,19258.000000,16,0,7
malloc_growth,205,65536,18505.000000,16,0,7
malloc_growth,206,65536,18825.000000,16,0,7
malloc_growth,207,65536,20388.000000,16,0,7
malloc_growth,208,65536,27341.000000,16,0,7
malloc_growth,209,65536,30657.000000,16,0,7
malloc_growth,210,65536,27501.000000,16,0,7
malloc_growth,211,65536,18606.000000,16,0,7
malloc_growth,212,65536,21160.000000,16,0,7
malloc_growth,213,65536,18635.000000,16,0,7
malloc_growth,214,65536,23844.000000,16,0,7
malloc_growth,215,65536,22081.000000,16,0,7
malloc_growth,216,65536,18465.000000,16,0,7
malloc_growth,217,65536,18434.000000,16,0,7
malloc_growth,218,65536,19627.000000,16,0,7
malloc_growth,219,65536,18606.000000,16,0,7
malloc_growth,220,65536,18194.000000,16,0,7
malloc_growth,221,65536,19447.000000,16,0,7
malloc_growth,222,65536,28634.000000,16,0,7
malloc_growth,223,65536,24386.000000,16,0,7
malloc_growth,224,65536,23444.000000,16,0,7
malloc_growth,225,65536,18515.000000,16,0,7
malloc_growth,226,65536,17814.000000,16,0,7
malloc_growth,227,65536,18886.000000,16,0,7
malloc_growth,228,65536,18795.000000,16,0,7
malloc_growth,229,65536,34715.000000,16,0,7
malloc_growth,230,65536,31910.000000,16,0,7
malloc_growth,231,65536,21831.000000,16,0,7
malloc_growth,232,65536,18064.000000,16,0,7
malloc_growth,233,65536,21180.000000,16,0,7
malloc_growth,234,65536,17965.000000,16,0,7
malloc_growth,235,65536,18525.000000,16,0,7
malloc_growth,236,65536,19055.000000,16,0,7
malloc_growth,237,65536,18846.000000,16,0,7
malloc_growth,238,65536,19918.000000,16,0,7
malloc_growth,239,65536,19156.000000,16,0,7
malloc_growth,240,65536,19056.000000,16,0,7
malloc_growth,241,65536,17924.000000,16,0,7
malloc_growth,242,65536,18645.000000,16,0,7
malloc_growth,243,65536,18235.000000,16,0,7
malloc_growth,244,65536,19487.000000,16,0,7
malloc_growth,245,65536,18765.000000,16,0,7
malloc_growth,246,65536,18464.000000,16,0,7
malloc_growth,247,65536,18164.000000,16,0,7
malloc_growth,248,65536,18465.000000,16,0,7
malloc_growth,249,65536,18345.000000,16,0,7
malloc_growth,250,65536,18895.000000,16,0,7
malloc_growth,251,65536,18605.000000,16,0,7
malloc_growth,252,65536,29256.000000,16,0,7
malloc_growth,253,65536,29124.000000,16,0,7
malloc_growth,254,65536,27732.000000,16,0,7
malloc_growth,255,65536,19717.000000,16,0,7
malloc_growth,256,65536,19557.000000,16,0,7
malloc_growth,257,65536,18454.000000,16,0,7
malloc_growth,258,65536,18344.000000,16,0,7
malloc_growth,259,65536,25338.000000,16,0,7
malloc_growth,260,65536,21871.000000,16,0,7
malloc_growth,261,65536,17954.000000,16,0,7
malloc_growth,262,65536,30627.000000,16,0,7
malloc_growth,263,65536,24215.000000,16,0,7
malloc_growth,264,65536,23234.000000,16,0,7
malloc_growth,265,65536,27834.000000,16,0,7
malloc_growth,266,65536,18805.000000,16,0,7
malloc_growth,267,65536,19566.000000,16,0,7
malloc_growth,268,65536,19336.000000,16,0,7
malloc_growth,269,65536,27141.000000,16,0,7
malloc_growth,270,65536,25167.000000,16,0,7
malloc_growth,271,65536,96121.000000,16,0,7
malloc_growth,272,65536,23494.000000,16,0,7
malloc_growth,273,65536,18475.000000,16,0,7
malloc_growth,274,65536,20408.000000,16,0,7
malloc_growth,275,65536,18194.000000,16,0,7
malloc_growth,276,65536,18965.000000,16,0,7
malloc_growth,277,65536,19277.000000,16,0,7
malloc_growth,278,65536,18234.000000,16,0,7
malloc_growth,279,65536,18174.000000,16,0,7
malloc_growth,280,65536,19246.000000,16,0,7
malloc_growth,281,65536,18425.000000,16,0,7
malloc_growth,282,65536,18715.000000,16,0,7
malloc_growth,283,65536,19036.000000,16,0,7
malloc_growth,284,65536,18304.000000,16,0,7
malloc_growth,285,65536,18194.000000,16,0,7
malloc_growth,286,65536,19267.000000,16,0,7
malloc_growth,287,65536,18003.000000,16,0,7
malloc_growth,288,65536,18375.000000,16,0,7
malloc_growth,289,65536,18876.000000,16,0,7
malloc_growth,290,65536,18024.000000,16,0,7
malloc_growth,291,65536,18986.000000,16,0,7
malloc_growth,292,65536,18215.000000,16,0,7
malloc_growth,293,65536,19988.000000,16,0,7
malloc_growth,294,65536,29135.000000,16,0,7
malloc_growth,295,65536,26761.000000,16,0,7
malloc_growth,296,65536,29455.000000,16,0,7
malloc_growth,297,65536,26329.000000,16,0,7
malloc_growth,298,65536,18244.000000,16,0,7
malloc_growth,299,65536,22262.000000,16,0,7
malloc_growth,300,65536,28714.000000,16,0,7
malloc_growth,301,65536,26721.000000,16,0,7
malloc_growth,302,65536,28253.000000,16,0,7
malloc_growth,303,65536,26980.000000,16,0,7
malloc_growth,304,65536,24696.000000,16,0,7
malloc_growth,305,65536,26339.000000,16,0,7
malloc_growth,306,65536,26229.000000,16,0,7
malloc_growth,307,65536,27242.000000,16,0,7
malloc_growth,308,65536,30848.000000,16,0,7
malloc_growth,309,65536,23794.000000,16,0,7
malloc_growth,310,65536,43782.000000,16,0,7
malloc_growth,311,65536,28965.000000,16,0,7
malloc_growth,312,65536,23774.000000,16,0,7
malloc_growth,313,65536,19015.000000,16,0,7
malloc_growth,314,65536,18695.000000,16,0,7
malloc_growth,315,65536,19647.000000,16,0,7
malloc_growth,316,65536,18454.000000,16,0,7
malloc_growth,317,65536,18485.000000,16,0,7
malloc_growth,318,65536,19696.000000,16,0,7
malloc_growth,319,65536,21470.000000,16,0,7
malloc_growth,320,65536,29897.000000,16,0,7
malloc_growth,321,65536,30497.000000,16,0,7
malloc_growth,322,65536,28343.000000,16,0,7
malloc_growth,323,65536,27461.000000,16,0,7
malloc_growth,324,65536,29686.000000,16,0,7
malloc_growth,325,65536,27862.000000,16,0,7
malloc_growth,326,65536,30849.000000,16,0,7
malloc_growth,327,65536,25768.000000,16,0,7
malloc_growth,328,65536,19086.000000,16,0,7
malloc_growth,329,65536,19085.000000,16,0,7
malloc_growth,330,65536,21591.000000,16,0,7
malloc_growth,331,65536,28944.000000,16,0,7
malloc_growth,332,65536,20298.000000,16,0,7
malloc_growth,333,65536,20489.000000,16,0,7
malloc_growth,334,65536,19367.000000,16,0,7
malloc_growth,335,65536,18836.000000,16,0,7
malloc_growth,336,65536,20459.000000,16,0,7
malloc_growth,337,65536,25789.000000,16,0,7
malloc_growth,338,65536,23554.000000,16,0,7
malloc_growth,339,65536,21039.000000,16,0,7
malloc_growth,340,65536,21751.000000,16,0,7
malloc_growth,341,65536,19748.000000,16,0,7
malloc_growth,342,65536,19898.000000,16,0,7
malloc_growth,343,65536,18875.000000,16,0,7
malloc_growth,344,65536,18474.000000,16,0,7
malloc_growth,345,65536,19396.000000,16,0,7
malloc_growth,346,65536,20499.000000,16,0,7
malloc_growth,347,65536,20479.000000,16,0,7
malloc_growth,348,65536,19286.000000,16,0,7
malloc_growth,349,65536,18656.000000,16,0,7
malloc_growth,350,65536,47830.000000,16,0,7
malloc_growth,351,65536,28804.000000,16,0,7
malloc_growth,352,65536,27872.000000,16,0,7
malloc_growth,353,65536,28443.000000,16,0,7
malloc_growth,354,65536,29126.000000,16,0,7
malloc_growth,355,65536,19637.000000,16,0,7
malloc_growth,356,65536,18345.000000,16,0,7
malloc_growth,357,65536,19968.000000,16,0,7
malloc_growth,358,65536,20709.000000,16,0,7
malloc_growth,359,65536,27582.000000,16,0,7
malloc_growth,360,65536,21972.000000,16,0,7
malloc_growth,361,65536,19196.000000,16,0,7
malloc_growth,362,65536,19006.000000,16,0,7
malloc_growth,363,65536,19126.000000,16,0,7
malloc_growth,364,65536,18485.000000,16,0,7
malloc_growth,365,65536,18525.000000,16,0,7
malloc_growth,366,65536,19136.000000,16,0,7
malloc_growth,367,65536,18836.000000,16,0,7
malloc_growth,368,65536,18735.000000,16,0,7
malloc_growth,369,65536,20479.000000,16,0,7
malloc_growth,370,65536,18786.000000,16,0,7
malloc_growth,371,65536,18286.000000,16,0,7
malloc_growth,372,65536,20228.000000,16,0,7
malloc_growth,373,65536,18355.000000,16,0,7
malloc_growth,374,65536,17954.000000,16,0,7
malloc_growth,375,65536,29615.000000,16,0,7
malloc_growth,376,65536,28093.000000,16,0,7
malloc_growth,377,65536,31028.000000,16,0,7
malloc_growth,378,65536,25417.000000,16,0,7
malloc_growth,379,65536,25287.000000,16,0,7
malloc_growth,380,65536,20529.000000,16,0,7
malloc_growth,381,65536,18665.000000,16,0,7
malloc_growth,382,65536,18434.000000,16,0,7
malloc_growth,383,65536,20779.000000,16,0,7
malloc_growth,384,65536,18975.000000,16,0,7
malloc_growth,385,65536,18927.000000,16,0,7
malloc_growth,386,65536,19567.000000,16,0,7
malloc_growth,387,65536,19506.000000,16,0,7
malloc_growth,388,65536,20018.000000,16,0,7
malloc_growth,389,65536,19016.000000,16,0,7
malloc_growth,390,65536,18655.000000,16,0,7
malloc_growth,391,65536,42058.000000,16,0,7
malloc_growth,392,65536,21019.000000,16,0,7
malloc_growth,393,65536,18235.000000,16,0,7
malloc_growth,394,65536,17874.000000,16,0,7
malloc_growth,395,65536,19356.000000,16,0,7
malloc_growth,396,65536,18715.000000,16,0,7
malloc_growth,397,65536,25147.000000,16,0,7
malloc_growth,398,65536,32130.000000,16,0,7
malloc_growth,399,65536,18315.000000,16,0,7
malloc_growth,400,65536,18736.000000,16,0,7
malloc_growth,401,65536,19327.000000,16,0,7
malloc_growth,402,65536,18746.000000,16,0,7
malloc_growth,403,65536,18415.000000,16,0,7
malloc_growth,404,65536,20509.000000,16,0,7
malloc_growth,405,65536,18344.000000,16,0,7
malloc_growth,406,65536,18314.000000,16,0,7
malloc_growth,407,65536,19146.000000,16,0,7
malloc_growth,408,65536,18063.000000,16,0,7
malloc_growth,409,65536,17925.000000,16,0,7
malloc_growth,410,65536,18445.000000,16,0,7
malloc_growth,411,65536,18444.000000,16,0,7
malloc_growth,412,65536,18465.000000,16,0,7
malloc_growth,413,65536,20068.000000,16,0,7
malloc_growth,414,65536,18084.000000,16,0,7
malloc_growth,415,65536,18335.000000,16,0,7
malloc_growth,416,65536,18836.000000,16,0,7
malloc_growth,417,65536,17522.000000,16,0,7
malloc_growth,418,65536,18526.000000,16,0,7
malloc_growth,419,65536,18024.000000,16,0,7
malloc_growth,420,65536,24116.000000,16,0,7
malloc_growth,421,65536,29476.000000,16,0,7
malloc_growth,422,65536,28172.000000,16,0,7
malloc_growth,423,65536,26360.000000,16,0,7
malloc_growth,424,65536,27092.000000,16,0,7
malloc_growth,425,65536,18405.000000,16,0,7
malloc_growth,426,65536,18494.000000,16,0,7
malloc_growth,427,65536,20478.000000,16,0,7
malloc_growth,428,65536,18695.000000,16,0,7
malloc_growth,429,65536,18274.000000,16,0,7
malloc_growth,430,65536,19266.000000,16,0,7
malloc_growth,431,65536,18114.000000,16,0,7
malloc_growth,432,65536,18735.000000,16,0,7
malloc_growth,433,65536,19798.000000,16,0,7
malloc_growth,434,65536,18675.000000,16,0,7
malloc_growth,435,65536,62447.000000,16,0,7
malloc_growth,436,65536,24656.000000,16,0,7
malloc_growth,437,65536,17844.000000,16,0,7
malloc_growth,438,65536,18264.000000,16,0,7
malloc_growth,439,65536,19166.000000,16,0,7
malloc_growth,440,65536,17823.000000,16,0,7
malloc_growth,441,65536,17874.000000,16,0,7
malloc_growth,442,65536,21601.000000,16,0,7
malloc_growth,443,65536,30247.000000,16,0,7
malloc_growth,444,65536,22402.000000,16,0,7
malloc_growth,445,65536,20578.000000,16,0,7
malloc_growth,446,65536,18074.000000,16,0,7
malloc_growth,447,65536,18205.000000,16,0,7
malloc_growth,448,65536,19286.000000,16,0,7
malloc_growth,449,65536,18705.000000,16,0,7
malloc_growth,450,65536,18074.000000,16,0,7
malloc_growth,451,65536,19025.000000,16,0,7
malloc_growth,452,65536,18324.000000,16,0,7
malloc_growth,453,65536,17743.000000,16,0,7
malloc_growth,454,65536,19106.000000,16,0,7
malloc_growth,455,65536,18134.000000,16,0,7
malloc_growth,456,65536,18695.000000,16,0,7
malloc_growth,457,65536,20007.000000,16,0,7
malloc_growth,458,65536,17693.000000,16,0,7
malloc_growth,459,65536,17633.000000,16,0,7
malloc_growth,460,65536,18554.000000,16,0,7
malloc_growth,461,65536,17874.000000,16,0,7
malloc_growth,462,65536,18625.000000,16,0,7
malloc_growth,463,65536,18875.000000,16,0,7
malloc_growth,464,65536,18515.000000,16,0,7
malloc_growth,465,65536,19838.000000,16,0,7
malloc_growth,466,65536,26831.000000,16,0,7
malloc_growth,467,65536,26540.000000,16,0,7
malloc_growth,468,65536,31419.000000,16,0,7
malloc_growth,469,65536,26089.000000,16,0,7
malloc_growth,470,65536,17974.000000,16,0,7
malloc_growth,471,65536,21601.000000,16,0,7
malloc_growth,472,65536,18636.000000,16,0,7
malloc_growth,473,65536,18535.000000,16,0,7
malloc_growth,474,65536,19507.000000,16,0,7
malloc_growth,475,65536,18285.000000,16,0,7
malloc_growth,476,65536,19146.000000,16,0,7
malloc_growth,477,65536,19927.000000,16,0,7
malloc_growth,478,65536,18164.000000,16,0,7
malloc_growth,479,65536,31599.000000,16,0,7
malloc_growth,480,65536,20438.000000,16,0,7
malloc_growth,481,65536,18095.000000,16,0,7
malloc_growth,482,65536,18394.000000,16,0,7
malloc_growth,483,65536,18925.000000,16,0,7
malloc_growth,484,65536,18855.000000,16,0,7
malloc_growth,485,65536,18655.000000,16,0,7
malloc_growth,486,65536,19607.000000,16,0,7
malloc_growth,487,65536,18395.000000,16,0,7
malloc_growth,488,65536,19086.000000,16,0,7
malloc_growth,489,65536,19447.000000,16,0,7
malloc_growth,490,65536,24226.000000,16,0,7
malloc_growth,491,65536,22252.000000,16,0,7
malloc_growth,492,65536,18986.000000,16,0,7
malloc_growth,493,65536,17984.000000,16,0,7
malloc_growth,494,65536,17824.000000,16,0,7
malloc_growth,495,65536,18725.000000,16,0,7
malloc_growth,496,65536,18574.000000,16,0,7
malloc_growth,497,65536,18064.000000,16,0,7
malloc_growth,498,65536,19267.000000,16,0,7
malloc_growth,499,65536,17593.000000,16,0,7
malloc_growth,500,65536,18806.000000,16,0,7
malloc_growth,501,65536,20839.000000,16,0,7
malloc_growth,502,65536,18254.000000,16,0,7
malloc_growth,503,65536,18745.000000,16,0,7
malloc_growth,504,65536,18103.000000,16,0,7
malloc_growth,505,65536,18354.000000,16,0,7
malloc_growth,506,65536,18915.000000,16,0,7
malloc_growth,507,65536,18576.000000,16,0,7
malloc_growth,508,65536,18365.000000,16,0,7
malloc_growth,509,65536,19246.000000,16,0,7
malloc_growth,510,65536,18875.000000,16,0,7
malloc_growth,511,65536,19176.000000,16,0,7
first_touch,0,65536,21511.000000,19,0,7
first_touch,1,65536,19567.000000,16,0,7
first_touch,2,65536,19227.000000,16,0,7
first_touch,3,65536,18345.000000,16,0,7
first_touch,4,65536,18916.000000,16,0,7
first_touch,5,65536,20097.000000,16,0,7
first_touch,6,65536,18164.000000,16,0,7
first_touch,7,65536,18054.000000,16,0,7
first_touch,8,65536,18176.000000,16,0,7
first_touch,9,65536,18735.000000,16,0,7
first_touch,10,65536,18625.000000,16,0,7
first_touch,11,65536,18364.000000,16,0,7
first_touch,12,65536,18494.000000,16,0,7
first_touch,13,65536,18204.000000,16,0,7
first_touch,14,65536,18094.000000,16,0,7
first_touch,15,65536,20759.000000,16,0,7
first_touch,16,65536,23454.000000,16,0,7
first_touch,17,65536,18456.000000,16,0,7
first_touch,18,65536,24125.000000,16,0,7
first_touch,19,65536,17964.000000,16,0,7
first_touch,20,65536,24116.000000,16,0,7
first_touch,21,65536,17954.000000,16,0,7
first_touch,22,65536,24657.000000,16,0,7
first_touch,23,65536,22943.000000,16,0,7
first_touch,24,65536,18865.000000,16,0,7
first_touch,25,65536,19587.000000,16,0,7
first_touch,26,65536,18485.000000,16,0,7
first_touch,27,65536,18454.000000,16,0,7
first_touch,28,65536,18374.000000,16,0,7
first_touch,29,65536,18264.000000,16,0,7
first_touch,30,65536,18294.000000,16,0,7
first_touch,31,65536,18014.000000,16,0,7
first_touch,32,65536,19086.000000,16,0,7
first_touch,33,65536,18925.000000,16,0,7
first_touch,34,65536,18245.000000,16,0,7
first_touch,35,65536,19597.000000,16,0,7
first_touch,36,65536,22141.000000,16,0,7
first_touch,37,65536,22402.000000,16,0,7
first_touch,38,65536,17833.000000,16,0,7
first_touch,39,65536,18134.000000,16,0,7
first_touch,40,65536,17954.000000,16,0,7
first_touch,41,65536,38313.000000,16,0,7
first_touch,42,65536,19457.000000,16,0,7
first_touch,43,65536,18205.000000,16,0,7
first_touch,44,65536,18575.000000,16,0,7
first_touch,45,65536,18455.000000,16,0,7
first_touch,46,65536,18595.000000,16,0,7
first_touch,47,65536,18605.000000,16,0,7
first_touch,48,65536,18985.000000,16,0,7
first_touch,49,65536,19436.000000,16,0,7
first_touch,50,65536,18746.000000,16,0,7
first_touch,51,65536,18625.000000,16,0,7
first_touch,52,65536,19447.000000,16,0,7
first_touch,53,65536,18295.000000,16,0,7
first_touch,54,65536,18776.000000,16,0,7
first_touch,55,65536,18234.000000,16,0,7
first_touch,56,65536,19146.000000,16,0,7
first_touch,57,65536,18665.000000,16,0,7
first_touch,58,65536,18544.000000,16,0,7
first_touch,59,65536,18145.000000,16,0,7
first_touch,60,65536,18725.000000,16,0,7
first_touch,61,65536,18324.000000,16,0,7
first_touch,62,65536,18194.000000,16,0,7
first_touch,63,65536,17993.000000,16,0,7
first_touch,64,65536,20529.000000,16,0,7
first_touch,65,65536,17653.000000,16,0,7
first_touch,66,65536,18615.000000,16,0,7
first_touch,67,65536,18484.000000,16,0,7
first_touch,68,65536,19778.000000,16,0,7
first_touch,69,65536,31409.000000,16,0,7
first_touch,70,65536,18915.000000,16,0,7
first_touch,71,65536,17643.000000,16,0,7
first_touch,72,65536,18455.000000,16,0,7
first_touch,73,65536,17954.000000,16,0,7
first_touch,74,65536,17803.000000,16,0,7
first_touch,75,65536,18404.000000,16,0,7
first_touch,76,65536,20590.000000,16,0,7
first_touch,77,65536,23754.000000,16,0,7
first_touch,78,65536,25367.000000,16,0,7
first_touch,79,65536,25959.000000,16,0,7
first_touch,80,65536,19436.000000,16,0,7
first_touch,81,65536,18014.000000,16,0,7
first_touch,82,65536,18084.000000,16,0,7
first_touch,83,65536,21201.000000,16,0,7
first_touch,84,65536,24867.000000,16,0,7
first_touch,85,65536,17864.000000,16,0,7
first_touch,86,65536,18275.000000,16,0,7
first_touch,87,65536,32892.000000,16,0,7
first_touch,88,65536,18735.000000,16,0,7
first_touch,89,65536,18986.000000,16,0,7
first_touch,90,65536,18485.000000,16,0,7
first_touch,91,65536,18235.000000,16,0,7
first_touch,92,65536,19206.000000,16,0,7
first_touch,93,65536,19256.000000,16,0,7
first_touch,94,65536,18715.000000,16,0,7
first_touch,95,65536,18485.000000,16,0,7
first_touch,96,65536,19506.000000,16,0,7
first_touch,97,65536,18414.000000,16,0,7
first_touch,98,65536,18735.000000,16,0,7
first_touch,99,65536,18314.000000,16,0,7
first_touch,100,65536,18536.000000,16,0,7
first_touch,101,65536,18245.000000,16,0,7
first_touch,102,65536,18675.000000,16,0,7
first_touch,103,65536,19126.000000,16,0,7
first_touch,104,65536,18544.000000,16,0,7
first_touch,105,65536,18605.000000,16,0,7
first_touch,106,65536,17993.000000,16,0,7
first_touch,107,65536,19296.000000,16,0,7
first_touch,108,65536,18835.000000,16,0,7
first_touch,109,65536,18445.000000,16,0,7
first_touch,110,65536,18264.000000,16,0,7
first_touch,111,65536,18855.000000,16,0,7
first_touch,112,65536,18374.000000,16,0,7
first_touch,113,65536,18314.000000,16,0,7
first_touch,114,65536,18114.000000,16,0,7
first_touch,115,65536,18154.000000,16,0,7
first_touch,116,65536,18315.000000,16,0,7
first_touch,117,65536,18024.000000,16,0,7
first_touch,118,65536,18515.000000,16,0,7
first_touch,119,65536,17914.000000,16,0,7
first_touch,120,65536,18084.000000,16,0,7
first_touch,121,65536,18284.000000,16,0,7
first_touch,122,65536,20478.000000,16,0,7
first_touch,123,65536,17703.000000,16,0,7
first_touch,124,65536,18454.000000,16,0,7
first_touch,125,65536,18444.000000,16,0,7
first_touch,126,65536,18324.000000,16,0,7
first_touch,127,65536,18576.000000,16,0,7
first_touch,128,65536,19597.000000,16,0,7
first_touch,129,65536,18905.000000,16,0,7
first_touch,130,65536,18054.000000,16,0,7
first_touch,131,65536,18906.000000,16,0,7
first_touch,132,65536,18465.000000,16,0,7
first_touch,133,65536,24886.000000,16,0,7
first_touch,134,65536,18154.000000,16,0,7
first_touch,135,65536,19016.000000,16,0,7
first_touch,136,65536,29455.000000,16,0,7
first_touch,137,65536,19646.000000,16,0,7
first_touch,138,65536,18705.000000,16,0,7
first_touch,139,65536,18575.000000,16,0,7
first_touch,140,65536,18024.000000,16,0,7
first_touch,141,65536,17883.000000,16,0,7
first_touch,142,65536,18024.000000,16,0,7
first_touch,143,65536,18514.000000,16,0,7
first_touch,144,65536,17965.000000,16,0,7
first_touch,145,65536,17994.000000,16,0,7
first_touch,146,65536,18665.000000,16,0,7
first_touch,147,65536,18736.000000,16,0,7
first_touch,148,65536,19126.000000,16,0,7
first_touch,149,65536,18304.000000,16,0,7
first_touch,150,65536,18915.000000,16,0,7
first_touch,151,65536,20138.000000,16,0,7
first_touch,152,65536,18104.000000,16,0,7
first_touch,153,65536,18736.000000,16,0,7
first_touch,154,65536,18925.000000,16,0,7
first_touch,155,65536,18314.000000,16,0,7
first_touch,156,65536,18535.000000,16,0,7
first_touch,157,65536,19316.000000,16,0,7
first_touch,158,65536,19667.000000,16,0,7
first_touch,159,65536,18825.000000,16,0,7
first_touch,160,65536,19556.000000,16,0,7
first_touch,161,65536,18205.000000,16,0,7
first_touch,162,65536,18645.000000,16,0,7
first_touch,163,65536,18164.000000,16,0,7
first_touch,164,65536,18304.000000,16,0,7
first_touch,165,65536,21470.000000,16,0,7
first_touch,166,65536,28383.000000,16,0,7
first_touch,167,65536,18494.000000,16,0,7
first_touch,168,65536,18384.000000,16,0,7
first_touch,169,65536,18054.000000,16,0,7
first_touch,170,65536,18215.000000,16,0,7
first_touch,171,65536,18405.000000,16,0,7
first_touch,172,65536,17794.000000,16,0,7
first_touch,173,65536,17784.000000,16,0,7
first_touch,174,65536,17734.000000,16,0,7
first_touch,175,65536,18084.000000,16,0,7
first_touch,176,65536,17853.000000,16,0,7
first_touch,177,65536,17974.000000,16,0,7
first_touch,178,65536,17784.000000,16,0,7
first_touch,179,65536,18085.000000,16,0,7
first_touch,180,65536,17953.000000,16,0,7
first_touch,181,65536,19116.000000,16,0,7
first_touch,182,65536,22933.000000,16,0,7
first_touch,183,65536,20017.000000,16,0,7
first_touch,184,65536,66856.000000,16,0,7
first_touch,185,65536,18305.000000,16,0,7
first_touch,186,65536,17954.000000,16,0,7
first_touch,187,65536,18144.000000,16,0,7
first_touch,188,65536,18084.000000,16,0,7
first_touch,189,65536,18234.000000,16,0,7
first_touch,190,65536,18195.000000,16,0,7
first_touch,191,65536,18254.000000,16,0,7
first_touch,192,65536,19016.000000,16,0,7
first_touch,193,65536,18334.000000,16,0,7
first_touch,194,65536,18145.000000,16,0,7
first_touch,195,65536,18264.000000,16,0,7
first_touch,196,65536,17663.000000,16,0,7
first_touch,197,65536,18335.000000,16,0,7
first_touch,198,65536,18164.000000,16,0,7
first_touch,199,65536,18344.000000,16,0,7
first_touch,200,65536,18204.000000,16,0,7
first_touch,201,65536,18154.000000,16,0,7
first_touch,202,65536,18114.000000,16,0,7
first_touch,203,65536,18265.000000,16,0,7
first_touch,204,65536,17874.000000,16,0,7
first_touch,205,65536,17573.000000,16,0,7
first_touch,206,65536,18404.000000,16,0,7
first_touch,207,65536,18014.000000,16,0,7
first_touch,208,65536,18134.000000,16,0,7
first_touch,209,65536,18074.000000,16,0,7
first_touch,210,65536,19546.000000,16,0,7
first_touch,211,65536,18525.000000,16,0,7
first_touch,212,65536,18095.000000,16,0,7
first_touch,213,65536,17914.000000,16,0,7
first_touch,214,65536,17693.000000,16,0,7
first_touch,215,65536,18104.000000,16,0,7
first_touch,216,65536,18625.000000,16,0,7
first_touch,217,65536,18555.000000,16,0,7
first_touch,218,65536,18334.000000,16,0,7
first_touch,219,65536,18574.000000,16,0,7
first_touch,220,65536,18234.000000,16,0,7
first_touch,221,65536,18445.000000,16,0,7
first_touch,222,65536,17914.000000,16,0,7
first_touch,223,65536,18635.000000,16,0,7
first_touch,224,65536,19096.000000,16,0,7
first_touch,225,65536,19317.000000,16,0,7
first_touch,226,65536,18335.000000,16,0,7
first_touch,227,65536,18695.000000,16,0,7
first_touch,228,65536,19026.000000,16,0,7
first_touch,229,65536,17874.000000,16,0,7
first_touch,230,65536,22473.000000,16,0,7
first_touch,231,65536,26760.000000,16,0,7
first_touch,232,65536,44904.000000,16,0,7
first_touch,233,65536,20178.000000,16,0,7
first_touch,234,65536,17954.000000,16,0,7
first_touch,235,65536,18345.000000,16,0,7
first_touch,236,65536,17954.000000,16,0,7
first_touch,237,65536,18054.000000,16,0,7
first_touch,238,65536,17733.000000,16,0,7
first_touch,239,65536,19156.000000,16,0,7
first_touch,240,65536,18144.000000,16,0,7
first_touch,241,65536,17754.000000,16,0,7
first_touch,242,65536,17994.000000,16,0,7
first_touch,243,65536,17903.000000,16,0,7
first_touch,244,65536,18124.000000,16,0,7
first_touch,245,65536,18033.000000,16,0,7
first_touch,246,65536,17925.000000,16,0,7
first_touch,247,65536,18484.000000,16,0,7
first_touch,248,65536,17553.000000,16,0,7
first_touch,249,65536,17964.000000,16,0,7
first_touch,250,65536,18174.000000,16,0,7
first_touch,251,65536,18054.000000,16,0,7
first_touch,252,65536,17783.000000,16,0,7
first_touch,253,65536,18615.000000,16,0,7
first_touch,254,65536,18164.000000,16,0,7
first_touch,255,65536,17965.000000,16,0,7
first_touch,256,65536,18986.000000,16,0,7
first_touch,257,65536,18304.000000,16,0,7
first_touch,258,65536,17933.000000,16,0,7
first_touch,259,65536,17733.000000,16,0,7
first_touch,260,65536,17783.000000,16,0,7
first_touch,261,65536,17593.000000,16,0,7
first_touch,262,65536,26149.000000,16,0,7
first_touch,263,65536,27713.000000,16,0,7
first_touch,264,65536,17783.000000,16,0,7
first_touch,265,65536,18234.000000,16,0,7
first_touch,266,65536,18364.000000,16,0,7
first_touch,267,65536,17823.000000,16,0,7
first_touch,268,65536,19196.000000,16,0,7
first_touch,269,65536,18285.000000,16,0,7
first_touch,270,65536,18064.000000,16,0,7
first_touch,271,65536,17974.000000,16,0,7
first_touch,272,65536,18085.000000,16,0,7
first_touch,273,65536,17773.000000,16,0,7
first_touch,274,65536,18364.000000,16,0,7
first_touch,275,65536,18595.000000,16,0,7
first_touch,276,65536,17683.000000,16,0,7
first_touch,277,65536,18144.000000,16,0,7
first_touch,278,65536,18264.000000,16,0,7
first_touch,279,65536,25467.000000,16,0,7
first_touch,280,65536,35347.000000,16,0,7
first_touch,281,65536,18324.000000,16,0,7
first_touch,282,65536,18314.000000,16,0,7
first_touch,283,65536,19476.000000,16,0,7
first_touch,284,65536,18855.000000,16,0,7
first_touch,285,65536,18886.000000,16,0,7
first_touch,286,65536,18625.000000,16,0,7
first_touch,287,65536,18755.000000,16,0,7
first_touch,288,65536,19817.000000,16,0,7
first_touch,289,65536,18586.000000,16,0,7
first_touch,290,65536,18685.000000,16,0,7
first_touch,291,65536,18725.000000,16,0,7
first_touch,292,65536,18574.000000,16,0,7
first_touch,293,65536,18625.000000,16,0,7
first_touch,294,65536,18645.000000,16,0,7
first_touch,295,65536,18355.000000,16,0,7
first_touch,296,65536,18395.000000,16,0,7
first_touch,297,65536,18274.000000,16,0,7
first_touch,298,65536,18456.000000,16,0,7
first_touch,299,65536,18334.000000,16,0,7
first_touch,300,65536,17743.000000,16,0,7
first_touch,301,65536,17953.000000,16,0,7
first_touch,302,65536,18264.000000,16,0,7
first_touch,303,65536,18354.000000,16,0,7
first_touch,304,65536,18565.000000,16,0,7
first_touch,305,65536,18325.000000,16,0,7
first_touch,306,65536,18305.000000,16,0,7
first_touch,307,65536,18516.000000,16,0,7
first_touch,308,65536,18595.000000,16,0,7
first_touch,309,65536,18916.000000,16,0,7
first_touch,310,65536,18594.000000,16,0,7
first_touch,311,65536,18745.000000,16,0,7
first_touch,312,65536,19406.000000,16,0,7
first_touch,313,65536,18364.000000,16,0,7
first_touch,314,65536,18274.000000,16,0,7
first_touch,315,65536,18695.000000,16,0,7
first_touch,316,65536,18937.000000,16,0,7
first_touch,317,65536,18074.000000,16,0,7
first_touch,318,65536,18084.000000,16,0,7
first_touch,319,65536,18324.000000,16,0,7
first_touch,320,65536,18965.000000,16,0,7
first_touch,321,65536,18284.000000,16,0,7
first_touch,322,65536,18354.000000,16,0,7
first_touch,323,65536,18946.000000,16,0,7
first_touch,324,65536,18976.000000,16,0,7
first_touch,325,65536,17965.000000,16,0,7
first_touch,326,65536,18515.000000,16,0,7
first_touch,327,65536,19216.000000,16,0,7
first_touch,328,65536,21099.000000,16,0,7
first_touch,329,65536,19096.000000,16,0,7
first_touch,330,65536,18805.000000,16,0,7
first_touch,331,65536,18755.000000,16,0,7
first_touch,332,65536,18324.000000,16,0,7
first_touch,333,65536,18205.000000,16,0,7
first_touch,334,65536,19106.000000,16,0,7
first_touch,335,65536,17964.000000,16,0,7
first_touch,336,65536,17923.000000,16,0,7
first_touch,337,65536,18214.000000,16,0,7
first_touch,338,65536,18244.000000,16,0,7
first_touch,339,65536,18474.000000,16,0,7
first_touch,340,65536,18565.000000,16,0,7
first_touch,341,65536,18004.000000,16,0,7
first_touch,342,65536,20099.000000,16,0,7
first_touch,343,65536,19066.000000,16,0,7
first_touch,344,65536,18365.000000,16,0,7
first_touch,345,65536,18315.000000,16,0,7
first_touch,346,65536,18285.000000,16,0,7
first_touch,347,65536,18255.000000,16,0,7
first_touch,348,65536,18555.000000,16,0,7
first_touch,349,65536,18134.000000,16,0,7
first_touch,350,65536,18695.000000,16,0,7
first_touch,351,65536,18486.000000,16,0,7
first_touch,352,65536,18976.000000,16,0,7
first_touch,353,65536,18265.000000,16,0,7
first_touch,354,65536,18184.000000,16,0,7
first_touch,355,65536,18915.000000,16,0,7
first_touch,356,65536,19136.000000,16,0,7
first_touch,357,65536,18685.000000,16,0,7
first_touch,358,65536,18335.000000,16,0,7
first_touch,359,65536,18375.000000,16,0,7
first_touch,360,65536,18966.000000,16,0,7
first_touch,361,65536,27913.000000,16,0,7
first_touch,362,65536,19797.000000,16,0,7
first_touch,363,65536,18505.000000,16,0,7
first_touch,364,65536,18244.000000,16,0,7
first_touch,365,65536,18194.000000,16,0,7
first_touch,366,65536,18044.000000,16,0,7
first_touch,367,65536,17964.000000,16,0,7
first_touch,368,65536,18545.000000,16,0,7
first_touch,369,65536,18055.000000,16,0,7
first_touch,370,65536,19516.000000,16,0,7
first_touch,371,65536,18585.000000,16,0,7
first_touch,372,65536,18786.000000,16,0,7
first_touch,373,65536,18265.000000,16,0,7
first_touch,374,65536,18365.000000,16,0,7
first_touch,375,65536,18595.000000,16,0,7
first_touch,376,65536,18334.000000,16,0,7
first_touch,377,65536,41629.000000,16,0,7
first_touch,378,65536,18244.000000,16,0,7
first_touch,379,65536,18084.000000,16,0,7
first_touch,380,65536,17873.000000,16,0,7
first_touch,381,65536,18084.000000,16,0,7
first_touch,382,65536,18334.000000,16,0,7
first_touch,383,65536,18174.000000,16,0,7
first_touch,384,65536,19045.000000,16,0,7
first_touch,385,65536,19306.000000,16,0,7
first_touch,386,65536,18004.000000,16,0,7
first_touch,387,65536,18364.000000,16,0,7
first_touch,388,65536,18044.000000,16,0,7
first_touch,389,65536,18195.000000,16,0,7
first_touch,390,65536,18325.000000,16,0,7
first_touch,391,65536,18335.000000,16,0,7
first_touch,392,65536,18635.000000,16,0,7
first_touch,393,65536,18254.000000,16,0,7
first_touch,394,65536,18504.000000,16,0,7
first_touch,395,65536,18836.000000,16,0,7
first_touch,396,65536,18846.000000,16,0,7
first_touch,397,65536,19006.000000,16,0,7
first_touch,398,65536,18675.000000,16,0,7
first_touch,399,65536,18544.000000,16,0,7
first_touch,400,65536,18315.000000,16,0,7
first_touch,401,65536,18806.000000,16,0,7
first_touch,402,65536,18234.000000,16,0,7
first_touch,403,65536,18897.000000,16,0,7
first_touch,404,65536,18525.000000,16,0,7
first_touch,405,65536,18404.000000,16,0,7
first_touch,406,65536,18505.000000,16,0,7
first_touch,407,65536,18705.000000,16,0,7
first_touch,408,65536,18114.000000,16,0,7
first_touch,409,65536,18565.000000,16,0,7
first_touch,410,65536,18334.000000,16,0,7
first_touch,411,65536,19005.000000,16,0,7
first_touch,412,65536,18195.000000,16,0,7
first_touch,413,65536,18424.000000,16,0,7
first_touch,414,65536,20188.000000,16,0,7
first_touch,415,65536,18615.000000,16,0,7
first_touch,416,65536,19838.000000,16,0,7
first_touch,417,65536,18645.000000,16,0,7
first_touch,418,65536,19096.000000,16,0,7
first_touch,419,65536,18945.000000,16,0,7
first_touch,420,65536,19005.000000,16,0,7
first_touch,421,65536,18957.000000,16,0,7
first_touch,422,65536,18625.000000,16,0,7
first_touch,423,65536,18415.000000,16,0,7
first_touch,424,65536,18685.000000,16,0,7
first_touch,425,65536,18615.000000,16,0,7
first_touch,426,65536,62727.000000,16,0,7
first_touch,427,65536,25919.000000,16,0,7
first_touch,428,65536,24696.000000,16,0,7
first_touch,429,65536,19637.000000,16,0,7
first_touch,430,65536,18394.000000,16,0,7
first_touch,431,65536,18545.000000,16,0,7
first_touch,432,65536,18214.000000,16,0,7
first_touch,433,65536,18284.000000,16,0,7
first_touch,434,65536,18574.000000,16,0,7
first_touch,435,65536,17994.000000,16,0,7
first_touch,436,65536,18847.000000,16,0,7
first_touch,437,65536,18214.000000,16,0,7
first_touch,438,65536,18365.000000,16,0,7
first_touch,439,65536,18715.000000,16,0,7
first_touch,440,65536,18285.000000,16,0,7
first_touch,441,65536,18354.000000,16,0,7
first_touch,442,65536,18695.000000,16,0,7
first_touch,443,65536,19086.000000,16,0,7
first_touch,444,65536,19356.000000,16,0,7
first_touch,445,65536,18145.000000,16,0,7
first_touch,446,65536,18304.000000,16,0,7
first_touch,447,65536,18244.000000,16,0,7
first_touch,448,65536,19476.000000,16,0,7
first_touch,449,65536,18114.000000,16,0,7
first_touch,450,65536,18785.000000,16,0,7
first_touch,451,65536,19125.000000,16,0,7
first_touch,452,65536,17993.000000,16,0,7
first_touch,453,65536,18576.000000,16,0,7
first_touch,454,65536,18615.000000,16,0,7
first_touch,455,65536,18255.000000,16,0,7
first_touch,456,65536,21150.000000,16,0,7
first_touch,457,65536,26750.000000,16,0,7
first_touch,458,65536,25277.000000,16,0,7
first_touch,459,65536,23133.000000,16,0,7
first_touch,460,65536,21591.000000,16,0,7
first_touch,461,65536,18465.000000,16,0,7
first_touch,462,65536,18875.000000,16,0,7
first_touch,463,65536,18254.000000,16,0,7
first_touch,464,65536,17913.000000,16,0,7
first_touch,465,65536,18395.000000,16,0,7
first_touch,466,65536,18355.000000,16,0,7
first_touch,467,65536,18074.000000,16,0,7
first_touch,468,65536,17603.000000,16,0,7
first_touch,469,65536,18294.000000,16,0,7
first_touch,470,65536,20860.000000,16,0,7
first_touch,471,65536,38973.000000,16,0,7
first_touch,472,65536,25267.000000,16,0,7
first_touch,473,65536,24737.000000,16,0,7
first_touch,474,65536,22994.000000,16,0,7
first_touch,475,65536,19978.000000,16,0,7
first_touch,476,65536,17915.000000,16,0,7
first_touch,477,65536,19146.000000,16,0,7
first_touch,478,65536,18415.000000,16,0,7
first_touch,479,65536,18004.000000,16,0,7
first_touch,480,65536,18705.000000,16,0,7
first_touch,481,65536,17763.000000,16,0,7
first_touch,482,65536,18495.000000,16,0,7
first_touch,483,65536,18174.000000,16,0,7
first_touch,484,65536,18114.000000,16,0,7
first_touch,485,65536,17864.000000,16,0,7
first_touch,486,65536,18434.000000,16,0,7
first_touch,487,65536,18305.000000,16,0,7
first_touch,488,65536,19326.000000,16,0,7
first_touch,489,65536,18365.000000,16,0,7
first_touch,490,65536,18425.000000,16,0,7
first_touch,491,65536,18795.000000,16,0,7
first_touch,492,65536,18053.000000,16,0,7
first_touch,493,65536,18004.000000,16,0,7
first_touch,494,65536,18275.000000,16,0,7
first_touch,495,65536,18384.000000,16,0,7
first_touch,496,65536,18705.000000,16,0,7
first_touch,497,65536,18414.000000,16,0,7
first_touch,498,65536,18605.000000,16,0,7
first_touch,499,65536,18114.000000,16,0,7
first_touch,500,65536,19266.000000,16,0,7
first_touch,501,65536,17783.000000,16,0,7
first_touch,502,65536,18184.000000,16,0,7
first_touch,503,65536,18826.000000,16,0,7
first_touch,504,65536,17953.000000,16,0,7
first_touch,505,65536,18896.000000,16,0,7
first_touch,506,65536,18254.000000,16,0,7
first_touch,507,65536,17794.000000,16,0,7
first_touch,508,65536,18365.000000,16,0,7
first_touch,509,65536,18425.000000,16,0,7
first_touch,510,65536,18745.000000,16,0,7
first_touch,511,65536,18215.000000,16,0,7
malloc_growth,0,65536,34245.000000,19,0,8
malloc_growth,1,65536,22282.000000,16,0,8
malloc_growth,2,65536,18615.000000,16,0,8
malloc_growth,3,65536,20659.000000,16,0,8
malloc_growth,4,65536,17322.000000,16,0,8
malloc_growth,5,65536,19236.000000,16,0,8
malloc_growth,6,65536,19226.000000,16,0,8
malloc_growth,7,65536,18956.000000,16,0,8
malloc_growth,8,65536,20288.000000,16,0,8
malloc_growth,9,65536,27682.000000,16,0,8
malloc_growth,10,65536,18845.000000,16,0,8
malloc_growth,11,65536,18455.000000,16,0,8
malloc_growth,12,65536,19978.000000,16,0,8
malloc_growth,13,65536,18134.000000,16,0,8
malloc_growth,14,65536,18475.000000,16,0,8
malloc_growth,15,65536,19728.000000,16,0,8
malloc_growth,16,65536,29665.000000,16,0,8
malloc_growth,17,65536,26340.000000,16,0,8
malloc_growth,18,65536,31389.000000,16,0,8
malloc_growth,19,65536,36559.000000,16,0,8
malloc_growth,20,65536,19907.000000,16,0,8
malloc_growth,21,65536,20469.000000,16,0,8
malloc_growth,22,65536,18836.000000,16,0,8
malloc_growth,23,65536,19647.000000,16,0,8
malloc_growth,24,65536,25938.000000,16,0,8
malloc_growth,25,65536,18605.000000,16,0,8
malloc_growth,26,65536,18795.000000,16,0,8
malloc_growth,27,65536,20057.000000,16,0,8
malloc_growth,28,65536,19547.000000,16,0,8
malloc_growth,29,65536,18777.000000,16,0,8
malloc_growth,30,65536,19868.000000,16,0,8
malloc_growth,31,65536,18455.000000,16,0,8
malloc_growth,32,65536,18715.000000,16,0,8
malloc_growth,33,65536,19396.000000,16,0,8
malloc_growth,34,65536,18615.000000,16,0,8
malloc_growth,35,65536,19105.000000,16,0,8
malloc_growth,36,65536,19387.000000,16,0,8
malloc_growth,37,65536,18756.000000,16,0,8
malloc_growth,38,65536,19969.000000,16,0,8
malloc_growth,39,65536,25428.000000,16,0,8
malloc_growth,40,65536,25197.000000,16,0,8
malloc_growth,41,65536,20067.000000,16,0,8
malloc_growth,42,65536,18185.000000,16,0,8
malloc_growth,43,65536,17804.000000,16,0,8
malloc_growth,44,65536,18866.000000,16,0,8
malloc_growth,45,65536,18234.000000,16,0,8
malloc_growth,46,65536,18556.000000,16,0,8
malloc_growth,47,65536,19036.000000,16,0,8
malloc_growth,48,65536,18014.000000,16,0,8
malloc_growth,49,65536,19396.000000,16,0,8
malloc_growth,50,65536,18976.000000,16,0,8
malloc_growth,51,65536,17954.000000,16,0,8
malloc_growth,52,65536,17993.000000,16,0,8
malloc_growth,53,65536,19006.000000,16,0,8
malloc_growth,54,65536,17853.000000,16,0,8
malloc_growth,55,65536,17914.000000,16,0,8
malloc_growth,56,65536,19106.000000,16,0,8
malloc_growth,57,65536,18224.000000,16,0,8
malloc_growth,58,65536,18214.000000,16,0,8
malloc_growth,59,65536,20228.000000,16,0,8
malloc_growth,60,65536,19437.000000,16,0,8
malloc_growth,61,65536,18835.000000,16,0,8
malloc_growth,62,65536,21410.000000,16,0,8
malloc_growth,63,65536,27162.000000,16,0,8
malloc_growth,64,65536,55444.000000,16,0,8
malloc_growth,65,65536,21150.000000,16,0,8
malloc_growth,66,65536,19036.000000,16,0,8
malloc_growth,67,65536,18615.000000,16,0,8
malloc_growth,68,65536,19446.000000,16,0,8
malloc_growth,69,65536,18967.000000,16,0,8
malloc_growth,70,65536,24947.000000,16,0,8
malloc_growth,71,65536,21390.000000,16,0,8
malloc_growth,72,65536,18615.000000,16,0,8
malloc_growth,73,65536,18514.000000,16,0,8
malloc_growth,74,65536,19737.000000,16,0,8
malloc_growth,75,65536,18324.000000,16,0,8
malloc_growth,76,65536,18525.000000,16,0,8
malloc_growth,77,65536,19246.000000,16,0,8
malloc_growth,78,65536,19819.000000,16,0,8
malloc_growth,79,65536,18445.000000,16,0,8
malloc_growth,80,65536,19647.000000,16,0,8
malloc_growth,81,65536,18224.000000,16,0,8
malloc_growth,82,65536,18655.000000,16,0,8
malloc_growth,83,65536,19206.000000,16,0,8
malloc_growth,84,65536,18475.000000,16,0,8
malloc_growth,85,65536,19076.000000,16,0,8
malloc_growth,86,65536,23846.000000,16,0,8
malloc_growth,87,65536,26590.000000,16,0,8
malloc_growth,88,65536,18735.000000,16,0,8
malloc_growth,89,65536,19857.000000,16,0,8
malloc_growth,90,65536,18274.000000,16,0,8
malloc_growth,91,65536,18855.000000,16,0,8
malloc_growth,92,65536,19466.000000,16,0,8
malloc_growth,93,65536,19857.000000,16,0,8
malloc_growth,94,65536,18786.000000,16,0,8
malloc_growth,95,65536,18805.000000,16,0,8
malloc_growth,96,65536,18194.000000,16,0,8
malloc_growth,97,65536,18444.000000,16,0,8
malloc_growth,98,65536,19006.000000,16,0,8
malloc_growth,99,65536,27191.000000,16,0,8
malloc_growth,100,65536,22793.000000,16,0,8
malloc_growth,101,65536,21060.000000,16,0,8
malloc_growth,102,65536,18115.000000,16,0,8
malloc_growth,103,65536,19186.000000,16,0,8
malloc_growth,104,65536,19637.000000,16,0,8
malloc_growth,105,65536,18424.000000,16,0,8
malloc_growth,106,65536,18144.000000,16,0,8
malloc_growth,107,65536,20078.000000,16,0,8
malloc_growth,108,65536,18945.000000,16,0,8
malloc_growth,109,65536,50265.000000,16,0,8
malloc_growth,110,65536,30457.000000,16,0,8
malloc_growth,111,65536,28524.000000,16,0,8
malloc_growth,112,65536,22542.000000,16,0,8
malloc_growth,113,65536,26670.000000,16,0,8
malloc_growth,114,65536,24997.000000,16,0,8
malloc_growth,115,65536,19587.000000,16,0,8
malloc_growth,116,65536,19999.000000,16,0,8
malloc_growth,117,65536,19126.000000,16,0,8
malloc_growth,118,65536,18885.000000,16,0,8
malloc_growth,119,65536,19747.000000,16,0,8
malloc_growth,120,65536,18956.000000,16,0,8
malloc_growth,121,65536,20599.000000,16,0,8
malloc_growth,122,65536,18945.000000,16,0,8
malloc_growth,123,65536,19617.000000,16,0,8
malloc_growth,124,65536,19318.000000,16,0,8
malloc_growth,125,65536,20258.000000,16,0,8
malloc_growth,126,65536,19767.000000,16,0,8
malloc_growth,127,65536,20819.000000,16,0,8
malloc_growth,128,65536,20268.000000,16,0,8
malloc_growth,129,65536,19907.000000,16,0,8
malloc_growth,130,65536,20248.000000,16,0,8
malloc_growth,131,65536,23224.000000,16,0,8
malloc_growth,132,65536,27532.000000,16,0,8
malloc_growth,133,65536,21881.000000,16,0,8
malloc_growth,134,65536,20398.000000,16,0,8
malloc_growth,135,65536,21500.000000,16,0,8
malloc_growth,136,65536,21450.000000,16,0,8
malloc_growth,137,65536,19627.000000,16,0,8
malloc_growth,138,65536,19367.000000,16,0,8
malloc_growth,139,65536,20429.000000,16,0,8
malloc_growth,140,65536,18837.000000,16,0,8
malloc_growth,141,65536,19527.000000,16,0,8
malloc_growth,142,65536,19817.000000,16,0,8
malloc_growth,143,65536,18244.000000,16,0,8
malloc_growth,144,65536,18906.000000,16,0,8
malloc_growth,145,65536,19536.000000,16,0,8
malloc_growth,146,65536,18515.000000,16,0,8
malloc_growth,147,65536,18675.000000,16,0,8
malloc_growth,148,65536,18725.000000,16,0,8
malloc_growth,149,65536,19147.000000,16,0,8
malloc_growth,150,65536,18455.000000,16,0,8
malloc_growth,151,65536,20658.000000,16,0,8
malloc_growth,152,65536,18194.000000,16,0,8
malloc_growth,153,65536,47168.000000,16,0,8
malloc_growth,154,65536,31008.000000,16,0,8
malloc_growth,155,65536,31109.000000,16,0,8
malloc_growth,156,65536,21761.000000,16,0,8
malloc_growth,157,65536,20207.000000,16,0,8
malloc_growth,158,65536,23525.000000,16,0,8
malloc_growth,159,65536,22943.000000,16,0,8
malloc_growth,160,65536,20218.000000,16,0,8
malloc_growth,161,65536,18705.000000,16,0,8
malloc_growth,162,65536,18745.000000,16,0,8
malloc_growth,163,65536,18616.000000,16,0,8
malloc_growth,164,65536,18655.000000,16,0,8
malloc_growth,165,65536,21070.000000,16,0,8
malloc_growth,166,65536,19526.000000,16,0,8
malloc_growth,167,65536,19837.000000,16,0,8
malloc_growth,168,65536,19356.000000,16,0,8
malloc_growth,169,65536,18775.000000,16,0,8
malloc_growth,170,65536,18675.000000,16,0,8
malloc_growth,171,65536,19899.000000,16,0,8
malloc_growth,172,65536,18455.000000,16,0,8
malloc_growth,173,65536,18995.000000,16,0,8
malloc_growth,174,65536,19306.000000,16,0,8
malloc_growth,175,65536,18515.000000,16,0,8
malloc_growth,176,65536,20708.000000,16,0,8
malloc_growth,177,65536,28985.000000,16,0,8
malloc_growth,178,65536,18705.000000,16,0,8
malloc_growth,179,65536,18355.000000,16,0,8
malloc_growth,180,65536,20859.000000,16,0,8
malloc_growth,181,65536,18925.000000,16,0,8
malloc_growth,182,65536,18755.000000,16,0,8
malloc_growth,183,65536,19677.000000,16,0,8
malloc_growth,184,65536,19577.000000,16,0,8
malloc_growth,185,65536,18675.000000,16,0,8
malloc_growth,186,65536,20468.000000,16,0,8
malloc_growth,187,65536,29696.000000,16,0,8
malloc_growth,188,65536,21220.000000,16,0,8
malloc_growth,189,65536,21530.000000,16,0,8
malloc_growth,190,65536,18355.000000,16,0,8
malloc_growth,191,65536,19026.000000,16,0,8
malloc_growth,192,65536,19446.000000,16,0,8
malloc_growth,193,65536,18595.000000,16,0,8
malloc_growth,194,65536,18755.000000,16,0,8
malloc_growth,195,65536,20578.000000,16,0,8
malloc_growth,196,65536,73638.000000,16,0,8
malloc_growth,197,65536,28864.000000,16,0,8
malloc_growth,198,65536,30687.000000,16,0,8
malloc_growth,199,65536,27521.000000,16,0,8
malloc_growth,200,65536,18015.000000,16,0,8
malloc_growth,201,65536,27261.000000,16,0,8
malloc_growth,202,65536,20088.000000,16,0,8
malloc_growth,203,65536,18054.000000,16,0,8
malloc_growth,204,65536,19947.000000,16,0,8
malloc_growth,205,65536,18865.000000,16,0,8
malloc_growth,206,65536,19417.000000,16,0,8
malloc_growth,207,65536,18695.000000,16,0,8
malloc_growth,208,65536,18346.000000,16,0,8
malloc_growth,209,65536,20699.000000,16,0,8
malloc_growth,210,65536,18464.000000,16,0,8
malloc_growth,211,65536,18545.000000,16,0,8
malloc_growth,212,65536,19496.000000,16,0,8
malloc_growth,213,65536,18494.000000,16,0,8
malloc_growth,214,65536,18595.000000,16,0,8
malloc_growth,215,65536,19116.000000,16,0,8
malloc_growth,216,65536,18635.000000,16,0,8
malloc_growth,217,65536,18105.000000,16,0,8
malloc_growth,218,65536,19166.000000,16,0,8
malloc_growth,219,65536,18255.000000,16,0,8
malloc_growth,220,65536,23074.000000,16,0,8
malloc_growth,221,65536,28172.000000,16,0,8
malloc_growth,222,65536,18995.000000,16,0,8
malloc_growth,223,65536,18385.000000,16,0,8
malloc_growth,224,65536,21100.000000,16,0,8
malloc_growth,225,65536,18375.000000,16,0,8
malloc_growth,226,65536,18765.000000,16,0,8
malloc_growth,227,65536,19957.000000,16,0,8
malloc_growth,228,65536,18555.000000,16,0,8
malloc_growth,229,65536,18675.000000,16,0,8
malloc_growth,230,65536,19807.000000,16,0,8
malloc_growth,231,65536,19987.000000,16,0,8
malloc_growth,232,65536,18966.000000,16,0,8
malloc_growth,233,65536,19647.000000,16,0,8
malloc_growth,234,65536,19518.000000,16,0,8
malloc_growth,235,65536,18234.000000,16,0,8
malloc_growth,236,65536,19176.000000,16,0,8
malloc_growth,237,65536,18565.000000,16,0,8
malloc_growth,238,65536,19487.000000,16,0,8
malloc_growth,239,65536,39885.000000,16,0,8
malloc_growth,240,65536,18795.000000,16,0,8
malloc_growth,241,65536,19256.000000,16,0,8
malloc_growth,242,65536,22533.000000,16,0,8
malloc_growth,243,65536,27551.000000,16,0,8
malloc_growth,244,65536,26660.000000,16,0,8
malloc_growth,245,65536,28954.000000,16,0,8
malloc_growth,246,65536,27542.000000,16,0,8
malloc_growth,247,65536,26219.000000,16,0,8
malloc_growth,248,65536,24667.000000,16,0,8
malloc_growth,249,65536,27431.000000,16,0,8
malloc_growth,250,65536,29706.000000,16,0,8
malloc_growth,251,65536,26459.000000,16,0,8
malloc_growth,252,65536,26910.000000,16,0,8
malloc_growth,253,65536,26700.000000,16,0,8
malloc_growth,254,65536,24417.000000,16,0,8
malloc_growth,255,65536,27091.000000,16,0,8
malloc_growth,256,65536,30276.000000,16,0,8
malloc_growth,257,65536,29285.000000,16,0,8
malloc_growth,258,65536,26509.000000,16,0,8
malloc_growth,259,65536,28484.000000,16,0,8
malloc_growth,260,65536,27182.000000,16,0,8
malloc_growth,261,65536,28834.000000,16,0,8
malloc_growth,262,65536,31049.000000,16,0,8
malloc_growth,263,65536,27922.000000,16,0,8
malloc_growth,264,65536,28192.000000,16,0,8
malloc_growth,265,65536,28986.000000,16,0,8
malloc_growth,266,65536,25287.000000,16,0,8
malloc_growth,267,65536,33223.000000,16,0,8
malloc_growth,268,65536,31650.000000,16,0,8
malloc_growth,269,65536,25458.000000,16,0,8
malloc_growth,270,65536,26499.000000,16,0,8
malloc_growth,271,65536,26942.000000,16,0,8
malloc_growth,272,65536,59822.000000,16,0,8
malloc_growth,273,65536,27241.000000,16,0,8
malloc_growth,274,65536,30457.000000,16,0,8
malloc_growth,275,65536,24907.000000,16,0,8
malloc_growth,276,65536,28885.000000,16,0,8
malloc_growth,277,65536,28564.000000,16,0,8
malloc_growth,278,65536,21160.000000,16,0,8
malloc_growth,279,65536,25047.000000,16,0,8
malloc_growth,280,65536,22052.000000,16,0,8
malloc_growth,281,65536,19647.000000,16,0,8
malloc_growth,282,65536,20298.000000,16,0,8
malloc_growth,283,65536,19548.000000,16,0,8
malloc_growth,284,65536,18975.000000,16,0,8
malloc_growth,285,65536,18785.000000,16,0,8
malloc_growth,286,65536,20098.000000,16,0,8
malloc_growth,287,65536,19347.000000,16,0,8
malloc_growth,288,65536,18926.000000,16,0,8
malloc_growth,289,65536,19767.000000,16,0,8
malloc_growth,290,65536,19587.000000,16,0,8
malloc_growth,291,65536,19988.000000,16,0,8
malloc_growth,292,65536,18535.000000,16,0,8
malloc_growth,293,65536,18204.000000,16,0,8
malloc_growth,294,65536,19287.000000,16,0,8
malloc_growth,295,65536,19646.000000,16,0,8
malloc_growth,296,65536,19687.000000,16,0,8
malloc_growth,297,65536,29665.000000,16,0,8
malloc_growth,298,65536,27532.000000,16,0,8
malloc_growth,299,65536,27623.000000,16,0,8
malloc_growth,300,65536,24937.000000,16,0,8
malloc_growth,301,65536,18494.000000,16,0,8
malloc_growth,302,65536,18365.000000,16,0,8
malloc_growth,303,65536,19587.000000,16,0,8
malloc_growth,304,65536,18364.000000,16,0,8
malloc_growth,305,65536,18585.000000,16,0,8
malloc_growth,306,65536,19907.000000,16,0,8
malloc_growth,307,65536,18626.000000,16,0,8
malloc_growth,308,65536,18665.000000,16,0,8
malloc_growth,309,65536,19306.000000,16,0,8
malloc_growth,310,65536,18745.000000,16,0,8
malloc_growth,311,65536,19737.000000,16,0,8
malloc_growth,312,65536,19867.000000,16,0,8
malloc_growth,313,65536,36889.000000,16,0,8
malloc_growth,314,65536,18935.000000,16,0,8
malloc_growth,315,65536,20069.000000,16,0,8
malloc_growth,316,65536,20829.000000,16,0,8
malloc_growth,317,65536,20138.000000,16,0,8
malloc_growth,318,65536,22442.000000,16,0,8
malloc_growth,319,65536,19045.000000,16,0,8
malloc_growth,320,65536,25979.000000,16,0,8
malloc_growth,321,65536,30147.000000,16,0,8
malloc_growth,322,65536,27653.000000,16,0,8
malloc_growth,323,65536,25068.000000,16,0,8
malloc_growth,324,65536,25318.000000,16,0,8
malloc_growth,325,65536,18645.000000,16,0,8
malloc_growth,326,65536,20769.000000,16,0,8
malloc_growth,327,65536,21460.000000,16,0,8
malloc_growth,328,65536,22472.000000,16,0,8
malloc_growth,329,65536,20990.000000,16,0,8
malloc_growth,330,65536,19486.000000,16,0,8
malloc_growth,331,65536,18745.000000,16,0,8
malloc_growth,332,65536,18254.000000,16,0,8
malloc_growth,333,65536,19877.000000,16,0,8
malloc_growth,334,65536,18885.000000,16,0,8
malloc_growth,335,65536,18575.000000,16,0,8
malloc_growth,336,65536,19085.000000,16,0,8
malloc_growth,337,65536,18976.000000,16,0,8
malloc_growth,338,65536,18385.000000,16,0,8
malloc_growth,339,65536,19426.000000,16,0,8
malloc_growth,340,65536,19927.000000,16,0,8
malloc_growth,341,65536,19216.000000,16,0,8
malloc_growth,342,65536,19987.000000,16,0,8
malloc_growth,343,65536,19626.000000,16,0,8
malloc_growth,344,65536,28093.000000,16,0,8
malloc_growth,345,65536,23484.000000,16,0,8
malloc_growth,346,65536,18986.000000,16,0,8
malloc_growth,347,65536,19065.000000,16,0,8
malloc_growth,348,65536,19938.000000,16,0,8
malloc_growth,349,65536,18725.000000,16,0,8
malloc_growth,350,65536,27502.000000,16,0,8
malloc_growth,351,65536,26850.000000,16,0,8
malloc_growth,352,65536,18545.000000,16,0,8
malloc_growth,353,65536,18425.000000,16,0,8
malloc_growth,354,65536,19427.000000,16,0,8
malloc_growth,355,65536,19506.000000,16,0,8
malloc_growth,356,65536,70021.000000,16,0,8
malloc_growth,357,65536,19567.000000,16,0,8
malloc_growth,358,65536,18494.000000,16,0,8
malloc_growth,359,65536,20179.000000,16,0,8
malloc_growth,360,65536,19537.000000,16,0,8
malloc_growth,361,65536,18755.000000,16,0,8
malloc_growth,362,65536,18464.000000,16,0,8
malloc_growth,363,65536,27862.000000,16,0,8
malloc_growth,364,65536,28443.000000,16,0,8
malloc_growth,365,65536,26600.000000,16,0,8
malloc_growth,366,65536,30047.000000,16,0,8
malloc_growth,367,65536,19066.000000,16,0,8
malloc_growth,368,65536,18585.000000,16,0,8
malloc_growth,369,65536,20519.000000,16,0,8
malloc_growth,370,65536,18675.000000,16,0,8
malloc_growth,371,65536,18906.000000,16,0,8
malloc_growth,372,65536,18965.000000,16,0,8
malloc_growth,373,65536,18374.000000,16,0,8
malloc_growth,374,65536,18775.000000,16,0,8
malloc_growth,375,65536,19346.000000,16,0,8
malloc_growth,376,65536,18294.000000,16,0,8
malloc_growth,377,65536,19066.000000,16,0,8
malloc_growth,378,65536,19277.000000,16,0,8
malloc_growth,379,65536,18024.000000,16,0,8
malloc_growth,380,65536,19827.000000,16,0,8
malloc_growth,381,65536,19546.000000,16,0,8
malloc_growth,382,65536,19977.000000,16,0,8
malloc_growth,383,65536,21381.000000,16,0,8
malloc_growth,384,65536,18495.000000,16,0,8
malloc_growth,385,65536,18655.000000,16,0,8
malloc_growth,386,65536,19587.000000,16,0,8
malloc_growth,387,65536,18845.000000,16,0,8
malloc_growth,388,65536,28113.000000,16,0,8
malloc_growth,389,65536,21080.000000,16,0,8
malloc_growth,390,65536,18785.000000,16,0,8
malloc_growth,391,65536,19828.000000,16,0,8
malloc_growth,392,65536,19647.000000,16,0,8
malloc_growth,393,65536,18424.000000,16,0,8
malloc_growth,394,65536,18635.000000,16,0,8
malloc_growth,395,65536,20197.000000,16,0,8
malloc_growth,396,65536,18715.000000,16,0,8
malloc_growth,397,65536,19166.000000,16,0,8
malloc_growth,398,65536,20368.000000,16,0,8
malloc_growth,399,65536,33634.000000,16,0,8
malloc_growth,400,65536,18906.000000,16,0,8
malloc_growth,401,65536,19838.000000,16,0,8
malloc_growth,402,65536,20399.000000,16,0,8
malloc_growth,403,65536,19868.000000,16,0,8
malloc_growth,404,65536,23244.000000,16,0,8
malloc_growth,405,65536,18776.000000,16,0,8
malloc_growth,406,65536,18675.000000,16,0,8
malloc_growth,407,65536,20209.000000,16,0,8
malloc_growth,408,65536,19636.000000,16,0,8
malloc_growth,409,65536,20128.000000,16,0,8
malloc_growth,410,65536,28954.000000,16,0,8
malloc_growth,411,65536,26650.000000,16,0,8
malloc_growth,412,65536,27492.000000,16,0,8
malloc_growth,413,65536,21720.000000,16,0,8
malloc_growth,414,65536,19017.000000,16,0,8
malloc_growth,415,65536,18955.000000,16,0,8
malloc_growth,416,65536,19847.000000,16,0,8
malloc_growth,417,65536,18545.000000,16,0,8
malloc_growth,418,65536,18715.000000,16,0,8
malloc_growth,419,65536,18946.000000,16,0,8
malloc_growth,420,65536,19297.000000,16,0,8
malloc_growth,421,65536,19597.000000,16,0,8
malloc_growth,422,65536,20077.000000,16,0,8
malloc_growth,423,65536,18656.000000,16,0,8
malloc_growth,424,65536,19737.000000,16,0,8
malloc_growth,425,65536,18945.000000,16,0,8
malloc_growth,426,65536,19356.000000,16,0,8
malloc_growth,427,65536,21179.000000,16,0,8
malloc_growth,428,65536,18825.000000,16,0,8
malloc_growth,429,65536,18655.000000,16,0,8
malloc_growth,430,65536,19677.000000,16,0,8
malloc_growth,431,65536,18585.000000,16,0,8
malloc_growth,432,65536,18264.000000,16,0,8
malloc_growth,433,65536,20088.000000,16,0,8
malloc_growth,434,65536,18505.000000,16,0,8
malloc_growth,435,65536,27091.000000,16,0,8
malloc_growth,436,65536,23234.000000,16,0,8
malloc_growth,437,65536,19246.000000,16,0,8
malloc_growth,438,65536,20348.000000,16,0,8
malloc_growth,439,65536,32552.000000,16,0,8
malloc_growth,440,65536,18835.000000,16,0,8
malloc_growth,441,65536,18354.000000,16,0,8
malloc_growth,442,65536,21220.000000,16,0,8
malloc_growth,443,65536,31489.000000,16,0,8
malloc_growth,444,65536,19086.000000,16,0,8
malloc_growth,445,65536,19397.000000,16,0,8
malloc_growth,446,65536,18254.000000,16,0,8
malloc_growth,447,65536,18797.000000,16,0,8
malloc_growth,448,65536,19186.000000,16,0,8
malloc_growth,449,65536,18094.000000,16,0,8
malloc_growth,450,65536,18104.000000,16,0,8
malloc_growth,451,65536,19046.000000,16,0,8
malloc_growth,452,65536,17913.000000,16,0,8
malloc_growth,453,65536,18214.000000,16,0,8
malloc_growth,454,65536,19567.000000,16,0,8
malloc_growth,455,65536,18053.000000,16,0,8
malloc_growth,456,65536,20899.000000,16,0,8
malloc_growth,457,65536,34795.000000,16,0,8
malloc_growth,458,65536,28192.000000,16,0,8
malloc_growth,459,65536,26510.000000,16,0,8
malloc_growth,460,65536,24686.000000,16,0,8
malloc_growth,461,65536,18464.000000,16,0,8
malloc_growth,462,65536,19568.000000,16,0,8
malloc_growth,463,65536,18354.000000,16,0,8
malloc_growth,464,65536,18424.000000,16,0,8
malloc_growth,465,65536,19406.000000,16,0,8
malloc_growth,466,65536,18675.000000,16,0,8
malloc_growth,467,65536,18495.000000,16,0,8
malloc_growth,468,65536,19337.000000,16,0,8
malloc_growth,469,65536,18094.000000,16,0,8
malloc_growth,470,65536,17904.000000,16,0,8
malloc_growth,471,65536,21021.000000,16,0,8
malloc_growth,472,65536,19677.000000,16,0,8
malloc_growth,473,65536,17984.000000,16,0,8
malloc_growth,474,65536,19066.000000,16,0,8
malloc_growth,475,65536,18274.000000,16,0,8
malloc_growth,476,65536,18865.000000,16,0,8
malloc_growth,477,65536,19096.000000,16,0,8
malloc_growth,478,65536,18665.000000,16,0,8
malloc_growth,479,65536,18375.000000,16,0,8
malloc_growth,480,65536,19256.000000,16,0,8
malloc_growth,481,65536,24416.000000,16,0,8
malloc_growth,482,65536,23505.000000,16,0,8
malloc_growth,483,65536,19527.000000,16,0,8
malloc_growth,484,65536,19095.000000,16,0,8
malloc_growth,485,65536,18325.000000,16,0,8
malloc_growth,486,65536,20729.000000,16,0,8
malloc_growth,487,65536,17894.000000,16,0,8
malloc_growth,488,65536,18615.000000,16,0,8
malloc_growth,489,65536,38622.000000,16,0,8
malloc_growth,490,65536,18454.000000,16,0,8
malloc_growth,491,65536,17893.000000,16,0,8
malloc_growth,492,65536,19076.000000,16,0,8
malloc_growth,493,65536,17833.000000,16,0,8
malloc_growth,494,65536,18003.000000,16,0,8
malloc_growth,495,65536,19226.000000,16,0,8
malloc_growth,496,65536,18335.000000,16,0,8
malloc_growth,497,65536,18715.000000,16,0,8
malloc_growth,498,65536,19406.000000,16,0,8
malloc_growth,499,65536,18264.000000,16,0,8
malloc_growth,500,65536,18445.000000,16,0,8
malloc_growth,501,65536,20829.000000,16,0,8
malloc_growth,502,65536,18705.000000,16,0,8
malloc_growth,503,65536,21871.000000,16,0,8
malloc_growth,504,65536,27783.000000,16,0,8
malloc_growth,505,65536,25808.000000,16,0,8
malloc_growth,506,65536,29105.000000,16,0,8
malloc_growth,507,65536,19797.000000,16,0,8
malloc_growth,508,65536,18625.000000,16,0,8
malloc_growth,509,65536,20028.000000,16,0,8
malloc_growth,510,65536,18174.000000,16,0,8
malloc_growth,511,65536,18525.000000,16,0,8
first_touch,0,65536,20580.000000,19,0,8
first_touch,1,65536,18685.000000,16,0,8
first_touch,2,65536,18485.000000,16,0,8
first_touch,3,65536,17844.000000,16,0,8
first_touch,4,65536,18054.000000,16,0,8
first_touch,5,65536,19677.000000,16,0,8
first_touch,6,65536,18845.000000,16,0,8
first_touch,7,65536,18294.000000,16,0,8
first_touch,8,65536,18385.000000,16,0,8
first_touch,9,65536,17683.000000,16,0,8
first_touch,10,65536,18124.000000,16,0,8
first_touch,11,65536,18424.000000,16,0,8
first_touch,12,65536,18224.000000,16,0,8
first_touch,13,65536,17884.000000,16,0,8
first_touch,14,65536,17884.000000,16,0,8
first_touch,15,65536,18185.000000,16,0,8
first_touch,16,65536,18264.000000,16,0,8
first_touch,17,65536,18005.000000,16,0,8
first_touch,18,65536,18214.000000,16,0,8
first_touch,19,65536,17923.000000,16,0,8
first_touch,20,65536,19306.000000,16,0,8
first_touch,21,65536,18074.000000,16,0,8
first_touch,22,65536,17933.000000,16,0,8
first_touch,23,65536,17753.000000,16,0,8
first_touch,24,65536,19106.000000,16,0,8
first_touch,25,65536,18484.000000,16,0,8
first_touch,26,65536,18816.000000,16,0,8
first_touch,27,65536,18274.000000,16,0,8
first_touch,28,65536,18875.000000,16,0,8
first_touch,29,65536,18314.000000,16,0,8
first_touch,30,65536,17974.000000,16,0,8
first_touch,31,65536,17904.000000,16,0,8
first_touch,32,65536,39884.000000,16,0,8
first_touch,33,65536,20198.000000,16,0,8
first_touch,34,65536,18085.000000,16,0,8
first_touch,35,65536,18956.000000,16,0,8
first_touch,36,65536,18334.000000,16,0,8
first_touch,37,65536,18555.000000,16,0,8
first_touch,38,65536,18094.000000,16,0,8
first_touch,39,65536,18134.000000,16,0,8
first_touch,40,65536,18274.000000,16,0,8
first_touch,41,65536,18695.000000,16,0,8
first_touch,42,65536,17803.000000,16,0,8
first_touch,43,65536,18145.000000,16,0,8
first_touch,44,65536,18013.000000,16,0,8
first_touch,45,65536,18565.000000,16,0,8
first_touch,46,65536,18394.000000,16,0,8
first_touch,47,65536,18124.000000,16,0,8
first_touch,48,65536,18555.000000,16,0,8
first_touch,49,65536,19156.000000,16,0,8
first_touch,50,65536,18534.000000,16,0,8
first_touch,51,65536,18855.000000,16,0,8
first_touch,52,65536,18356.000000,16,0,8
first_touch,53,65536,18535.000000,16,0,8
first_touch,54,65536,18495.000000,16,0,8
first_touch,55,65536,18345.000000,16,0,8
first_touch,56,65536,18184.000000,16,0,8
first_touch,57,65536,18445.000000,16,0,8
first_touch,58,65536,17824.000000,16,0,8
first_touch,59,65536,18134.000000,16,0,8
first_touch,60,65536,18194.000000,16,0,8
first_touch,61,65536,18746.000000,16,0,8
first_touch,62,65536,18565.000000,16,0,8
first_touch,63,65536,18715.000000,16,0,8
first_touch,64,65536,20158.000000,16,0,8
first_touch,65,65536,17843.000000,16,0,8
first_touch,66,65536,18485.000000,16,0,8
first_touch,67,65536,18625.000000,16,0,8
first_touch,68,65536,18254.000000,16,0,8
first_touch,69,65536,18184.000000,16,0,8
first_touch,70,65536,17944.000000,16,0,8
first_touch,71,65536,18485.000000,16,0,8
first_touch,72,65536,18235.000000,16,0,8
first_touch,73,65536,18165.000000,16,0,8
first_touch,74,65536,17824.000000,16,0,8
first_touch,75,65536,17864.000000,16,0,8
first_touch,76,65536,18305.000000,16,0,8
first_touch,77,65536,17863.000000,16,0,8
first_touch,78,65536,18234.000000,16,0,8
first_touch,79,65536,19207.000000,16,0,8
first_touch,80,65536,18124.000000,16,0,8
first_touch,81,65536,32772.000000,16,0,8
first_touch,82,65536,23444.000000,16,0,8
first_touch,83,65536,18675.000000,16,0,8
first_touch,84,65536,18505.000000,16,0,8
first_touch,85,65536,18574.000000,16,0,8
first_touch,86,65536,18204.000000,16,0,8
first_touch,87,65536,18496.000000,16,0,8
first_touch,88,65536,18615.000000,16,0,8
first_touch,89,65536,18395.000000,16,0,8
first_touch,90,65536,18184.000000,16,0,8
first_touch,91,65536,18665.000000,16,0,8
first_touch,92,65536,18284.000000,16,0,8
first_touch,93,65536,19356.000000,16,0,8
first_touch,94,65536,18194.000000,16,0,8
first_touch,95,65536,17654.000000,16,0,8
first_touch,96,65536,19067.000000,16,0,8
first_touch,97,65536,17984.000000,16,0,8
first_touch,98,65536,18315.000000,16,0,8
first_touch,99,65536,18184.000000,16,0,8
first_touch,100,65536,17964.000000,16,0,8
first_touch,101,65536,18324.000000,16,0,8
first_touch,102,65536,18364.000000,16,0,8
first_touch,103,65536,18945.000000,16,0,8
first_touch,104,65536,18284.000000,16,0,8
first_touch,105,65536,18285.000000,16,0,8
first_touch,106,65536,18345.000000,16,0,8
first_touch,107,65536,19958.000000,16,0,8
first_touch,108,65536,18385.000000,16,0,8
first_touch,109,65536,18215.000000,16,0,8
first_touch,110,65536,18134.000000,16,0,8
first_touch,111,65536,18264.000000,16,0,8
first_touch,112,65536,18254.000000,16,0,8
first_touch,113,65536,18274.000000,16,0,8
first_touch,114,65536,18064.000000,16,0,8
first_touch,115,65536,18155.000000,16,0,8
first_touch,116,65536,18275.000000,16,0,8
first_touch,117,65536,17964.000000,16,0,8
first_touch,118,65536,18064.000000,16,0,8
first_touch,119,65536,18104.000000,16,0,8
first_touch,120,65536,18745.000000,16,0,8
first_touch,121,65536,18134.000000,16,0,8
first_touch,122,65536,19166.000000,16,0,8
first_touch,123,65536,17913.000000,16,0,8
first_touch,124,65536,18556.000000,16,0,8
first_touch,125,65536,18234.000000,16,0,8
first_touch,126,65536,18696.000000,16,0,8
first_touch,127,65536,18465.000000,16,0,8
first_touch,128,65536,18956.000000,16,0,8
first_touch,129,65536,18054.000000,16,0,8
first_touch,130,65536,18164.000000,16,0,8
first_touch,131,65536,34625.000000,16,0,8
first_touch,132,65536,18456.000000,16,0,8
first_touch,133,65536,18114.000000,16,0,8
first_touch,134,65536,18786.000000,16,0,8
first_touch,135,65536,19497.000000,16,0,8
first_touch,136,65536,20449.000000,16,0,8
first_touch,137,65536,21791.000000,16,0,8
first_touch,138,65536,18194.000000,16,0,8
first_touch,139,65536,18545.000000,16,0,8
first_touch,140,65536,18855.000000,16,0,8
first_touch,141,65536,18726.000000,16,0,8
first_touch,142,65536,18345.000000,16,0,8
first_touch,143,65536,18244.000000,16,0,8
first_touch,144,65536,18334.000000,16,0,8
first_touch,145,65536,18464.000000,16,0,8
first_touch,146,65536,18615.000000,16,0,8
first_touch,147,65536,18885.000000,16,0,8
first_touch,148,65536,18094.000000,16,0,8
first_touch,149,65536,18564.000000,16,0,8
first_touch,150,65536,18977.000000,16,0,8
first_touch,151,65536,20368.000000,16,0,8
first_touch,152,65536,19646.000000,16,0,8
first_touch,153,65536,19537.000000,16,0,8
first_touch,154,65536,18906.000000,16,0,8
first_touch,155,65536,18424.000000,16,0,8
first_touch,156,65536,18374.000000,16,0,8
first_touch,157,65536,18755.000000,16,0,8
first_touch,158,65536,18004.000000,16,0,8
first_touch,159,65536,18264.000000,16,0,8
first_touch,160,65536,19186.000000,16,0,8
first_touch,161,65536,18054.000000,16,0,8
first_touch,162,65536,18535.000000,16,0,8
first_touch,163,65536,18585.000000,16,0,8
first_touch,164,65536,18285.000000,16,0,8
first_touch,165,65536,18014.000000,16,0,8
first_touch,166,65536,19106.000000,16,0,8
first_touch,167,65536,18255.000000,16,0,8
first_touch,168,65536,18534.000000,16,0,8
first_touch,169,65536,18264.000000,16,0,8
first_touch,170,65536,18334.000000,16,0,8
first_touch,171,65536,18575.000000,16,0,8
first_touch,172,65536,18175.000000,16,0,8
first_touch,173,65536,18204.000000,16,0,8
first_touch,174,65536,18575.000000,16,0,8
first_touch,175,65536,18665.000000,16,0,8
first_touch,176,65536,18476.000000,16,0,8
first_touch,177,65536,18414.000000,16,0,8
first_touch,178,65536,19697.000000,16,0,8
first_touch,179,65536,33273.000000,16,0,8
first_touch,180,65536,23835.000000,16,0,8
first_touch,181,65536,25798.000000,16,0,8
first_touch,182,65536,24166.000000,16,0,8
first_touch,183,65536,25529.000000,16,0,8
first_touch,184,65536,25217.000000,16,0,8
first_touch,185,65536,23554.000000,16,0,8
first_touch,186,65536,24826.000000,16,0,8
first_touch,187,65536,24556.000000,16,0,8
first_touch,188,65536,23824.000000,16,0,8
first_touch,189,65536,25448.000000,16,0,8
first_touch,190,65536,25058.000000,16,0,8
first_touch,191,65536,23014.000000,16,0,8
first_touch,192,65536,24777.000000,16,0,8
first_touch,193,65536,23063.000000,16,0,8
first_touch,194,65536,21570.000000,16,0,8
first_touch,195,65536,18786.000000,16,0,8
first_touch,196,65536,18505.000000,16,0,8
first_touch,197,65536,18596.000000,16,0,8
first_touch,198,65536,18394.000000,16,0,8
first_touch,199,65536,18084.000000,16,0,8
first_touch,200,65536,18034.000000,16,0,8
first_touch,201,65536,18324.000000,16,0,8
first_touch,202,65536,18154.000000,16,0,8
first_touch,203,65536,18454.000000,16,0,8
first_touch,204,65536,18304.000000,16,0,8
first_touch,205,65536,18335.000000,16,0,8
first_touch,206,65536,19137.000000,16,0,8
first_touch,207,65536,18665.000000,16,0,8
first_touch,208,65536,18224.000000,16,0,8
first_touch,209,65536,18865.000000,16,0,8
first_touch,210,65536,19677.000000,16,0,8
first_touch,211,65536,19196.000000,16,0,8
first_touch,212,65536,18074.000000,16,0,8
first_touch,213,65536,18334.000000,16,0,8
first_touch,214,65536,18705.000000,16,0,8
first_touch,215,65536,18316.000000,16,0,8
first_touch,216,65536,18344.000000,16,0,8
first_touch,217,65536,18254.000000,16,0,8
first_touch,218,65536,19326.000000,16,0,8
first_touch,219,65536,18464.000000,16,0,8
first_touch,220,65536,18404.000000,16,0,8
first_touch,221,65536,18064.000000,16,0,8
first_touch,222,65536,18194.000000,16,0,8
first_touch,223,65536,18275.000000,16,0,8
first_touch,224,65536,47671.000000,16,0,8
first_touch,225,65536,24396.000000,16,0,8
first_touch,226,65536,22712.000000,16,0,8
first_touch,227,65536,22542.000000,16,0,8
first_touch,228,65536,21791.000000,16,0,8
first_touch,229,65536,17803.000000,16,0,8
first_touch,230,65536,17743.000000,16,0,8
first_touch,231,65536,18355.000000,16,0,8
first_touch,232,65536,17973.000000,16,0,8
first_touch,233,65536,18435.000000,16,0,8
first_touch,234,65536,19227.000000,16,0,8
first_touch,235,65536,18375.000000,16,0,8
first_touch,236,65536,18094.000000,16,0,8
first_touch,237,65536,18284.000000,16,0,8
first_touch,238,65536,18334.000000,16,0,8
first_touch,239,65536,19326.000000,16,0,8
first_touch,240,65536,18526.000000,16,0,8
first_touch,241,65536,18224.000000,16,0,8
first_touch,242,65536,18675.000000,16,0,8
first_touch,243,65536,18745.000000,16,0,8
first_touch,244,65536,17974.000000,16,0,8
first_touch,245,65536,18064.000000,16,0,8
first_touch,246,65536,18264.000000,16,0,8
first_touch,247,65536,17813.000000,16,0,8
first_touch,248,65536,18825.000000,16,0,8
first_touch,249,65536,18465.000000,16,0,8
first_touch,250,65536,18174.000000,16,0,8
first_touch,251,65536,18435.000000,16,0,8
first_touch,252,65536,18635.000000,16,0,8
first_touch,253,65536,19126.000000,16,0,8
first_touch,254,65536,17794.000000,16,0,8
first_touch,255,65536,18595.000000,16,0,8
first_touch,256,65536,18595.000000,16,0,8
first_touch,257,65536,19377.000000,16,0,8
first_touch,258,65536,18454.000000,16,0,8
first_touch,259,65536,18444.000000,16,0,8
first_touch,260,65536,18354.000000,16,0,8
first_touch,261,65536,17984.000000,16,0,8
first_touch,262,65536,18164.000000,16,0,8
first_touch,263,65536,18224.000000,16,0,8
first_touch,264,65536,17974.000000,16,0,8
first_touch,265,65536,18094.000000,16,0,8
first_touch,266,65536,18865.000000,16,0,8
first_touch,267,65536,18445.000000,16,0,8
first_touch,268,65536,19257.000000,16,0,8
first_touch,269,65536,18044.000000,16,0,8
first_touch,270,65536,18324.000000,16,0,8
first_touch,271,65536,36157.000000,16,0,8
first_touch,272,65536,28072.000000,16,0,8
first_touch,273,65536,23013.000000,16,0,8
first_touch,274,65536,22803.000000,16,0,8
first_touch,275,65536,22572.000000,16,0,8
first_touch,276,65536,23034.000000,16,0,8
first_touch,277,65536,18043.000000,16,0,8
first_touch,278,65536,18114.000000,16,0,8
first_touch,279,65536,18134.000000,16,0,8
first_touch,280,65536,18234.000000,16,0,8
first_touch,281,65536,18404.000000,16,0,8
first_touch,282,65536,18886.000000,16,0,8
first_touch,283,65536,19547.000000,16,0,8
first_touch,284,65536,18464.000000,16,0,8
first_touch,285,65536,18905.000000,16,0,8
first_touch,286,65536,18645.000000,16,0,8
first_touch,287,65536,18234.000000,16,0,8
first_touch,288,65536,19156.000000,16,0,8
first_touch,289,65536,18805.000000,16,0,8
first_touch,290,65536,18605.000000,16,0,8
first_touch,291,65536,18364.000000,16,0,8
first_touch,292,65536,18715.000000,16,0,8
first_touch,293,65536,18023.000000,16,0,8
first_touch,294,65536,18004.000000,16,0,8
first_touch,295,65536,18805.000000,16,0,8
first_touch,296,65536,18084.000000,16,0,8
first_touch,297,65536,18204.000000,16,0,8
first_touch,298,65536,18214.000000,16,0,8
first_touch,299,65536,18195.000000,16,0,8
first_touch,300,65536,18265.000000,16,0,8
first_touch,301,65536,18615.000000,16,0,8
first_touch,302,65536,18805.000000,16,0,8
first_touch,303,65536,18825.000000,16,0,8
first_touch,304,65536,18354.000000,16,0,8
first_touch,305,65536,18314.000000,16,0,8
first_touch,306,65536,18394.000000,16,0,8
first_touch,307,65536,21080.000000,16,0,8
first_touch,308,65536,24537.000000,16,0,8
first_touch,309,65536,23254.000000,16,0,8
first_touch,310,65536,23604.000000,16,0,8
first_touch,311,65536,24506.000000,16,0,8
first_touch,312,65536,24456.000000,16,0,8
first_touch,313,65536,22392.000000,16,0,8
first_touch,314,65536,20929.000000,16,0,8
first_touch,315,65536,19187.000000,16,0,8
first_touch,316,65536,18525.000000,16,0,8
first_touch,317,65536,33323.000000,16,0,8
first_touch,318,65536,17994.000000,16,0,8
first_touch,319,65536,18205.000000,16,0,8
first_touch,320,65536,19867.000000,16,0,8
first_touch,321,65536,20047.000000,16,0,8
first_touch,322,65536,19797.000000,16,0,8
first_touch,323,65536,21301.000000,16,0,8
first_touch,324,65536,18565.000000,16,0,8
first_touch,325,65536,18715.000000,16,0,8
first_touch,326,65536,18384.000000,16,0,8
first_touch,327,65536,19797.000000,16,0,8
first_touch,328,65536,18255.000000,16,0,8
first_touch,329,65536,17944.000000,16,0,8
first_touch,330,65536,17903.000000,16,0,8
first_touch,331,65536,18385.000000,16,0,8
first_touch,332,65536,18576.000000,16,0,8
first_touch,333,65536,18414.000000,16,0,8
first_touch,334,65536,18565.000000,16,0,8
first_touch,335,65536,18244.000000,16,0,8
first_touch,336,65536,18294.000000,16,0,8
first_touch,337,65536,18985.000000,16,0,8
first_touch,338,65536,18565.000000,16,0,8
first_touch,339,65536,18534.000000,16,0,8
first_touch,340,65536,18425.000000,16,0,8
first_touch,341,65536,18286.000000,16,0,8
first_touch,342,65536,19427.000000,16,0,8
first_touch,343,65536,18535.000000,16,0,8
first_touch,344,65536,19166.000000,16,0,8
first_touch,345,65536,18645.000000,16,0,8
first_touch,346,65536,18655.000000,16,0,8
first_touch,347,65536,18585.000000,16,0,8
first_touch,348,65536,18043.000000,16,0,8
first_touch,349,65536,18895.000000,16,0,8
first_touch,350,65536,18626.000000,16,0,8
first_touch,351,65536,18725.000000,16,0,8
first_touch,352,65536,19757.000000,16,0,8
first_touch,353,65536,18535.000000,16,0,8
first_touch,354,65536,18294.000000,16,0,8
first_touch,355,65536,18945.000000,16,0,8
first_touch,356,65536,19617.000000,16,0,8
first_touch,357,65536,18866.000000,16,0,8
first_touch,358,65536,18324.000000,16,0,8
first_touch,359,65536,24556.000000,16,0,8
first_touch,360,65536,25738.000000,16,0,8
first_touch,361,65536,24006.000000,16,0,8
first_touch,362,65536,23344.000000,16,0,8
first_touch,363,65536,23945.000000,16,0,8
first_touch,364,65536,63640.000000,16,0,8
first_touch,365,65536,23104.000000,16,0,8
first_touch,366,65536,22973.000000,16,0,8
first_touch,367,65536,22101.000000,16,0,8
first_touch,368,65536,18736.000000,16,0,8
first_touch,369,65536,18415.000000,16,0,8
first_touch,370,65536,19657.000000,16,0,8
first_touch,371,65536,18475.000000,16,0,8
first_touch,372,65536,17895.000000,16,0,8
first_touch,373,65536,17943.000000,16,0,8
first_touch,374,65536,18565.000000,16,0,8
first_touch,375,65536,18365.000000,16,0,8
first_touch,376,65536,18274.000000,16,0,8
first_touch,377,65536,18595.000000,16,0,8
first_touch,378,65536,18475.000000,16,0,8
first_touch,379,65536,18645.000000,16,0,8
first_touch,380,65536,18565.000000,16,0,8
first_touch,381,65536,18797.000000,16,0,8
first_touch,382,65536,18535.000000,16,0,8
first_touch,383,65536,18875.000000,16,0,8
first_touch,384,65536,18725.000000,16,0,8
first_touch,385,65536,19496.000000,16,0,8
first_touch,386,65536,18715.000000,16,0,8
first_touch,387,65536,18424.000000,16,0,8
first_touch,388,65536,18575.000000,16,0,8
first_touch,389,65536,18024.000000,16,0,8
first_touch,390,65536,18095.000000,16,0,8
first_touch,391,65536,18134.000000,16,0,8
first_touch,392,65536,18485.000000,16,0,8
first_touch,393,65536,18525.000000,16,0,8
first_touch,394,65536,18354.000000,16,0,8
first_touch,395,65536,17853.000000,16,0,8
first_touch,396,65536,18144.000000,16,0,8
first_touch,397,65536,17934.000000,16,0,8
first_touch,398,65536,18265.000000,16,0,8
first_touch,399,65536,18526.000000,16,0,8
first_touch,400,65536,17984.000000,16,0,8
first_touch,401,65536,18685.000000,16,0,8
first_touch,402,65536,18345.000000,16,0,8
first_touch,403,65536,18134.000000,16,0,8
first_touch,404,65536,18775.000000,16,0,8
first_touch,405,65536,18625.000000,16,0,8
first_touch,406,65536,18104.000000,16,0,8
first_touch,407,65536,17734.000000,16,0,8
first_touch,408,65536,18275.000000,16,0,8
first_touch,409,65536,17814.000000,16,0,8
first_touch,410,65536,18595.000000,16,0,8
first_touch,411,65536,98184.000000,16,0,8
first_touch,412,65536,21030.000000,16,0,8
first_touch,413,65536,20218.000000,16,0,8
first_touch,414,65536,23264.000000,16,0,8
first_touch,415,65536,18444.000000,16,0,8
first_touch,416,65536,19316.000000,16,0,8
first_touch,417,65536,18174.000000,16,0,8
first_touch,418,65536,19937.000000,16,0,8
first_touch,419,65536,25928.000000,16,0,8
first_touch,420,65536,23525.000000,16,0,8
first_touch,421,65536,22732.000000,16,0,8
first_touch,422,65536,23003.000000,16,0,8
first_touch,423,65536,18826.000000,16,0,8
first_touch,424,65536,18134.000000,16,0,8
first_touch,425,65536,18775.000000,16,0,8
first_touch,426,65536,18705.000000,16,0,8
first_touch,427,65536,18555.000000,16,0,8
first_touch,428,65536,18966.000000,16,0,8
first_touch,429,65536,19417.000000,16,0,8
first_touch,430,65536,18574.000000,16,0,8
first_touch,431,65536,18405.000000,16,0,8
first_touch,432,65536,18194.000000,16,0,8
first_touch,433,65536,18926.000000,16,0,8
first_touch,434,65536,18194.000000,16,0,8
first_touch,435,65536,18284.000000,16,0,8
first_touch,436,65536,18936.000000,16,0,8
first_touch,437,65536,18425.000000,16,0,8
first_touch,438,65536,18936.000000,16,0,8
first_touch,439,65536,18314.000000,16,0,8
first_touch,440,65536,17853.000000,16,0,8
first_touch,441,65536,18705.000000,16,0,8
first_touch,442,65536,18474.000000,16,0,8
first_touch,443,65536,18835.000000,16,0,8
first_touch,444,65536,19577.000000,16,0,8
first_touch,445,65536,18706.000000,16,0,8
first_touch,446,65536,18164.000000,16,0,8
first_touch,447,65536,18175.000000,16,0,8
first_touch,448,65536,19607.000000,16,0,8
first_touch,449,65536,19025.000000,16,0,8
first_touch,450,65536,18535.000000,16,0,8
first_touch,451,65536,18935.000000,16,0,8
first_touch,452,65536,18294.000000,16,0,8
first_touch,453,65536,18595.000000,16,0,8
first_touch,454,65536,35186.000000,16,0,8
first_touch,455,65536,23605.000000,16,0,8
first_touch,456,65536,23073.000000,16,0,8
first_touch,457,65536,22622.000000,16,0,8
first_touch,458,65536,27161.000000,16,0,8
first_touch,459,65536,21520.000000,16,0,8
first_touch,460,65536,17834.000000,16,0,8
first_touch,461,65536,17864.000000,16,0,8
first_touch,462,65536,17974.000000,16,0,8
first_touch,463,65536,18705.000000,16,0,8
first_touch,464,65536,18505.000000,16,0,8
first_touch,465,65536,17924.000000,16,0,8
first_touch,466,65536,18786.000000,16,0,8
first_touch,467,65536,18886.000000,16,0,8
first_touch,468,65536,18935.000000,16,0,8
first_touch,469,65536,18394.000000,16,0,8
first_touch,470,65536,18675.000000,16,0,8
first_touch,471,65536,18956.000000,16,0,8
first_touch,472,65536,18314.000000,16,0,8
first_touch,473,65536,19577.000000,16,0,8
first_touch,474,65536,18375.000000,16,0,8
first_touch,475,65536,18324.000000,16,0,8
first_touch,476,65536,18695.000000,16,0,8
first_touch,477,65536,18185.000000,16,0,8
first_touch,478,65536,19116.000000,16,0,8
first_touch,479,65536,18665.000000,16,0,8
first_touch,480,65536,18525.000000,16,0,8
first_touch,481,65536,18284.000000,16,0,8
first_touch,482,65536,18114.000000,16,0,8
first_touch,483,65536,18554.000000,16,0,8
first_touch,484,65536,18204.000000,16,0,8
first_touch,485,65536,18926.000000,16,0,8
first_touch,486,65536,18415.000000,16,0,8
first_touch,487,65536,18635.000000,16,0,8
first_touch,488,65536,18996.000000,16,0,8
first_touch,489,65536,18516.000000,16,0,8
first_touch,490,65536,18394.000000,16,0,8
first_touch,491,65536,18675.000000,16,0,8
first_touch,492,65536,18374.000000,16,0,8
first_touch,493,65536,18384.000000,16,0,8
first_touch,494,65536,18345.000000,16,0,8
first_touch,495,65536,18385.000000,16,0,8
first_touch,496,65536,18936.000000,16,0,8
first_touch,497,65536,18124.000000,16,0,8
first_touch,498,65536,18295.000000,16,0,8
first_touch,499,65536,18395.000000,16,0,8
first_touch,500,65536,18644.000000,16,0,8
first_touch,501,65536,18615.000000,16,0,8
first_touch,502,65536,29054.000000,16,0,8
first_touch,503,65536,19466.000000,16,0,8
first_touch,504,65536,19927.000000,16,0,8
first_touch,505,65536,18825.000000,16,0,8
first_touch,506,65536,18445.000000,16,0,8
first_touch,507,65536,18104.000000,16,0,8
first_touch,508,65536,18945.000000,16,0,8
first_touch,509,65536,18324.000000,16,0,8
first_touch,510,65536,18495.000000,16,0,8
first_touch,511,65536,18444.000000,16,0,8
prefaulted,0,65536,761.000000,3,0,8
prefaulted,1,65536,341.000000,0,0,8
prefaulted,2,65536,320.000000,0,0,8
prefaulted,3,65536,371.000000,0,0,8
prefaulted,4,65536,260.000000,0,0,8
prefaulted,5,65536,240.000000,0,0,8
prefaulted,6,65536,221.000000,0,0,8
prefaulted,7,65536,241.000000,0,0,8
prefaulted,8,65536,230.000000,0,0,8
prefaulted,9,65536,250.000000,0,0,8
prefaulted,10,65536,230.000000,0,0,8
prefaulted,11,65536,230.000000,0,0,8
prefaulted,12,65536,260.000000,0,0,8
prefaulted,13,65536,221.000000,0,0,8
prefaulted,14,65536,351.000000,0,0,8
prefaulted,15,65536,240.000000,0,0,8
prefaulted,16,65536,230.000000,0,0,8
prefaulted,17,65536,221.000000,0,0,8
prefaulted,18,65536,331.000000,0,0,8
prefaulted,19,65536,541.000000,0,0,8
prefaulted,20,65536,250.000000,0,0,8
prefaulted,21,65536,231.000000,0,0,8
prefaulted,22,65536,221.000000,0,0,8
prefaulted,23,65536,331.000000,0,0,8
prefaulted,24,65536,571.000000,0,0,8
prefaulted,25,65536,221.000000,0,0,8
prefaulted,26,65536,230.000000,0,0,8
prefaulted,27,65536,220.000000,0,0,8
prefaulted,28,65536,250.000000,0,0,8
prefaulted,29,65536,251.000000,0,0,8
prefaulted,30,65536,231.000000,0,0,8
prefaulted,31,65536,240.000000,0,0,8
prefaulted,32,65536,320.000000,0,0,8
prefaulted,33,65536,541.000000,0,0,8
prefaulted,34,65536,240.000000,0,0,8
prefaulted,35,65536,220.000000,0,0,8
prefaulted,36,65536,280.000000,0,0,8
prefaulted,37,65536,231.000000,0,0,8
prefaulted,38,65536,551.000000,0,0,8
prefaulted,39,65536,230.000000,0,0,8
prefaulted,40,65536,211.000000,0,0,8
prefaulted,41,65536,241.000000,0,0,8
prefaulted,42,65536,220.000000,0,0,8
prefaulted,43,65536,572.000000,0,0,8
prefaulted,44,65536,220.000000,0,0,8
prefaulted,45,65536,260.000000,0,0,8
prefaulted,46,65536,231.000000,0,0,8
prefaulted,47,65536,471.000000,0,0,8
prefaulted,48,65536,561.000000,0,0,8
prefaulted,49,65536,210.000000,0,0,8
prefaulted,50,65536,220.000000,0,0,8
prefaulted,51,65536,351.000000,0,0,8
prefaulted,52,65536,441.000000,0,0,8
prefaulted,53,65536,341.000000,0,0,8
prefaulted,54,65536,221.000000,0,0,8
prefaulted,55,65536,251.000000,0,0,8
prefaulted,56,65536,250.000000,0,0,8
prefaulted,57,65536,220.000000,0,0,8
prefaulted,58,65536,241.000000,0,0,8
prefaulted,59,65536,220.000000,0,0,8
prefaulted,60,65536,240.000000,0,0,8
prefaulted,61,65536,220.000000,0,0,8
prefaulted,62,65536,221.000000,0,0,8
prefaulted,63,65536,230.000000,0,0,8
prefaulted,64,65536,330.000000,0,0,8
prefaulted,65,65536,330.000000,0,0,8
prefaulted,66,65536,230.000000,0,0,8
prefaulted,67,65536,241.000000,0,0,8
prefaulted,68,65536,231.000000,0,0,8
prefaulted,69,65536,210.000000,0,0,8
prefaulted,70,65536,230.000000,0,0,8
prefaulted,71,65536,221.000000,0,0,8
prefaulted,72,65536,240.000000,0,0,8
prefaulted,73,65536,250.000000,0,0,8
prefaulted,74,65536,551.000000,0,0,8
prefaulted,75,65536,220.000000,0,0,8
prefaulted,76,65536,220.000000,0,0,8
prefaulted,77,65536,481.000000,0,0,8
prefaulted,78,65536,331.000000,0,0,8
prefaulted,79,65536,231.000000,0,0,8
prefaulted,80,65536,230.000000,0,0,8
prefaulted,81,65536,240.000000,0,0,8
prefaulted,82,65536,582.000000,0,0,8
prefaulted,83,65536,230.000000,0,0,8
prefaulted,84,65536,230.000000,0,0,8
prefaulted,85,65536,221.000000,0,0,8
prefaulted,86,65536,231.000000,0,0,8
prefaulted,87,65536,220.000000,0,0,8
prefaulted,88,65536,220.000000,0,0,8
prefaulted,89,65536,221.000000,0,0,8
prefaulted,90,65536,221.000000,0,0,8
prefaulted,91,65536,220.000000,0,0,8
prefaulted,92,65536,220.000000,0,0,8
prefaulted,93,65536,251.000000,0,0,8
prefaulted,94,65536,291.000000,0,0,8
prefaulted,95,65536,231.000000,0,0,8
prefaulted,96,65536,341.000000,0,0,8
prefaulted,97,65536,331.000000,0,0,8
prefaulted,98,65536,230.000000,0,0,8
prefaulted,99,65536,240.000000,0,0,8
prefaulted,100,65536,231.000000,0,0,8
prefaulted,101,65536,251.000000,0,0,8
prefaulted,102,65536,220.000000,0,0,8
prefaulted,103,65536,230.000000,0,0,8
prefaulted,104,65536,251.000000,0,0,8
prefaulted,105,65536,221.000000,0,0,8
prefaulted,106,65536,251.000000,0,0,8
prefaulted,107,65536,221.000000,0,0,8
prefaulted,108,65536,280.000000,0,0,8
prefaulted,109,65536,220.000000,0,0,8
prefaulted,110,65536,231.000000,0,0,8
prefaulted,111,65536,221.000000,0,0,8
prefaulted,112,65536,220.000000,0,0,8
prefaulted,113,65536,230.000000,0,0,8
prefaulted,114,65536,271.000000,0,0,8
prefaulted,115,65536,321.000000,0,0,8
prefaulted,116,65536,421.000000,0,0,8
prefaulted,117,65536,261.000000,0,0,8
prefaulted,118,65536,220.000000,0,0,8
prefaulted,119,65536,220.000000,0,0,8
prefaulted,120,65536,211.000000,0,0,8
prefaulted,121,65536,230.000000,0,0,8
prefaulted,122,65536,551.000000,0,0,8
prefaulted,123,65536,261.000000,0,0,8
prefaulted,124,65536,230.000000,0,0,8
prefaulted,125,65536,240.000000,0,0,8
prefaulted,126,65536,221.000000,0,0,8
prefaulted,127,65536,231.000000,0,0,8
prefaulted,128,65536,360.000000,0,0,8
prefaulted,129,65536,330.000000,0,0,8
prefaulted,130,65536,230.000000,0,0,8
prefaulted,131,65536,511.000000,0,0,8
prefaulted,132,65536,220.000000,0,0,8
prefaulted,133,65536,221.000000,0,0,8
prefaulted,134,65536,221.000000,0,0,8
prefaulted,135,65536,260.000000,0,0,8
prefaulted,136,65536,240.000000,0,0,8
prefaulted,137,65536,221.000000,0,0,8
prefaulted,138,65536,231.000000,0,0,8
prefaulted,139,65536,230.000000,0,0,8
prefaulted,140,65536,220.000000,0,0,8
prefaulted,141,65536,221.000000,0,0,8
prefaulted,142,65536,221.000000,0,0,8
prefaulted,143,65536,260.000000,0,0,8
prefaulted,144,65536,230.000000,0,0,8
prefaulted,145,65536,441.000000,0,0,8
prefaulted,146,65536,230.000000,0,0,8
prefaulted,147,65536,231.000000,0,0,8
prefaulted,148,65536,230.000000,0,0,8
prefaulted,149,65536,230.000000,0,0,8
prefaulted,150,65536,221.000000,0,0,8
prefaulted,151,65536,221.000000,0,0,8
prefaulted,152,65536,260.000000,0,0,8
prefaulted,153,65536,230.000000,0,0,8
prefaulted,154,65536,231.000000,0,0,8
prefaulted,155,65536,221.000000,0,0,8
prefaulted,156,65536,240.000000,0,0,8
prefaulted,157,65536,410.000000,0,0,8
prefaulted,158,65536,240.000000,0,0,8
prefaulted,159,65536,341.000000,0,0,8
prefaulted,160,65536,321.000000,0,0,8
prefaulted,161,65536,321.000000,0,0,8
prefaulted,162,65536,501.000000,0,0,8
prefaulted,163,65536,221.000000,0,0,8
prefaulted,164,65536,221.000000,0,0,8
prefaulted,165,65536,220.000000,0,0,8
prefaulted,166,65536,220.000000,0,0,8
prefaulted,167,65536,221.000000,0,0,8
prefaulted,168,65536,241.000000,0,0,8
prefaulted,169,65536,220.000000,0,0,8
prefaulted,170,65536,220.000000,0,0,8
prefaulted,171,65536,221.000000,0,0,8
prefaulted,172,65536,260.000000,0,0,8
prefaulted,173,65536,220.000000,0,0,8
prefaulted,174,65536,230.000000,0,0,8
prefaulted,175,65536,221.000000,0,0,8
prefaulted,176,65536,250.000000,0,0,8
prefaulted,177,65536,230.000000,0,0,8
prefaulted,178,65536,301.000000,0,0,8
prefaulted,179,65536,221.000000,0,0,8
prefaulted,180,65536,230.000000,0,0,8
prefaulted,181,65536,220.000000,0,0,8
prefaulted,182,65536,241.000000,0,0,8
prefaulted,183,65536,281.000000,0,0,8
prefaulted,184,65536,220.000000,0,0,8
prefaulted,185,65536,230.000000,0,0,8
prefaulted,186,65536,231.000000,0,0,8
prefaulted,187,65536,221.000000,0,0,8
prefaulted,188,65536,230.000000,0,0,8
prefaulted,189,65536,220.000000,0,0,8
prefaulted,190,65536,220.000000,0,0,8
prefaulted,191,65536,221.000000,0,0,8
prefaulted,192,65536,351.000000,0,0,8
prefaulted,193,65536,331.000000,0,0,8
prefaulted,194,65536,220.000000,0,0,8
prefaulted,195,65536,230.000000,0,0,8
prefaulted,196,65536,220.000000,0,0,8
prefaulted,197,65536,230.000000,0,0,8
prefaulted,198,65536,521.000000,0,0,8
prefaulted,199,65536,380.000000,0,0,8
prefaulted,200,65536,411.000000,0,0,8
prefaulted,201,65536,230.000000,0,0,8
prefaulted,202,65536,240.000000,0,0,8
prefaulted,203,65536,471.000000,0,0,8
prefaulted,204,65536,231.000000,0,0,8
prefaulted,205,65536,221.000000,0,0,8
prefaulted,206,65536,220.000000,0,0,8
prefaulted,207,65536,250.000000,0,0,8
prefaulted,208,65536,231.000000,0,0,8
prefaulted,209,65536,291.000000,0,0,8
prefaulted,210,65536,230.000000,0,0,8
prefaulted,211,65536,220.000000,0,0,8
prefaulted,212,65536,221.000000,0,0,8
prefaulted,213,65536,221.000000,0,0,8
prefaulted,214,65536,230.000000,0,0,8
prefaulted,215,65536,300.000000,0,0,8
prefaulted,216,65536,241.000000,0,0,8
prefaulted,217,65536,291.000000,0,0,8
prefaulted,218,65536,231.000000,0,0,8
prefaulted,219,65536,250.000000,0,0,8
prefaulted,220,65536,230.000000,0,0,8
prefaulted,221,65536,231.000000,0,0,8
prefaulted,222,65536,231.000000,0,0,8
prefaulted,223,65536,220.000000,0,0,8
prefaulted,224,65536,641.000000,0,0,8
prefaulted,225,65536,351.000000,0,0,8
prefaulted,226,65536,230.000000,0,0,8
prefaulted,227,65536,230.000000,0,0,8
prefaulted,228,65536,231.000000,0,0,8
prefaulted,229,65536,581.000000,0,0,8
prefaulted,230,65536,220.000000,0,0,8
prefaulted,231,65536,231.000000,0,0,8
prefaulted,232,65536,220.000000,0,0,8
prefaulted,233,65536,390.000000,0,0,8
prefaulted,234,65536,241.000000,0,0,8
prefaulted,235,65536,220.000000,0,0,8
prefaulted,236,65536,220.000000,0,0,8
prefaulted,237,65536,230.000000,0,0,8
prefaulted,238,65536,221.000000,0,0,8
prefaulted,239,65536,221.000000,0,0,8
prefaulted,240,65536,220.000000,0,0,8
prefaulted,241,65536,230.000000,0,0,8
prefaulted,242,65536,231.000000,0,0,8
prefaulted,243,65536,331.000000,0,0,8
prefaulted,244,65536,431.000000,0,0,8
prefaulted,245,65536,231.000000,0,0,8
prefaulted,246,65536,240.000000,0,0,8
prefaulted,247,65536,211.000000,0,0,8
prefaulted,248,65536,521.000000,0,0,8
prefaulted,249,65536,221.000000,0,0,8
prefaulted,250,65536,331.000000,0,0,8
prefaulted,251,65536,330.000000,0,0,8
prefaulted,252,65536,220.000000,0,0,8
prefaulted,253,65536,231.000000,0,0,8
prefaulted,254,65536,231.000000,0,0,8
prefaulted,255,65536,230.000000,0,0,8
prefaulted,256,65536,350.000000,0,0,8
prefaulted,257,65536,621.000000,0,0,8
prefaulted,258,65536,230.000000,0,0,8
prefaulted,259,65536,220.000000,0,0,8
prefaulted,260,65536,231.000000,0,0,8
prefaulted,261,65536,251.000000,0,0,8
prefaulted,262,65536,210.000000,0,0,8
prefaulted,263,65536,220.000000,0,0,8
prefaulted,264,65536,261.000000,0,0,8
prefaulted,265,65536,221.000000,0,0,8
prefaulted,266,65536,240.000000,0,0,8
prefaulted,267,65536,230.000000,0,0,8
prefaulted,268,65536,231.000000,0,0,8
prefaulted,269,65536,331.000000,0,0,8
prefaulted,270,65536,220.000000,0,0,8
prefaulted,271,65536,220.000000,0,0,8
prefaulted,272,65536,221.000000,0,0,8
prefaulted,273,65536,251.000000,0,0,8
prefaulted,274,65536,230.000000,0,0,8
prefaulted,275,65536,230.000000,0,0,8
prefaulted,276,65536,231.000000,0,0,8
prefaulted,277,65536,231.000000,0,0,8
prefaulted,278,65536,230.000000,0,0,8
prefaulted,279,65536,220.000000,0,0,8
prefaulted,280,65536,221.000000,0,0,8
prefaulted,281,65536,240.000000,0,0,8
prefaulted,282,65536,220.000000,0,0,8
prefaulted,283,65536,231.000000,0,0,8
prefaulted,284,65536,241.000000,0,0,8
prefaulted,285,65536,401.000000,0,0,8
prefaulted,286,65536,241.000000,0,0,8
prefaulted,287,65536,230.000000,0,0,8
prefaulted,288,65536,350.000000,0,0,8
prefaulted,289,65536,360.000000,0,0,8
prefaulted,290,65536,390.000000,0,0,8
prefaulted,291,65536,230.000000,0,0,8
prefaulted,292,65536,291.000000,0,0,8
prefaulted,293,65536,231.000000,0,0,8
prefaulted,294,65536,250.000000,0,0,8
prefaulted,295,65536,581.000000,0,0,8
prefaulted,296,65536,231.000000,0,0,8
prefaulted,297,65536,220.000000,0,0,8
prefaulted,298,65536,481.000000,0,0,8
prefaulted,299,65536,541.000000,0,0,8
prefaulted,300,65536,230.000000,0,0,8
prefaulted,301,65536,230.000000,0,0,8
prefaulted,302,65536,241.000000,0,0,8
prefaulted,303,65536,381.000000,0,0,8
prefaulted,304,65536,561.000000,0,0,8
prefaulted,305,65536,211.000000,0,0,8
prefaulted,306,65536,261.000000,0,0,8
prefaulted,307,65536,220.000000,0,0,8
prefaulted,308,65536,320.000000,0,0,8
prefaulted,309,65536,230.000000,0,0,8
prefaulted,310,65536,261.000000,0,0,8
prefaulted,311,65536,230.000000,0,0,8
prefaulted,312,65536,220.000000,0,0,8
prefaulted,313,65536,230.000000,0,0,8
prefaulted,314,65536,241.000000,0,0,8
prefaulted,315,65536,250.000000,0,0,8
prefaulted,316,65536,240.000000,0,0,8
prefaulted,317,65536,261.000000,0,0,8
prefaulted,318,65536,221.000000,0,0,8
prefaulted,319,65536,220.000000,0,0,8
prefaulted,320,65536,441.000000,0,0,8
prefaulted,321,65536,381.000000,0,0,8
prefaulted,322,65536,230.000000,0,0,8
prefaulted,323,65536,220.000000,0,0,8
prefaulted,324,65536,221.000000,0,0,8
prefaulted,325,65536,421.000000,0,0,8
prefaulted,326,65536,221.000000,0,0,8
prefaulted,327,65536,230.000000,0,0,8
prefaulted,328,65536,230.000000,0,0,8
prefaulted,329,65536,341.000000,0,0,8
prefaulted,330,65536,221.000000,0,0,8
prefaulted,331,65536,250.000000,0,0,8
prefaulted,332,65536,240.000000,0,0,8
prefaulted,333,65536,280.000000,0,0,8
prefaulted,334,65536,551.000000,0,0,8
prefaulted,335,65536,240.000000,0,0,8
prefaulted,336,65536,230.000000,0,0,8
prefaulted,337,65536,311.000000,0,0,8
prefaulted,338,65536,221.000000,0,0,8
prefaulted,339,65536,551.000000,0,0,8
prefaulted,340,65536,231.000000,0,0,8
prefaulted,341,65536,210.000000,0,0,8
prefaulted,342,65536,230.000000,0,0,8
prefaulted,343,65536,230.000000,0,0,8
prefaulted,344,65536,231.000000,0,0,8
prefaulted,345,65536,220.000000,0,0,8
prefaulted,346,65536,220.000000,0,0,8
prefaulted,347,65536,221.000000,0,0,8
prefaulted,348,65536,241.000000,0,0,8
prefaulted,349,65536,220.000000,0,0,8
prefaulted,350,65536,381.000000,0,0,8
prefaulted,351,65536,231.000000,0,0,8
prefaulted,352,65536,331.000000,0,0,8
prefaulted,353,65536,341.000000,0,0,8
prefaulted,354,65536,291.000000,0,0,8
prefaulted,355,65536,421.000000,0,0,8
prefaulted,356,65536,230.000000,0,0,8
prefaulted,357,65536,310.000000,0,0,8
prefaulted,358,65536,220.000000,0,0,8
prefaulted,359,65536,241.000000,0,0,8
prefaulted,360,65536,231.000000,0,0,8
prefaulted,361,65536,220.000000,0,0,8
prefaulted,362,65536,230.000000,0,0,8
prefaulted,363,65536,230.000000,0,0,8
prefaulted,364,65536,241.000000,0,0,8
prefaulted,365,65536,231.000000,0,0,8
prefaulted,366,65536,270.000000,0,0,8
prefaulted,367,65536,230.000000,0,0,8
prefaulted,368,65536,240.000000,0,0,8
prefaulted,369,65536,221.000000,0,0,8
prefaulted,370,65536,531.000000,0,0,8
prefaulted,371,65536,221.000000,0,0,8
prefaulted,372,65536,331.000000,0,0,8
prefaulted,373,65536,240.000000,0,0,8
prefaulted,374,65536,260.000000,0,0,8
prefaulted,375,65536,461.000000,0,0,8
prefaulted,376,65536,270.000000,0,0,8
prefaulted,377,65536,221.000000,0,0,8
prefaulted,378,65536,221.000000,0,0,8
prefaulted,379,65536,381.000000,0,0,8
prefaulted,380,65536,551.000000,0,0,8
prefaulted,381,65536,241.000000,0,0,8
prefaulted,382,65536,250.000000,0,0,8
prefaulted,383,65536,250.000000,0,0,8
prefaulted,384,65536,641.000000,0,0,8
prefaulted,385,65536,391.000000,0,0,8
prefaulted,386,65536,221.000000,0,0,8
prefaulted,387,65536,241.000000,0,0,8
prefaulted,388,65536,250.000000,0,0,8
prefaulted,389,65536,240.000000,0,0,8
prefaulted,390,65536,571.000000,0,0,8
prefaulted,391,65536,220.000000,0,0,8
prefaulted,392,65536,261.000000,0,0,8
prefaulted,393,65536,231.000000,0,0,8
prefaulted,394,65536,270.000000,0,0,8
prefaulted,395,65536,250.000000,0,0,8
prefaulted,396,65536,241.000000,0,0,8
prefaulted,397,65536,231.000000,0,0,8
prefaulted,398,65536,210.000000,0,0,8
prefaulted,399,65536,240.000000,0,0,8
prefaulted,400,65536,220.000000,0,0,8
prefaulted,401,65536,220.000000,0,0,8
prefaulted,402,65536,231.000000,0,0,8
prefaulted,403,65536,251.000000,0,0,8
prefaulted,404,65536,250.000000,0,0,8
prefaulted,405,65536,320.000000,0,0,8
prefaulted,406,65536,230.000000,0,0,8
prefaulted,407,65536,231.000000,0,0,8
prefaulted,408,65536,261.000000,0,0,8
prefaulted,409,65536,250.000000,0,0,8
prefaulted,410,65536,220.000000,0,0,8
prefaulted,411,65536,231.000000,0,0,8
prefaulted,412,65536,231.000000,0,0,8
prefaulted,413,65536,230.000000,0,0,8
prefaulted,414,65536,240.000000,0,0,8
prefaulted,415,65536,221.000000,0,0,8
prefaulted,416,65536,341.000000,0,0,8
prefaulted,417,65536,240.000000,0,0,8
prefaulted,418,65536,220.000000,0,0,8
prefaulted,419,65536,250.000000,0,0,8
prefaulted,420,65536,221.000000,0,0,8
prefaulted,421,65536,251.000000,0,0,8
prefaulted,422,65536,240.000000,0,0,8
prefaulted,423,65536,220.000000,0,0,8
prefaulted,424,65536,251.000000,0,0,8
prefaulted,425,65536,231.000000,0,0,8
prefaulted,426,65536,531.000000,0,0,8
prefaulted,427,65536,231.000000,0,0,8
prefaulted,428,65536,240.000000,0,0,8
prefaulted,429,65536,230.000000,0,0,8
prefaulted,430,65536,291.000000,0,0,8
prefaulted,431,65536,241.000000,0,0,8
prefaulted,432,65536,221.000000,0,0,8
prefaulted,433,65536,230.000000,0,0,8
prefaulted,434,65536,230.000000,0,0,8
prefaulted,435,65536,221.000000,0,0,8
prefaulted,436,65536,221.000000,0,0,8
prefaulted,437,65536,230.000000,0,0,8
prefaulted,438,65536,250.000000,0,0,8
prefaulted,439,65536,241.000000,0,0,8
prefaulted,440,65536,221.000000,0,0,8
prefaulted,441,65536,230.000000,0,0,8
prefaulted,442,65536,230.000000,0,0,8
prefaulted,443,65536,301.000000,0,0,8
prefaulted,444,65536,251.000000,0,0,8
prefaulted,445,65536,230.000000,0,0,8
prefaulted,446,65536,481.000000,0,0,8
prefaulted,447,65536,281.000000,0,0,8
prefaulted,448,65536,371.000000,0,0,8
prefaulted,449,65536,230.000000,0,0,8
prefaulted,450,65536,260.000000,0,0,8
prefaulted,451,65536,220.000000,0,0,8
prefaulted,452,65536,231.000000,0,0,8
prefaulted,453,65536,230.000000,0,0,8
prefaulted,454,65536,240.000000,0,0,8
prefaulted,455,65536,221.000000,0,0,8
prefaulted,456,65536,221.000000,0,0,8
prefaulted,457,65536,230.000000,0,0,8
prefaulted,458,65536,240.000000,0,0,8
prefaulted,459,65536,221.000000,0,0,8
prefaulted,460,65536,230.000000,0,0,8
prefaulted,461,65536,230.000000,0,0,8
prefaulted,462,65536,240.000000,0,0,8
prefaulted,463,65536,221.000000,0,0,8
prefaulted,464,65536,230.000000,0,0,8
prefaulted,465,65536,270.000000,0,0,8
prefaulted,466,65536,241.000000,0,0,8
prefaulted,467,65536,221.000000,0,0,8
prefaulted,468,65536,240.000000,0,0,8
prefaulted,469,65536,240.000000,0,0,8
prefaulted,470,65536,221.000000,0,0,8
prefaulted,471,65536,231.000000,0,0,8
prefaulted,472,65536,300.000000,0,0,8
prefaulted,473,65536,230.000000,0,0,8
prefaulted,474,65536,291.000000,0,0,8
prefaulted,475,65536,231.000000,0,0,8
prefaulted,476,65536,241.000000,0,0,8
prefaulted,477,65536,230.000000,0,0,8
prefaulted,478,65536,240.000000,0,0,8
prefaulted,479,65536,210.000000,0,0,8
prefaulted,480,65536,331.000000,0,0,8
prefaulted,481,65536,441.000000,0,0,8
prefaulted,482,65536,221.000000,0,0,8
prefaulted,483,65536,251.000000,0,0,8
prefaulted,484,65536,220.000000,0,0,8
prefaulted,485,65536,250.000000,0,0,8
prefaulted,486,65536,221.000000,0,0,8
prefaulted,487,65536,250.000000,0,0,8
prefaulted,488,65536,240.000000,0,0,8
prefaulted,489,65536,230.000000,0,0,8
prefaulted,490,65536,301.000000,0,0,8
prefaulted,491,65536,211.000000,0,0,8
prefaulted,492,65536,220.000000,0,0,8
prefaulted,493,65536,400.000000,0,0,8
prefaulted,494,65536,220.000000,0,0,8
prefaulted,495,65536,231.000000,0,0,8
prefaulted,496,65536,251.000000,0,0,8
prefaulted,497,65536,230.000000,0,0,8
prefaulted,498,65536,541.000000,0,0,8
prefaulted,499,65536,230.000000,0,0,8
prefaulted,500,65536,210.000000,0,0,8
prefaulted,501,65536,221.000000,0,0,8
prefaulted,502,65536,381.000000,0,0,8
prefaulted,503,65536,231.000000,0,0,8
prefaulted,504,65536,241.000000,0,0,8
prefaulted,505,65536,220.000000,0,0,8
prefaulted,506,65536,290.000000,0,0,8
prefaulted,507,65536,230.000000,0,0,8
prefaulted,508,65536,261.000000,0,0,8
prefaulted,509,65536,220.000000,0,0,8
prefaulted,510,65536,210.000000,0,0,8
prefaulted,511,65536,231.000000,0,0,8
first_touch,0,65536,20269.000000,19,0,9
first_touch,1,65536,18885.000000,16,0,9
first_touch,2,65536,18575.000000,16,0,9
first_touch,3,65536,18635.000000,16,0,9
first_touch,4,65536,18915.000000,16,0,9
first_touch,5,65536,19767.000000,16,0,9
first_touch,6,65536,18916.000000,16,0,9
first_touch,7,65536,18685.000000,16,0,9
first_touch,8,65536,18767.000000,16,0,9
first_touch,9,65536,18465.000000,16,0,9
first_touch,10,65536,18685.000000,16,0,9
first_touch,11,65536,18574.000000,16,0,9
first_touch,12,65536,18615.000000,16,0,9
first_touch,13,65536,18174.000000,16,0,9
first_touch,14,65536,18735.000000,16,0,9
first_touch,15,65536,18554.000000,16,0,9
first_touch,16,65536,22162.000000,16,0,9
first_touch,17,65536,17764.000000,16,0,9
first_touch,18,65536,17683.000000,16,0,9
first_touch,19,65536,18595.000000,16,0,9
first_touch,20,65536,26270.000000,16,0,9
first_touch,21,65536,31730.000000,16,0,9
first_touch,22,65536,30237.000000,16,0,9
first_touch,23,65536,19727.000000,16,0,9
first_touch,24,65536,17745.000000,16,0,9
first_touch,25,65536,18265.000000,16,0,9
first_touch,26,65536,19366.000000,16,0,9
first_touch,27,65536,32311.000000,16,0,9
first_touch,28,65536,17502.000000,16,0,9
first_touch,29,65536,17453.000000,16,0,9
first_touch,30,65536,18144.000000,16,0,9
first_touch,31,65536,17633.000000,16,0,9
first_touch,32,65536,19017.000000,16,0,9
first_touch,33,65536,17352.000000,16,0,9
first_touch,34,65536,17523.000000,16,0,9
first_touch,35,65536,18865.000000,16,0,9
first_touch,36,65536,17853.000000,16,0,9
first_touch,37,65536,17172.000000,16,0,9
first_touch,38,65536,17333.000000,16,0,9
first_touch,39,65536,17233.000000,16,0,9
first_touch,40,65536,17733.000000,16,0,9
first_touch,41,65536,17162.000000,16,0,9
first_touch,42,65536,17353.000000,16,0,9
first_touch,43,65536,45365.000000,16,0,9
first_touch,44,65536,17412.000000,16,0,9
first_touch,45,65536,17072.000000,16,0,9
first_touch,46,65536,17493.000000,16,0,9
first_touch,47,65536,17593.000000,16,0,9
first_touch,48,65536,17443.000000,16,0,9
first_touch,49,65536,18104.000000,16,0,9
first_touch,50,65536,17482.000000,16,0,9
first_touch,51,65536,17573.000000,16,0,9
first_touch,52,65536,17232.000000,16,0,9
first_touch,53,65536,17482.000000,16,0,9
first_touch,54,65536,17092.000000,16,0,9
first_touch,55,65536,17583.000000,16,0,9
first_touch,56,65536,17192.000000,16,0,9
first_touch,57,65536,16881.000000,16,0,9
first_touch,58,65536,17313.000000,16,0,9
first_touch,59,65536,17524.000000,16,0,9
first_touch,60,65536,17413.000000,16,0,9
first_touch,61,65536,17102.000000,16,0,9
first_touch,62,65536,17213.000000,16,0,9
first_touch,63,65536,17643.000000,16,0,9
first_touch,64,65536,19767.000000,16,0,9
first_touch,65,65536,17743.000000,16,0,9
first_touch,66,65536,17433.000000,16,0,9
first_touch,67,65536,17954.000000,16,0,9
first_touch,68,65536,17474.000000,16,0,9
first_touch,69,65536,17763.000000,16,0,9
first_touch,70,65536,17433.000000,16,0,9
first_touch,71,65536,17423.000000,16,0,9
first_touch,72,65536,33102.000000,16,0,9
first_touch,73,65536,17303.000000,16,0,9
first_touch,74,65536,17553.000000,16,0,9
first_touch,75,65536,73870.000000,16,0,9
first_touch,76,65536,17282.000000,16,0,9
first_touch,77,65536,17212.000000,16,0,9
first_touch,78,65536,17232.000000,16,0,9
first_touch,79,65536,18895.000000,16,0,9
first_touch,80,65536,17062.000000,16,0,9
first_touch,81,65536,17152.000000,16,0,9
first_touch,82,65536,17553.000000,16,0,9
first_touch,83,65536,17524.000000,16,0,9
first_touch,84,65536,17413.000000,16,0,9
first_touch,85,65536,17292.000000,16,0,9
first_touch,86,65536,17533.000000,16,0,9
first_touch,87,65536,17813.000000,16,0,9
first_touch,88,65536,17403.000000,16,0,9
first_touch,89,65536,17473.000000,16,0,9
first_touch,90,65536,17533.000000,16,0,9
first_touch,91,65536,17663.000000,16,0,9
first_touch,92,65536,17383.000000,16,0,9
first_touch,93,65536,18836.000000,16,0,9
first_touch,94,65536,17422.000000,16,0,9
first_touch,95,65536,17773.000000,16,0,9
first_touch,96,65536,18374.000000,16,0,9
first_touch,97,65536,17343.000000,16,0,9
first_touch,98,65536,17573.000000,16,0,9
first_touch,99,65536,17333.000000,16,0,9
first_touch,100,65536,17754.000000,16,0,9
first_touch,101,65536,17783.000000,16,0,9
first_touch,102,65536,17473.000000,16,0,9
first_touch,103,65536,17162.000000,16,0,9
first_touch,104,65536,17523.000000,16,0,9
first_touch,105,65536,17543.000000,16,0,9
first_touch,106,65536,17543.000000,16,0,9
first_touch,107,65536,18184.000000,16,0,9
first_touch,108,65536,17773.000000,16,0,9
first_touch,109,65536,17122.000000,16,0,9
first_touch,110,65536,17162.000000,16,0,9
first_touch,111,65536,17113.000000,16,0,9
first_touch,112,65536,17563.000000,16,0,9
first_touch,113,65536,17322.000000,16,0,9
first_touch,114,65536,17553.000000,16,0,9
first_touch,115,65536,17503.000000,16,0,9
first_touch,116,65536,17183.000000,16,0,9
first_touch,117,65536,17613.000000,16,0,9
first_touch,118,65536,17703.000000,16,0,9
first_touch,119,65536,17192.000000,16,0,9
first_touch,120,65536,31811.000000,16,0,9
first_touch,121,65536,18124.000000,16,0,9
first_touch,122,65536,19497.000000,16,0,9
first_touch,123,65536,18285.000000,16,0,9
first_touch,124,65536,17934.000000,16,0,9
first_touch,125,65536,17743.000000,16,0,9
first_touch,126,65536,17723.000000,16,0,9
first_touch,127,65536,19436.000000,16,0,9
first_touch,128,65536,19196.000000,16,0,9
first_touch,129,65536,20009.000000,16,0,9
first_touch,130,65536,19837.000000,16,0,9
first_touch,131,65536,17713.000000,16,0,9
first_touch,132,65536,17833.000000,16,0,9
first_touch,133,65536,17583.000000,16,0,9
first_touch,134,65536,17613.000000,16,0,9
first_touch,135,65536,17462.000000,16,0,9
first_touch,136,65536,18344.000000,16,0,9
first_touch,137,65536,18956.000000,16,0,9
first_touch,138,65536,131338.000000,16,0,9
first_touch,139,65536,17654.000000,16,0,9
first_touch,140,65536,18264.000000,16,0,9
first_touch,141,65536,17744.000000,16,0,9
first_touch,142,65536,17613.000000,16,0,9
first_touch,143,65536,17563.000000,16,0,9
first_touch,144,65536,18304.000000,16,0,9
first_touch,145,65536,17473.000000,16,0,9
first_touch,146,65536,17463.000000,16,0,9
first_touch,147,65536,17583.000000,16,0,9
first_touch,148,65536,17783.000000,16,0,9
first_touch,149,65536,17863.000000,16,0,9
first_touch,150,65536,17903.000000,16,0,9
first_touch,151,65536,18715.000000,16,0,9
first_touch,152,65536,17392.000000,16,0,9
first_touch,153,65536,17703.000000,16,0,9
first_touch,154,65536,17783.000000,16,0,9
first_touch,155,65536,17723.000000,16,0,9
first_touch,156,65536,17322.000000,16,0,9
first_touch,157,65536,17593.000000,16,0,9
first_touch,158,65536,17843.000000,16,0,9
first_touch,159,65536,17473.000000,16,0,9
first_touch,160,65536,18386.000000,16,0,9
first_touch,161,65536,17342.000000,16,0,9
first_touch,162,65536,17893.000000,16,0,9
first_touch,163,65536,17413.000000,16,0,9
first_touch,164,65536,17543.000000,16,0,9
first_touch,165,65536,30237.000000,16,0,9
first_touch,166,65536,19266.000000,16,0,9
first_touch,167,65536,17663.000000,16,0,9
first_touch,168,65536,17343.000000,16,0,9
first_touch,169,65536,17122.000000,16,0,9
first_touch,170,65536,17382.000000,16,0,9
first_touch,171,65536,17613.000000,16,0,9
first_touch,172,65536,18465.000000,16,0,9
first_touch,173,65536,20078.000000,16,0,9
first_touch,174,65536,17854.000000,16,0,9
first_touch,175,65536,17593.000000,16,0,9
first_touch,176,65536,17553.000000,16,0,9
first_touch,177,65536,17242.000000,16,0,9
first_touch,178,65536,17804.000000,16,0,9
first_touch,179,65536,17804.000000,16,0,9
first_touch,180,65536,17483.000000,16,0,9
first_touch,181,65536,18625.000000,16,0,9
first_touch,182,65536,17914.000000,16,0,9
first_touch,183,65536,18124.000000,16,0,9
first_touch,184,65536,17382.000000,16,0,9
first_touch,185,65536,17413.000000,16,0,9
first_touch,186,65536,17774.000000,16,0,9
first_touch,187,65536,17874.000000,16,0,9
first_touch,188,65536,17452.000000,16,0,9
first_touch,189,65536,18525.000000,16,0,9
first_touch,190,65536,18174.000000,16,0,9
first_touch,191,65536,17964.000000,16,0,9
first_touch,192,65536,18164.000000,16,0,9
first_touch,193,65536,17442.000000,16,0,9
first_touch,194,65536,17934.000000,16,0,9
first_touch,195,65536,17443.000000,16,0,9
first_touch,196,65536,17364.000000,16,0,9
first_touch,197,65536,17963.000000,16,0,9
first_touch,198,65536,18064.000000,16,0,9
first_touch,199,65536,17963.000000,16,0,9
first_touch,200,65536,18415.000000,16,0,9
first_touch,201,65536,17443.000000,16,0,9
first_touch,202,65536,17833.000000,16,0,9
first_touch,203,65536,17553.000000,16,0,9
first_touch,204,65536,17613.000000,16,0,9
first_touch,205,65536,17814.000000,16,0,9
first_touch,206,65536,17883.000000,16,0,9
first_touch,207,65536,17703.000000,16,0,9
first_touch,208,65536,17663.000000,16,0,9
first_touch,209,65536,17383.000000,16,0,9
first_touch,210,65536,18946.000000,16,0,9
first_touch,211,65536,18165.000000,16,0,9
first_touch,212,65536,17573.000000,16,0,9
first_touch,213,65536,17653.000000,16,0,9
first_touch,214,65536,18085.000000,16,0,9
first_touch,215,65536,17273.000000,16,0,9
first_touch,216,65536,33813.000000,16,0,9
first_touch,217,65536,17753.000000,16,0,9
first_touch,218,65536,18184.000000,16,0,9
first_touch,219,65536,18134.000000,16,0,9
first_touch,220,65536,19727.000000,16,0,9
first_touch,221,65536,17773.000000,16,0,9
first_touch,222,65536,17472.000000,16,0,9
first_touch,223,65536,17474.000000,16,0,9
first_touch,224,65536,18575.000000,16,0,9
first_touch,225,65536,18344.000000,16,0,9
first_touch,226,65536,17242.000000,16,0,9
first_touch,227,65536,17543.000000,16,0,9
first_touch,228,65536,18124.000000,16,0,9
first_touch,229,65536,17052.000000,16,0,9
first_touch,230,65536,17493.000000,16,0,9
first_touch,231,65536,17382.000000,16,0,9
first_touch,232,65536,17404.000000,16,0,9
first_touch,233,65536,17603.000000,16,0,9
first_touch,234,65536,17693.000000,16,0,9
first_touch,235,65536,17924.000000,16,0,9
first_touch,236,65536,17413.000000,16,0,9
first_touch,237,65536,17503.000000,16,0,9
first_touch,238,65536,17954.000000,16,0,9
first_touch,239,65536,18725.000000,16,0,9
first_touch,240,65536,17754.000000,16,0,9
first_touch,241,65536,18235.000000,16,0,9
first_touch,242,65536,17734.000000,16,0,9
first_touch,243,65536,17874.000000,16,0,9
first_touch,244,65536,17644.000000,16,0,9
first_touch,245,65536,18375.000000,16,0,9
first_touch,246,65536,17924.000000,16,0,9
first_touch,247,65536,17783.000000,16,0,9
first_touch,248,65536,17573.000000,16,0,9
first_touch,249,65536,18294.000000,16,0,9
first_touch,250,65536,18655.000000,16,0,9
first_touch,251,65536,17584.000000,16,0,9
first_touch,252,65536,17873.000000,16,0,9
first_touch,253,65536,18655.000000,16,0,9
first_touch,254,65536,18003.000000,16,0,9
first_touch,255,65536,18295.000000,16,0,9
first_touch,256,65536,18826.000000,16,0,9
first_touch,257,65536,17844.000000,16,0,9
first_touch,258,65536,17673.000000,16,0,9
first_touch,259,65536,17573.000000,16,0,9
first_touch,260,65536,18094.000000,16,0,9
first_touch,261,65536,18434.000000,16,0,9
first_touch,262,65536,18044.000000,16,0,9
first_touch,263,65536,148099.000000,16,0,9
first_touch,264,65536,21350.000000,16,0,9
first_touch,265,65536,22582.000000,16,0,9
first_touch,266,65536,21781.000000,16,0,9
first_touch,267,65536,21731.000000,16,0,9
first_touch,268,65536,23064.000000,16,0,9
first_touch,269,65536,21210.000000,16,0,9
first_touch,270,65536,21240.000000,16,0,9
first_touch,271,65536,20831.000000,16,0,9
first_touch,272,65536,17243.000000,16,0,9
first_touch,273,65536,17743.000000,16,0,9
first_touch,274,65536,18776.000000,16,0,9
first_touch,275,65536,17363.000000,16,0,9
first_touch,276,65536,17793.000000,16,0,9
first_touch,277,65536,17993.000000,16,0,9
first_touch,278,65536,18204.000000,16,0,9
first_touch,279,65536,17152.000000,16,0,9
first_touch,280,65536,17704.000000,16,0,9
first_touch,281,65536,17893.000000,16,0,9
first_touch,282,65536,18014.000000,16,0,9
first_touch,283,65536,18345.000000,16,0,9
first_touch,284,65536,17353.000000,16,0,9
first_touch,285,65536,18004.000000,16,0,9
first_touch,286,65536,17503.000000,16,0,9
first_touch,287,65536,17844.000000,16,0,9
first_touch,288,65536,18545.000000,16,0,9
first_touch,289,65536,17253.000000,16,0,9
first_touch,290,65536,18224.000000,16,0,9
first_touch,291,65536,17493.000000,16,0,9
first_touch,292,65536,17814.000000,16,0,9
first_touch,293,65536,17633.000000,16,0,9
first_touch,294,65536,17593.000000,16,0,9
first_touch,295,65536,17703.000000,16,0,9
first_touch,296,65536,17533.000000,16,0,9
first_touch,297,65536,18034.000000,16,0,9
first_touch,298,65536,17694.000000,16,0,9
first_touch,299,65536,17473.000000,16,0,9
first_touch,300,65536,17072.000000,16,0,9
first_touch,301,65536,17022.000000,16,0,9
first_touch,302,65536,18024.000000,16,0,9
first_touch,303,65536,17493.000000,16,0,9
first_touch,304,65536,17954.000000,16,0,9
first_touch,305,65536,17663.000000,16,0,9
first_touch,306,65536,17853.000000,16,0,9
first_touch,307,65536,17653.000000,16,0,9
first_touch,308,65536,18095.000000,16,0,9
first_touch,309,65536,17924.000000,16,0,9
first_touch,310,65536,33953.000000,16,0,9
first_touch,311,65536,20619.000000,16,0,9
first_touch,312,65536,21601.000000,16,0,9
first_touch,313,65536,20108.000000,16,0,9
first_touch,314,65536,17683.000000,16,0,9
first_touch,315,65536,17303.000000,16,0,9
first_touch,316,65536,17643.000000,16,0,9
first_touch,317,65536,19577.000000,16,0,9
first_touch,318,65536,19537.000000,16,0,9
first_touch,319,65536,20058.000000,16,0,9
first_touch,320,65536,18274.000000,16,0,9
first_touch,321,65536,17282.000000,16,0,9
first_touch,322,65536,17944.000000,16,0,9
first_touch,323,65536,17884.000000,16,0,9
first_touch,324,65536,17714.000000,16,0,9
first_touch,325,65536,17633.000000,16,0,9
first_touch,326,65536,17804.000000,16,0,9
first_touch,327,65536,18554.000000,16,0,9
first_touch,328,65536,17182.000000,16,0,9
first_touch,329,65536,17333.000000,16,0,9
first_touch,330,65536,17804.000000,16,0,9
first_touch,331,65536,17213.000000,16,0,9
first_touch,332,65536,17223.000000,16,0,9
first_touch,333,65536,17593.000000,16,0,9
first_touch,334,65536,18135.000000,16,0,9
first_touch,335,65536,17933.000000,16,0,9
first_touch,336,65536,18124.000000,16,0,9
first_touch,337,65536,18384.000000,16,0,9
first_touch,338,65536,18134.000000,16,0,9
first_touch,339,65536,18444.000000,16,0,9
first_touch,340,65536,18214.000000,16,0,9
first_touch,341,65536,17803.000000,16,0,9
first_touch,342,65536,19166.000000,16,0,9
first_touch,343,65536,18435.000000,16,0,9
first_touch,344,65536,17914.000000,16,0,9
first_touch,345,65536,17453.000000,16,0,9
first_touch,346,65536,17903.000000,16,0,9
first_touch,347,65536,17844.000000,16,0,9
first_touch,348,65536,17303.000000,16,0,9
first_touch,349,65536,17773.000000,16,0,9
first_touch,350,65536,18154.000000,16,0,9
first_touch,351,65536,17412.000000,16,0,9
first_touch,352,65536,18816.000000,16,0,9
first_touch,353,65536,17393.000000,16,0,9
first_touch,354,65536,17894.000000,16,0,9
first_touch,355,65536,17623.000000,16,0,9
first_touch,356,65536,18655.000000,16,0,9
first_touch,357,65536,18254.000000,16,0,9
first_touch,358,65536,17533.000000,16,0,9
first_touch,359,65536,17714.000000,16,0,9
first_touch,360,65536,62128.000000,16,0,9
first_touch,361,65536,18104.000000,16,0,9
first_touch,362,65536,18524.000000,16,0,9
first_touch,363,65536,18144.000000,16,0,9
first_touch,364,65536,18134.000000,16,0,9
first_touch,365,65536,17603.000000,16,0,9
first_touch,366,65536,18074.000000,16,0,9
first_touch,367,65536,17833.000000,16,0,9
first_touch,368,65536,17714.000000,16,0,9
first_touch,369,65536,17653.000000,16,0,9
first_touch,370,65536,18805.000000,16,0,9
first_touch,371,65536,17673.000000,16,0,9
first_touch,372,65536,17743.000000,16,0,9
first_touch,373,65536,17883.000000,16,0,9
first_touch,374,65536,18244.000000,16,0,9
first_touch,375,65536,17884.000000,16,0,9
first_touch,376,65536,17993.000000,16,0,9
first_touch,377,65536,17774.000000,16,0,9
first_touch,378,65536,18224.000000,16,0,9
first_touch,379,65536,17824.000000,16,0,9
first_touch,380,65536,17684.000000,16,0,9
first_touch,381,65536,17944.000000,16,0,9
first_touch,382,65536,18013.000000,16,0,9
first_touch,383,65536,18214.000000,16,0,9
first_touch,384,65536,18425.000000,16,0,9
first_touch,385,65536,19467.000000,16,0,9
first_touch,386,65536,17934.000000,16,0,9
first_touch,387,65536,17743.000000,16,0,9
first_touch,388,65536,18354.000000,16,0,9
first_touch,389,65536,129132.000000,16,0,9
first_touch,390,65536,17624.000000,16,0,9
first_touch,391,65536,17383.000000,16,0,9
first_touch,392,65536,17523.000000,16,0,9
first_touch,393,65536,17553.000000,16,0,9
first_touch,394,65536,17633.000000,16,0,9
first_touch,395,65536,17503.000000,16,0,9
first_touch,396,65536,17723.000000,16,0,9
first_touch,397,65536,18053.000000,16,0,9
first_touch,398,65536,18214.000000,16,0,9
first_touch,399,65536,17324.000000,16,0,9
first_touch,400,65536,17402.000000,16,0,9
first_touch,401,65536,17533.000000,16,0,9
first_touch,402,65536,17322.000000,16,0,9
first_touch,403,65536,27962.000000,16,0,9
first_touch,404,65536,17874.000000,16,0,9
first_touch,405,65536,17993.000000,16,0,9
first_touch,406,65536,17814.000000,16,0,9
first_touch,407,65536,17884.000000,16,0,9
first_touch,408,65536,19617.000000,16,0,9
first_touch,409,65536,17924.000000,16,0,9
first_touch,410,65536,18385.000000,16,0,9
first_touch,411,65536,17723.000000,16,0,9
first_touch,412,65536,17734.000000,16,0,9
first_touch,413,65536,17553.000000,16,0,9
first_touch,414,65536,18555.000000,16,0,9
first_touch,415,65536,17522.000000,16,0,9
first_touch,416,65536,18785.000000,16,0,9
first_touch,417,65536,17854.000000,16,0,9
first_touch,418,65536,17603.000000,16,0,9
first_touch,419,65536,17262.000000,16,0,9
first_touch,420,65536,17363.000000,16,0,9
first_touch,421,65536,17663.000000,16,0,9
first_touch,422,65536,17733.000000,16,0,9
first_touch,423,65536,18244.000000,16,0,9
first_touch,424,65536,17863.000000,16,0,9
first_touch,425,65536,17683.000000,16,0,9
first_touch,426,65536,17504.000000,16,0,9
first_touch,427,65536,18043.000000,16,0,9
first_touch,428,65536,17603.000000,16,0,9
first_touch,429,65536,18995.000000,16,0,9
first_touch,430,65536,18074.000000,16,0,9
first_touch,431,65536,17783.000000,16,0,9
first_touch,432,65536,17543.000000,16,0,9
first_touch,433,65536,18335.000000,16,0,9
first_touch,434,65536,18344.000000,16,0,9
first_touch,435,65536,18065.000000,16,0,9
first_touch,436,65536,17813.000000,16,0,9
first_touch,437,65536,18364.000000,16,0,9
first_touch,438,65536,17623.000000,16,0,9
first_touch,439,65536,18224.000000,16,0,9
first_touch,440,65536,18014.000000,16,0,9
first_touch,441,65536,17753.000000,16,0,9
first_touch,442,65536,17403.000000,16,0,9
first_touch,443,65536,17193.000000,16,0,9
first_touch,444,65536,18445.000000,16,0,9
first_touch,445,65536,17694.000000,16,0,9
first_touch,446,65536,17653.000000,16,0,9
first_touch,447,65536,17854.000000,16,0,9
first_touch,448,65536,18715.000000,16,0,9
first_touch,449,65536,17563.000000,16,0,9
first_touch,450,65536,17703.000000,16,0,9
first_touch,451,65536,17703.000000,16,0,9
first_touch,452,65536,17793.000000,16,0,9
first_touch,453,65536,18165.000000,16,0,9
first_touch,454,65536,27011.000000,16,0,9
first_touch,455,65536,17744.000000,16,0,9
first_touch,456,65536,17754.000000,16,0,9
first_touch,457,65536,19868.000000,16,0,9
first_touch,458,65536,20909.000000,16,0,9
first_touch,459,65536,17793.000000,16,0,9
first_touch,460,65536,17452.000000,16,0,9
first_touch,461,65536,17824.000000,16,0,9
first_touch,462,65536,17745.000000,16,0,9
first_touch,463,65536,17884.000000,16,0,9
first_touch,464,65536,17693.000000,16,0,9
first_touch,465,65536,22271.000000,16,0,9
first_touch,466,65536,22152.000000,16,0,9
first_touch,467,65536,21380.000000,16,0,9
first_touch,468,65536,20659.000000,16,0,9
first_touch,469,65536,21300.000000,16,0,9
first_touch,470,65536,20590.000000,16,0,9
first_touch,471,65536,18034.000000,16,0,9
first_touch,472,65536,17513.000000,16,0,9
first_touch,473,65536,18946.000000,16,0,9
first_touch,474,65536,17924.000000,16,0,9
first_touch,475,65536,17583.000000,16,0,9
first_touch,476,65536,17954.000000,16,0,9
first_touch,477,65536,18264.000000,16,0,9
first_touch,478,65536,17452.000000,16,0,9
first_touch,479,65536,17804.000000,16,0,9
first_touch,480,65536,18745.000000,16,0,9
first_touch,481,65536,18484.000000,16,0,9
first_touch,482,65536,17854.000000,16,0,9
first_touch,483,65536,17714.000000,16,0,9
first_touch,484,65536,18014.000000,16,0,9
first_touch,485,65536,17883.000000,16,0,9
first_touch,486,65536,18164.000000,16,0,9
first_touch,487,65536,18164.000000,16,0,9
first_touch,488,65536,19177.000000,16,0,9
first_touch,489,65536,17673.000000,16,0,9
first_touch,490,65536,18384.000000,16,0,9
first_touch,491,65536,17753.000000,16,0,9
first_touch,492,65536,17343.000000,16,0,9
first_touch,493,65536,17994.000000,16,0,9
first_touch,494,65536,17603.000000,16,0,9
first_touch,495,65536,18174.000000,16,0,9
first_touch,496,65536,17553.000000,16,0,9
first_touch,497,65536,18445.000000,16,0,9
first_touch,498,65536,18084.000000,16,0,9
first_touch,499,65536,18164.000000,16,0,9
first_touch,500,65536,18214.000000,16,0,9
first_touch,501,65536,18445.000000,16,0,9
first_touch,502,65536,18003.000000,16,0,9
first_touch,503,65536,36068.000000,16,0,9
first_touch,504,65536,26028.000000,16,0,9
first_touch,505,65536,22403.000000,16,0,9
first_touch,506,65536,21641.000000,16,0,9
first_touch,507,65536,20288.000000,16,0,9
first_touch,508,65536,19937.000000,16,0,9
first_touch,509,65536,20188.000000,16,0,9
first_touch,510,65536,18164.000000,16,0,9
first_touch,511,65536,20168.000000,16,0,9
prefaulted,0,65536,571.000000,3,0,9
prefaulted,1,65536,341.000000,0,0,9
prefaulted,2,65536,380.000000,0,0,9
prefaulted,3,65536,230.000000,0,0,9
prefaulted,4,65536,531.000000,0,0,9
prefaulted,5,65536,270.000000,0,0,9
prefaulted,6,65536,320.000000,0,0,9
prefaulted,7,65536,240.000000,0,0,9
prefaulted,8,65536,241.000000,0,0,9
prefaulted,9,65536,541.000000,0,0,9
prefaulted,10,65536,240.000000,0,0,9
prefaulted,11,65536,250.000000,0,0,9
prefaulted,12,65536,240.000000,0,0,9
prefaulted,13,65536,211.000000,0,0,9
prefaulted,14,65536,441.000000,0,0,9
prefaulted,15,65536,241.000000,0,0,9
prefaulted,16,65536,220.000000,0,0,9
prefaulted,17,65536,240.000000,0,0,9
prefaulted,18,65536,221.000000,0,0,9
prefaulted,19,65536,430.000000,0,0,9
prefaulted,20,65536,230.000000,0,0,9
prefaulted,21,65536,231.000000,0,0,9
prefaulted,22,65536,231.000000,0,0,9
prefaulted,23,65536,230.000000,0,0,9
prefaulted,24,65536,220.000000,0,0,9
prefaulted,25,65536,221.000000,0,0,9
prefaulted,26,65536,231.000000,0,0,9
prefaulted,27,65536,230.000000,0,0,9
prefaulted,28,65536,230.000000,0,0,9
prefaulted,29,65536,231.000000,0,0,9
prefaulted,30,65536,211.000000,0,0,9
prefaulted,31,65536,210.000000,0,0,9
prefaulted,32,65536,340.000000,0,0,9
prefaulted,33,65536,390.000000,0,0,9
prefaulted,34,65536,220.000000,0,0,9
prefaulted,35,65536,240.000000,0,0,9
prefaulted,36,65536,230.000000,0,0,9
prefaulted,37,65536,320.000000,0,0,9
prefaulted,38,65536,491.000000,0,0,9
prefaulted,39,65536,260.000000,0,0,9
prefaulted,40,65536,231.000000,0,0,9
prefaulted,41,65536,261.000000,0,0,9
prefaulted,42,65536,260.000000,0,0,9
prefaulted,43,65536,231.000000,0,0,9
prefaulted,44,65536,241.000000,0,0,9
prefaulted,45,65536,230.000000,0,0,9
prefaulted,46,65536,340.000000,0,0,9
prefaulted,47,65536,350.000000,0,0,9
prefaulted,48,65536,230.000000,0,0,9
prefaulted,49,65536,231.000000,0,0,9
prefaulted,50,65536,371.000000,0,0,9
prefaulted,51,65536,251.000000,0,0,9
prefaulted,52,65536,260.000000,0,0,9
prefaulted,53,65536,290.000000,0,0,9
prefaulted,54,65536,281.000000,0,0,9
prefaulted,55,65536,561.000000,0,0,9
prefaulted,56,65536,240.000000,0,0,9
prefaulted,57,65536,231.000000,0,0,9
prefaulted,58,65536,251.000000,0,0,9
prefaulted,59,65536,280.000000,0,0,9
prefaulted,60,65536,561.000000,0,0,9
prefaulted,61,65536,221.000000,0,0,9
prefaulted,62,65536,280.000000,0,0,9
prefaulted,63,65536,220.000000,0,0,9
prefaulted,64,65536,340.000000,0,0,9
prefaulted,65,65536,641.000000,0,0,9
prefaulted,66,65536,240.000000,0,0,9
prefaulted,67,65536,230.000000,0,0,9
prefaulted,68,65536,261.000000,0,0,9
prefaulted,69,65536,331.000000,0,0,9
prefaulted,70,65536,561.000000,0,0,9
prefaulted,71,65536,220.000000,0,0,9
prefaulted,72,65536,241.000000,0,0,9
prefaulted,73,65536,251.000000,0,0,9
prefaulted,74,65536,260.000000,0,0,9
prefaulted,75,65536,230.000000,0,0,9
prefaulted,76,65536,241.000000,0,0,9
prefaulted,77,65536,241.000000,0,0,9
prefaulted,78,65536,250.000000,0,0,9
prefaulted,79,65536,230.000000,0,0,9
prefaulted,80,65536,251.000000,0,0,9
prefaulted,81,65536,271.000000,0,0,9
prefaulted,82,65536,210.000000,0,0,9
prefaulted,83,65536,240.000000,0,0,9
prefaulted,84,65536,230.000000,0,0,9
prefaulted,85,65536,241.000000,0,0,9
prefaulted,86,65536,501.000000,0,0,9
prefaulted,87,65536,251.000000,0,0,9
prefaulted,88,65536,251.000000,0,0,9
prefaulted,89,65536,230.000000,0,0,9
prefaulted,90,65536,260.000000,0,0,9
prefaulted,91,65536,280.000000,0,0,9
prefaulted,92,65536,270.000000,0,0,9
prefaulted,93,65536,541.000000,0,0,9
prefaulted,94,65536,411.000000,0,0,9
prefaulted,95,65536,300.000000,0,0,9
prefaulted,96,65536,411.000000,0,0,9
prefaulted,97,65536,551.000000,0,0,9
prefaulted,98,65536,250.000000,0,0,9
prefaulted,99,65536,230.000000,0,0,9
prefaulted,100,65536,261.000000,0,0,9
prefaulted,101,65536,270.000000,0,0,9
prefaulted,102,65536,541.000000,0,0,9
prefaulted,103,65536,260.000000,0,0,9
prefaulted,104,65536,261.000000,0,0,9
prefaulted,105,65536,261.000000,0,0,9
prefaulted,106,65536,250.000000,0,0,9
prefaulted,107,65536,230.000000,0,0,9
prefaulted,108,65536,221.000000,0,0,9
prefaulted,109,65536,250.000000,0,0,9
prefaulted,110,65536,230.000000,0,0,9
prefaulted,111,65536,250.000000,0,0,9
prefaulted,112,65536,221.000000,0,0,9
prefaulted,113,65536,241.000000,0,0,9
prefaulted,114,65536,270.000000,0,0,9
prefaulted,115,65536,230.000000,0,0,9
prefaulted,116,65536,231.000000,0,0,9
prefaulted,117,65536,381.000000,0,0,9
prefaulted,118,65536,220.000000,0,0,9
prefaulted,119,65536,290.000000,0,0,9
prefaulted,120,65536,240.000000,0,0,9
prefaulted,121,65536,281.000000,0,0,9
prefaulted,122,65536,241.000000,0,0,9
prefaulted,123,65536,230.000000,0,0,9
prefaulted,124,65536,270.000000,0,0,9
prefaulted,125,65536,251.000000,0,0,9
prefaulted,126,65536,261.000000,0,0,9
prefaulted,127,65536,250.000000,0,0,9
prefaulted,128,65536,360.000000,0,0,9
prefaulted,129,65536,410.000000,0,0,9
prefaulted,130,65536,230.000000,0,0,9
prefaulted,131,65536,281.000000,0,0,9
prefaulted,132,65536,221.000000,0,0,9
prefaulted,133,65536,230.000000,0,0,9
prefaulted,134,65536,231.000000,0,0,9
prefaulted,135,65536,231.000000,0,0,9
prefaulted,136,65536,230.000000,0,0,9
prefaulted,137,65536,230.000000,0,0,9
prefaulted,138,65536,521.000000,0,0,9
prefaulted,139,65536,220.000000,0,0,9
prefaulted,140,65536,221.000000,0,0,9
prefaulted,141,65536,230.000000,0,0,9
prefaulted,142,65536,340.000000,0,0,9
prefaulted,143,65536,230.000000,0,0,9
prefaulted,144,65536,240.000000,0,0,9
prefaulted,145,65536,240.000000,0,0,9
prefaulted,146,65536,261.000000,0,0,9
prefaulted,147,65536,231.000000,0,0,9
prefaulted,148,65536,230.000000,0,0,9
prefaulted,149,65536,581.000000,0,0,9
prefaulted,150,65536,220.000000,0,0,9
prefaulted,151,65536,290.000000,0,0,9
prefaulted,152,65536,231.000000,0,0,9
prefaulted,153,65536,280.000000,0,0,9
prefaulted,154,65536,210.000000,0,0,9
prefaulted,155,65536,241.000000,0,0,9
prefaulted,156,65536,281.000000,0,0,9
prefaulted,157,65536,230.000000,0,0,9
prefaulted,158,65536,240.000000,0,0,9
prefaulted,159,65536,321.000000,0,0,9
prefaulted,160,65536,351.000000,0,0,9
prefaulted,161,65536,400.000000,0,0,9
prefaulted,162,65536,351.000000,0,0,9
prefaulted,163,65536,240.000000,0,0,9
prefaulted,164,65536,241.000000,0,0,9
prefaulted,165,65536,240.000000,0,0,9
prefaulted,166,65536,361.000000,0,0,9
prefaulted,167,65536,381.000000,0,0,9
prefaulted,168,65536,361.000000,0,0,9
prefaulted,169,65536,221.000000,0,0,9
prefaulted,170,65536,370.000000,0,0,9
prefaulted,171,65536,391.000000,0,0,9
prefaulted,172,65536,330.000000,0,0,9
prefaulted,173,65536,280.000000,0,0,9
prefaulted,174,65536,281.000000,0,0,9
prefaulted,175,65536,471.000000,0,0,9
prefaulted,176,65536,270.000000,0,0,9
prefaulted,177,65536,250.000000,0,0,9
prefaulted,178,65536,511.000000,0,0,9
prefaulted,179,65536,281.000000,0,0,9
prefaulted,180,65536,241.000000,0,0,9
prefaulted,181,65536,240.000000,0,0,9
prefaulted,182,65536,231.000000,0,0,9
prefaulted,183,65536,250.000000,0,0,9
prefaulted,184,65536,250.000000,0,0,9
prefaulted,185,65536,241.000000,0,0,9
prefaulted,186,65536,230.000000,0,0,9
prefaulted,187,65536,260.000000,0,0,9
prefaulted,188,65536,241.000000,0,0,9
prefaulted,189,65536,361.000000,0,0,9
prefaulted,190,65536,621.000000,0,0,9
prefaulted,191,65536,221.000000,0,0,9
prefaulted,192,65536,340.000000,0,0,9
prefaulted,193,65536,330.000000,0,0,9
prefaulted,194,65536,241.000000,0,0,9
prefaulted,195,65536,230.000000,0,0,9
prefaulted,196,65536,481.000000,0,0,9
prefaulted,197,65536,511.000000,0,0,9
prefaulted,198,65536,250.000000,0,0,9
prefaulted,199,65536,241.000000,0,0,9
prefaulted,200,65536,230.000000,0,0,9
prefaulted,201,65536,350.000000,0,0,9
prefaulted,202,65536,241.000000,0,0,9
prefaulted,203,65536,241.000000,0,0,9
prefaulted,204,65536,240.000000,0,0,9
prefaulted,205,65536,221.000000,0,0,9
prefaulted,206,65536,220.000000,0,0,9
prefaulted,207,65536,230.000000,0,0,9
prefaulted,208,65536,251.000000,0,0,9
prefaulted,209,65536,230.000000,0,0,9
prefaulted,210,65536,210.000000,0,0,9
prefaulted,211,65536,251.000000,0,0,9
prefaulted,212,65536,321.000000,0,0,9
prefaulted,213,65536,270.000000,0,0,9
prefaulted,214,65536,241.000000,0,0,9
prefaulted,215,65536,231.000000,0,0,9
prefaulted,216,65536,240.000000,0,0,9
prefaulted,217,65536,261.000000,0,0,9
prefaulted,218,65536,241.000000,0,0,9
prefaulted,219,65536,230.000000,0,0,9
prefaulted,220,65536,231.000000,0,0,9
prefaulted,221,65536,241.000000,0,0,9
prefaulted,222,65536,240.000000,0,0,9
prefaulted,223,65536,271.000000,0,0,9
prefaulted,224,65536,641.000000,0,0,9
prefaulted,225,65536,340.000000,0,0,9
prefaulted,226,65536,221.000000,0,0,9
prefaulted,227,65536,240.000000,0,0,9
prefaulted,228,65536,571.000000,0,0,9
prefaulted,229,65536,511.000000,0,0,9
prefaulted,230,65536,241.000000,0,0,9
prefaulted,231,65536,240.000000,0,0,9
prefaulted,232,65536,220.000000,0,0,9
prefaulted,233,65536,461.000000,0,0,9
prefaulted,234,65536,230.000000,0,0,9
prefaulted,235,65536,240.000000,0,0,9
prefaulted,236,65536,211.000000,0,0,9
prefaulted,237,65536,220.000000,0,0,9
prefaulted,238,65536,380.000000,0,0,9
prefaulted,239,65536,310.000000,0,0,9
prefaulted,240,65536,601.000000,0,0,9
prefaulted,241,65536,250.000000,0,0,9
prefaulted,242,65536,251.000000,0,0,9
prefaulted,243,65536,300.000000,0,0,9
prefaulted,244,65536,370.000000,0,0,9
prefaulted,245,65536,290.000000,0,0,9
prefaulted,246,65536,241.000000,0,0,9
prefaulted,247,65536,360.000000,0,0,9
prefaulted,248,65536,731.000000,0,0,9
prefaulted,249,65536,341.000000,0,0,9
prefaulted,250,65536,261.000000,0,0,9
prefaulted,251,65536,370.000000,0,0,9
prefaulted,252,65536,241.000000,0,0,9
prefaulted,253,65536,280.000000,0,0,9
prefaulted,254,65536,251.000000,0,0,9
prefaulted,255,65536,261.000000,0,0,9
prefaulted,256,65536,671.000000,0,0,9
prefaulted,257,65536,441.000000,0,0,9
prefaulted,258,65536,340.000000,0,0,9
prefaulted,259,65536,250.000000,0,0,9
prefaulted,260,65536,240.000000,0,0,9
prefaulted,261,65536,360.000000,0,0,9
prefaulted,262,65536,571.000000,0,0,9
prefaulted,263,65536,271.000000,0,0,9
prefaulted,264,65536,281.000000,0,0,9
prefaulted,265,65536,270.000000,0,0,9
prefaulted,266,65536,261.000000,0,0,9
prefaulted,267,65536,291.000000,0,0,9
prefaulted,268,65536,280.000000,0,0,9
prefaulted,269,65536,330.000000,0,0,9
prefaulted,270,65536,270.000000,0,0,9
prefaulted,271,65536,250.000000,0,0,9
prefaulted,272,65536,501.000000,0,0,9
prefaulted,273,65536,221.000000,0,0,9
prefaulted,274,65536,260.000000,0,0,9
prefaulted,275,65536,281.000000,0,0,9
prefaulted,276,65536,230.000000,0,0,9
prefaulted,277,65536,271.000000,0,0,9
prefaulted,278,65536,241.000000,0,0,9
prefaulted,279,65536,261.000000,0,0,9
prefaulted,280,65536,260.000000,0,0,9
prefaulted,281,65536,541.000000,0,0,9
prefaulted,282,65536,250.000000,0,0,9
prefaulted,283,65536,261.000000,0,0,9
prefaulted,284,65536,360.000000,0,0,9
prefaulted,285,65536,280.000000,0,0,9
prefaulted,286,65536,321.000000,0,0,9
prefaulted,287,65536,260.000000,0,0,9
prefaulted,288,65536,711.000000,0,0,9
prefaulted,289,65536,341.000000,0,0,9
prefaulted,290,65536,350.000000,0,0,9
prefaulted,291,65536,350.000000,0,0,9
prefaulted,292,65536,230.000000,0,0,9
prefaulted,293,65536,231.000000,0,0,9
prefaulted,294,65536,220.000000,0,0,9
prefaulted,295,65536,240.000000,0,0,9
prefaulted,296,65536,241.000000,0,0,9
prefaulted,297,65536,280.000000,0,0,9
prefaulted,298,65536,291.000000,0,0,9
prefaulted,299,65536,271.000000,0,0,9
prefaulted,300,65536,241.000000,0,0,9
prefaulted,301,65536,250.000000,0,0,9
prefaulted,302,65536,261.000000,0,0,9
prefaulted,303,65536,241.000000,0,0,9
prefaulted,304,65536,230.000000,0,0,9
prefaulted,305,65536,330.000000,0,0,9
prefaulted,306,65536,441.000000,0,0,9
prefaulted,307,65536,240.000000,0,0,9
prefaulted,308,65536,251.000000,0,0,9
prefaulted,309,65536,231.000000,0,0,9
prefaulted,310,65536,230.000000,0,0,9
prefaulted,311,65536,451.000000,0,0,9
prefaulted,312,65536,490.000000,0,0,9
prefaulted,313,65536,240.000000,0,0,9
prefaulted,314,65536,241.000000,0,0,9
prefaulted,315,65536,281.000000,0,0,9
prefaulted,316,65536,461.000000,0,0,9
prefaulted,317,65536,591.000000,0,0,9
prefaulted,318,65536,231.000000,0,0,9
prefaulted,319,65536,280.000000,0,0,9
prefaulted,320,65536,390.000000,0,0,9
prefaulted,321,65536,390.000000,0,0,9
prefaulted,322,65536,541.000000,0,0,9
prefaulted,323,65536,210.000000,0,0,9
prefaulted,324,65536,230.000000,0,0,9
prefaulted,325,65536,251.000000,0,0,9
prefaulted,326,65536,401.000000,0,0,9
prefaulted,327,65536,250.000000,0,0,9
prefaulted,328,65536,230.000000,0,0,9
prefaulted,329,65536,221.000000,0,0,9
prefaulted,330,65536,240.000000,0,0,9
prefaulted,331,65536,220.000000,0,0,9
prefaulted,332,65536,221.000000,0,0,9
prefaulted,333,65536,230.000000,0,0,9
prefaulted,334,65536,260.000000,0,0,9
prefaulted,335,65536,281.000000,0,0,9
prefaulted,336,65536,231.000000,0,0,9
prefaulted,337,65536,240.000000,0,0,9
prefaulted,338,65536,230.000000,0,0,9
prefaulted,339,65536,231.000000,0,0,9
prefaulted,340,65536,240.000000,0,0,9
prefaulted,341,65536,240.000000,0,0,9
prefaulted,342,65536,241.000000,0,0,9
prefaulted,343,65536,220.000000,0,0,9
prefaulted,344,65536,251.000000,0,0,9
prefaulted,345,65536,241.000000,0,0,9
prefaulted,346,65536,250.000000,0,0,9
prefaulted,347,65536,250.000000,0,0,9
prefaulted,348,65536,241.000000,0,0,9
prefaulted,349,65536,241.000000,0,0,9
prefaulted,350,65536,240.000000,0,0,9
prefaulted,351,65536,240.000000,0,0,9
prefaulted,352,65536,401.000000,0,0,9
prefaulted,353,65536,341.000000,0,0,9
prefaulted,354,65536,271.000000,0,0,9
prefaulted,355,65536,240.000000,0,0,9
prefaulted,356,65536,230.000000,0,0,9
prefaulted,357,65536,572.000000,0,0,9
prefaulted,358,65536,250.000000,0,0,9
prefaulted,359,65536,240.000000,0,0,9
prefaulted,360,65536,251.000000,0,0,9
prefaulted,361,65536,301.000000,0,0,9
prefaulted,362,65536,151.000000,0,0,9
prefaulted,363,65536,281.000000,0,0,9
prefaulted,364,65536,250.000000,0,0,9
prefaulted,365,65536,240.000000,0,0,9
prefaulted,366,65536,251.000000,0,0,9
prefaulted,367,65536,240.000000,0,0,9
prefaulted,368,65536,531.000000,0,0,9
prefaulted,369,65536,230.000000,0,0,9
prefaulted,370,65536,220.000000,0,0,9
prefaulted,371,65536,351.000000,0,0,9
prefaulted,372,65536,451.000000,0,0,9
prefaulted,373,65536,561.000000,0,0,9
prefaulted,374,65536,230.000000,0,0,9
prefaulted,375,65536,231.000000,0,0,9
prefaulted,376,65536,230.000000,0,0,9
prefaulted,377,65536,380.000000,0,0,9
prefaulted,378,65536,240.000000,0,0,9
prefaulted,379,65536,241.000000,0,0,9
prefaulted,380,65536,230.000000,0,0,9
prefaulted,381,65536,240.000000,0,0,9
prefaulted,382,65536,251.000000,0,0,9
prefaulted,383,65536,250.000000,0,0,9
prefaulted,384,65536,350.000000,0,0,9
prefaulted,385,65536,330.000000,0,0,9
prefaulted,386,65536,241.000000,0,0,9
prefaulted,387,65536,251.000000,0,0,9
prefaulted,388,65536,240.000000,0,0,9
prefaulted,389,65536,420.000000,0,0,9
prefaulted,390,65536,240.000000,0,0,9
prefaulted,391,65536,221.000000,0,0,9
prefaulted,392,65536,240.000000,0,0,9
prefaulted,393,65536,541.000000,0,0,9
prefaulted,394,65536,591.000000,0,0,9
prefaulted,395,65536,211.000000,0,0,9
prefaulted,396,65536,240.000000,0,0,9
prefaulted,397,65536,230.000000,0,0,9
prefaulted,398,65536,391.000000,0,0,9
prefaulted,399,65536,221.000000,0,0,9
prefaulted,400,65536,251.000000,0,0,9
prefaulted,401,65536,220.000000,0,0,9
prefaulted,402,65536,230.000000,0,0,9
prefaulted,403,65536,211.000000,0,0,9
prefaulted,404,65536,331.000000,0,0,9
prefaulted,405,65536,230.000000,0,0,9
prefaulted,406,65536,230.000000,0,0,9
prefaulted,407,65536,221.000000,0,0,9
prefaulted,408,65536,240.000000,0,0,9
prefaulted,409,65536,220.000000,0,0,9
prefaulted,410,65536,251.000000,0,0,9
prefaulted,411,65536,240.000000,0,0,9
prefaulted,412,65536,270.000000,0,0,9
prefaulted,413,65536,231.000000,0,0,9
prefaulted,414,65536,251.000000,0,0,9
prefaulted,415,65536,280.000000,0,0,9
prefaulted,416,65536,361.000000,0,0,9
prefaulted,417,65536,321.000000,0,0,9
prefaulted,418,65536,251.000000,0,0,9
prefaulted,419,65536,230.000000,0,0,9
prefaulted,420,65536,280.000000,0,0,9
prefaulted,421,65536,241.000000,0,0,9
prefaulted,422,65536,221.000000,0,0,9
prefaulted,423,65536,230.000000,0,0,9
prefaulted,424,65536,371.000000,0,0,9
prefaulted,425,65536,241.000000,0,0,9
prefaulted,426,65536,250.000000,0,0,9
prefaulted,427,65536,260.000000,0,0,9
prefaulted,428,65536,250.000000,0,0,9
prefaulted,429,65536,251.000000,0,0,9
prefaulted,430,65536,240.000000,0,0,9
prefaulted,431,65536,230.000000,0,0,9
prefaulted,432,65536,221.000000,0,0,9
prefaulted,433,65536,230.000000,0,0,9
prefaulted,434,65536,220.000000,0,0,9
prefaulted,435,65536,221.000000,0,0,9
prefaulted,436,65536,220.000000,0,0,9
prefaulted,437,65536,230.000000,0,0,9
prefaulted,438,65536,231.000000,0,0,9
prefaulted,439,65536,240.000000,0,0,9
prefaulted,440,65536,240.000000,0,0,9
prefaulted,441,65536,241.000000,0,0,9
prefaulted,442,65536,220.000000,0,0,9
prefaulted,443,65536,230.000000,0,0,9
prefaulted,444,65536,221.000000,0,0,9
prefaulted,445,65536,230.000000,0,0,9
prefaulted,446,65536,260.000000,0,0,9
prefaulted,447,65536,221.000000,0,0,9
prefaulted,448,65536,331.000000,0,0,9
prefaulted,449,65536,330.000000,0,0,9
prefaulted,450,65536,220.000000,0,0,9
prefaulted,451,65536,491.000000,0,0,9
prefaulted,452,65536,290.000000,0,0,9
prefaulted,453,65536,280.000000,0,0,9
prefaulted,454,65536,251.000000,0,0,9
prefaulted,455,65536,241.000000,0,0,9
prefaulted,456,65536,230.000000,0,0,9
prefaulted,457,65536,251.000000,0,0,9
prefaulted,458,65536,241.000000,0,0,9
prefaulted,459,65536,240.000000,0,0,9
prefaulted,460,65536,230.000000,0,0,9
prefaulted,461,65536,241.000000,0,0,9
prefaulted,462,65536,230.000000,0,0,9
prefaulted,463,65536,220.000000,0,0,9
prefaulted,464,65536,231.000000,0,0,9
prefaulted,465,65536,220.000000,0,0,9
prefaulted,466,65536,231.000000,0,0,9
prefaulted,467,65536,231.000000,0,0,9
prefaulted,468,65536,260.000000,0,0,9
prefaulted,469,65536,220.000000,0,0,9
prefaulted,470,65536,231.000000,0,0,9
prefaulted,471,65536,240.000000,0,0,9
prefaulted,472,65536,220.000000,0,0,9
prefaulted,473,65536,231.000000,0,0,9
prefaulted,474,65536,220.000000,0,0,9
prefaulted,475,65536,220.000000,0,0,9
prefaulted,476,65536,241.000000,0,0,9
prefaulted,477,65536,541.000000,0,0,9
prefaulted,478,65536,231.000000,0,0,9
prefaulted,479,65536,220.000000,0,0,9
prefaulted,480,65536,371.000000,0,0,9
prefaulted,481,65536,341.000000,0,0,9
prefaulted,482,65536,231.000000,0,0,9
prefaulted,483,65536,230.000000,0,0,9
prefaulted,484,65536,230.000000,0,0,9
prefaulted,485,65536,231.000000,0,0,9
prefaulted,486,65536,230.000000,0,0,9
prefaulted,487,65536,230.000000,0,0,9
prefaulted,488,65536,231.000000,0,0,9
prefaulted,489,65536,230.000000,0,0,9
prefaulted,490,65536,250.000000,0,0,9
prefaulted,491,65536,261.000000,0,0,9
prefaulted,492,65536,240.000000,0,0,9
prefaulted,493,65536,220.000000,0,0,9
prefaulted,494,65536,231.000000,0,0,9
prefaulted,495,65536,210.000000,0,0,9
prefaulted,496,65536,230.000000,0,0,9
prefaulted,497,65536,231.000000,0,0,9
prefaulted,498,65536,230.000000,0,0,9
prefaulted,499,65536,230.000000,0,0,9
prefaulted,500,65536,231.000000,0,0,9
prefaulted,501,65536,221.000000,0,0,9
prefaulted,502,65536,260.000000,0,0,9
prefaulted,503,65536,210.000000,0,0,9
prefaulted,504,65536,250.000000,0,0,9
prefaulted,505,65536,241.000000,0,0,9
prefaulted,506,65536,241.000000,0,0,9
prefaulted,507,65536,220.000000,0,0,9
prefaulted,508,65536,211.000000,0,0,9
prefaulted,509,65536,220.000000,0,0,9
prefaulted,510,65536,240.000000,0,0,9
prefaulted,511,65536,241.000000,0,0,9
malloc_growth,0,65536,21250.000000,19,0,9
malloc_growth,1,65536,18675.000000,16,0,9
malloc_growth,2,65536,18625.000000,16,0,9
malloc_growth,3,65536,19879.000000,16,0,9
malloc_growth,4,65536,19426.000000,16,0,9
malloc_growth,5,65536,20298.000000,16,0,9
malloc_growth,6,65536,20448.000000,16,0,9
malloc_growth,7,65536,18835.000000,16,0,9
malloc_growth,8,65536,18725.000000,16,0,9
malloc_growth,9,65536,19767.000000,16,0,9
malloc_growth,10,65536,18665.000000,16,0,9
malloc_growth,11,65536,27072.000000,16,0,9
malloc_growth,12,65536,24556.000000,16,0,9
malloc_growth,13,65536,19006.000000,16,0,9
malloc_growth,14,65536,19286.000000,16,0,9
malloc_growth,15,65536,19937.000000,16,0,9
malloc_growth,16,65536,18074.000000,16,0,9
malloc_growth,17,65536,18064.000000,16,0,9
malloc_growth,18,65536,19247.000000,16,0,9
malloc_growth,19,65536,18205.000000,16,0,9
malloc_growth,20,65536,19908.000000,16,0,9
malloc_growth,21,65536,18706.000000,16,0,9
malloc_growth,22,65536,17774.000000,16,0,9
malloc_growth,23,65536,19356.000000,16,0,9
malloc_growth,24,65536,18905.000000,16,0,9
malloc_growth,25,65536,17944.000000,16,0,9
malloc_growth,26,65536,17964.000000,16,0,9
malloc_growth,27,65536,19236.000000,16,0,9
malloc_growth,28,65536,49644.000000,16,0,9
malloc_growth,29,65536,18805.000000,16,0,9
malloc_growth,30,65536,21160.000000,16,0,9
malloc_growth,31,65536,19506.000000,16,0,9
malloc_growth,32,65536,30056.000000,16,0,9
malloc_growth,33,65536,28403.000000,16,0,9
malloc_growth,34,65536,24948.000000,16,0,9
malloc_growth,35,65536,27762.000000,16,0,9
malloc_growth,36,65536,18103.000000,16,0,9
malloc_growth,37,65536,18013.000000,16,0,9
malloc_growth,38,65536,19797.000000,16,0,9
malloc_growth,39,65536,18154.000000,16,0,9
malloc_growth,40,65536,17804.000000,16,0,9
malloc_growth,41,65536,18846.000000,16,0,9
malloc_growth,42,65536,18095.000000,16,0,9
malloc_growth,43,65536,17894.000000,16,0,9
malloc_growth,44,65536,18565.000000,16,0,9
malloc_growth,45,65536,18034.000000,16,0,9
malloc_growth,46,65536,18114.000000,16,0,9
malloc_growth,47,65536,20648.000000,16,0,9
malloc_growth,48,65536,17693.000000,16,0,9
malloc_growth,49,65536,19577.000000,16,0,9
malloc_growth,50,65536,19116.000000,16,0,9
malloc_growth,51,65536,19448.000000,16,0,9
malloc_growth,52,65536,18104.000000,16,0,9
malloc_growth,53,65536,18945.000000,16,0,9
malloc_growth,54,65536,19086.000000,16,0,9
malloc_growth,55,65536,18164.000000,16,0,9
malloc_growth,56,65536,19717.000000,16,0,9
malloc_growth,57,65536,25248.000000,16,0,9
malloc_growth,58,65536,22673.000000,16,0,9
malloc_growth,59,65536,19989.000000,16,0,9
malloc_growth,60,65536,17834.000000,16,0,9
malloc_growth,61,65536,18044.000000,16,0,9
malloc_growth,62,65536,19076.000000,16,0,9
malloc_growth,63,65536,17934.000000,16,0,9
malloc_growth,64,65536,18956.000000,16,0,9
malloc_growth,65,65536,19267.000000,16,0,9
malloc_growth,66,65536,18425.000000,16,0,9
malloc_growth,67,65536,18144.000000,16,0,9
malloc_growth,68,65536,19227.000000,16,0,9
malloc_growth,69,65536,18064.000000,16,0,9
malloc_growth,70,65536,18134.000000,16,0,9
malloc_growth,71,65536,19526.000000,16,0,9
malloc_growth,72,65536,50485.000000,16,0,9
malloc_growth,73,65536,19396.000000,16,0,9
malloc_growth,74,65536,21511.000000,16,0,9
malloc_growth,75,65536,19117.000000,16,0,9
malloc_growth,76,65536,18655.000000,16,0,9
malloc_growth,77,65536,19677.000000,16,0,9
malloc_growth,78,65536,22953.000000,16,0,9
malloc_growth,79,65536,29154.000000,16,0,9
malloc_growth,80,65536,28373.000000,16,0,9
malloc_growth,81,65536,25357.000000,16,0,9
malloc_growth,82,65536,21431.000000,16,0,9
malloc_growth,83,65536,19637.000000,16,0,9
malloc_growth,84,65536,18104.000000,16,0,9
malloc_growth,85,65536,18204.000000,16,0,9
malloc_growth,86,65536,18504.000000,16,0,9
malloc_growth,87,65536,18124.000000,16,0,9
malloc_growth,88,65536,18825.000000,16,0,9
malloc_growth,89,65536,18755.000000,16,0,9
malloc_growth,90,65536,18905.000000,16,0,9
malloc_growth,91,65536,18997.000000,16,0,9
malloc_growth,92,65536,18985.000000,16,0,9
malloc_growth,93,65536,19406.000000,16,0,9
malloc_growth,94,65536,17763.000000,16,0,9
malloc_growth,95,65536,18294.000000,16,0,9
malloc_growth,96,65536,17984.000000,16,0,9
malloc_growth,97,65536,17863.000000,16,0,9
malloc_growth,98,65536,19226.000000,16,0,9
malloc_growth,99,65536,18114.000000,16,0,9
malloc_growth,100,65536,18115.000000,16,0,9
malloc_growth,101,65536,18445.000000,16,0,9
malloc_growth,102,65536,18514.000000,16,0,9
malloc_growth,103,65536,17503.000000,16,0,9
malloc_growth,104,65536,25968.000000,16,0,9
malloc_growth,105,65536,22603.000000,16,0,9
malloc_growth,106,65536,18224.000000,16,0,9
malloc_growth,107,65536,20378.000000,16,0,9
malloc_growth,108,65536,17955.000000,16,0,9
malloc_growth,109,65536,18856.000000,16,0,9
malloc_growth,110,65536,18896.000000,16,0,9
malloc_growth,111,65536,18975.000000,16,0,9
malloc_growth,112,65536,17653.000000,16,0,9
malloc_growth,113,65536,18966.000000,16,0,9
malloc_growth,114,65536,17704.000000,16,0,9
malloc_growth,115,65536,17543.000000,16,0,9
malloc_growth,116,65536,18505.000000,16,0,9
malloc_growth,117,65536,38974.000000,16,0,9
malloc_growth,118,65536,21029.000000,16,0,9
malloc_growth,119,65536,20870.000000,16,0,9
malloc_growth,120,65536,17693.000000,16,0,9
malloc_growth,121,65536,19596.000000,16,0,9
malloc_growth,122,65536,20298.000000,16,0,9
malloc_growth,123,65536,20378.000000,16,0,9
malloc_growth,124,65536,18987.000000,16,0,9
malloc_growth,125,65536,18225.000000,16,0,9
malloc_growth,126,65536,28464.000000,16,0,9
malloc_growth,127,65536,28023.000000,16,0,9
malloc_growth,128,65536,25288.000000,16,0,9
malloc_growth,129,65536,24396.000000,16,0,9
malloc_growth,130,65536,19667.000000,16,0,9
malloc_growth,131,65536,17854.000000,16,0,9
malloc_growth,132,65536,18956.000000,16,0,9
malloc_growth,133,65536,19366.000000,16,0,9
malloc_growth,134,65536,18795.000000,16,0,9
malloc_growth,135,65536,18294.000000,16,0,9
malloc_growth,136,65536,20438.000000,16,0,9
malloc_growth,137,65536,18494.000000,16,0,9
malloc_growth,138,65536,18435.000000,16,0,9
malloc_growth,139,65536,18535.000000,16,0,9
malloc_growth,140,65536,17945.000000,16,0,9
malloc_growth,141,65536,18154.000000,16,0,9
malloc_growth,142,65536,18936.000000,16,0,9
malloc_growth,143,65536,35597.000000,16,0,9
malloc_growth,144,65536,18284.000000,16,0,9
malloc_growth,145,65536,19186.000000,16,0,9
malloc_growth,146,65536,18274.000000,16,0,9
malloc_growth,147,65536,18274.000000,16,0,9
malloc_growth,148,65536,18896.000000,16,0,9
malloc_growth,149,65536,18104.000000,16,0,9
malloc_growth,150,65536,22552.000000,16,0,9
malloc_growth,151,65536,29054.000000,16,0,9
malloc_growth,152,65536,26509.000000,16,0,9
malloc_growth,153,65536,25377.000000,16,0,9
malloc_growth,154,65536,21921.000000,16,0,9
malloc_growth,155,65536,18195.000000,16,0,9
malloc_growth,156,65536,17994.000000,16,0,9
malloc_growth,157,65536,19216.000000,16,0,9
malloc_growth,158,65536,18334.000000,16,0,9
malloc_growth,159,65536,17904.000000,16,0,9
malloc_growth,160,65536,19066.000000,16,0,9
malloc_growth,161,65536,38452.000000,16,0,9
malloc_growth,162,65536,18285.000000,16,0,9
malloc_growth,163,65536,17625.000000,16,0,9
malloc_growth,164,65536,17402.000000,16,0,9
malloc_growth,165,65536,20238.000000,16,0,9
malloc_growth,166,65536,18384.000000,16,0,9
malloc_growth,167,65536,17814.000000,16,0,9
malloc_growth,168,65536,18735.000000,16,0,9
malloc_growth,169,65536,18285.000000,16,0,9
malloc_growth,170,65536,17794.000000,16,0,9
malloc_growth,171,65536,18685.000000,16,0,9
malloc_growth,172,65536,17294.000000,16,0,9
malloc_growth,173,65536,17453.000000,16,0,9
malloc_growth,174,65536,19266.000000,16,0,9
malloc_growth,175,65536,27962.000000,16,0,9
malloc_growth,176,65536,24846.000000,16,0,9
malloc_growth,177,65536,20489.000000,16,0,9
malloc_growth,178,65536,18134.000000,16,0,9
malloc_growth,179,65536,17693.000000,16,0,9
malloc_growth,180,65536,19728.000000,16,0,9
malloc_growth,181,65536,17983.000000,16,0,9
malloc_growth,182,65536,17914.000000,16,0,9
malloc_growth,183,65536,18765.000000,16,0,9
malloc_growth,184,65536,17573.000000,16,0,9
malloc_growth,185,65536,17573.000000,16,0,9
malloc_growth,186,65536,19336.000000,16,0,9
malloc_growth,187,65536,17894.000000,16,0,9
malloc_growth,188,65536,18033.000000,16,0,9
malloc_growth,189,65536,18877.000000,16,0,9
malloc_growth,190,65536,18345.000000,16,0,9
malloc_growth,191,65536,18003.000000,16,0,9
malloc_growth,192,65536,18906.000000,16,0,9
malloc_growth,193,65536,17803.000000,16,0,9
malloc_growth,194,65536,17623.000000,16,0,9
malloc_growth,195,65536,19646.000000,16,0,9
malloc_growth,196,65536,17623.000000,16,0,9
malloc_growth,197,65536,17643.000000,16,0,9
malloc_growth,198,65536,25739.000000,16,0,9
malloc_growth,199,65536,26169.000000,16,0,9
malloc_growth,200,65536,25487.000000,16,0,9
malloc_growth,201,65536,27211.000000,16,0,9
malloc_growth,202,65536,18555.000000,16,0,9
malloc_growth,203,65536,17913.000000,16,0,9
malloc_growth,204,65536,18865.000000,16,0,9
malloc_growth,205,65536,17905.000000,16,0,9
malloc_growth,206,65536,19056.000000,16,0,9
malloc_growth,207,65536,41016.000000,16,0,9
malloc_growth,208,65536,18114.000000,16,0,9
malloc_growth,209,65536,21641.000000,16,0,9
malloc_growth,210,65536,18265.000000,16,0,9
malloc_growth,211,65536,17873.000000,16,0,9
malloc_growth,212,65536,18676.000000,16,0,9
malloc_growth,213,65536,17893.000000,16,0,9
malloc_growth,214,65536,18374.000000,16,0,9
malloc_growth,215,65536,18555.000000,16,0,9
malloc_growth,216,65536,19657.000000,16,0,9
malloc_growth,217,65536,18625.000000,16,0,9
malloc_growth,218,65536,21710.000000,16,0,9
malloc_growth,219,65536,18996.000000,16,0,9
malloc_growth,220,65536,17923.000000,16,0,9
malloc_growth,221,65536,18455.000000,16,0,9
malloc_growth,222,65536,26049.000000,16,0,9
malloc_growth,223,65536,25338.000000,16,0,9
malloc_growth,224,65536,23904.000000,16,0,9
malloc_growth,225,65536,18304.000000,16,0,9
malloc_growth,226,65536,18114.000000,16,0,9
malloc_growth,227,65536,18885.000000,16,0,9
malloc_growth,228,65536,17673.000000,16,0,9
malloc_growth,229,65536,17554.000000,16,0,9
malloc_growth,230,65536,19316.000000,16,0,9
malloc_growth,231,65536,17863.000000,16,0,9
malloc_growth,232,65536,18395.000000,16,0,9
malloc_growth,233,65536,18615.000000,16,0,9
malloc_growth,234,65536,17973.000000,16,0,9
malloc_growth,235,65536,17673.000000,16,0,9
malloc_growth,236,65536,18725.000000,16,0,9
malloc_growth,237,65536,17974.000000,16,0,9
malloc_growth,238,65536,18996.000000,16,0,9
malloc_growth,239,65536,20609.000000,16,0,9
malloc_growth,240,65536,18414.000000,16,0,9
malloc_growth,241,65536,17903.000000,16,0,9
malloc_growth,242,65536,18926.000000,16,0,9
malloc_growth,243,65536,17874.000000,16,0,9
malloc_growth,244,65536,18494.000000,16,0,9
malloc_growth,245,65536,20599.000000,16,0,9
malloc_growth,246,65536,26140.000000,16,0,9
malloc_growth,247,65536,26089.000000,16,0,9
malloc_growth,248,65536,25578.000000,16,0,9
malloc_growth,249,65536,23334.000000,16,0,9
malloc_growth,250,65536,20248.000000,16,0,9
malloc_growth,251,65536,17944.000000,16,0,9
malloc_growth,252,65536,75332.000000,16,0,9
malloc_growth,253,65536,20609.000000,16,0,9
malloc_growth,254,65536,18756.000000,16,0,9
malloc_growth,255,65536,17924.000000,16,0,9
malloc_growth,256,65536,19496.000000,16,0,9
malloc_growth,257,65536,19898.000000,16,0,9
malloc_growth,258,65536,18083.000000,16,0,9
malloc_growth,259,65536,19027.000000,16,0,9
malloc_growth,260,65536,17973.000000,16,0,9
malloc_growth,261,65536,18064.000000,16,0,9
malloc_growth,262,65536,18965.000000,16,0,9
malloc_growth,263,65536,18174.000000,16,0,9
malloc_growth,264,65536,18214.000000,16,0,9
malloc_growth,265,65536,18875.000000,16,0,9
malloc_growth,266,65536,18214.000000,16,0,9
malloc_growth,267,65536,19667.000000,16,0,9
malloc_growth,268,65536,30047.000000,16,0,9
malloc_growth,269,65536,23995.000000,16,0,9
malloc_growth,270,65536,21781.000000,16,0,9
malloc_growth,271,65536,21621.000000,16,0,9
malloc_growth,272,65536,18104.000000,16,0,9
malloc_growth,273,65536,18064.000000,16,0,9
malloc_growth,274,65536,18565.000000,16,0,9
malloc_growth,275,65536,18024.000000,16,0,9
malloc_growth,276,65536,18195.000000,16,0,9
malloc_growth,277,65536,18465.000000,16,0,9
malloc_growth,278,65536,19076.000000,16,0,9
malloc_growth,279,65536,17894.000000,16,0,9
malloc_growth,280,65536,18796.000000,16,0,9
malloc_growth,281,65536,17894.000000,16,0,9
malloc_growth,282,65536,37670.000000,16,0,9
malloc_growth,283,65536,19627.000000,16,0,9
malloc_growth,284,65536,18195.000000,16,0,9
malloc_growth,285,65536,18144.000000,16,0,9
malloc_growth,286,65536,19627.000000,16,0,9
malloc_growth,287,65536,18064.000000,16,0,9
malloc_growth,288,65536,18465.000000,16,0,9
malloc_growth,289,65536,18765.000000,16,0,9
malloc_growth,290,65536,23424.000000,16,0,9
malloc_growth,291,65536,26810.000000,16,0,9
malloc_growth,292,65536,25379.000000,16,0,9
malloc_growth,293,65536,25948.000000,16,0,9
malloc_growth,294,65536,21620.000000,16,0,9
malloc_growth,295,65536,37521.000000,16,0,9
malloc_growth,296,65536,19527.000000,16,0,9
malloc_growth,297,65536,20178.000000,16,0,9
malloc_growth,298,65536,17954.000000,16,0,9
malloc_growth,299,65536,17683.000000,16,0,9
malloc_growth,300,65536,18404.000000,16,0,9
malloc_growth,301,65536,17633.000000,16,0,9
malloc_growth,302,65536,17763.000000,16,0,9
malloc_growth,303,65536,19787.000000,16,0,9
malloc_growth,304,65536,18946.000000,16,0,9
malloc_growth,305,65536,18214.000000,16,0,9
malloc_growth,306,65536,21410.000000,16,0,9
malloc_growth,307,65536,19818.000000,16,0,9
malloc_growth,308,65536,17683.000000,16,0,9
malloc_growth,309,65536,18455.000000,16,0,9
malloc_growth,310,65536,18194.000000,16,0,9
malloc_growth,311,65536,18735.000000,16,0,9
malloc_growth,312,65536,18785.000000,16,0,9
malloc_growth,313,65536,18394.000000,16,0,9
malloc_growth,314,65536,29285.000000,16,0,9
malloc_growth,315,65536,24456.000000,16,0,9
malloc_growth,316,65536,17723.000000,16,0,9
malloc_growth,317,65536,17523.000000,16,0,9
malloc_growth,318,65536,19396.000000,16,0,9
malloc_growth,319,65536,17523.000000,16,0,9
malloc_growth,320,65536,18034.000000,16,0,9
malloc_growth,321,65536,18295.000000,16,0,9
malloc_growth,322,65536,18235.000000,16,0,9
malloc_growth,323,65536,17653.000000,16,0,9
malloc_growth,324,65536,18455.000000,16,0,9
malloc_growth,325,65536,18165.000000,16,0,9
malloc_growth,326,65536,19546.000000,16,0,9
malloc_growth,327,65536,18485.000000,16,0,9
malloc_growth,328,65536,17974.000000,16,0,9
malloc_growth,329,65536,18134.000000,16,0,9
malloc_growth,330,65536,18545.000000,16,0,9
malloc_growth,331,65536,17993.000000,16,0,9
malloc_growth,332,65536,17653.000000,16,0,9
malloc_growth,333,65536,19186.000000,16,0,9
malloc_growth,334,65536,17394.000000,16,0,9
malloc_growth,335,65536,18785.000000,16,0,9
malloc_growth,336,65536,18986.000000,16,0,9
malloc_growth,337,65536,20999.000000,16,0,9
malloc_growth,338,65536,25247.000000,16,0,9
malloc_growth,339,65536,28143.000000,16,0,9
malloc_growth,340,65536,27181.000000,16,0,9
malloc_growth,341,65536,52800.000000,16,0,9
malloc_growth,342,65536,25618.000000,16,0,9
malloc_growth,343,65536,22812.000000,16,0,9
malloc_growth,344,65536,17804.000000,16,0,9
malloc_growth,345,65536,19136.000000,16,0,9
malloc_growth,346,65536,17633.000000,16,0,9
malloc_growth,347,65536,17964.000000,16,0,9
malloc_growth,348,65536,18686.000000,16,0,9
malloc_growth,349,65536,17953.000000,16,0,9
malloc_growth,350,65536,18054.000000,16,0,9
malloc_growth,351,65536,18955.000000,16,0,9
malloc_growth,352,65536,18004.000000,16,0,9
malloc_growth,353,65536,18284.000000,16,0,9
malloc_growth,354,65536,19346.000000,16,0,9
malloc_growth,355,65536,19066.000000,16,0,9
malloc_growth,356,65536,18315.000000,16,0,9
malloc_growth,357,65536,18656.000000,16,0,9
malloc_growth,358,65536,17974.000000,16,0,9
malloc_growth,359,65536,18124.000000,16,0,9
malloc_growth,360,65536,18514.000000,16,0,9
malloc_growth,361,65536,26810.000000,16,0,9
malloc_growth,362,65536,24747.000000,16,0,9
malloc_growth,363,65536,20218.000000,16,0,9
malloc_growth,364,65536,17693.000000,16,0,9
malloc_growth,365,65536,18445.000000,16,0,9
malloc_growth,366,65536,19176.000000,16,0,9
malloc_growth,367,65536,20037.000000,16,0,9
malloc_growth,368,65536,17683.000000,16,0,9
malloc_growth,369,65536,20479.000000,16,0,9
malloc_growth,370,65536,17963.000000,16,0,9
malloc_growth,371,65536,18395.000000,16,0,9
malloc_growth,372,65536,18916.000000,16,0,9
malloc_growth,373,65536,18195.000000,16,0,9
malloc_growth,374,65536,18204.000000,16,0,9
malloc_growth,375,65536,18925.000000,16,0,9
malloc_growth,376,65536,18685.000000,16,0,9
malloc_growth,377,65536,18705.000000,16,0,9
malloc_growth,378,65536,17733.000000,16,0,9
malloc_growth,379,65536,18354.000000,16,0,9
malloc_growth,380,65536,18785.000000,16,0,9
malloc_growth,381,65536,17953.000000,16,0,9
malloc_growth,382,65536,17835.000000,16,0,9
malloc_growth,383,65536,20439.000000,16,0,9
malloc_growth,384,65536,22533.000000,16,0,9
malloc_growth,385,65536,26169.000000,16,0,9
malloc_growth,386,65536,47239.000000,16,0,9
malloc_growth,387,65536,25588.000000,16,0,9
malloc_growth,388,65536,22603.000000,16,0,9
malloc_growth,389,65536,29686.000000,16,0,9
malloc_growth,390,65536,19697.000000,16,0,9
malloc_growth,391,65536,19737.000000,16,0,9
malloc_growth,392,65536,21400.000000,16,0,9
malloc_growth,393,65536,18205.000000,16,0,9
malloc_growth,394,65536,17263.000000,16,0,9
malloc_growth,395,65536,18665.000000,16,0,9
malloc_growth,396,65536,17284.000000,16,0,9
malloc_growth,397,65536,17774.000000,16,0,9
malloc_growth,398,65536,19997.000000,16,0,9
malloc_growth,399,65536,19617.000000,16,0,9
malloc_growth,400,65536,17573.000000,16,0,9
malloc_growth,401,65536,18675.000000,16,0,9
malloc_growth,402,65536,17382.000000,16,0,9
malloc_growth,403,65536,17833.000000,16,0,9
malloc_growth,404,65536,18886.000000,16,0,9
malloc_growth,405,65536,17654.000000,16,0,9
malloc_growth,406,65536,17964.000000,16,0,9
malloc_growth,407,65536,24526.000000,16,0,9
malloc_growth,408,65536,25748.000000,16,0,9
malloc_growth,409,65536,20077.000000,16,0,9
malloc_growth,410,65536,20067.000000,16,0,9
malloc_growth,411,65536,18034.000000,16,0,9
malloc_growth,412,65536,17483.000000,16,0,9
malloc_growth,413,65536,19858.000000,16,0,9
malloc_growth,414,65536,18274.000000,16,0,9
malloc_growth,415,65536,18955.000000,16,0,9
malloc_growth,416,65536,19316.000000,16,0,9
malloc_growth,417,65536,18585.000000,16,0,9
malloc_growth,418,65536,17834.000000,16,0,9
malloc_growth,419,65536,18435.000000,16,0,9
malloc_growth,420,65536,17933.000000,16,0,9
malloc_growth,421,65536,18865.000000,16,0,9
malloc_growth,422,65536,17654.000000,16,0,9
malloc_growth,423,65536,17753.000000,16,0,9
malloc_growth,424,65536,18515.000000,16,0,9
malloc_growth,425,65536,17843.000000,16,0,9
malloc_growth,426,65536,18194.000000,16,0,9
malloc_growth,427,65536,19797.000000,16,0,9
malloc_growth,428,65536,17763.000000,16,0,9
malloc_growth,429,65536,17543.000000,16,0,9
malloc_growth,430,65536,18866.000000,16,0,9
malloc_growth,431,65536,22132.000000,16,0,9
malloc_growth,432,65536,51837.000000,16,0,9
malloc_growth,433,65536,27622.000000,16,0,9
malloc_growth,434,65536,24897.000000,16,0,9
malloc_growth,435,65536,17973.000000,16,0,9
malloc_growth,436,65536,19657.000000,16,0,9
malloc_growth,437,65536,18476.000000,16,0,9
malloc_growth,438,65536,18074.000000,16,0,9
malloc_growth,439,65536,19106.000000,16,0,9
malloc_growth,440,65536,18094.000000,16,0,9
malloc_growth,441,65536,18054.000000,16,0,9
malloc_growth,442,65536,20128.000000,16,0,9
malloc_growth,443,65536,18305.000000,16,0,9
malloc_growth,444,65536,18344.000000,16,0,9
malloc_growth,445,65536,19125.000000,16,0,9
malloc_growth,446,65536,17775.000000,16,0,9
malloc_growth,447,65536,18665.000000,16,0,9
malloc_growth,448,65536,18685.000000,16,0,9
malloc_growth,449,65536,18264.000000,16,0,9
malloc_growth,450,65536,17783.000000,16,0,9
malloc_growth,451,65536,18966.000000,16,0,9
malloc_growth,452,65536,18174.000000,16,0,9
malloc_growth,453,65536,18495.000000,16,0,9
malloc_growth,454,65536,18595.000000,16,0,9
malloc_growth,455,65536,18626.000000,16,0,9
malloc_growth,456,65536,25367.000000,16,0,9
malloc_growth,457,65536,21871.000000,16,0,9
malloc_growth,458,65536,18094.000000,16,0,9
malloc_growth,459,65536,17704.000000,16,0,9
malloc_growth,460,65536,18975.000000,16,0,9
malloc_growth,461,65536,18134.000000,16,0,9
malloc_growth,462,65536,19566.000000,16,0,9
malloc_growth,463,65536,17775.000000,16,0,9
malloc_growth,464,65536,18164.000000,16,0,9
malloc_growth,465,65536,19246.000000,16,0,9
malloc_growth,466,65536,18234.000000,16,0,9
malloc_growth,467,65536,18384.000000,16,0,9
malloc_growth,468,65536,19557.000000,16,0,9
malloc_growth,469,65536,18134.000000,16,0,9
malloc_growth,470,65536,18004.000000,16,0,9
malloc_growth,471,65536,19947.000000,16,0,9
malloc_growth,472,65536,17714.000000,16,0,9
malloc_growth,473,65536,18184.000000,16,0,9
malloc_growth,474,65536,19296.000000,16,0,9
malloc_growth,475,65536,17562.000000,16,0,9
malloc_growth,476,65536,18365.000000,16,0,9
malloc_growth,477,65536,19357.000000,16,0,9
malloc_growth,478,65536,17904.000000,16,0,9
malloc_growth,479,65536,80672.000000,16,0,9
malloc_growth,480,65536,29025.000000,16,0,9
malloc_growth,481,65536,24095.000000,16,0,9
malloc_growth,482,65536,17764.000000,16,0,9
malloc_growth,483,65536,19437.000000,16,0,9
malloc_growth,484,65536,17633.000000,16,0,9
malloc_growth,485,65536,18464.000000,16,0,9
malloc_growth,486,65536,21662.000000,16,0,9
malloc_growth,487,65536,19716.000000,16,0,9
malloc_growth,488,65536,20118.000000,16,0,9
malloc_growth,489,65536,19176.000000,16,0,9
malloc_growth,490,65536,18415.000000,16,0,9
malloc_growth,491,65536,17993.000000,16,0,9
malloc_growth,492,65536,18715.000000,16,0,9
malloc_growth,493,65536,32431.000000,16,0,9
malloc_growth,494,65536,19097.000000,16,0,9
malloc_growth,495,65536,18986.000000,16,0,9
malloc_growth,496,65536,17773.000000,16,0,9
malloc_growth,497,65536,18304.000000,16,0,9
malloc_growth,498,65536,19046.000000,16,0,9
malloc_growth,499,65536,18194.000000,16,0,9
malloc_growth,500,65536,17824.000000,16,0,9
malloc_growth,501,65536,22241.000000,16,0,9
malloc_growth,502,65536,25939.000000,16,0,9
malloc_growth,503,65536,26209.000000,16,0,9
malloc_growth,504,65536,25298.000000,16,0,9
malloc_growth,505,65536,18975.000000,16,0,9
malloc_growth,506,65536,19417.000000,16,0,9
malloc_growth,507,65536,17793.000000,16,0,9
malloc_growth,508,65536,17823.000000,16,0,9
malloc_growth,509,65536,18875.000000,16,0,9
malloc_growth,510,65536,18566.000000,16,0,9
malloc_growth,511,65536,19115.000000,16,0,9
